ISO-10303-21;
HEADER;
/* Generated by software containing ST-Developer
 * from STEP Tools, Inc. (www.steptools.com) 
 */

FILE_DESCRIPTION(
/* description */ (''),
/* implementation_level */ '2;1');

FILE_NAME(
/* name */ 'Servo Mount Tibia Middle.step',
/* time_stamp */ '2026-09-01T13:57:51+04:00',
/* author */ (''),
/* organization */ (''),
/* preprocessor_version */ 'ST-DEVELOPER v20.1',
/* originating_system */ 'Autodesk Translation Framework v15.8.0.0',
/* authorisation */ '');

FILE_SCHEMA (('AUTOMOTIVE_DESIGN { 1 0 10303 214 3 1 1 }'));
ENDSEC;

DATA;
#10=MECHANICAL_DESIGN_GEOMETRIC_PRESENTATION_REPRESENTATION('',(#17),#5997);
#11=ITEM_DEFINED_TRANSFORMATION($,$,#3579,#3923);
#12=(
REPRESENTATION_RELATIONSHIP($,$,#6008,#6007)
REPRESENTATION_RELATIONSHIP_WITH_TRANSFORMATION(#11)
SHAPE_REPRESENTATION_RELATIONSHIP()
);
#13=CONTEXT_DEPENDENT_SHAPE_REPRESENTATION(#12,#6006);
#14=NEXT_ASSEMBLY_USAGE_OCCURRENCE('Component1:1','Component1:1',
'Component1:1',#6010,#6011,'Component1:1');
#15=SHAPE_REPRESENTATION_RELATIONSHIP('SRR','None',#6008,#16);
#16=ADVANCED_BREP_SHAPE_REPRESENTATION('',(#18),#5996);
#17=STYLED_ITEM('',(#6022),#18);
#18=MANIFOLD_SOLID_BREP('Body1',#3565);
#19=PLANE('',#3596);
#20=PLANE('',#3597);
#21=PLANE('',#3598);
#22=PLANE('',#3599);
#23=PLANE('',#3600);
#24=PLANE('',#3619);
#25=PLANE('',#3620);
#26=PLANE('',#3621);
#27=PLANE('',#3622);
#28=PLANE('',#3623);
#29=PLANE('',#3655);
#30=PLANE('',#3656);
#31=PLANE('',#3657);
#32=PLANE('',#3658);
#33=PLANE('',#3675);
#34=PLANE('',#3676);
#35=PLANE('',#3677);
#36=PLANE('',#3694);
#37=PLANE('',#3695);
#38=PLANE('',#3698);
#39=PLANE('',#3699);
#40=PLANE('',#3716);
#41=PLANE('',#3717);
#42=PLANE('',#3718);
#43=PLANE('',#3719);
#44=PLANE('',#3720);
#45=PLANE('',#3734);
#46=PLANE('',#3735);
#47=PLANE('',#3736);
#48=PLANE('',#3737);
#49=PLANE('',#3751);
#50=PLANE('',#3768);
#51=PLANE('',#3769);
#52=PLANE('',#3770);
#53=PLANE('',#3789);
#54=PLANE('',#3790);
#55=PLANE('',#3791);
#56=PLANE('',#3792);
#57=PLANE('',#3793);
#58=PLANE('',#3822);
#59=PLANE('',#3823);
#60=PLANE('',#3824);
#61=PLANE('',#3841);
#62=PLANE('',#3842);
#63=PLANE('',#3843);
#64=PLANE('',#3844);
#65=PLANE('',#3861);
#66=PLANE('',#3862);
#67=PLANE('',#3863);
#68=PLANE('',#3879);
#69=PLANE('',#3880);
#70=PLANE('',#3881);
#71=PLANE('',#3882);
#72=PLANE('',#3883);
#73=PLANE('',#3884);
#74=PLANE('',#3885);
#75=PLANE('',#3902);
#76=PLANE('',#3903);
#77=PLANE('',#3904);
#78=PLANE('',#3905);
#79=PLANE('',#3906);
#80=PLANE('',#3907);
#81=PLANE('',#3908);
#82=PLANE('',#3909);
#83=PLANE('',#3910);
#84=PLANE('',#3911);
#85=PLANE('',#3912);
#86=PLANE('',#3913);
#87=PLANE('',#3914);
#88=PLANE('',#3915);
#89=PLANE('',#3916);
#90=PLANE('',#3917);
#91=PLANE('',#3918);
#92=PLANE('',#3919);
#93=PLANE('',#3920);
#94=PLANE('',#3921);
#95=PLANE('',#3922);
#96=FACE_BOUND('',#455,.T.);
#97=FACE_BOUND('',#459,.T.);
#98=FACE_BOUND('',#465,.T.);
#99=FACE_BOUND('',#466,.T.);
#100=FACE_BOUND('',#480,.T.);
#101=FACE_BOUND('',#481,.T.);
#102=FACE_BOUND('',#482,.T.);
#103=FACE_BOUND('',#538,.T.);
#104=FACE_BOUND('',#539,.T.);
#105=FACE_BOUND('',#570,.T.);
#106=FACE_BOUND('',#571,.T.);
#107=FACE_BOUND('',#585,.T.);
#108=FACE_BOUND('',#586,.T.);
#109=FACE_BOUND('',#587,.T.);
#110=FACE_BOUND('',#667,.T.);
#111=FACE_BOUND('',#668,.T.);
#112=FACE_BOUND('',#669,.T.);
#113=FACE_BOUND('',#670,.T.);
#114=FACE_BOUND('',#675,.T.);
#115=FACE_BOUND('',#676,.T.);
#116=FACE_BOUND('',#677,.T.);
#117=FACE_BOUND('',#678,.T.);
#118=FACE_BOUND('',#679,.T.);
#119=ELLIPSE('',#3583,3.29422503500223,1.6);
#120=ELLIPSE('',#3584,3.65866228589261,1.6);
#121=ELLIPSE('',#3594,3.42793500978709,1.6);
#122=ELLIPSE('',#3595,3.81566455548702,1.6);
#123=ELLIPSE('',#3601,1.07122969055847,0.5);
#124=ELLIPSE('',#3602,1.19239517358969,0.5);
#125=ELLIPSE('',#3604,0.517638905713968,0.5);
#126=ELLIPSE('',#3605,0.517638969720553,0.5);
#127=ELLIPSE('',#3607,0.577348152180422,0.5);
#128=ELLIPSE('',#3609,0.577348152180421,0.5);
#129=ELLIPSE('',#3611,0.57734815218042,0.5);
#130=ELLIPSE('',#3612,0.577348152180422,0.5);
#131=ELLIPSE('',#3614,0.517638971117084,0.5);
#132=ELLIPSE('',#3616,0.517638971117084,0.5);
#133=ELLIPSE('',#3625,0.999977999757996,0.5);
#134=ELLIPSE('',#3626,0.57734815218042,0.5);
#135=ELLIPSE('',#3628,0.57734815218042,0.5);
#136=ELLIPSE('',#3629,0.57734815218042,0.5);
#137=ELLIPSE('',#3631,0.577348152180421,0.5);
#138=ELLIPSE('',#3633,0.517638971117084,0.5);
#139=ELLIPSE('',#3635,0.517638971117084,0.5);
#140=ELLIPSE('',#3638,0.999978034634002,0.5);
#141=ELLIPSE('',#3640,0.517638905713967,0.5);
#142=ELLIPSE('',#3641,0.517638969720557,0.5);
#143=ELLIPSE('',#3643,0.57734815218042,0.5);
#144=ELLIPSE('',#3645,0.577348152180421,0.5);
#145=ELLIPSE('',#3647,0.57734815218042,0.5);
#146=ELLIPSE('',#3648,0.577348152180422,0.5);
#147=ELLIPSE('',#3650,0.517638971117084,0.5);
#148=ELLIPSE('',#3652,0.517638971117084,0.5);
#149=ELLIPSE('',#3660,0.57734815218042,0.5);
#150=ELLIPSE('',#3661,0.57734815218042,0.5);
#151=ELLIPSE('',#3663,0.51763896972056,0.5);
#152=ELLIPSE('',#3665,0.517638905713966,0.5);
#153=ELLIPSE('',#3667,0.57734815218042,0.5);
#154=ELLIPSE('',#3669,0.577348152180422,0.5);
#155=ELLIPSE('',#3671,0.517638971117083,0.5);
#156=ELLIPSE('',#3673,0.517638971117085,0.5);
#157=ELLIPSE('',#3679,0.577348152180422,0.5);
#158=ELLIPSE('',#3680,0.577348152180419,0.5);
#159=ELLIPSE('',#3682,0.517638969720557,0.5);
#160=ELLIPSE('',#3684,0.517638905713968,0.5);
#161=ELLIPSE('',#3686,0.57734815218042,0.5);
#162=ELLIPSE('',#3688,0.57734815218042,0.5);
#163=ELLIPSE('',#3690,0.51763881684897,0.5);
#164=ELLIPSE('',#3692,0.517639125385931,0.5);
#165=ELLIPSE('',#3696,0.999977999757994,0.5);
#166=ELLIPSE('',#3697,0.999977999757993,0.5);
#167=ELLIPSE('',#3701,0.580122442397627,0.5);
#168=ELLIPSE('',#3702,0.583856963413963,0.5);
#169=ELLIPSE('',#3704,0.516518117589739,0.5);
#170=ELLIPSE('',#3706,0.513082783405047,0.5);
#171=ELLIPSE('',#3708,0.593532108158874,0.5);
#172=ELLIPSE('',#3709,0.589805099861576,0.5);
#173=ELLIPSE('',#3711,0.511934516494357,0.5);
#174=ELLIPSE('',#3714,0.515109889914585,0.5);
#175=ELLIPSE('',#3722,0.57734815218042,0.5);
#176=ELLIPSE('',#3723,0.577348152180423,0.5);
#177=ELLIPSE('',#3725,0.51763896972056,0.5);
#178=ELLIPSE('',#3727,0.517638905713965,0.5);
#179=ELLIPSE('',#3729,0.57734815218042,0.5);
#180=ELLIPSE('',#3731,0.577348152180423,0.5);
#181=ELLIPSE('',#3739,0.583856963413962,0.5);
#182=ELLIPSE('',#3741,0.580122442397627,0.5);
#183=ELLIPSE('',#3743,0.51651811758974,0.5);
#184=ELLIPSE('',#3745,0.513082783405047,0.5);
#185=ELLIPSE('',#3747,0.593532108158875,0.5);
#186=ELLIPSE('',#3748,0.589805099861575,0.5);
#187=ELLIPSE('',#3753,0.511934516494355,0.5);
#188=ELLIPSE('',#3754,0.593532108158875,0.5);
#189=ELLIPSE('',#3756,0.515109889914586,0.5);
#190=ELLIPSE('',#3758,0.583856963413963,0.5);
#191=ELLIPSE('',#3760,0.513082783405043,0.5);
#192=ELLIPSE('',#3761,0.589805099861574,0.5);
#193=ELLIPSE('',#3763,0.580122442397627,0.5);
#194=ELLIPSE('',#3765,0.516518117589738,0.5);
#195=ELLIPSE('',#3771,1.14333196434144,0.5);
#196=ELLIPSE('',#3772,1.0294453234382,0.5);
#197=ELLIPSE('',#3774,0.57734815218042,0.5);
#198=ELLIPSE('',#3775,0.577348152180425,0.5);
#199=ELLIPSE('',#3777,0.517638969720561,0.5);
#200=ELLIPSE('',#3779,0.517638905713964,0.5);
#201=ELLIPSE('',#3781,0.577348152180422,0.5);
#202=ELLIPSE('',#3783,0.577348152180421,0.5);
#203=ELLIPSE('',#3785,0.517639125385933,0.5);
#204=ELLIPSE('',#3787,0.517638816848968,0.5);
#205=ELLIPSE('',#3795,0.589805099861575,0.5);
#206=ELLIPSE('',#3797,0.593532108158874,0.5);
#207=ELLIPSE('',#3799,0.511934516494356,0.5);
#208=ELLIPSE('',#3801,0.515109889914586,0.5);
#209=ELLIPSE('',#3803,0.583856963413963,0.5);
#210=ELLIPSE('',#3805,0.580122442397626,0.5);
#211=ELLIPSE('',#3808,0.57734815218042,0.5);
#212=ELLIPSE('',#3809,0.57734815218042,0.5);
#213=ELLIPSE('',#3811,0.999977999757994,0.5);
#214=ELLIPSE('',#3813,0.517638969720558,0.5);
#215=ELLIPSE('',#3815,0.517638905713967,0.5);
#216=ELLIPSE('',#3817,0.577348152180421,0.5);
#217=ELLIPSE('',#3819,0.57734815218042,0.5);
#218=ELLIPSE('',#3821,0.999977999757993,0.5);
#219=ELLIPSE('',#3826,0.577348152180418,0.5);
#220=ELLIPSE('',#3827,0.577348152180421,0.5);
#221=ELLIPSE('',#3829,0.517638969720562,0.5);
#222=ELLIPSE('',#3831,0.517638905713966,0.5);
#223=ELLIPSE('',#3833,0.57734815218042,0.5);
#224=ELLIPSE('',#3835,0.577348152180422,0.5);
#225=ELLIPSE('',#3837,0.517638971117085,0.5);
#226=ELLIPSE('',#3839,0.517638971117083,0.5);
#227=ELLIPSE('',#3846,0.517638971117084,0.5);
#228=ELLIPSE('',#3847,0.517638971117084,0.5);
#229=ELLIPSE('',#3849,0.577348152180422,0.5);
#230=ELLIPSE('',#3850,0.57734815218042,0.5);
#231=ELLIPSE('',#3852,0.517638969720557,0.5);
#232=ELLIPSE('',#3854,0.517638905713967,0.5);
#233=ELLIPSE('',#3856,0.57734815218042,0.5);
#234=ELLIPSE('',#3858,0.577348152180421,0.5);
#235=ELLIPSE('',#3865,0.999977964881992,0.5);
#236=ELLIPSE('',#3866,0.57734815218042,0.5);
#237=ELLIPSE('',#3868,0.577348152180421,0.5);
#238=ELLIPSE('',#3870,0.517638971117084,0.5);
#239=ELLIPSE('',#3872,0.517638971117084,0.5);
#240=ELLIPSE('',#3874,0.577348152180425,0.5);
#241=ELLIPSE('',#3875,0.57734815218042,0.5);
#242=ELLIPSE('',#3877,0.999977999757996,0.5);
#243=ELLIPSE('',#3887,0.57734815218042,0.5);
#244=ELLIPSE('',#3888,0.517638905713967,0.5);
#245=ELLIPSE('',#3890,0.577348152180419,0.5);
#246=ELLIPSE('',#3891,0.577348152180421,0.5);
#247=ELLIPSE('',#3893,0.577348152180422,0.5);
#248=ELLIPSE('',#3895,0.517638971117084,0.5);
#249=ELLIPSE('',#3897,0.517638971117083,0.5);
#250=ELLIPSE('',#3900,0.517638969720558,0.5);
#251=FACE_OUTER_BOUND('',#454,.T.);
#252=FACE_OUTER_BOUND('',#456,.T.);
#253=FACE_OUTER_BOUND('',#457,.T.);
#254=FACE_OUTER_BOUND('',#458,.T.);
#255=FACE_OUTER_BOUND('',#460,.T.);
#256=FACE_OUTER_BOUND('',#461,.T.);
#257=FACE_OUTER_BOUND('',#462,.T.);
#258=FACE_OUTER_BOUND('',#463,.T.);
#259=FACE_OUTER_BOUND('',#464,.T.);
#260=FACE_OUTER_BOUND('',#467,.T.);
#261=FACE_OUTER_BOUND('',#468,.T.);
#262=FACE_OUTER_BOUND('',#469,.T.);
#263=FACE_OUTER_BOUND('',#470,.T.);
#264=FACE_OUTER_BOUND('',#471,.T.);
#265=FACE_OUTER_BOUND('',#472,.T.);
#266=FACE_OUTER_BOUND('',#473,.T.);
#267=FACE_OUTER_BOUND('',#474,.T.);
#268=FACE_OUTER_BOUND('',#475,.T.);
#269=FACE_OUTER_BOUND('',#476,.T.);
#270=FACE_OUTER_BOUND('',#477,.T.);
#271=FACE_OUTER_BOUND('',#478,.T.);
#272=FACE_OUTER_BOUND('',#479,.T.);
#273=FACE_OUTER_BOUND('',#483,.T.);
#274=FACE_OUTER_BOUND('',#484,.T.);
#275=FACE_OUTER_BOUND('',#485,.T.);
#276=FACE_OUTER_BOUND('',#486,.T.);
#277=FACE_OUTER_BOUND('',#487,.T.);
#278=FACE_OUTER_BOUND('',#488,.T.);
#279=FACE_OUTER_BOUND('',#489,.T.);
#280=FACE_OUTER_BOUND('',#490,.T.);
#281=FACE_OUTER_BOUND('',#491,.T.);
#282=FACE_OUTER_BOUND('',#492,.T.);
#283=FACE_OUTER_BOUND('',#493,.T.);
#284=FACE_OUTER_BOUND('',#494,.T.);
#285=FACE_OUTER_BOUND('',#495,.T.);
#286=FACE_OUTER_BOUND('',#496,.T.);
#287=FACE_OUTER_BOUND('',#497,.T.);
#288=FACE_OUTER_BOUND('',#498,.T.);
#289=FACE_OUTER_BOUND('',#499,.T.);
#290=FACE_OUTER_BOUND('',#500,.T.);
#291=FACE_OUTER_BOUND('',#501,.T.);
#292=FACE_OUTER_BOUND('',#502,.T.);
#293=FACE_OUTER_BOUND('',#503,.T.);
#294=FACE_OUTER_BOUND('',#504,.T.);
#295=FACE_OUTER_BOUND('',#505,.T.);
#296=FACE_OUTER_BOUND('',#506,.T.);
#297=FACE_OUTER_BOUND('',#507,.T.);
#298=FACE_OUTER_BOUND('',#508,.T.);
#299=FACE_OUTER_BOUND('',#509,.T.);
#300=FACE_OUTER_BOUND('',#510,.T.);
#301=FACE_OUTER_BOUND('',#511,.T.);
#302=FACE_OUTER_BOUND('',#512,.T.);
#303=FACE_OUTER_BOUND('',#513,.T.);
#304=FACE_OUTER_BOUND('',#514,.T.);
#305=FACE_OUTER_BOUND('',#515,.T.);
#306=FACE_OUTER_BOUND('',#516,.T.);
#307=FACE_OUTER_BOUND('',#517,.T.);
#308=FACE_OUTER_BOUND('',#518,.T.);
#309=FACE_OUTER_BOUND('',#519,.T.);
#310=FACE_OUTER_BOUND('',#520,.T.);
#311=FACE_OUTER_BOUND('',#521,.T.);
#312=FACE_OUTER_BOUND('',#522,.T.);
#313=FACE_OUTER_BOUND('',#523,.T.);
#314=FACE_OUTER_BOUND('',#524,.T.);
#315=FACE_OUTER_BOUND('',#525,.T.);
#316=FACE_OUTER_BOUND('',#526,.T.);
#317=FACE_OUTER_BOUND('',#527,.T.);
#318=FACE_OUTER_BOUND('',#528,.T.);
#319=FACE_OUTER_BOUND('',#529,.T.);
#320=FACE_OUTER_BOUND('',#530,.T.);
#321=FACE_OUTER_BOUND('',#531,.T.);
#322=FACE_OUTER_BOUND('',#532,.T.);
#323=FACE_OUTER_BOUND('',#533,.T.);
#324=FACE_OUTER_BOUND('',#534,.T.);
#325=FACE_OUTER_BOUND('',#535,.T.);
#326=FACE_OUTER_BOUND('',#536,.T.);
#327=FACE_OUTER_BOUND('',#537,.T.);
#328=FACE_OUTER_BOUND('',#540,.T.);
#329=FACE_OUTER_BOUND('',#541,.T.);
#330=FACE_OUTER_BOUND('',#542,.T.);
#331=FACE_OUTER_BOUND('',#543,.T.);
#332=FACE_OUTER_BOUND('',#544,.T.);
#333=FACE_OUTER_BOUND('',#545,.T.);
#334=FACE_OUTER_BOUND('',#546,.T.);
#335=FACE_OUTER_BOUND('',#547,.T.);
#336=FACE_OUTER_BOUND('',#548,.T.);
#337=FACE_OUTER_BOUND('',#549,.T.);
#338=FACE_OUTER_BOUND('',#550,.T.);
#339=FACE_OUTER_BOUND('',#551,.T.);
#340=FACE_OUTER_BOUND('',#552,.T.);
#341=FACE_OUTER_BOUND('',#553,.T.);
#342=FACE_OUTER_BOUND('',#554,.T.);
#343=FACE_OUTER_BOUND('',#555,.T.);
#344=FACE_OUTER_BOUND('',#556,.T.);
#345=FACE_OUTER_BOUND('',#557,.T.);
#346=FACE_OUTER_BOUND('',#558,.T.);
#347=FACE_OUTER_BOUND('',#559,.T.);
#348=FACE_OUTER_BOUND('',#560,.T.);
#349=FACE_OUTER_BOUND('',#561,.T.);
#350=FACE_OUTER_BOUND('',#562,.T.);
#351=FACE_OUTER_BOUND('',#563,.T.);
#352=FACE_OUTER_BOUND('',#564,.T.);
#353=FACE_OUTER_BOUND('',#565,.T.);
#354=FACE_OUTER_BOUND('',#566,.T.);
#355=FACE_OUTER_BOUND('',#567,.T.);
#356=FACE_OUTER_BOUND('',#568,.T.);
#357=FACE_OUTER_BOUND('',#569,.T.);
#358=FACE_OUTER_BOUND('',#572,.T.);
#359=FACE_OUTER_BOUND('',#573,.T.);
#360=FACE_OUTER_BOUND('',#574,.T.);
#361=FACE_OUTER_BOUND('',#575,.T.);
#362=FACE_OUTER_BOUND('',#576,.T.);
#363=FACE_OUTER_BOUND('',#577,.T.);
#364=FACE_OUTER_BOUND('',#578,.T.);
#365=FACE_OUTER_BOUND('',#579,.T.);
#366=FACE_OUTER_BOUND('',#580,.T.);
#367=FACE_OUTER_BOUND('',#581,.T.);
#368=FACE_OUTER_BOUND('',#582,.T.);
#369=FACE_OUTER_BOUND('',#583,.T.);
#370=FACE_OUTER_BOUND('',#584,.T.);
#371=FACE_OUTER_BOUND('',#588,.T.);
#372=FACE_OUTER_BOUND('',#589,.T.);
#373=FACE_OUTER_BOUND('',#590,.T.);
#374=FACE_OUTER_BOUND('',#591,.T.);
#375=FACE_OUTER_BOUND('',#592,.T.);
#376=FACE_OUTER_BOUND('',#593,.T.);
#377=FACE_OUTER_BOUND('',#594,.T.);
#378=FACE_OUTER_BOUND('',#595,.T.);
#379=FACE_OUTER_BOUND('',#596,.T.);
#380=FACE_OUTER_BOUND('',#597,.T.);
#381=FACE_OUTER_BOUND('',#598,.T.);
#382=FACE_OUTER_BOUND('',#599,.T.);
#383=FACE_OUTER_BOUND('',#600,.T.);
#384=FACE_OUTER_BOUND('',#601,.T.);
#385=FACE_OUTER_BOUND('',#602,.T.);
#386=FACE_OUTER_BOUND('',#603,.T.);
#387=FACE_OUTER_BOUND('',#604,.T.);
#388=FACE_OUTER_BOUND('',#605,.T.);
#389=FACE_OUTER_BOUND('',#606,.T.);
#390=FACE_OUTER_BOUND('',#607,.T.);
#391=FACE_OUTER_BOUND('',#608,.T.);
#392=FACE_OUTER_BOUND('',#609,.T.);
#393=FACE_OUTER_BOUND('',#610,.T.);
#394=FACE_OUTER_BOUND('',#611,.T.);
#395=FACE_OUTER_BOUND('',#612,.T.);
#396=FACE_OUTER_BOUND('',#613,.T.);
#397=FACE_OUTER_BOUND('',#614,.T.);
#398=FACE_OUTER_BOUND('',#615,.T.);
#399=FACE_OUTER_BOUND('',#616,.T.);
#400=FACE_OUTER_BOUND('',#617,.T.);
#401=FACE_OUTER_BOUND('',#618,.T.);
#402=FACE_OUTER_BOUND('',#619,.T.);
#403=FACE_OUTER_BOUND('',#620,.T.);
#404=FACE_OUTER_BOUND('',#621,.T.);
#405=FACE_OUTER_BOUND('',#622,.T.);
#406=FACE_OUTER_BOUND('',#623,.T.);
#407=FACE_OUTER_BOUND('',#624,.T.);
#408=FACE_OUTER_BOUND('',#625,.T.);
#409=FACE_OUTER_BOUND('',#626,.T.);
#410=FACE_OUTER_BOUND('',#627,.T.);
#411=FACE_OUTER_BOUND('',#628,.T.);
#412=FACE_OUTER_BOUND('',#629,.T.);
#413=FACE_OUTER_BOUND('',#630,.T.);
#414=FACE_OUTER_BOUND('',#631,.T.);
#415=FACE_OUTER_BOUND('',#632,.T.);
#416=FACE_OUTER_BOUND('',#633,.T.);
#417=FACE_OUTER_BOUND('',#634,.T.);
#418=FACE_OUTER_BOUND('',#635,.T.);
#419=FACE_OUTER_BOUND('',#636,.T.);
#420=FACE_OUTER_BOUND('',#637,.T.);
#421=FACE_OUTER_BOUND('',#638,.T.);
#422=FACE_OUTER_BOUND('',#639,.T.);
#423=FACE_OUTER_BOUND('',#640,.T.);
#424=FACE_OUTER_BOUND('',#641,.T.);
#425=FACE_OUTER_BOUND('',#642,.T.);
#426=FACE_OUTER_BOUND('',#643,.T.);
#427=FACE_OUTER_BOUND('',#644,.T.);
#428=FACE_OUTER_BOUND('',#645,.T.);
#429=FACE_OUTER_BOUND('',#646,.T.);
#430=FACE_OUTER_BOUND('',#647,.T.);
#431=FACE_OUTER_BOUND('',#648,.T.);
#432=FACE_OUTER_BOUND('',#649,.T.);
#433=FACE_OUTER_BOUND('',#650,.T.);
#434=FACE_OUTER_BOUND('',#651,.T.);
#435=FACE_OUTER_BOUND('',#652,.T.);
#436=FACE_OUTER_BOUND('',#653,.T.);
#437=FACE_OUTER_BOUND('',#654,.T.);
#438=FACE_OUTER_BOUND('',#655,.T.);
#439=FACE_OUTER_BOUND('',#656,.T.);
#440=FACE_OUTER_BOUND('',#657,.T.);
#441=FACE_OUTER_BOUND('',#658,.T.);
#442=FACE_OUTER_BOUND('',#659,.T.);
#443=FACE_OUTER_BOUND('',#660,.T.);
#444=FACE_OUTER_BOUND('',#661,.T.);
#445=FACE_OUTER_BOUND('',#662,.T.);
#446=FACE_OUTER_BOUND('',#663,.T.);
#447=FACE_OUTER_BOUND('',#664,.T.);
#448=FACE_OUTER_BOUND('',#665,.T.);
#449=FACE_OUTER_BOUND('',#666,.T.);
#450=FACE_OUTER_BOUND('',#671,.T.);
#451=FACE_OUTER_BOUND('',#672,.T.);
#452=FACE_OUTER_BOUND('',#673,.T.);
#453=FACE_OUTER_BOUND('',#674,.T.);
#454=EDGE_LOOP('',(#2224,#2225,#2226,#2227));
#455=EDGE_LOOP('',(#2228,#2229,#2230,#2231));
#456=EDGE_LOOP('',(#2232,#2233,#2234,#2235));
#457=EDGE_LOOP('',(#2236,#2237,#2238,#2239));
#458=EDGE_LOOP('',(#2240,#2241,#2242,#2243));
#459=EDGE_LOOP('',(#2244,#2245,#2246,#2247));
#460=EDGE_LOOP('',(#2248,#2249,#2250,#2251,#2252,#2253));
#461=EDGE_LOOP('',(#2254,#2255,#2256,#2257));
#462=EDGE_LOOP('',(#2258,#2259,#2260,#2261,#2262,#2263));
#463=EDGE_LOOP('',(#2264,#2265,#2266,#2267));
#464=EDGE_LOOP('',(#2268,#2269,#2270,#2271,#2272,#2273,#2274,#2275,#2276,
#2277,#2278,#2279,#2280,#2281,#2282,#2283,#2284,#2285));
#465=EDGE_LOOP('',(#2286,#2287,#2288,#2289,#2290,#2291,#2292,#2293));
#466=EDGE_LOOP('',(#2294,#2295,#2296,#2297,#2298,#2299,#2300,#2301));
#467=EDGE_LOOP('',(#2302,#2303,#2304,#2305));
#468=EDGE_LOOP('',(#2306,#2307,#2308,#2309));
#469=EDGE_LOOP('',(#2310,#2311,#2312,#2313));
#470=EDGE_LOOP('',(#2314,#2315,#2316,#2317));
#471=EDGE_LOOP('',(#2318,#2319,#2320,#2321));
#472=EDGE_LOOP('',(#2322,#2323,#2324,#2325));
#473=EDGE_LOOP('',(#2326,#2327,#2328,#2329));
#474=EDGE_LOOP('',(#2330,#2331,#2332,#2333));
#475=EDGE_LOOP('',(#2334,#2335,#2336,#2337));
#476=EDGE_LOOP('',(#2338,#2339,#2340,#2341));
#477=EDGE_LOOP('',(#2342,#2343,#2344,#2345));
#478=EDGE_LOOP('',(#2346,#2347,#2348,#2349));
#479=EDGE_LOOP('',(#2350,#2351,#2352,#2353));
#480=EDGE_LOOP('',(#2354,#2355,#2356,#2357,#2358,#2359,#2360,#2361));
#481=EDGE_LOOP('',(#2362,#2363,#2364,#2365,#2366,#2367,#2368,#2369));
#482=EDGE_LOOP('',(#2370,#2371,#2372,#2373,#2374,#2375,#2376,#2377));
#483=EDGE_LOOP('',(#2378,#2379,#2380,#2381));
#484=EDGE_LOOP('',(#2382,#2383,#2384,#2385));
#485=EDGE_LOOP('',(#2386,#2387,#2388,#2389));
#486=EDGE_LOOP('',(#2390,#2391,#2392,#2393));
#487=EDGE_LOOP('',(#2394,#2395,#2396,#2397));
#488=EDGE_LOOP('',(#2398,#2399,#2400,#2401));
#489=EDGE_LOOP('',(#2402,#2403,#2404,#2405));
#490=EDGE_LOOP('',(#2406,#2407,#2408,#2409));
#491=EDGE_LOOP('',(#2410,#2411,#2412,#2413));
#492=EDGE_LOOP('',(#2414,#2415,#2416,#2417));
#493=EDGE_LOOP('',(#2418,#2419,#2420,#2421));
#494=EDGE_LOOP('',(#2422,#2423,#2424,#2425));
#495=EDGE_LOOP('',(#2426,#2427,#2428,#2429));
#496=EDGE_LOOP('',(#2430,#2431,#2432,#2433));
#497=EDGE_LOOP('',(#2434,#2435,#2436,#2437));
#498=EDGE_LOOP('',(#2438,#2439,#2440,#2441));
#499=EDGE_LOOP('',(#2442,#2443,#2444,#2445));
#500=EDGE_LOOP('',(#2446,#2447,#2448,#2449));
#501=EDGE_LOOP('',(#2450,#2451,#2452,#2453));
#502=EDGE_LOOP('',(#2454,#2455,#2456,#2457));
#503=EDGE_LOOP('',(#2458,#2459,#2460,#2461));
#504=EDGE_LOOP('',(#2462,#2463,#2464,#2465));
#505=EDGE_LOOP('',(#2466,#2467,#2468,#2469));
#506=EDGE_LOOP('',(#2470,#2471,#2472,#2473));
#507=EDGE_LOOP('',(#2474,#2475,#2476,#2477));
#508=EDGE_LOOP('',(#2478,#2479,#2480,#2481));
#509=EDGE_LOOP('',(#2482,#2483,#2484,#2485));
#510=EDGE_LOOP('',(#2486,#2487,#2488,#2489));
#511=EDGE_LOOP('',(#2490,#2491,#2492,#2493));
#512=EDGE_LOOP('',(#2494,#2495,#2496,#2497));
#513=EDGE_LOOP('',(#2498,#2499,#2500,#2501));
#514=EDGE_LOOP('',(#2502,#2503,#2504,#2505));
#515=EDGE_LOOP('',(#2506,#2507,#2508,#2509));
#516=EDGE_LOOP('',(#2510,#2511,#2512,#2513));
#517=EDGE_LOOP('',(#2514,#2515,#2516,#2517));
#518=EDGE_LOOP('',(#2518,#2519,#2520,#2521));
#519=EDGE_LOOP('',(#2522,#2523,#2524,#2525));
#520=EDGE_LOOP('',(#2526,#2527,#2528,#2529));
#521=EDGE_LOOP('',(#2530,#2531,#2532,#2533));
#522=EDGE_LOOP('',(#2534,#2535,#2536,#2537,#2538,#2539));
#523=EDGE_LOOP('',(#2540,#2541,#2542,#2543));
#524=EDGE_LOOP('',(#2544,#2545,#2546,#2547));
#525=EDGE_LOOP('',(#2548,#2549,#2550,#2551));
#526=EDGE_LOOP('',(#2552,#2553,#2554,#2555));
#527=EDGE_LOOP('',(#2556,#2557,#2558,#2559));
#528=EDGE_LOOP('',(#2560,#2561,#2562,#2563));
#529=EDGE_LOOP('',(#2564,#2565,#2566,#2567));
#530=EDGE_LOOP('',(#2568,#2569,#2570,#2571));
#531=EDGE_LOOP('',(#2572,#2573,#2574,#2575));
#532=EDGE_LOOP('',(#2576,#2577,#2578,#2579));
#533=EDGE_LOOP('',(#2580,#2581,#2582,#2583));
#534=EDGE_LOOP('',(#2584,#2585,#2586,#2587));
#535=EDGE_LOOP('',(#2588,#2589,#2590,#2591));
#536=EDGE_LOOP('',(#2592,#2593,#2594,#2595));
#537=EDGE_LOOP('',(#2596,#2597,#2598,#2599));
#538=EDGE_LOOP('',(#2600,#2601,#2602,#2603,#2604,#2605,#2606,#2607));
#539=EDGE_LOOP('',(#2608,#2609,#2610,#2611,#2612,#2613,#2614,#2615));
#540=EDGE_LOOP('',(#2616,#2617,#2618,#2619));
#541=EDGE_LOOP('',(#2620,#2621,#2622,#2623));
#542=EDGE_LOOP('',(#2624,#2625,#2626,#2627));
#543=EDGE_LOOP('',(#2628,#2629,#2630,#2631));
#544=EDGE_LOOP('',(#2632,#2633,#2634,#2635));
#545=EDGE_LOOP('',(#2636,#2637,#2638,#2639));
#546=EDGE_LOOP('',(#2640,#2641,#2642,#2643));
#547=EDGE_LOOP('',(#2644,#2645,#2646,#2647));
#548=EDGE_LOOP('',(#2648,#2649,#2650,#2651));
#549=EDGE_LOOP('',(#2652,#2653,#2654,#2655));
#550=EDGE_LOOP('',(#2656,#2657,#2658,#2659));
#551=EDGE_LOOP('',(#2660,#2661,#2662,#2663));
#552=EDGE_LOOP('',(#2664,#2665,#2666,#2667));
#553=EDGE_LOOP('',(#2668,#2669,#2670,#2671));
#554=EDGE_LOOP('',(#2672,#2673,#2674,#2675));
#555=EDGE_LOOP('',(#2676,#2677,#2678,#2679));
#556=EDGE_LOOP('',(#2680,#2681,#2682,#2683));
#557=EDGE_LOOP('',(#2684,#2685,#2686,#2687));
#558=EDGE_LOOP('',(#2688,#2689,#2690,#2691,#2692,#2693,#2694,#2695,#2696,
#2697,#2698,#2699,#2700,#2701,#2702,#2703,#2704,#2705,#2706,#2707));
#559=EDGE_LOOP('',(#2708,#2709,#2710,#2711));
#560=EDGE_LOOP('',(#2712,#2713,#2714,#2715));
#561=EDGE_LOOP('',(#2716,#2717,#2718,#2719));
#562=EDGE_LOOP('',(#2720,#2721,#2722,#2723));
#563=EDGE_LOOP('',(#2724,#2725,#2726,#2727));
#564=EDGE_LOOP('',(#2728,#2729,#2730,#2731));
#565=EDGE_LOOP('',(#2732,#2733,#2734,#2735));
#566=EDGE_LOOP('',(#2736,#2737,#2738,#2739));
#567=EDGE_LOOP('',(#2740,#2741,#2742,#2743));
#568=EDGE_LOOP('',(#2744,#2745,#2746,#2747,#2748,#2749));
#569=EDGE_LOOP('',(#2750,#2751,#2752,#2753,#2754,#2755,#2756,#2757,#2758,
#2759,#2760,#2761,#2762,#2763,#2764,#2765,#2766,#2767));
#570=EDGE_LOOP('',(#2768,#2769,#2770,#2771,#2772,#2773,#2774,#2775));
#571=EDGE_LOOP('',(#2776,#2777,#2778,#2779,#2780,#2781,#2782,#2783));
#572=EDGE_LOOP('',(#2784,#2785,#2786,#2787));
#573=EDGE_LOOP('',(#2788,#2789,#2790,#2791));
#574=EDGE_LOOP('',(#2792,#2793,#2794,#2795));
#575=EDGE_LOOP('',(#2796,#2797,#2798,#2799));
#576=EDGE_LOOP('',(#2800,#2801,#2802,#2803));
#577=EDGE_LOOP('',(#2804,#2805,#2806,#2807));
#578=EDGE_LOOP('',(#2808,#2809,#2810,#2811));
#579=EDGE_LOOP('',(#2812,#2813,#2814,#2815));
#580=EDGE_LOOP('',(#2816,#2817,#2818,#2819));
#581=EDGE_LOOP('',(#2820,#2821,#2822,#2823));
#582=EDGE_LOOP('',(#2824,#2825,#2826,#2827));
#583=EDGE_LOOP('',(#2828,#2829,#2830,#2831));
#584=EDGE_LOOP('',(#2832,#2833,#2834,#2835));
#585=EDGE_LOOP('',(#2836,#2837,#2838,#2839,#2840,#2841,#2842,#2843));
#586=EDGE_LOOP('',(#2844,#2845,#2846,#2847,#2848,#2849,#2850,#2851));
#587=EDGE_LOOP('',(#2852,#2853,#2854,#2855,#2856,#2857,#2858,#2859));
#588=EDGE_LOOP('',(#2860,#2861,#2862,#2863));
#589=EDGE_LOOP('',(#2864,#2865,#2866,#2867));
#590=EDGE_LOOP('',(#2868,#2869,#2870,#2871));
#591=EDGE_LOOP('',(#2872,#2873,#2874,#2875));
#592=EDGE_LOOP('',(#2876,#2877,#2878,#2879));
#593=EDGE_LOOP('',(#2880,#2881,#2882,#2883));
#594=EDGE_LOOP('',(#2884,#2885,#2886,#2887));
#595=EDGE_LOOP('',(#2888,#2889,#2890,#2891));
#596=EDGE_LOOP('',(#2892,#2893,#2894,#2895));
#597=EDGE_LOOP('',(#2896,#2897,#2898,#2899));
#598=EDGE_LOOP('',(#2900,#2901,#2902,#2903));
#599=EDGE_LOOP('',(#2904,#2905,#2906,#2907));
#600=EDGE_LOOP('',(#2908,#2909,#2910,#2911));
#601=EDGE_LOOP('',(#2912,#2913,#2914,#2915));
#602=EDGE_LOOP('',(#2916,#2917,#2918,#2919));
#603=EDGE_LOOP('',(#2920,#2921,#2922,#2923));
#604=EDGE_LOOP('',(#2924,#2925,#2926,#2927));
#605=EDGE_LOOP('',(#2928,#2929,#2930,#2931));
#606=EDGE_LOOP('',(#2932,#2933,#2934,#2935));
#607=EDGE_LOOP('',(#2936,#2937,#2938,#2939));
#608=EDGE_LOOP('',(#2940,#2941,#2942,#2943));
#609=EDGE_LOOP('',(#2944,#2945,#2946,#2947));
#610=EDGE_LOOP('',(#2948,#2949,#2950,#2951));
#611=EDGE_LOOP('',(#2952,#2953,#2954,#2955));
#612=EDGE_LOOP('',(#2956,#2957,#2958,#2959));
#613=EDGE_LOOP('',(#2960,#2961,#2962,#2963));
#614=EDGE_LOOP('',(#2964,#2965,#2966,#2967));
#615=EDGE_LOOP('',(#2968,#2969,#2970,#2971));
#616=EDGE_LOOP('',(#2972,#2973,#2974,#2975));
#617=EDGE_LOOP('',(#2976,#2977,#2978,#2979));
#618=EDGE_LOOP('',(#2980,#2981,#2982,#2983));
#619=EDGE_LOOP('',(#2984,#2985,#2986,#2987));
#620=EDGE_LOOP('',(#2988,#2989,#2990,#2991));
#621=EDGE_LOOP('',(#2992,#2993,#2994,#2995));
#622=EDGE_LOOP('',(#2996,#2997,#2998,#2999));
#623=EDGE_LOOP('',(#3000,#3001,#3002,#3003));
#624=EDGE_LOOP('',(#3004,#3005,#3006,#3007));
#625=EDGE_LOOP('',(#3008,#3009,#3010,#3011));
#626=EDGE_LOOP('',(#3012,#3013,#3014,#3015));
#627=EDGE_LOOP('',(#3016,#3017,#3018,#3019));
#628=EDGE_LOOP('',(#3020,#3021,#3022,#3023));
#629=EDGE_LOOP('',(#3024,#3025,#3026,#3027));
#630=EDGE_LOOP('',(#3028,#3029,#3030,#3031));
#631=EDGE_LOOP('',(#3032,#3033,#3034,#3035));
#632=EDGE_LOOP('',(#3036,#3037,#3038,#3039));
#633=EDGE_LOOP('',(#3040,#3041,#3042,#3043));
#634=EDGE_LOOP('',(#3044,#3045,#3046,#3047));
#635=EDGE_LOOP('',(#3048,#3049,#3050,#3051));
#636=EDGE_LOOP('',(#3052,#3053,#3054,#3055));
#637=EDGE_LOOP('',(#3056,#3057,#3058,#3059));
#638=EDGE_LOOP('',(#3060,#3061,#3062,#3063));
#639=EDGE_LOOP('',(#3064,#3065,#3066,#3067));
#640=EDGE_LOOP('',(#3068,#3069,#3070,#3071));
#641=EDGE_LOOP('',(#3072,#3073,#3074,#3075));
#642=EDGE_LOOP('',(#3076,#3077,#3078,#3079));
#643=EDGE_LOOP('',(#3080,#3081,#3082,#3083));
#644=EDGE_LOOP('',(#3084,#3085,#3086,#3087));
#645=EDGE_LOOP('',(#3088,#3089,#3090,#3091));
#646=EDGE_LOOP('',(#3092,#3093,#3094,#3095));
#647=EDGE_LOOP('',(#3096,#3097,#3098,#3099));
#648=EDGE_LOOP('',(#3100,#3101,#3102,#3103));
#649=EDGE_LOOP('',(#3104,#3105,#3106,#3107));
#650=EDGE_LOOP('',(#3108,#3109,#3110,#3111,#3112,#3113));
#651=EDGE_LOOP('',(#3114,#3115,#3116,#3117));
#652=EDGE_LOOP('',(#3118,#3119,#3120,#3121));
#653=EDGE_LOOP('',(#3122,#3123,#3124,#3125));
#654=EDGE_LOOP('',(#3126,#3127,#3128,#3129));
#655=EDGE_LOOP('',(#3130,#3131,#3132,#3133,#3134,#3135));
#656=EDGE_LOOP('',(#3136,#3137,#3138,#3139));
#657=EDGE_LOOP('',(#3140,#3141,#3142,#3143,#3144,#3145));
#658=EDGE_LOOP('',(#3146,#3147,#3148,#3149));
#659=EDGE_LOOP('',(#3150,#3151,#3152,#3153));
#660=EDGE_LOOP('',(#3154,#3155,#3156,#3157));
#661=EDGE_LOOP('',(#3158,#3159,#3160,#3161));
#662=EDGE_LOOP('',(#3162,#3163,#3164,#3165));
#663=EDGE_LOOP('',(#3166,#3167,#3168,#3169,#3170,#3171));
#664=EDGE_LOOP('',(#3172,#3173,#3174,#3175));
#665=EDGE_LOOP('',(#3176,#3177,#3178,#3179,#3180,#3181,#3182,#3183));
#666=EDGE_LOOP('',(#3184,#3185,#3186,#3187,#3188,#3189,#3190,#3191,#3192,
#3193,#3194,#3195));
#667=EDGE_LOOP('',(#3196));
#668=EDGE_LOOP('',(#3197));
#669=EDGE_LOOP('',(#3198));
#670=EDGE_LOOP('',(#3199));
#671=EDGE_LOOP('',(#3200,#3201,#3202,#3203));
#672=EDGE_LOOP('',(#3204,#3205,#3206,#3207));
#673=EDGE_LOOP('',(#3208,#3209,#3210,#3211,#3212,#3213,#3214,#3215,#3216,
#3217,#3218,#3219,#3220,#3221,#3222,#3223));
#674=EDGE_LOOP('',(#3224,#3225,#3226,#3227));
#675=EDGE_LOOP('',(#3228,#3229,#3230,#3231));
#676=EDGE_LOOP('',(#3232));
#677=EDGE_LOOP('',(#3233));
#678=EDGE_LOOP('',(#3234));
#679=EDGE_LOOP('',(#3235));
#680=LINE('',#4988,#1046);
#681=LINE('',#4994,#1047);
#682=LINE('',#4997,#1048);
#683=LINE('',#5002,#1049);
#684=LINE('',#5008,#1050);
#685=LINE('',#5014,#1051);
#686=LINE('',#5018,#1052);
#687=LINE('',#5022,#1053);
#688=LINE('',#5026,#1054);
#689=LINE('',#5028,#1055);
#690=LINE('',#5030,#1056);
#691=LINE('',#5032,#1057);
#692=LINE('',#5033,#1058);
#693=LINE('',#5036,#1059);
#694=LINE('',#5037,#1060);
#695=LINE('',#5040,#1061);
#696=LINE('',#5042,#1062);
#697=LINE('',#5044,#1063);
#698=LINE('',#5046,#1064);
#699=LINE('',#5047,#1065);
#700=LINE('',#5050,#1066);
#701=LINE('',#5051,#1067);
#702=LINE('',#5056,#1068);
#703=LINE('',#5058,#1069);
#704=LINE('',#5060,#1070);
#705=LINE('',#5062,#1071);
#706=LINE('',#5064,#1072);
#707=LINE('',#5066,#1073);
#708=LINE('',#5068,#1074);
#709=LINE('',#5070,#1075);
#710=LINE('',#5072,#1076);
#711=LINE('',#5074,#1077);
#712=LINE('',#5076,#1078);
#713=LINE('',#5078,#1079);
#714=LINE('',#5080,#1080);
#715=LINE('',#5083,#1081);
#716=LINE('',#5086,#1082);
#717=LINE('',#5088,#1083);
#718=LINE('',#5090,#1084);
#719=LINE('',#5092,#1085);
#720=LINE('',#5094,#1086);
#721=LINE('',#5096,#1087);
#722=LINE('',#5098,#1088);
#723=LINE('',#5099,#1089);
#724=LINE('',#5102,#1090);
#725=LINE('',#5104,#1091);
#726=LINE('',#5106,#1092);
#727=LINE('',#5108,#1093);
#728=LINE('',#5110,#1094);
#729=LINE('',#5112,#1095);
#730=LINE('',#5114,#1096);
#731=LINE('',#5115,#1097);
#732=LINE('',#5119,#1098);
#733=LINE('',#5123,#1099);
#734=LINE('',#5127,#1100);
#735=LINE('',#5130,#1101);
#736=LINE('',#5133,#1102);
#737=LINE('',#5136,#1103);
#738=LINE('',#5140,#1104);
#739=LINE('',#5144,#1105);
#740=LINE('',#5148,#1106);
#741=LINE('',#5151,#1107);
#742=LINE('',#5154,#1108);
#743=LINE('',#5157,#1109);
#744=LINE('',#5159,#1110);
#745=LINE('',#5160,#1111);
#746=LINE('',#5162,#1112);
#747=LINE('',#5163,#1113);
#748=LINE('',#5166,#1114);
#749=LINE('',#5168,#1115);
#750=LINE('',#5169,#1116);
#751=LINE('',#5172,#1117);
#752=LINE('',#5173,#1118);
#753=LINE('',#5176,#1119);
#754=LINE('',#5177,#1120);
#755=LINE('',#5180,#1121);
#756=LINE('',#5181,#1122);
#757=LINE('',#5185,#1123);
#758=LINE('',#5187,#1124);
#759=LINE('',#5189,#1125);
#760=LINE('',#5190,#1126);
#761=LINE('',#5193,#1127);
#762=LINE('',#5195,#1128);
#763=LINE('',#5197,#1129);
#764=LINE('',#5199,#1130);
#765=LINE('',#5201,#1131);
#766=LINE('',#5203,#1132);
#767=LINE('',#5205,#1133);
#768=LINE('',#5206,#1134);
#769=LINE('',#5209,#1135);
#770=LINE('',#5211,#1136);
#771=LINE('',#5213,#1137);
#772=LINE('',#5215,#1138);
#773=LINE('',#5217,#1139);
#774=LINE('',#5219,#1140);
#775=LINE('',#5221,#1141);
#776=LINE('',#5222,#1142);
#777=LINE('',#5227,#1143);
#778=LINE('',#5233,#1144);
#779=LINE('',#5242,#1145);
#780=LINE('',#5248,#1146);
#781=LINE('',#5253,#1147);
#782=LINE('',#5257,#1148);
#783=LINE('',#5261,#1149);
#784=LINE('',#5267,#1150);
#785=LINE('',#5271,#1151);
#786=LINE('',#5273,#1152);
#787=LINE('',#5275,#1153);
#788=LINE('',#5278,#1154);
#789=LINE('',#5280,#1155);
#790=LINE('',#5281,#1156);
#791=LINE('',#5284,#1157);
#792=LINE('',#5285,#1158);
#793=LINE('',#5288,#1159);
#794=LINE('',#5289,#1160);
#795=LINE('',#5292,#1161);
#796=LINE('',#5293,#1162);
#797=LINE('',#5299,#1163);
#798=LINE('',#5303,#1164);
#799=LINE('',#5307,#1165);
#800=LINE('',#5310,#1166);
#801=LINE('',#5318,#1167);
#802=LINE('',#5319,#1168);
#803=LINE('',#5321,#1169);
#804=LINE('',#5327,#1170);
#805=LINE('',#5332,#1171);
#806=LINE('',#5336,#1172);
#807=LINE('',#5340,#1173);
#808=LINE('',#5344,#1174);
#809=LINE('',#5347,#1175);
#810=LINE('',#5351,#1176);
#811=LINE('',#5354,#1177);
#812=LINE('',#5357,#1178);
#813=LINE('',#5359,#1179);
#814=LINE('',#5360,#1180);
#815=LINE('',#5363,#1181);
#816=LINE('',#5368,#1182);
#817=LINE('',#5369,#1183);
#818=LINE('',#5372,#1184);
#819=LINE('',#5373,#1185);
#820=LINE('',#5377,#1186);
#821=LINE('',#5380,#1187);
#822=LINE('',#5384,#1188);
#823=LINE('',#5387,#1189);
#824=LINE('',#5390,#1190);
#825=LINE('',#5393,#1191);
#826=LINE('',#5397,#1192);
#827=LINE('',#5401,#1193);
#828=LINE('',#5404,#1194);
#829=LINE('',#5406,#1195);
#830=LINE('',#5409,#1196);
#831=LINE('',#5410,#1197);
#832=LINE('',#5413,#1198);
#833=LINE('',#5416,#1199);
#834=LINE('',#5419,#1200);
#835=LINE('',#5421,#1201);
#836=LINE('',#5422,#1202);
#837=LINE('',#5425,#1203);
#838=LINE('',#5426,#1204);
#839=LINE('',#5429,#1205);
#840=LINE('',#5430,#1206);
#841=LINE('',#5433,#1207);
#842=LINE('',#5434,#1208);
#843=LINE('',#5437,#1209);
#844=LINE('',#5439,#1210);
#845=LINE('',#5440,#1211);
#846=LINE('',#5443,#1212);
#847=LINE('',#5445,#1213);
#848=LINE('',#5447,#1214);
#849=LINE('',#5449,#1215);
#850=LINE('',#5451,#1216);
#851=LINE('',#5453,#1217);
#852=LINE('',#5455,#1218);
#853=LINE('',#5456,#1219);
#854=LINE('',#5462,#1220);
#855=LINE('',#5466,#1221);
#856=LINE('',#5470,#1222);
#857=LINE('',#5473,#1223);
#858=LINE('',#5478,#1224);
#859=LINE('',#5480,#1225);
#860=LINE('',#5482,#1226);
#861=LINE('',#5486,#1227);
#862=LINE('',#5489,#1228);
#863=LINE('',#5492,#1229);
#864=LINE('',#5496,#1230);
#865=LINE('',#5500,#1231);
#866=LINE('',#5505,#1232);
#867=LINE('',#5508,#1233);
#868=LINE('',#5509,#1234);
#869=LINE('',#5511,#1235);
#870=LINE('',#5514,#1236);
#871=LINE('',#5516,#1237);
#872=LINE('',#5518,#1238);
#873=LINE('',#5520,#1239);
#874=LINE('',#5522,#1240);
#875=LINE('',#5524,#1241);
#876=LINE('',#5526,#1242);
#877=LINE('',#5528,#1243);
#878=LINE('',#5530,#1244);
#879=LINE('',#5532,#1245);
#880=LINE('',#5533,#1246);
#881=LINE('',#5538,#1247);
#882=LINE('',#5543,#1248);
#883=LINE('',#5547,#1249);
#884=LINE('',#5554,#1250);
#885=LINE('',#5557,#1251);
#886=LINE('',#5560,#1252);
#887=LINE('',#5563,#1253);
#888=LINE('',#5565,#1254);
#889=LINE('',#5566,#1255);
#890=LINE('',#5569,#1256);
#891=LINE('',#5570,#1257);
#892=LINE('',#5574,#1258);
#893=LINE('',#5576,#1259);
#894=LINE('',#5578,#1260);
#895=LINE('',#5580,#1261);
#896=LINE('',#5582,#1262);
#897=LINE('',#5584,#1263);
#898=LINE('',#5586,#1264);
#899=LINE('',#5588,#1265);
#900=LINE('',#5590,#1266);
#901=LINE('',#5592,#1267);
#902=LINE('',#5593,#1268);
#903=LINE('',#5597,#1269);
#904=LINE('',#5599,#1270);
#905=LINE('',#5601,#1271);
#906=LINE('',#5603,#1272);
#907=LINE('',#5605,#1273);
#908=LINE('',#5607,#1274);
#909=LINE('',#5609,#1275);
#910=LINE('',#5610,#1276);
#911=LINE('',#5613,#1277);
#912=LINE('',#5615,#1278);
#913=LINE('',#5617,#1279);
#914=LINE('',#5619,#1280);
#915=LINE('',#5621,#1281);
#916=LINE('',#5623,#1282);
#917=LINE('',#5625,#1283);
#918=LINE('',#5626,#1284);
#919=LINE('',#5630,#1285);
#920=LINE('',#5634,#1286);
#921=LINE('',#5638,#1287);
#922=LINE('',#5641,#1288);
#923=LINE('',#5644,#1289);
#924=LINE('',#5646,#1290);
#925=LINE('',#5650,#1291);
#926=LINE('',#5652,#1292);
#927=LINE('',#5656,#1293);
#928=LINE('',#5658,#1294);
#929=LINE('',#5662,#1295);
#930=LINE('',#5664,#1296);
#931=LINE('',#5668,#1297);
#932=LINE('',#5670,#1298);
#933=LINE('',#5673,#1299);
#934=LINE('',#5674,#1300);
#935=LINE('',#5677,#1301);
#936=LINE('',#5679,#1302);
#937=LINE('',#5680,#1303);
#938=LINE('',#5683,#1304);
#939=LINE('',#5684,#1305);
#940=LINE('',#5687,#1306);
#941=LINE('',#5688,#1307);
#942=LINE('',#5691,#1308);
#943=LINE('',#5692,#1309);
#944=LINE('',#5695,#1310);
#945=LINE('',#5697,#1311);
#946=LINE('',#5698,#1312);
#947=LINE('',#5701,#1313);
#948=LINE('',#5703,#1314);
#949=LINE('',#5705,#1315);
#950=LINE('',#5707,#1316);
#951=LINE('',#5709,#1317);
#952=LINE('',#5711,#1318);
#953=LINE('',#5713,#1319);
#954=LINE('',#5714,#1320);
#955=LINE('',#5717,#1321);
#956=LINE('',#5719,#1322);
#957=LINE('',#5721,#1323);
#958=LINE('',#5723,#1324);
#959=LINE('',#5725,#1325);
#960=LINE('',#5727,#1326);
#961=LINE('',#5729,#1327);
#962=LINE('',#5730,#1328);
#963=LINE('',#5735,#1329);
#964=LINE('',#5739,#1330);
#965=LINE('',#5743,#1331);
#966=LINE('',#5746,#1332);
#967=LINE('',#5756,#1333);
#968=LINE('',#5766,#1334);
#969=LINE('',#5771,#1335);
#970=LINE('',#5773,#1336);
#971=LINE('',#5775,#1337);
#972=LINE('',#5777,#1338);
#973=LINE('',#5781,#1339);
#974=LINE('',#5786,#1340);
#975=LINE('',#5790,#1341);
#976=LINE('',#5794,#1342);
#977=LINE('',#5798,#1343);
#978=LINE('',#5802,#1344);
#979=LINE('',#5806,#1345);
#980=LINE('',#5809,#1346);
#981=LINE('',#5812,#1347);
#982=LINE('',#5814,#1348);
#983=LINE('',#5815,#1349);
#984=LINE('',#5818,#1350);
#985=LINE('',#5819,#1351);
#986=LINE('',#5822,#1352);
#987=LINE('',#5823,#1353);
#988=LINE('',#5826,#1354);
#989=LINE('',#5827,#1355);
#990=LINE('',#5832,#1356);
#991=LINE('',#5845,#1357);
#992=LINE('',#5848,#1358);
#993=LINE('',#5850,#1359);
#994=LINE('',#5852,#1360);
#995=LINE('',#5853,#1361);
#996=LINE('',#5855,#1362);
#997=LINE('',#5860,#1363);
#998=LINE('',#5866,#1364);
#999=LINE('',#5870,#1365);
#1000=LINE('',#5874,#1366);
#1001=LINE('',#5879,#1367);
#1002=LINE('',#5884,#1368);
#1003=LINE('',#5886,#1369);
#1004=LINE('',#5889,#1370);
#1005=LINE('',#5891,#1371);
#1006=LINE('',#5892,#1372);
#1007=LINE('',#5895,#1373);
#1008=LINE('',#5896,#1374);
#1009=LINE('',#5899,#1375);
#1010=LINE('',#5900,#1376);
#1011=LINE('',#5903,#1377);
#1012=LINE('',#5904,#1378);
#1013=LINE('',#5907,#1379);
#1014=LINE('',#5908,#1380);
#1015=LINE('',#5911,#1381);
#1016=LINE('',#5912,#1382);
#1017=LINE('',#5915,#1383);
#1018=LINE('',#5916,#1384);
#1019=LINE('',#5933,#1385);
#1020=LINE('',#5936,#1386);
#1021=LINE('',#5937,#1387);
#1022=LINE('',#5939,#1388);
#1023=LINE('',#5941,#1389);
#1024=LINE('',#5943,#1390);
#1025=LINE('',#5951,#1391);
#1026=LINE('',#5953,#1392);
#1027=LINE('',#5955,#1393);
#1028=LINE('',#5958,#1394);
#1029=LINE('',#5959,#1395);
#1030=LINE('',#5963,#1396);
#1031=LINE('',#5965,#1397);
#1032=LINE('',#5967,#1398);
#1033=LINE('',#5968,#1399);
#1034=LINE('',#5971,#1400);
#1035=LINE('',#5973,#1401);
#1036=LINE('',#5974,#1402);
#1037=LINE('',#5975,#1403);
#1038=LINE('',#5976,#1404);
#1039=LINE('',#5979,#1405);
#1040=LINE('',#5980,#1406);
#1041=LINE('',#5982,#1407);
#1042=LINE('',#5983,#1408);
#1043=LINE('',#5985,#1409);
#1044=LINE('',#5987,#1410);
#1045=LINE('',#5989,#1411);
#1046=VECTOR('',#3932,1.6);
#1047=VECTOR('',#3937,10.);
#1048=VECTOR('',#3940,10.);
#1049=VECTOR('',#3945,1.6);
#1050=VECTOR('',#3952,1.6);
#1051=VECTOR('',#3959,1.6);
#1052=VECTOR('',#3962,10.);
#1053=VECTOR('',#3965,10.);
#1054=VECTOR('',#3970,10.);
#1055=VECTOR('',#3971,10.);
#1056=VECTOR('',#3972,10.);
#1057=VECTOR('',#3973,10.);
#1058=VECTOR('',#3974,10.);
#1059=VECTOR('',#3977,10.);
#1060=VECTOR('',#3978,10.);
#1061=VECTOR('',#3981,10.);
#1062=VECTOR('',#3982,10.);
#1063=VECTOR('',#3983,10.);
#1064=VECTOR('',#3984,10.);
#1065=VECTOR('',#3985,10.);
#1066=VECTOR('',#3988,10.);
#1067=VECTOR('',#3989,10.);
#1068=VECTOR('',#3994,10.);
#1069=VECTOR('',#3995,10.);
#1070=VECTOR('',#3996,10.);
#1071=VECTOR('',#3997,10.);
#1072=VECTOR('',#3998,10.);
#1073=VECTOR('',#3999,10.);
#1074=VECTOR('',#4000,10.);
#1075=VECTOR('',#4001,10.);
#1076=VECTOR('',#4002,10.);
#1077=VECTOR('',#4003,10.);
#1078=VECTOR('',#4004,10.);
#1079=VECTOR('',#4005,10.);
#1080=VECTOR('',#4006,10.);
#1081=VECTOR('',#4009,10.);
#1082=VECTOR('',#4010,10.);
#1083=VECTOR('',#4011,10.);
#1084=VECTOR('',#4012,10.);
#1085=VECTOR('',#4013,10.);
#1086=VECTOR('',#4014,10.);
#1087=VECTOR('',#4015,10.);
#1088=VECTOR('',#4016,10.);
#1089=VECTOR('',#4017,10.);
#1090=VECTOR('',#4018,10.);
#1091=VECTOR('',#4019,10.);
#1092=VECTOR('',#4020,10.);
#1093=VECTOR('',#4021,10.);
#1094=VECTOR('',#4022,10.);
#1095=VECTOR('',#4023,10.);
#1096=VECTOR('',#4024,10.);
#1097=VECTOR('',#4025,10.);
#1098=VECTOR('',#4028,10.);
#1099=VECTOR('',#4031,10.);
#1100=VECTOR('',#4036,10.);
#1101=VECTOR('',#4039,10.);
#1102=VECTOR('',#4042,10.);
#1103=VECTOR('',#4045,10.);
#1104=VECTOR('',#4048,10.);
#1105=VECTOR('',#4051,10.);
#1106=VECTOR('',#4056,10.);
#1107=VECTOR('',#4059,10.);
#1108=VECTOR('',#4062,10.);
#1109=VECTOR('',#4065,10.);
#1110=VECTOR('',#4068,10.);
#1111=VECTOR('',#4069,10.);
#1112=VECTOR('',#4072,10.);
#1113=VECTOR('',#4073,10.);
#1114=VECTOR('',#4076,10.);
#1115=VECTOR('',#4077,10.);
#1116=VECTOR('',#4078,10.);
#1117=VECTOR('',#4081,10.);
#1118=VECTOR('',#4082,10.);
#1119=VECTOR('',#4085,10.);
#1120=VECTOR('',#4086,10.);
#1121=VECTOR('',#4089,10.);
#1122=VECTOR('',#4090,10.);
#1123=VECTOR('',#4093,10.);
#1124=VECTOR('',#4094,10.);
#1125=VECTOR('',#4095,10.);
#1126=VECTOR('',#4096,10.);
#1127=VECTOR('',#4097,10.);
#1128=VECTOR('',#4098,10.);
#1129=VECTOR('',#4099,10.);
#1130=VECTOR('',#4100,10.);
#1131=VECTOR('',#4101,10.);
#1132=VECTOR('',#4102,10.);
#1133=VECTOR('',#4103,10.);
#1134=VECTOR('',#4104,10.);
#1135=VECTOR('',#4105,10.);
#1136=VECTOR('',#4106,10.);
#1137=VECTOR('',#4107,10.);
#1138=VECTOR('',#4108,10.);
#1139=VECTOR('',#4109,10.);
#1140=VECTOR('',#4110,10.);
#1141=VECTOR('',#4111,10.);
#1142=VECTOR('',#4112,10.);
#1143=VECTOR('',#4117,10.);
#1144=VECTOR('',#4128,10.);
#1145=VECTOR('',#4143,10.);
#1146=VECTOR('',#4150,10.);
#1147=VECTOR('',#4157,10.);
#1148=VECTOR('',#4162,10.);
#1149=VECTOR('',#4165,10.);
#1150=VECTOR('',#4174,10.);
#1151=VECTOR('',#4179,10.);
#1152=VECTOR('',#4182,10.);
#1153=VECTOR('',#4185,10.);
#1154=VECTOR('',#4188,10.);
#1155=VECTOR('',#4189,10.);
#1156=VECTOR('',#4190,10.);
#1157=VECTOR('',#4193,10.);
#1158=VECTOR('',#4194,10.);
#1159=VECTOR('',#4197,10.);
#1160=VECTOR('',#4198,10.);
#1161=VECTOR('',#4201,10.);
#1162=VECTOR('',#4202,10.);
#1163=VECTOR('',#4211,10.);
#1164=VECTOR('',#4216,10.);
#1165=VECTOR('',#4221,10.);
#1166=VECTOR('',#4226,10.);
#1167=VECTOR('',#4241,10.);
#1168=VECTOR('',#4242,10.);
#1169=VECTOR('',#4245,10.);
#1170=VECTOR('',#4252,10.);
#1171=VECTOR('',#4259,10.);
#1172=VECTOR('',#4264,10.);
#1173=VECTOR('',#4269,10.);
#1174=VECTOR('',#4274,10.);
#1175=VECTOR('',#4277,10.);
#1176=VECTOR('',#4282,10.);
#1177=VECTOR('',#4287,10.);
#1178=VECTOR('',#4290,10.);
#1179=VECTOR('',#4291,10.);
#1180=VECTOR('',#4292,10.);
#1181=VECTOR('',#4295,10.);
#1182=VECTOR('',#4302,10.);
#1183=VECTOR('',#4303,10.);
#1184=VECTOR('',#4306,10.);
#1185=VECTOR('',#4307,10.);
#1186=VECTOR('',#4310,10.);
#1187=VECTOR('',#4313,10.);
#1188=VECTOR('',#4318,10.);
#1189=VECTOR('',#4321,10.);
#1190=VECTOR('',#4324,10.);
#1191=VECTOR('',#4327,10.);
#1192=VECTOR('',#4330,10.);
#1193=VECTOR('',#4333,10.);
#1194=VECTOR('',#4338,10.);
#1195=VECTOR('',#4339,10.);
#1196=VECTOR('',#4344,10.);
#1197=VECTOR('',#4345,10.);
#1198=VECTOR('',#4348,10.);
#1199=VECTOR('',#4353,10.);
#1200=VECTOR('',#4356,10.);
#1201=VECTOR('',#4357,10.);
#1202=VECTOR('',#4358,10.);
#1203=VECTOR('',#4361,10.);
#1204=VECTOR('',#4362,10.);
#1205=VECTOR('',#4365,10.);
#1206=VECTOR('',#4366,10.);
#1207=VECTOR('',#4369,10.);
#1208=VECTOR('',#4370,10.);
#1209=VECTOR('',#4373,10.);
#1210=VECTOR('',#4374,10.);
#1211=VECTOR('',#4375,10.);
#1212=VECTOR('',#4376,10.);
#1213=VECTOR('',#4377,10.);
#1214=VECTOR('',#4378,10.);
#1215=VECTOR('',#4379,10.);
#1216=VECTOR('',#4380,10.);
#1217=VECTOR('',#4381,10.);
#1218=VECTOR('',#4382,10.);
#1219=VECTOR('',#4383,10.);
#1220=VECTOR('',#4392,10.);
#1221=VECTOR('',#4397,10.);
#1222=VECTOR('',#4402,10.);
#1223=VECTOR('',#4407,10.);
#1224=VECTOR('',#4416,10.);
#1225=VECTOR('',#4419,10.);
#1226=VECTOR('',#4422,10.);
#1227=VECTOR('',#4427,10.);
#1228=VECTOR('',#4432,10.);
#1229=VECTOR('',#4435,10.);
#1230=VECTOR('',#4440,10.);
#1231=VECTOR('',#4445,10.);
#1232=VECTOR('',#4450,10.);
#1233=VECTOR('',#4455,10.);
#1234=VECTOR('',#4456,10.);
#1235=VECTOR('',#4459,10.);
#1236=VECTOR('',#4462,10.);
#1237=VECTOR('',#4463,10.);
#1238=VECTOR('',#4464,10.);
#1239=VECTOR('',#4465,10.);
#1240=VECTOR('',#4466,10.);
#1241=VECTOR('',#4467,10.);
#1242=VECTOR('',#4468,10.);
#1243=VECTOR('',#4469,10.);
#1244=VECTOR('',#4470,10.);
#1245=VECTOR('',#4471,10.);
#1246=VECTOR('',#4472,10.);
#1247=VECTOR('',#4477,10.);
#1248=VECTOR('',#4484,10.);
#1249=VECTOR('',#4489,10.);
#1250=VECTOR('',#4500,10.);
#1251=VECTOR('',#4505,10.);
#1252=VECTOR('',#4510,10.);
#1253=VECTOR('',#4513,10.);
#1254=VECTOR('',#4514,10.);
#1255=VECTOR('',#4515,10.);
#1256=VECTOR('',#4518,10.);
#1257=VECTOR('',#4519,10.);
#1258=VECTOR('',#4524,10.);
#1259=VECTOR('',#4525,10.);
#1260=VECTOR('',#4526,10.);
#1261=VECTOR('',#4527,10.);
#1262=VECTOR('',#4528,10.);
#1263=VECTOR('',#4529,10.);
#1264=VECTOR('',#4530,10.);
#1265=VECTOR('',#4531,10.);
#1266=VECTOR('',#4532,10.);
#1267=VECTOR('',#4533,10.);
#1268=VECTOR('',#4534,10.);
#1269=VECTOR('',#4537,10.);
#1270=VECTOR('',#4538,10.);
#1271=VECTOR('',#4539,10.);
#1272=VECTOR('',#4540,10.);
#1273=VECTOR('',#4541,10.);
#1274=VECTOR('',#4542,10.);
#1275=VECTOR('',#4543,10.);
#1276=VECTOR('',#4544,10.);
#1277=VECTOR('',#4545,10.);
#1278=VECTOR('',#4546,10.);
#1279=VECTOR('',#4547,10.);
#1280=VECTOR('',#4548,10.);
#1281=VECTOR('',#4549,10.);
#1282=VECTOR('',#4550,10.);
#1283=VECTOR('',#4551,10.);
#1284=VECTOR('',#4552,10.);
#1285=VECTOR('',#4555,10.);
#1286=VECTOR('',#4558,10.);
#1287=VECTOR('',#4563,10.);
#1288=VECTOR('',#4566,10.);
#1289=VECTOR('',#4569,10.);
#1290=VECTOR('',#4570,10.);
#1291=VECTOR('',#4575,10.);
#1292=VECTOR('',#4576,10.);
#1293=VECTOR('',#4581,10.);
#1294=VECTOR('',#4582,10.);
#1295=VECTOR('',#4587,10.);
#1296=VECTOR('',#4588,10.);
#1297=VECTOR('',#4593,10.);
#1298=VECTOR('',#4594,10.);
#1299=VECTOR('',#4599,10.);
#1300=VECTOR('',#4600,10.);
#1301=VECTOR('',#4603,10.);
#1302=VECTOR('',#4604,10.);
#1303=VECTOR('',#4605,10.);
#1304=VECTOR('',#4608,10.);
#1305=VECTOR('',#4609,10.);
#1306=VECTOR('',#4612,10.);
#1307=VECTOR('',#4613,10.);
#1308=VECTOR('',#4616,10.);
#1309=VECTOR('',#4617,10.);
#1310=VECTOR('',#4620,10.);
#1311=VECTOR('',#4621,10.);
#1312=VECTOR('',#4622,10.);
#1313=VECTOR('',#4623,10.);
#1314=VECTOR('',#4624,10.);
#1315=VECTOR('',#4625,10.);
#1316=VECTOR('',#4626,10.);
#1317=VECTOR('',#4627,10.);
#1318=VECTOR('',#4628,10.);
#1319=VECTOR('',#4629,10.);
#1320=VECTOR('',#4630,10.);
#1321=VECTOR('',#4631,10.);
#1322=VECTOR('',#4632,10.);
#1323=VECTOR('',#4633,10.);
#1324=VECTOR('',#4634,10.);
#1325=VECTOR('',#4635,10.);
#1326=VECTOR('',#4636,10.);
#1327=VECTOR('',#4637,10.);
#1328=VECTOR('',#4638,10.);
#1329=VECTOR('',#4645,10.);
#1330=VECTOR('',#4650,10.);
#1331=VECTOR('',#4655,10.);
#1332=VECTOR('',#4660,10.);
#1333=VECTOR('',#4677,10.);
#1334=VECTOR('',#4694,10.);
#1335=VECTOR('',#4701,10.);
#1336=VECTOR('',#4704,10.);
#1337=VECTOR('',#4707,10.);
#1338=VECTOR('',#4710,10.);
#1339=VECTOR('',#4713,10.);
#1340=VECTOR('',#4720,10.);
#1341=VECTOR('',#4725,10.);
#1342=VECTOR('',#4730,10.);
#1343=VECTOR('',#4735,10.);
#1344=VECTOR('',#4740,10.);
#1345=VECTOR('',#4745,10.);
#1346=VECTOR('',#4750,10.);
#1347=VECTOR('',#4753,10.);
#1348=VECTOR('',#4754,10.);
#1349=VECTOR('',#4755,10.);
#1350=VECTOR('',#4758,10.);
#1351=VECTOR('',#4759,10.);
#1352=VECTOR('',#4762,10.);
#1353=VECTOR('',#4763,10.);
#1354=VECTOR('',#4766,10.);
#1355=VECTOR('',#4767,10.);
#1356=VECTOR('',#4772,10.);
#1357=VECTOR('',#4795,10.);
#1358=VECTOR('',#4800,10.);
#1359=VECTOR('',#4803,10.);
#1360=VECTOR('',#4806,10.);
#1361=VECTOR('',#4807,10.);
#1362=VECTOR('',#4810,10.);
#1363=VECTOR('',#4815,10.);
#1364=VECTOR('',#4824,10.);
#1365=VECTOR('',#4829,10.);
#1366=VECTOR('',#4834,10.);
#1367=VECTOR('',#4839,10.);
#1368=VECTOR('',#4846,10.);
#1369=VECTOR('',#4849,10.);
#1370=VECTOR('',#4852,10.);
#1371=VECTOR('',#4853,10.);
#1372=VECTOR('',#4854,10.);
#1373=VECTOR('',#4857,10.);
#1374=VECTOR('',#4858,10.);
#1375=VECTOR('',#4861,10.);
#1376=VECTOR('',#4862,10.);
#1377=VECTOR('',#4865,10.);
#1378=VECTOR('',#4866,10.);
#1379=VECTOR('',#4869,10.);
#1380=VECTOR('',#4870,10.);
#1381=VECTOR('',#4873,10.);
#1382=VECTOR('',#4874,10.);
#1383=VECTOR('',#4877,10.);
#1384=VECTOR('',#4878,10.);
#1385=VECTOR('',#4911,10.);
#1386=VECTOR('',#4914,10.);
#1387=VECTOR('',#4915,10.);
#1388=VECTOR('',#4918,10.);
#1389=VECTOR('',#4921,10.);
#1390=VECTOR('',#4924,10.);
#1391=VECTOR('',#4939,10.);
#1392=VECTOR('',#4942,10.);
#1393=VECTOR('',#4945,10.);
#1394=VECTOR('',#4948,10.);
#1395=VECTOR('',#4949,10.);
#1396=VECTOR('',#4952,10.);
#1397=VECTOR('',#4953,10.);
#1398=VECTOR('',#4954,10.);
#1399=VECTOR('',#4955,10.);
#1400=VECTOR('',#4958,10.);
#1401=VECTOR('',#4959,10.);
#1402=VECTOR('',#4960,10.);
#1403=VECTOR('',#4961,10.);
#1404=VECTOR('',#4962,10.);
#1405=VECTOR('',#4965,10.);
#1406=VECTOR('',#4966,10.);
#1407=VECTOR('',#4967,10.);
#1408=VECTOR('',#4968,10.);
#1409=VECTOR('',#4971,10.);
#1410=VECTOR('',#4974,10.);
#1411=VECTOR('',#4977,10.);
#1412=CIRCLE('',#3581,1.6);
#1413=CIRCLE('',#3582,1.6);
#1414=CIRCLE('',#3586,1.6);
#1415=CIRCLE('',#3587,1.6);
#1416=CIRCLE('',#3589,1.6);
#1417=CIRCLE('',#3590,1.6);
#1418=CIRCLE('',#3592,1.6);
#1419=CIRCLE('',#3593,1.6);
#1420=VERTEX_POINT('',#4985);
#1421=VERTEX_POINT('',#4987);
#1422=VERTEX_POINT('',#4990);
#1423=VERTEX_POINT('',#4991);
#1424=VERTEX_POINT('',#4993);
#1425=VERTEX_POINT('',#4995);
#1426=VERTEX_POINT('',#4999);
#1427=VERTEX_POINT('',#5001);
#1428=VERTEX_POINT('',#5005);
#1429=VERTEX_POINT('',#5007);
#1430=VERTEX_POINT('',#5011);
#1431=VERTEX_POINT('',#5013);
#1432=VERTEX_POINT('',#5016);
#1433=VERTEX_POINT('',#5017);
#1434=VERTEX_POINT('',#5019);
#1435=VERTEX_POINT('',#5021);
#1436=VERTEX_POINT('',#5025);
#1437=VERTEX_POINT('',#5027);
#1438=VERTEX_POINT('',#5029);
#1439=VERTEX_POINT('',#5031);
#1440=VERTEX_POINT('',#5035);
#1441=VERTEX_POINT('',#5039);
#1442=VERTEX_POINT('',#5041);
#1443=VERTEX_POINT('',#5043);
#1444=VERTEX_POINT('',#5045);
#1445=VERTEX_POINT('',#5049);
#1446=VERTEX_POINT('',#5053);
#1447=VERTEX_POINT('',#5055);
#1448=VERTEX_POINT('',#5057);
#1449=VERTEX_POINT('',#5059);
#1450=VERTEX_POINT('',#5061);
#1451=VERTEX_POINT('',#5063);
#1452=VERTEX_POINT('',#5065);
#1453=VERTEX_POINT('',#5067);
#1454=VERTEX_POINT('',#5069);
#1455=VERTEX_POINT('',#5071);
#1456=VERTEX_POINT('',#5073);
#1457=VERTEX_POINT('',#5075);
#1458=VERTEX_POINT('',#5077);
#1459=VERTEX_POINT('',#5079);
#1460=VERTEX_POINT('',#5081);
#1461=VERTEX_POINT('',#5084);
#1462=VERTEX_POINT('',#5085);
#1463=VERTEX_POINT('',#5087);
#1464=VERTEX_POINT('',#5089);
#1465=VERTEX_POINT('',#5091);
#1466=VERTEX_POINT('',#5093);
#1467=VERTEX_POINT('',#5095);
#1468=VERTEX_POINT('',#5097);
#1469=VERTEX_POINT('',#5100);
#1470=VERTEX_POINT('',#5101);
#1471=VERTEX_POINT('',#5103);
#1472=VERTEX_POINT('',#5105);
#1473=VERTEX_POINT('',#5107);
#1474=VERTEX_POINT('',#5109);
#1475=VERTEX_POINT('',#5111);
#1476=VERTEX_POINT('',#5113);
#1477=VERTEX_POINT('',#5117);
#1478=VERTEX_POINT('',#5118);
#1479=VERTEX_POINT('',#5120);
#1480=VERTEX_POINT('',#5122);
#1481=VERTEX_POINT('',#5126);
#1482=VERTEX_POINT('',#5128);
#1483=VERTEX_POINT('',#5132);
#1484=VERTEX_POINT('',#5134);
#1485=VERTEX_POINT('',#5138);
#1486=VERTEX_POINT('',#5139);
#1487=VERTEX_POINT('',#5141);
#1488=VERTEX_POINT('',#5143);
#1489=VERTEX_POINT('',#5147);
#1490=VERTEX_POINT('',#5149);
#1491=VERTEX_POINT('',#5153);
#1492=VERTEX_POINT('',#5155);
#1493=VERTEX_POINT('',#5165);
#1494=VERTEX_POINT('',#5167);
#1495=VERTEX_POINT('',#5171);
#1496=VERTEX_POINT('',#5175);
#1497=VERTEX_POINT('',#5179);
#1498=VERTEX_POINT('',#5183);
#1499=VERTEX_POINT('',#5184);
#1500=VERTEX_POINT('',#5186);
#1501=VERTEX_POINT('',#5188);
#1502=VERTEX_POINT('',#5191);
#1503=VERTEX_POINT('',#5192);
#1504=VERTEX_POINT('',#5194);
#1505=VERTEX_POINT('',#5196);
#1506=VERTEX_POINT('',#5198);
#1507=VERTEX_POINT('',#5200);
#1508=VERTEX_POINT('',#5202);
#1509=VERTEX_POINT('',#5204);
#1510=VERTEX_POINT('',#5207);
#1511=VERTEX_POINT('',#5208);
#1512=VERTEX_POINT('',#5210);
#1513=VERTEX_POINT('',#5212);
#1514=VERTEX_POINT('',#5214);
#1515=VERTEX_POINT('',#5216);
#1516=VERTEX_POINT('',#5218);
#1517=VERTEX_POINT('',#5220);
#1518=VERTEX_POINT('',#5224);
#1519=VERTEX_POINT('',#5226);
#1520=VERTEX_POINT('',#5241);
#1521=VERTEX_POINT('',#5245);
#1522=VERTEX_POINT('',#5247);
#1523=VERTEX_POINT('',#5251);
#1524=VERTEX_POINT('',#5255);
#1525=VERTEX_POINT('',#5259);
#1526=VERTEX_POINT('',#5260);
#1527=VERTEX_POINT('',#5265);
#1528=VERTEX_POINT('',#5269);
#1529=VERTEX_POINT('',#5277);
#1530=VERTEX_POINT('',#5279);
#1531=VERTEX_POINT('',#5283);
#1532=VERTEX_POINT('',#5287);
#1533=VERTEX_POINT('',#5291);
#1534=VERTEX_POINT('',#5298);
#1535=VERTEX_POINT('',#5302);
#1536=VERTEX_POINT('',#5306);
#1537=VERTEX_POINT('',#5324);
#1538=VERTEX_POINT('',#5326);
#1539=VERTEX_POINT('',#5330);
#1540=VERTEX_POINT('',#5334);
#1541=VERTEX_POINT('',#5338);
#1542=VERTEX_POINT('',#5342);
#1543=VERTEX_POINT('',#5346);
#1544=VERTEX_POINT('',#5350);
#1545=VERTEX_POINT('',#5356);
#1546=VERTEX_POINT('',#5358);
#1547=VERTEX_POINT('',#5362);
#1548=VERTEX_POINT('',#5367);
#1549=VERTEX_POINT('',#5371);
#1550=VERTEX_POINT('',#5375);
#1551=VERTEX_POINT('',#5376);
#1552=VERTEX_POINT('',#5378);
#1553=VERTEX_POINT('',#5383);
#1554=VERTEX_POINT('',#5385);
#1555=VERTEX_POINT('',#5389);
#1556=VERTEX_POINT('',#5391);
#1557=VERTEX_POINT('',#5395);
#1558=VERTEX_POINT('',#5396);
#1559=VERTEX_POINT('',#5398);
#1560=VERTEX_POINT('',#5400);
#1561=VERTEX_POINT('',#5405);
#1562=VERTEX_POINT('',#5412);
#1563=VERTEX_POINT('',#5418);
#1564=VERTEX_POINT('',#5420);
#1565=VERTEX_POINT('',#5424);
#1566=VERTEX_POINT('',#5428);
#1567=VERTEX_POINT('',#5432);
#1568=VERTEX_POINT('',#5436);
#1569=VERTEX_POINT('',#5438);
#1570=VERTEX_POINT('',#5441);
#1571=VERTEX_POINT('',#5442);
#1572=VERTEX_POINT('',#5444);
#1573=VERTEX_POINT('',#5446);
#1574=VERTEX_POINT('',#5448);
#1575=VERTEX_POINT('',#5450);
#1576=VERTEX_POINT('',#5452);
#1577=VERTEX_POINT('',#5454);
#1578=VERTEX_POINT('',#5461);
#1579=VERTEX_POINT('',#5465);
#1580=VERTEX_POINT('',#5469);
#1581=VERTEX_POINT('',#5485);
#1582=VERTEX_POINT('',#5490);
#1583=VERTEX_POINT('',#5494);
#1584=VERTEX_POINT('',#5498);
#1585=VERTEX_POINT('',#5502);
#1586=VERTEX_POINT('',#5504);
#1587=VERTEX_POINT('',#5513);
#1588=VERTEX_POINT('',#5515);
#1589=VERTEX_POINT('',#5517);
#1590=VERTEX_POINT('',#5519);
#1591=VERTEX_POINT('',#5521);
#1592=VERTEX_POINT('',#5523);
#1593=VERTEX_POINT('',#5525);
#1594=VERTEX_POINT('',#5527);
#1595=VERTEX_POINT('',#5529);
#1596=VERTEX_POINT('',#5531);
#1597=VERTEX_POINT('',#5535);
#1598=VERTEX_POINT('',#5537);
#1599=VERTEX_POINT('',#5541);
#1600=VERTEX_POINT('',#5545);
#1601=VERTEX_POINT('',#5552);
#1602=VERTEX_POINT('',#5562);
#1603=VERTEX_POINT('',#5564);
#1604=VERTEX_POINT('',#5568);
#1605=VERTEX_POINT('',#5573);
#1606=VERTEX_POINT('',#5575);
#1607=VERTEX_POINT('',#5577);
#1608=VERTEX_POINT('',#5579);
#1609=VERTEX_POINT('',#5581);
#1610=VERTEX_POINT('',#5583);
#1611=VERTEX_POINT('',#5585);
#1612=VERTEX_POINT('',#5587);
#1613=VERTEX_POINT('',#5589);
#1614=VERTEX_POINT('',#5591);
#1615=VERTEX_POINT('',#5595);
#1616=VERTEX_POINT('',#5596);
#1617=VERTEX_POINT('',#5598);
#1618=VERTEX_POINT('',#5600);
#1619=VERTEX_POINT('',#5602);
#1620=VERTEX_POINT('',#5604);
#1621=VERTEX_POINT('',#5606);
#1622=VERTEX_POINT('',#5608);
#1623=VERTEX_POINT('',#5611);
#1624=VERTEX_POINT('',#5612);
#1625=VERTEX_POINT('',#5614);
#1626=VERTEX_POINT('',#5616);
#1627=VERTEX_POINT('',#5618);
#1628=VERTEX_POINT('',#5620);
#1629=VERTEX_POINT('',#5622);
#1630=VERTEX_POINT('',#5624);
#1631=VERTEX_POINT('',#5628);
#1632=VERTEX_POINT('',#5629);
#1633=VERTEX_POINT('',#5631);
#1634=VERTEX_POINT('',#5633);
#1635=VERTEX_POINT('',#5637);
#1636=VERTEX_POINT('',#5639);
#1637=VERTEX_POINT('',#5643);
#1638=VERTEX_POINT('',#5645);
#1639=VERTEX_POINT('',#5649);
#1640=VERTEX_POINT('',#5651);
#1641=VERTEX_POINT('',#5655);
#1642=VERTEX_POINT('',#5657);
#1643=VERTEX_POINT('',#5661);
#1644=VERTEX_POINT('',#5663);
#1645=VERTEX_POINT('',#5667);
#1646=VERTEX_POINT('',#5669);
#1647=VERTEX_POINT('',#5676);
#1648=VERTEX_POINT('',#5678);
#1649=VERTEX_POINT('',#5682);
#1650=VERTEX_POINT('',#5686);
#1651=VERTEX_POINT('',#5690);
#1652=VERTEX_POINT('',#5694);
#1653=VERTEX_POINT('',#5696);
#1654=VERTEX_POINT('',#5699);
#1655=VERTEX_POINT('',#5700);
#1656=VERTEX_POINT('',#5702);
#1657=VERTEX_POINT('',#5704);
#1658=VERTEX_POINT('',#5706);
#1659=VERTEX_POINT('',#5708);
#1660=VERTEX_POINT('',#5710);
#1661=VERTEX_POINT('',#5712);
#1662=VERTEX_POINT('',#5715);
#1663=VERTEX_POINT('',#5716);
#1664=VERTEX_POINT('',#5718);
#1665=VERTEX_POINT('',#5720);
#1666=VERTEX_POINT('',#5722);
#1667=VERTEX_POINT('',#5724);
#1668=VERTEX_POINT('',#5726);
#1669=VERTEX_POINT('',#5728);
#1670=VERTEX_POINT('',#5734);
#1671=VERTEX_POINT('',#5738);
#1672=VERTEX_POINT('',#5742);
#1673=VERTEX_POINT('',#5755);
#1674=VERTEX_POINT('',#5765);
#1675=VERTEX_POINT('',#5769);
#1676=VERTEX_POINT('',#5779);
#1677=VERTEX_POINT('',#5780);
#1678=VERTEX_POINT('',#5785);
#1679=VERTEX_POINT('',#5789);
#1680=VERTEX_POINT('',#5793);
#1681=VERTEX_POINT('',#5797);
#1682=VERTEX_POINT('',#5801);
#1683=VERTEX_POINT('',#5805);
#1684=VERTEX_POINT('',#5811);
#1685=VERTEX_POINT('',#5813);
#1686=VERTEX_POINT('',#5817);
#1687=VERTEX_POINT('',#5821);
#1688=VERTEX_POINT('',#5825);
#1689=VERTEX_POINT('',#5829);
#1690=VERTEX_POINT('',#5831);
#1691=VERTEX_POINT('',#5844);
#1692=VERTEX_POINT('',#5858);
#1693=VERTEX_POINT('',#5859);
#1694=VERTEX_POINT('',#5864);
#1695=VERTEX_POINT('',#5868);
#1696=VERTEX_POINT('',#5872);
#1697=VERTEX_POINT('',#5876);
#1698=VERTEX_POINT('',#5878);
#1699=VERTEX_POINT('',#5882);
#1700=VERTEX_POINT('',#5888);
#1701=VERTEX_POINT('',#5890);
#1702=VERTEX_POINT('',#5894);
#1703=VERTEX_POINT('',#5898);
#1704=VERTEX_POINT('',#5902);
#1705=VERTEX_POINT('',#5906);
#1706=VERTEX_POINT('',#5910);
#1707=VERTEX_POINT('',#5914);
#1708=VERTEX_POINT('',#5935);
#1709=VERTEX_POINT('',#5957);
#1710=VERTEX_POINT('',#5961);
#1711=VERTEX_POINT('',#5962);
#1712=VERTEX_POINT('',#5964);
#1713=VERTEX_POINT('',#5966);
#1714=VERTEX_POINT('',#5970);
#1715=VERTEX_POINT('',#5972);
#1716=VERTEX_POINT('',#5978);
#1717=VERTEX_POINT('',#5981);
#1718=EDGE_CURVE('',#1420,#1420,#1412,.T.);
#1719=EDGE_CURVE('',#1420,#1421,#680,.T.);
#1720=EDGE_CURVE('',#1421,#1421,#1413,.T.);
#1721=EDGE_CURVE('',#1422,#1423,#119,.T.);
#1722=EDGE_CURVE('',#1424,#1422,#681,.T.);
#1723=EDGE_CURVE('',#1425,#1424,#120,.T.);
#1724=EDGE_CURVE('',#1423,#1425,#682,.T.);
#1725=EDGE_CURVE('',#1426,#1426,#1414,.T.);
#1726=EDGE_CURVE('',#1426,#1427,#683,.T.);
#1727=EDGE_CURVE('',#1427,#1427,#1415,.T.);
#1728=EDGE_CURVE('',#1428,#1428,#1416,.T.);
#1729=EDGE_CURVE('',#1428,#1429,#684,.T.);
#1730=EDGE_CURVE('',#1429,#1429,#1417,.T.);
#1731=EDGE_CURVE('',#1430,#1430,#1418,.T.);
#1732=EDGE_CURVE('',#1430,#1431,#685,.T.);
#1733=EDGE_CURVE('',#1431,#1431,#1419,.T.);
#1734=EDGE_CURVE('',#1432,#1433,#686,.T.);
#1735=EDGE_CURVE('',#1434,#1432,#121,.T.);
#1736=EDGE_CURVE('',#1435,#1434,#687,.T.);
#1737=EDGE_CURVE('',#1433,#1435,#122,.T.);
#1738=EDGE_CURVE('',#1436,#1424,#688,.T.);
#1739=EDGE_CURVE('',#1437,#1436,#689,.T.);
#1740=EDGE_CURVE('',#1437,#1438,#690,.T.);
#1741=EDGE_CURVE('',#1439,#1438,#691,.T.);
#1742=EDGE_CURVE('',#1425,#1439,#692,.T.);
#1743=EDGE_CURVE('',#1440,#1422,#693,.T.);
#1744=EDGE_CURVE('',#1436,#1440,#694,.T.);
#1745=EDGE_CURVE('',#1441,#1432,#695,.T.);
#1746=EDGE_CURVE('',#1442,#1441,#696,.T.);
#1747=EDGE_CURVE('',#1442,#1443,#697,.T.);
#1748=EDGE_CURVE('',#1444,#1443,#698,.T.);
#1749=EDGE_CURVE('',#1434,#1444,#699,.T.);
#1750=EDGE_CURVE('',#1445,#1433,#700,.T.);
#1751=EDGE_CURVE('',#1441,#1445,#701,.T.);
#1752=EDGE_CURVE('',#1446,#1444,#123,.F.);
#1753=EDGE_CURVE('',#1447,#1446,#702,.T.);
#1754=EDGE_CURVE('',#1448,#1447,#703,.T.);
#1755=EDGE_CURVE('',#1448,#1449,#704,.T.);
#1756=EDGE_CURVE('',#1450,#1449,#705,.T.);
#1757=EDGE_CURVE('',#1451,#1450,#706,.T.);
#1758=EDGE_CURVE('',#1452,#1451,#707,.T.);
#1759=EDGE_CURVE('',#1453,#1452,#708,.T.);
#1760=EDGE_CURVE('',#1454,#1453,#709,.T.);
#1761=EDGE_CURVE('',#1455,#1454,#710,.T.);
#1762=EDGE_CURVE('',#1456,#1455,#711,.T.);
#1763=EDGE_CURVE('',#1456,#1457,#712,.T.);
#1764=EDGE_CURVE('',#1458,#1457,#713,.T.);
#1765=EDGE_CURVE('',#1459,#1458,#714,.T.);
#1766=EDGE_CURVE('',#1459,#1460,#124,.T.);
#1767=EDGE_CURVE('',#1435,#1460,#715,.T.);
#1768=EDGE_CURVE('',#1461,#1462,#716,.T.);
#1769=EDGE_CURVE('',#1463,#1461,#717,.T.);
#1770=EDGE_CURVE('',#1464,#1463,#718,.T.);
#1771=EDGE_CURVE('',#1465,#1464,#719,.T.);
#1772=EDGE_CURVE('',#1466,#1465,#720,.T.);
#1773=EDGE_CURVE('',#1467,#1466,#721,.T.);
#1774=EDGE_CURVE('',#1468,#1467,#722,.T.);
#1775=EDGE_CURVE('',#1462,#1468,#723,.T.);
#1776=EDGE_CURVE('',#1469,#1470,#724,.T.);
#1777=EDGE_CURVE('',#1471,#1469,#725,.T.);
#1778=EDGE_CURVE('',#1472,#1471,#726,.T.);
#1779=EDGE_CURVE('',#1473,#1472,#727,.T.);
#1780=EDGE_CURVE('',#1474,#1473,#728,.T.);
#1781=EDGE_CURVE('',#1475,#1474,#729,.T.);
#1782=EDGE_CURVE('',#1476,#1475,#730,.T.);
#1783=EDGE_CURVE('',#1470,#1476,#731,.T.);
#1784=EDGE_CURVE('',#1477,#1478,#732,.T.);
#1785=EDGE_CURVE('',#1478,#1479,#125,.T.);
#1786=EDGE_CURVE('',#1479,#1480,#733,.T.);
#1787=EDGE_CURVE('',#1477,#1480,#126,.T.);
#1788=EDGE_CURVE('',#1478,#1481,#734,.T.);
#1789=EDGE_CURVE('',#1481,#1482,#127,.T.);
#1790=EDGE_CURVE('',#1482,#1479,#735,.T.);
#1791=EDGE_CURVE('',#1481,#1483,#736,.T.);
#1792=EDGE_CURVE('',#1483,#1484,#128,.T.);
#1793=EDGE_CURVE('',#1484,#1482,#737,.T.);
#1794=EDGE_CURVE('',#1485,#1486,#738,.T.);
#1795=EDGE_CURVE('',#1486,#1487,#129,.T.);
#1796=EDGE_CURVE('',#1487,#1488,#739,.T.);
#1797=EDGE_CURVE('',#1488,#1485,#130,.T.);
#1798=EDGE_CURVE('',#1483,#1489,#740,.T.);
#1799=EDGE_CURVE('',#1489,#1490,#131,.T.);
#1800=EDGE_CURVE('',#1490,#1484,#741,.T.);
#1801=EDGE_CURVE('',#1489,#1491,#742,.T.);
#1802=EDGE_CURVE('',#1491,#1492,#132,.T.);
#1803=EDGE_CURVE('',#1492,#1490,#743,.T.);
#1804=EDGE_CURVE('',#1486,#1492,#744,.T.);
#1805=EDGE_CURVE('',#1491,#1487,#745,.T.);
#1806=EDGE_CURVE('',#1480,#1485,#746,.T.);
#1807=EDGE_CURVE('',#1488,#1477,#747,.T.);
#1808=EDGE_CURVE('',#1490,#1493,#748,.T.);
#1809=EDGE_CURVE('',#1494,#1493,#749,.T.);
#1810=EDGE_CURVE('',#1484,#1494,#750,.T.);
#1811=EDGE_CURVE('',#1492,#1495,#751,.T.);
#1812=EDGE_CURVE('',#1493,#1495,#752,.T.);
#1813=EDGE_CURVE('',#1486,#1496,#753,.T.);
#1814=EDGE_CURVE('',#1495,#1496,#754,.T.);
#1815=EDGE_CURVE('',#1485,#1497,#755,.T.);
#1816=EDGE_CURVE('',#1496,#1497,#756,.T.);
#1817=EDGE_CURVE('',#1498,#1499,#757,.T.);
#1818=EDGE_CURVE('',#1500,#1498,#758,.T.);
#1819=EDGE_CURVE('',#1501,#1500,#759,.T.);
#1820=EDGE_CURVE('',#1499,#1501,#760,.T.);
#1821=EDGE_CURVE('',#1502,#1503,#761,.T.);
#1822=EDGE_CURVE('',#1504,#1502,#762,.T.);
#1823=EDGE_CURVE('',#1505,#1504,#763,.T.);
#1824=EDGE_CURVE('',#1506,#1505,#764,.T.);
#1825=EDGE_CURVE('',#1507,#1506,#765,.T.);
#1826=EDGE_CURVE('',#1508,#1507,#766,.T.);
#1827=EDGE_CURVE('',#1509,#1508,#767,.T.);
#1828=EDGE_CURVE('',#1503,#1509,#768,.T.);
#1829=EDGE_CURVE('',#1510,#1511,#769,.T.);
#1830=EDGE_CURVE('',#1512,#1510,#770,.T.);
#1831=EDGE_CURVE('',#1513,#1512,#771,.T.);
#1832=EDGE_CURVE('',#1514,#1513,#772,.T.);
#1833=EDGE_CURVE('',#1515,#1514,#773,.T.);
#1834=EDGE_CURVE('',#1516,#1515,#774,.T.);
#1835=EDGE_CURVE('',#1517,#1516,#775,.T.);
#1836=EDGE_CURVE('',#1511,#1517,#776,.T.);
#1837=EDGE_CURVE('',#1518,#1449,#133,.T.);
#1838=EDGE_CURVE('',#1518,#1519,#777,.T.);
#1839=EDGE_CURVE('',#1519,#1450,#134,.T.);
#1840=EDGE_CURVE('',#1454,#1496,#135,.T.);
#1841=EDGE_CURVE('',#1497,#1455,#136,.T.);
#1842=EDGE_CURVE('',#1519,#1494,#778,.T.);
#1843=EDGE_CURVE('',#1494,#1451,#137,.T.);
#1844=EDGE_CURVE('',#1493,#1452,#138,.T.);
#1845=EDGE_CURVE('',#1495,#1453,#139,.T.);
#1846=EDGE_CURVE('',#1497,#1520,#779,.T.);
#1847=EDGE_CURVE('',#1456,#1520,#140,.T.);
#1848=EDGE_CURVE('',#1508,#1521,#141,.T.);
#1849=EDGE_CURVE('',#1521,#1522,#780,.T.);
#1850=EDGE_CURVE('',#1509,#1522,#142,.T.);
#1851=EDGE_CURVE('',#1507,#1523,#143,.T.);
#1852=EDGE_CURVE('',#1523,#1521,#781,.T.);
#1853=EDGE_CURVE('',#1506,#1524,#144,.T.);
#1854=EDGE_CURVE('',#1524,#1523,#782,.T.);
#1855=EDGE_CURVE('',#1525,#1526,#783,.T.);
#1856=EDGE_CURVE('',#1526,#1502,#145,.T.);
#1857=EDGE_CURVE('',#1503,#1525,#146,.T.);
#1858=EDGE_CURVE('',#1505,#1527,#147,.T.);
#1859=EDGE_CURVE('',#1527,#1524,#784,.T.);
#1860=EDGE_CURVE('',#1504,#1528,#148,.T.);
#1861=EDGE_CURVE('',#1528,#1527,#785,.T.);
#1862=EDGE_CURVE('',#1526,#1528,#786,.T.);
#1863=EDGE_CURVE('',#1522,#1525,#787,.T.);
#1864=EDGE_CURVE('',#1527,#1529,#788,.T.);
#1865=EDGE_CURVE('',#1530,#1529,#789,.T.);
#1866=EDGE_CURVE('',#1524,#1530,#790,.T.);
#1867=EDGE_CURVE('',#1528,#1531,#791,.T.);
#1868=EDGE_CURVE('',#1529,#1531,#792,.T.);
#1869=EDGE_CURVE('',#1526,#1532,#793,.T.);
#1870=EDGE_CURVE('',#1531,#1532,#794,.T.);
#1871=EDGE_CURVE('',#1525,#1533,#795,.T.);
#1872=EDGE_CURVE('',#1532,#1533,#796,.T.);
#1873=EDGE_CURVE('',#1470,#1532,#149,.T.);
#1874=EDGE_CURVE('',#1533,#1469,#150,.T.);
#1875=EDGE_CURVE('',#1533,#1534,#797,.T.);
#1876=EDGE_CURVE('',#1534,#1471,#151,.T.);
#1877=EDGE_CURVE('',#1534,#1535,#798,.T.);
#1878=EDGE_CURVE('',#1535,#1472,#152,.T.);
#1879=EDGE_CURVE('',#1535,#1536,#799,.T.);
#1880=EDGE_CURVE('',#1536,#1473,#153,.T.);
#1881=EDGE_CURVE('',#1536,#1530,#800,.T.);
#1882=EDGE_CURVE('',#1530,#1474,#154,.T.);
#1883=EDGE_CURVE('',#1529,#1475,#155,.T.);
#1884=EDGE_CURVE('',#1531,#1476,#156,.T.);
#1885=EDGE_CURVE('',#1523,#1536,#801,.T.);
#1886=EDGE_CURVE('',#1521,#1535,#802,.T.);
#1887=EDGE_CURVE('',#1522,#1534,#803,.T.);
#1888=EDGE_CURVE('',#1511,#1537,#157,.T.);
#1889=EDGE_CURVE('',#1537,#1538,#804,.T.);
#1890=EDGE_CURVE('',#1538,#1510,#158,.T.);
#1891=EDGE_CURVE('',#1517,#1539,#159,.T.);
#1892=EDGE_CURVE('',#1539,#1537,#805,.T.);
#1893=EDGE_CURVE('',#1516,#1540,#160,.T.);
#1894=EDGE_CURVE('',#1540,#1539,#806,.T.);
#1895=EDGE_CURVE('',#1515,#1541,#161,.T.);
#1896=EDGE_CURVE('',#1541,#1540,#807,.T.);
#1897=EDGE_CURVE('',#1514,#1542,#162,.T.);
#1898=EDGE_CURVE('',#1542,#1541,#808,.T.);
#1899=EDGE_CURVE('',#1543,#1542,#809,.T.);
#1900=EDGE_CURVE('',#1513,#1543,#163,.T.);
#1901=EDGE_CURVE('',#1544,#1543,#810,.T.);
#1902=EDGE_CURVE('',#1512,#1544,#164,.T.);
#1903=EDGE_CURVE('',#1538,#1544,#811,.T.);
#1904=EDGE_CURVE('',#1543,#1545,#812,.T.);
#1905=EDGE_CURVE('',#1546,#1545,#813,.T.);
#1906=EDGE_CURVE('',#1542,#1546,#814,.T.);
#1907=EDGE_CURVE('',#1544,#1547,#815,.T.);
#1908=EDGE_CURVE('',#1461,#1547,#165,.F.);
#1909=EDGE_CURVE('',#1545,#1462,#166,.F.);
#1910=EDGE_CURVE('',#1538,#1548,#816,.T.);
#1911=EDGE_CURVE('',#1547,#1548,#817,.T.);
#1912=EDGE_CURVE('',#1537,#1549,#818,.T.);
#1913=EDGE_CURVE('',#1548,#1549,#819,.T.);
#1914=EDGE_CURVE('',#1550,#1551,#820,.T.);
#1915=EDGE_CURVE('',#1551,#1552,#167,.T.);
#1916=EDGE_CURVE('',#1552,#1442,#821,.T.);
#1917=EDGE_CURVE('',#1550,#1442,#168,.T.);
#1918=EDGE_CURVE('',#1551,#1553,#822,.T.);
#1919=EDGE_CURVE('',#1553,#1554,#169,.T.);
#1920=EDGE_CURVE('',#1554,#1552,#823,.T.);
#1921=EDGE_CURVE('',#1553,#1555,#824,.T.);
#1922=EDGE_CURVE('',#1555,#1556,#170,.T.);
#1923=EDGE_CURVE('',#1556,#1554,#825,.T.);
#1924=EDGE_CURVE('',#1557,#1558,#826,.T.);
#1925=EDGE_CURVE('',#1558,#1559,#171,.T.);
#1926=EDGE_CURVE('',#1559,#1560,#827,.T.);
#1927=EDGE_CURVE('',#1560,#1557,#172,.T.);
#1928=EDGE_CURVE('',#1445,#1559,#828,.T.);
#1929=EDGE_CURVE('',#1558,#1561,#829,.T.);
#1930=EDGE_CURVE('',#1561,#1445,#173,.T.);
#1931=EDGE_CURVE('',#1555,#1557,#830,.T.);
#1932=EDGE_CURVE('',#1560,#1556,#831,.T.);
#1933=EDGE_CURVE('',#1561,#1562,#832,.T.);
#1934=EDGE_CURVE('',#1562,#1441,#174,.T.);
#1935=EDGE_CURVE('',#1562,#1550,#833,.T.);
#1936=EDGE_CURVE('',#1554,#1563,#834,.T.);
#1937=EDGE_CURVE('',#1564,#1563,#835,.T.);
#1938=EDGE_CURVE('',#1552,#1564,#836,.T.);
#1939=EDGE_CURVE('',#1556,#1565,#837,.T.);
#1940=EDGE_CURVE('',#1563,#1565,#838,.T.);
#1941=EDGE_CURVE('',#1560,#1566,#839,.T.);
#1942=EDGE_CURVE('',#1565,#1566,#840,.T.);
#1943=EDGE_CURVE('',#1559,#1567,#841,.T.);
#1944=EDGE_CURVE('',#1566,#1567,#842,.T.);
#1945=EDGE_CURVE('',#1568,#1500,#843,.T.);
#1946=EDGE_CURVE('',#1568,#1569,#844,.T.);
#1947=EDGE_CURVE('',#1501,#1569,#845,.T.);
#1948=EDGE_CURVE('',#1570,#1571,#846,.T.);
#1949=EDGE_CURVE('',#1572,#1570,#847,.T.);
#1950=EDGE_CURVE('',#1573,#1572,#848,.T.);
#1951=EDGE_CURVE('',#1574,#1573,#849,.T.);
#1952=EDGE_CURVE('',#1575,#1574,#850,.T.);
#1953=EDGE_CURVE('',#1576,#1575,#851,.T.);
#1954=EDGE_CURVE('',#1577,#1576,#852,.T.);
#1955=EDGE_CURVE('',#1571,#1577,#853,.T.);
#1956=EDGE_CURVE('',#1549,#1464,#175,.T.);
#1957=EDGE_CURVE('',#1463,#1548,#176,.T.);
#1958=EDGE_CURVE('',#1549,#1578,#854,.T.);
#1959=EDGE_CURVE('',#1578,#1465,#177,.T.);
#1960=EDGE_CURVE('',#1578,#1579,#855,.T.);
#1961=EDGE_CURVE('',#1579,#1466,#178,.T.);
#1962=EDGE_CURVE('',#1579,#1580,#856,.T.);
#1963=EDGE_CURVE('',#1580,#1467,#179,.T.);
#1964=EDGE_CURVE('',#1580,#1546,#857,.T.);
#1965=EDGE_CURVE('',#1546,#1468,#180,.T.);
#1966=EDGE_CURVE('',#1541,#1580,#858,.T.);
#1967=EDGE_CURVE('',#1540,#1579,#859,.T.);
#1968=EDGE_CURVE('',#1539,#1578,#860,.T.);
#1969=EDGE_CURVE('',#1581,#1446,#861,.T.);
#1970=EDGE_CURVE('',#1443,#1581,#181,.T.);
#1971=EDGE_CURVE('',#1443,#1564,#862,.T.);
#1972=EDGE_CURVE('',#1564,#1582,#182,.T.);
#1973=EDGE_CURVE('',#1582,#1581,#863,.T.);
#1974=EDGE_CURVE('',#1563,#1583,#183,.T.);
#1975=EDGE_CURVE('',#1583,#1582,#864,.T.);
#1976=EDGE_CURVE('',#1565,#1584,#184,.T.);
#1977=EDGE_CURVE('',#1584,#1583,#865,.T.);
#1978=EDGE_CURVE('',#1567,#1585,#185,.T.);
#1979=EDGE_CURVE('',#1585,#1586,#866,.T.);
#1980=EDGE_CURVE('',#1586,#1566,#186,.T.);
#1981=EDGE_CURVE('',#1567,#1460,#867,.T.);
#1982=EDGE_CURVE('',#1459,#1585,#868,.T.);
#1983=EDGE_CURVE('',#1586,#1584,#869,.T.);
#1984=EDGE_CURVE('',#1587,#1458,#870,.T.);
#1985=EDGE_CURVE('',#1587,#1588,#871,.T.);
#1986=EDGE_CURVE('',#1589,#1588,#872,.T.);
#1987=EDGE_CURVE('',#1590,#1589,#873,.T.);
#1988=EDGE_CURVE('',#1591,#1590,#874,.T.);
#1989=EDGE_CURVE('',#1592,#1591,#875,.T.);
#1990=EDGE_CURVE('',#1593,#1592,#876,.T.);
#1991=EDGE_CURVE('',#1594,#1593,#877,.T.);
#1992=EDGE_CURVE('',#1595,#1594,#878,.T.);
#1993=EDGE_CURVE('',#1595,#1596,#879,.T.);
#1994=EDGE_CURVE('',#1447,#1596,#880,.T.);
#1995=EDGE_CURVE('',#1576,#1597,#187,.T.);
#1996=EDGE_CURVE('',#1597,#1598,#881,.T.);
#1997=EDGE_CURVE('',#1577,#1598,#188,.T.);
#1998=EDGE_CURVE('',#1575,#1599,#189,.T.);
#1999=EDGE_CURVE('',#1599,#1597,#882,.T.);
#2000=EDGE_CURVE('',#1574,#1600,#190,.T.);
#2001=EDGE_CURVE('',#1600,#1599,#883,.T.);
#2002=EDGE_CURVE('',#1436,#1570,#191,.T.);
#2003=EDGE_CURVE('',#1571,#1437,#192,.T.);
#2004=EDGE_CURVE('',#1573,#1601,#193,.T.);
#2005=EDGE_CURVE('',#1601,#1600,#884,.T.);
#2006=EDGE_CURVE('',#1572,#1440,#194,.T.);
#2007=EDGE_CURVE('',#1440,#1601,#885,.T.);
#2008=EDGE_CURVE('',#1598,#1437,#886,.T.);
#2009=EDGE_CURVE('',#1601,#1602,#887,.T.);
#2010=EDGE_CURVE('',#1603,#1602,#888,.T.);
#2011=EDGE_CURVE('',#1600,#1603,#889,.T.);
#2012=EDGE_CURVE('',#1423,#1604,#890,.T.);
#2013=EDGE_CURVE('',#1602,#1604,#891,.T.);
#2014=EDGE_CURVE('',#1588,#1439,#195,.F.);
#2015=EDGE_CURVE('',#1605,#1587,#892,.T.);
#2016=EDGE_CURVE('',#1606,#1605,#893,.T.);
#2017=EDGE_CURVE('',#1607,#1606,#894,.T.);
#2018=EDGE_CURVE('',#1608,#1607,#895,.T.);
#2019=EDGE_CURVE('',#1609,#1608,#896,.T.);
#2020=EDGE_CURVE('',#1610,#1609,#897,.T.);
#2021=EDGE_CURVE('',#1611,#1610,#898,.T.);
#2022=EDGE_CURVE('',#1612,#1611,#899,.T.);
#2023=EDGE_CURVE('',#1613,#1612,#900,.T.);
#2024=EDGE_CURVE('',#1614,#1613,#901,.T.);
#2025=EDGE_CURVE('',#1596,#1614,#902,.T.);
#2026=EDGE_CURVE('',#1595,#1604,#196,.T.);
#2027=EDGE_CURVE('',#1615,#1616,#903,.T.);
#2028=EDGE_CURVE('',#1617,#1615,#904,.T.);
#2029=EDGE_CURVE('',#1618,#1617,#905,.T.);
#2030=EDGE_CURVE('',#1619,#1618,#906,.T.);
#2031=EDGE_CURVE('',#1620,#1619,#907,.T.);
#2032=EDGE_CURVE('',#1621,#1620,#908,.T.);
#2033=EDGE_CURVE('',#1622,#1621,#909,.T.);
#2034=EDGE_CURVE('',#1616,#1622,#910,.T.);
#2035=EDGE_CURVE('',#1623,#1624,#911,.T.);
#2036=EDGE_CURVE('',#1625,#1624,#912,.T.);
#2037=EDGE_CURVE('',#1626,#1625,#913,.T.);
#2038=EDGE_CURVE('',#1627,#1626,#914,.T.);
#2039=EDGE_CURVE('',#1628,#1627,#915,.T.);
#2040=EDGE_CURVE('',#1629,#1628,#916,.T.);
#2041=EDGE_CURVE('',#1630,#1629,#917,.T.);
#2042=EDGE_CURVE('',#1623,#1630,#918,.T.);
#2043=EDGE_CURVE('',#1631,#1632,#919,.T.);
#2044=EDGE_CURVE('',#1632,#1633,#197,.T.);
#2045=EDGE_CURVE('',#1633,#1634,#920,.T.);
#2046=EDGE_CURVE('',#1634,#1631,#198,.T.);
#2047=EDGE_CURVE('',#1632,#1635,#921,.T.);
#2048=EDGE_CURVE('',#1635,#1636,#199,.T.);
#2049=EDGE_CURVE('',#1636,#1633,#922,.T.);
#2050=EDGE_CURVE('',#1637,#1636,#923,.T.);
#2051=EDGE_CURVE('',#1635,#1638,#924,.T.);
#2052=EDGE_CURVE('',#1638,#1637,#200,.T.);
#2053=EDGE_CURVE('',#1639,#1637,#925,.T.);
#2054=EDGE_CURVE('',#1638,#1640,#926,.T.);
#2055=EDGE_CURVE('',#1640,#1639,#201,.T.);
#2056=EDGE_CURVE('',#1641,#1639,#927,.T.);
#2057=EDGE_CURVE('',#1640,#1642,#928,.T.);
#2058=EDGE_CURVE('',#1642,#1641,#202,.T.);
#2059=EDGE_CURVE('',#1643,#1631,#929,.T.);
#2060=EDGE_CURVE('',#1634,#1644,#930,.T.);
#2061=EDGE_CURVE('',#1643,#1644,#203,.T.);
#2062=EDGE_CURVE('',#1645,#1641,#931,.T.);
#2063=EDGE_CURVE('',#1642,#1646,#932,.T.);
#2064=EDGE_CURVE('',#1646,#1645,#204,.T.);
#2065=EDGE_CURVE('',#1644,#1645,#933,.T.);
#2066=EDGE_CURVE('',#1646,#1643,#934,.T.);
#2067=EDGE_CURVE('',#1647,#1638,#935,.T.);
#2068=EDGE_CURVE('',#1648,#1647,#936,.T.);
#2069=EDGE_CURVE('',#1648,#1640,#937,.T.);
#2070=EDGE_CURVE('',#1649,#1635,#938,.T.);
#2071=EDGE_CURVE('',#1647,#1649,#939,.T.);
#2072=EDGE_CURVE('',#1650,#1632,#940,.T.);
#2073=EDGE_CURVE('',#1649,#1650,#941,.T.);
#2074=EDGE_CURVE('',#1651,#1631,#942,.T.);
#2075=EDGE_CURVE('',#1650,#1651,#943,.T.);
#2076=EDGE_CURVE('',#1652,#1568,#944,.T.);
#2077=EDGE_CURVE('',#1652,#1653,#945,.T.);
#2078=EDGE_CURVE('',#1569,#1653,#946,.T.);
#2079=EDGE_CURVE('',#1654,#1655,#947,.T.);
#2080=EDGE_CURVE('',#1656,#1654,#948,.T.);
#2081=EDGE_CURVE('',#1657,#1656,#949,.T.);
#2082=EDGE_CURVE('',#1658,#1657,#950,.T.);
#2083=EDGE_CURVE('',#1659,#1658,#951,.T.);
#2084=EDGE_CURVE('',#1660,#1659,#952,.T.);
#2085=EDGE_CURVE('',#1661,#1660,#953,.T.);
#2086=EDGE_CURVE('',#1655,#1661,#954,.T.);
#2087=EDGE_CURVE('',#1662,#1663,#955,.T.);
#2088=EDGE_CURVE('',#1664,#1662,#956,.T.);
#2089=EDGE_CURVE('',#1665,#1664,#957,.T.);
#2090=EDGE_CURVE('',#1666,#1665,#958,.T.);
#2091=EDGE_CURVE('',#1667,#1666,#959,.T.);
#2092=EDGE_CURVE('',#1668,#1667,#960,.T.);
#2093=EDGE_CURVE('',#1669,#1668,#961,.T.);
#2094=EDGE_CURVE('',#1663,#1669,#962,.T.);
#2095=EDGE_CURVE('',#1438,#1589,#205,.T.);
#2096=EDGE_CURVE('',#1438,#1670,#963,.T.);
#2097=EDGE_CURVE('',#1670,#1590,#206,.T.);
#2098=EDGE_CURVE('',#1670,#1671,#964,.T.);
#2099=EDGE_CURVE('',#1671,#1591,#207,.T.);
#2100=EDGE_CURVE('',#1671,#1672,#965,.T.);
#2101=EDGE_CURVE('',#1672,#1592,#208,.T.);
#2102=EDGE_CURVE('',#1672,#1603,#966,.T.);
#2103=EDGE_CURVE('',#1603,#1593,#209,.T.);
#2104=EDGE_CURVE('',#1602,#1594,#210,.T.);
#2105=EDGE_CURVE('',#1651,#1630,#211,.T.);
#2106=EDGE_CURVE('',#1629,#1650,#212,.T.);
#2107=EDGE_CURVE('',#1651,#1673,#967,.T.);
#2108=EDGE_CURVE('',#1623,#1673,#213,.T.);
#2109=EDGE_CURVE('',#1628,#1649,#214,.T.);
#2110=EDGE_CURVE('',#1627,#1647,#215,.T.);
#2111=EDGE_CURVE('',#1626,#1648,#216,.T.);
#2112=EDGE_CURVE('',#1674,#1648,#968,.T.);
#2113=EDGE_CURVE('',#1625,#1674,#217,.T.);
#2114=EDGE_CURVE('',#1624,#1675,#218,.F.);
#2115=EDGE_CURVE('',#1675,#1674,#969,.T.);
#2116=EDGE_CURVE('',#1673,#1643,#970,.T.);
#2117=EDGE_CURVE('',#1674,#1642,#971,.T.);
#2118=EDGE_CURVE('',#1675,#1646,#972,.T.);
#2119=EDGE_CURVE('',#1676,#1677,#973,.T.);
#2120=EDGE_CURVE('',#1677,#1654,#219,.T.);
#2121=EDGE_CURVE('',#1655,#1676,#220,.T.);
#2122=EDGE_CURVE('',#1677,#1678,#974,.T.);
#2123=EDGE_CURVE('',#1678,#1656,#221,.T.);
#2124=EDGE_CURVE('',#1678,#1679,#975,.T.);
#2125=EDGE_CURVE('',#1679,#1657,#222,.T.);
#2126=EDGE_CURVE('',#1679,#1680,#976,.T.);
#2127=EDGE_CURVE('',#1680,#1658,#223,.T.);
#2128=EDGE_CURVE('',#1680,#1681,#977,.T.);
#2129=EDGE_CURVE('',#1681,#1659,#224,.T.);
#2130=EDGE_CURVE('',#1682,#1676,#978,.T.);
#2131=EDGE_CURVE('',#1682,#1661,#225,.T.);
#2132=EDGE_CURVE('',#1681,#1683,#979,.T.);
#2133=EDGE_CURVE('',#1683,#1660,#226,.T.);
#2134=EDGE_CURVE('',#1683,#1682,#980,.T.);
#2135=EDGE_CURVE('',#1684,#1679,#981,.T.);
#2136=EDGE_CURVE('',#1685,#1684,#982,.T.);
#2137=EDGE_CURVE('',#1685,#1680,#983,.T.);
#2138=EDGE_CURVE('',#1686,#1678,#984,.T.);
#2139=EDGE_CURVE('',#1684,#1686,#985,.T.);
#2140=EDGE_CURVE('',#1687,#1677,#986,.T.);
#2141=EDGE_CURVE('',#1686,#1687,#987,.T.);
#2142=EDGE_CURVE('',#1688,#1676,#988,.T.);
#2143=EDGE_CURVE('',#1687,#1688,#989,.T.);
#2144=EDGE_CURVE('',#1617,#1689,#227,.T.);
#2145=EDGE_CURVE('',#1689,#1690,#990,.T.);
#2146=EDGE_CURVE('',#1618,#1690,#228,.T.);
#2147=EDGE_CURVE('',#1616,#1687,#229,.T.);
#2148=EDGE_CURVE('',#1688,#1615,#230,.T.);
#2149=EDGE_CURVE('',#1622,#1686,#231,.T.);
#2150=EDGE_CURVE('',#1621,#1684,#232,.T.);
#2151=EDGE_CURVE('',#1620,#1685,#233,.T.);
#2152=EDGE_CURVE('',#1691,#1685,#991,.T.);
#2153=EDGE_CURVE('',#1619,#1691,#234,.T.);
#2154=EDGE_CURVE('',#1690,#1691,#992,.T.);
#2155=EDGE_CURVE('',#1688,#1689,#993,.T.);
#2156=EDGE_CURVE('',#1691,#1681,#994,.T.);
#2157=EDGE_CURVE('',#1690,#1683,#995,.T.);
#2158=EDGE_CURVE('',#1689,#1682,#996,.T.);
#2159=EDGE_CURVE('',#1692,#1693,#997,.T.);
#2160=EDGE_CURVE('',#1613,#1693,#235,.T.);
#2161=EDGE_CURVE('',#1612,#1692,#236,.T.);
#2162=EDGE_CURVE('',#1611,#1694,#237,.T.);
#2163=EDGE_CURVE('',#1694,#1692,#998,.T.);
#2164=EDGE_CURVE('',#1610,#1695,#238,.T.);
#2165=EDGE_CURVE('',#1695,#1694,#999,.T.);
#2166=EDGE_CURVE('',#1609,#1696,#239,.T.);
#2167=EDGE_CURVE('',#1696,#1695,#1000,.T.);
#2168=EDGE_CURVE('',#1607,#1697,#240,.T.);
#2169=EDGE_CURVE('',#1697,#1698,#1001,.T.);
#2170=EDGE_CURVE('',#1698,#1608,#241,.T.);
#2171=EDGE_CURVE('',#1699,#1606,#242,.T.);
#2172=EDGE_CURVE('',#1699,#1697,#1002,.T.);
#2173=EDGE_CURVE('',#1698,#1696,#1003,.T.);
#2174=EDGE_CURVE('',#1692,#1700,#1004,.T.);
#2175=EDGE_CURVE('',#1701,#1700,#1005,.T.);
#2176=EDGE_CURVE('',#1693,#1701,#1006,.T.);
#2177=EDGE_CURVE('',#1694,#1702,#1007,.T.);
#2178=EDGE_CURVE('',#1700,#1702,#1008,.T.);
#2179=EDGE_CURVE('',#1695,#1703,#1009,.T.);
#2180=EDGE_CURVE('',#1702,#1703,#1010,.T.);
#2181=EDGE_CURVE('',#1696,#1704,#1011,.T.);
#2182=EDGE_CURVE('',#1703,#1704,#1012,.T.);
#2183=EDGE_CURVE('',#1698,#1705,#1013,.T.);
#2184=EDGE_CURVE('',#1704,#1705,#1014,.T.);
#2185=EDGE_CURVE('',#1697,#1706,#1015,.T.);
#2186=EDGE_CURVE('',#1705,#1706,#1016,.T.);
#2187=EDGE_CURVE('',#1699,#1707,#1017,.T.);
#2188=EDGE_CURVE('',#1706,#1707,#1018,.T.);
#2189=EDGE_CURVE('',#1700,#1666,#243,.T.);
#2190=EDGE_CURVE('',#1701,#1665,#244,.T.);
#2191=EDGE_CURVE('',#1663,#1705,#245,.T.);
#2192=EDGE_CURVE('',#1706,#1662,#246,.T.);
#2193=EDGE_CURVE('',#1702,#1667,#247,.T.);
#2194=EDGE_CURVE('',#1703,#1668,#248,.T.);
#2195=EDGE_CURVE('',#1704,#1669,#249,.T.);
#2196=EDGE_CURVE('',#1707,#1664,#250,.T.);
#2197=EDGE_CURVE('',#1707,#1701,#1019,.T.);
#2198=EDGE_CURVE('',#1708,#1699,#1020,.T.);
#2199=EDGE_CURVE('',#1613,#1708,#1021,.T.);
#2200=EDGE_CURVE('',#1598,#1670,#1022,.T.);
#2201=EDGE_CURVE('',#1597,#1671,#1023,.T.);
#2202=EDGE_CURVE('',#1599,#1672,#1024,.T.);
#2203=EDGE_CURVE('',#1482,#1519,#1025,.T.);
#2204=EDGE_CURVE('',#1479,#1518,#1026,.T.);
#2205=EDGE_CURVE('',#1480,#1520,#1027,.T.);
#2206=EDGE_CURVE('',#1518,#1709,#1028,.T.);
#2207=EDGE_CURVE('',#1709,#1456,#1029,.T.);
#2208=EDGE_CURVE('',#1710,#1711,#1030,.T.);
#2209=EDGE_CURVE('',#1712,#1710,#1031,.T.);
#2210=EDGE_CURVE('',#1713,#1712,#1032,.T.);
#2211=EDGE_CURVE('',#1711,#1713,#1033,.T.);
#2212=EDGE_CURVE('',#1714,#1710,#1034,.T.);
#2213=EDGE_CURVE('',#1711,#1715,#1035,.T.);
#2214=EDGE_CURVE('',#1653,#1715,#1036,.T.);
#2215=EDGE_CURVE('',#1498,#1652,#1037,.T.);
#2216=EDGE_CURVE('',#1714,#1499,#1038,.T.);
#2217=EDGE_CURVE('',#1715,#1716,#1039,.T.);
#2218=EDGE_CURVE('',#1716,#1605,#1040,.T.);
#2219=EDGE_CURVE('',#1457,#1717,#1041,.T.);
#2220=EDGE_CURVE('',#1717,#1714,#1042,.T.);
#2221=EDGE_CURVE('',#1716,#1713,#1043,.T.);
#2222=EDGE_CURVE('',#1712,#1717,#1044,.T.);
#2223=EDGE_CURVE('',#1614,#1448,#1045,.T.);
#2224=ORIENTED_EDGE('',*,*,#1718,.F.);
#2225=ORIENTED_EDGE('',*,*,#1719,.T.);
#2226=ORIENTED_EDGE('',*,*,#1720,.F.);
#2227=ORIENTED_EDGE('',*,*,#1719,.F.);
#2228=ORIENTED_EDGE('',*,*,#1721,.F.);
#2229=ORIENTED_EDGE('',*,*,#1722,.F.);
#2230=ORIENTED_EDGE('',*,*,#1723,.F.);
#2231=ORIENTED_EDGE('',*,*,#1724,.F.);
#2232=ORIENTED_EDGE('',*,*,#1725,.F.);
#2233=ORIENTED_EDGE('',*,*,#1726,.T.);
#2234=ORIENTED_EDGE('',*,*,#1727,.F.);
#2235=ORIENTED_EDGE('',*,*,#1726,.F.);
#2236=ORIENTED_EDGE('',*,*,#1728,.F.);
#2237=ORIENTED_EDGE('',*,*,#1729,.T.);
#2238=ORIENTED_EDGE('',*,*,#1730,.F.);
#2239=ORIENTED_EDGE('',*,*,#1729,.F.);
#2240=ORIENTED_EDGE('',*,*,#1731,.F.);
#2241=ORIENTED_EDGE('',*,*,#1732,.T.);
#2242=ORIENTED_EDGE('',*,*,#1733,.F.);
#2243=ORIENTED_EDGE('',*,*,#1732,.F.);
#2244=ORIENTED_EDGE('',*,*,#1734,.F.);
#2245=ORIENTED_EDGE('',*,*,#1735,.F.);
#2246=ORIENTED_EDGE('',*,*,#1736,.F.);
#2247=ORIENTED_EDGE('',*,*,#1737,.F.);
#2248=ORIENTED_EDGE('',*,*,#1723,.T.);
#2249=ORIENTED_EDGE('',*,*,#1738,.F.);
#2250=ORIENTED_EDGE('',*,*,#1739,.F.);
#2251=ORIENTED_EDGE('',*,*,#1740,.T.);
#2252=ORIENTED_EDGE('',*,*,#1741,.F.);
#2253=ORIENTED_EDGE('',*,*,#1742,.F.);
#2254=ORIENTED_EDGE('',*,*,#1722,.T.);
#2255=ORIENTED_EDGE('',*,*,#1743,.F.);
#2256=ORIENTED_EDGE('',*,*,#1744,.F.);
#2257=ORIENTED_EDGE('',*,*,#1738,.T.);
#2258=ORIENTED_EDGE('',*,*,#1735,.T.);
#2259=ORIENTED_EDGE('',*,*,#1745,.F.);
#2260=ORIENTED_EDGE('',*,*,#1746,.F.);
#2261=ORIENTED_EDGE('',*,*,#1747,.T.);
#2262=ORIENTED_EDGE('',*,*,#1748,.F.);
#2263=ORIENTED_EDGE('',*,*,#1749,.F.);
#2264=ORIENTED_EDGE('',*,*,#1734,.T.);
#2265=ORIENTED_EDGE('',*,*,#1750,.F.);
#2266=ORIENTED_EDGE('',*,*,#1751,.F.);
#2267=ORIENTED_EDGE('',*,*,#1745,.T.);
#2268=ORIENTED_EDGE('',*,*,#1736,.T.);
#2269=ORIENTED_EDGE('',*,*,#1749,.T.);
#2270=ORIENTED_EDGE('',*,*,#1752,.F.);
#2271=ORIENTED_EDGE('',*,*,#1753,.F.);
#2272=ORIENTED_EDGE('',*,*,#1754,.F.);
#2273=ORIENTED_EDGE('',*,*,#1755,.T.);
#2274=ORIENTED_EDGE('',*,*,#1756,.F.);
#2275=ORIENTED_EDGE('',*,*,#1757,.F.);
#2276=ORIENTED_EDGE('',*,*,#1758,.F.);
#2277=ORIENTED_EDGE('',*,*,#1759,.F.);
#2278=ORIENTED_EDGE('',*,*,#1760,.F.);
#2279=ORIENTED_EDGE('',*,*,#1761,.F.);
#2280=ORIENTED_EDGE('',*,*,#1762,.F.);
#2281=ORIENTED_EDGE('',*,*,#1763,.T.);
#2282=ORIENTED_EDGE('',*,*,#1764,.F.);
#2283=ORIENTED_EDGE('',*,*,#1765,.F.);
#2284=ORIENTED_EDGE('',*,*,#1766,.T.);
#2285=ORIENTED_EDGE('',*,*,#1767,.F.);
#2286=ORIENTED_EDGE('',*,*,#1768,.F.);
#2287=ORIENTED_EDGE('',*,*,#1769,.F.);
#2288=ORIENTED_EDGE('',*,*,#1770,.F.);
#2289=ORIENTED_EDGE('',*,*,#1771,.F.);
#2290=ORIENTED_EDGE('',*,*,#1772,.F.);
#2291=ORIENTED_EDGE('',*,*,#1773,.F.);
#2292=ORIENTED_EDGE('',*,*,#1774,.F.);
#2293=ORIENTED_EDGE('',*,*,#1775,.F.);
#2294=ORIENTED_EDGE('',*,*,#1776,.F.);
#2295=ORIENTED_EDGE('',*,*,#1777,.F.);
#2296=ORIENTED_EDGE('',*,*,#1778,.F.);
#2297=ORIENTED_EDGE('',*,*,#1779,.F.);
#2298=ORIENTED_EDGE('',*,*,#1780,.F.);
#2299=ORIENTED_EDGE('',*,*,#1781,.F.);
#2300=ORIENTED_EDGE('',*,*,#1782,.F.);
#2301=ORIENTED_EDGE('',*,*,#1783,.F.);
#2302=ORIENTED_EDGE('',*,*,#1784,.T.);
#2303=ORIENTED_EDGE('',*,*,#1785,.T.);
#2304=ORIENTED_EDGE('',*,*,#1786,.T.);
#2305=ORIENTED_EDGE('',*,*,#1787,.F.);
#2306=ORIENTED_EDGE('',*,*,#1788,.T.);
#2307=ORIENTED_EDGE('',*,*,#1789,.T.);
#2308=ORIENTED_EDGE('',*,*,#1790,.T.);
#2309=ORIENTED_EDGE('',*,*,#1785,.F.);
#2310=ORIENTED_EDGE('',*,*,#1791,.T.);
#2311=ORIENTED_EDGE('',*,*,#1792,.T.);
#2312=ORIENTED_EDGE('',*,*,#1793,.T.);
#2313=ORIENTED_EDGE('',*,*,#1789,.F.);
#2314=ORIENTED_EDGE('',*,*,#1794,.T.);
#2315=ORIENTED_EDGE('',*,*,#1795,.T.);
#2316=ORIENTED_EDGE('',*,*,#1796,.T.);
#2317=ORIENTED_EDGE('',*,*,#1797,.T.);
#2318=ORIENTED_EDGE('',*,*,#1798,.T.);
#2319=ORIENTED_EDGE('',*,*,#1799,.T.);
#2320=ORIENTED_EDGE('',*,*,#1800,.T.);
#2321=ORIENTED_EDGE('',*,*,#1792,.F.);
#2322=ORIENTED_EDGE('',*,*,#1801,.T.);
#2323=ORIENTED_EDGE('',*,*,#1802,.T.);
#2324=ORIENTED_EDGE('',*,*,#1803,.T.);
#2325=ORIENTED_EDGE('',*,*,#1799,.F.);
#2326=ORIENTED_EDGE('',*,*,#1804,.T.);
#2327=ORIENTED_EDGE('',*,*,#1802,.F.);
#2328=ORIENTED_EDGE('',*,*,#1805,.T.);
#2329=ORIENTED_EDGE('',*,*,#1795,.F.);
#2330=ORIENTED_EDGE('',*,*,#1806,.T.);
#2331=ORIENTED_EDGE('',*,*,#1797,.F.);
#2332=ORIENTED_EDGE('',*,*,#1807,.T.);
#2333=ORIENTED_EDGE('',*,*,#1787,.T.);
#2334=ORIENTED_EDGE('',*,*,#1800,.F.);
#2335=ORIENTED_EDGE('',*,*,#1808,.T.);
#2336=ORIENTED_EDGE('',*,*,#1809,.F.);
#2337=ORIENTED_EDGE('',*,*,#1810,.F.);
#2338=ORIENTED_EDGE('',*,*,#1803,.F.);
#2339=ORIENTED_EDGE('',*,*,#1811,.T.);
#2340=ORIENTED_EDGE('',*,*,#1812,.F.);
#2341=ORIENTED_EDGE('',*,*,#1808,.F.);
#2342=ORIENTED_EDGE('',*,*,#1804,.F.);
#2343=ORIENTED_EDGE('',*,*,#1813,.T.);
#2344=ORIENTED_EDGE('',*,*,#1814,.F.);
#2345=ORIENTED_EDGE('',*,*,#1811,.F.);
#2346=ORIENTED_EDGE('',*,*,#1794,.F.);
#2347=ORIENTED_EDGE('',*,*,#1815,.T.);
#2348=ORIENTED_EDGE('',*,*,#1816,.F.);
#2349=ORIENTED_EDGE('',*,*,#1813,.F.);
#2350=ORIENTED_EDGE('',*,*,#1817,.F.);
#2351=ORIENTED_EDGE('',*,*,#1818,.F.);
#2352=ORIENTED_EDGE('',*,*,#1819,.F.);
#2353=ORIENTED_EDGE('',*,*,#1820,.F.);
#2354=ORIENTED_EDGE('',*,*,#1821,.F.);
#2355=ORIENTED_EDGE('',*,*,#1822,.F.);
#2356=ORIENTED_EDGE('',*,*,#1823,.F.);
#2357=ORIENTED_EDGE('',*,*,#1824,.F.);
#2358=ORIENTED_EDGE('',*,*,#1825,.F.);
#2359=ORIENTED_EDGE('',*,*,#1826,.F.);
#2360=ORIENTED_EDGE('',*,*,#1827,.F.);
#2361=ORIENTED_EDGE('',*,*,#1828,.F.);
#2362=ORIENTED_EDGE('',*,*,#1829,.F.);
#2363=ORIENTED_EDGE('',*,*,#1830,.F.);
#2364=ORIENTED_EDGE('',*,*,#1831,.F.);
#2365=ORIENTED_EDGE('',*,*,#1832,.F.);
#2366=ORIENTED_EDGE('',*,*,#1833,.F.);
#2367=ORIENTED_EDGE('',*,*,#1834,.F.);
#2368=ORIENTED_EDGE('',*,*,#1835,.F.);
#2369=ORIENTED_EDGE('',*,*,#1836,.F.);
#2370=ORIENTED_EDGE('',*,*,#1796,.F.);
#2371=ORIENTED_EDGE('',*,*,#1805,.F.);
#2372=ORIENTED_EDGE('',*,*,#1801,.F.);
#2373=ORIENTED_EDGE('',*,*,#1798,.F.);
#2374=ORIENTED_EDGE('',*,*,#1791,.F.);
#2375=ORIENTED_EDGE('',*,*,#1788,.F.);
#2376=ORIENTED_EDGE('',*,*,#1784,.F.);
#2377=ORIENTED_EDGE('',*,*,#1807,.F.);
#2378=ORIENTED_EDGE('',*,*,#1756,.T.);
#2379=ORIENTED_EDGE('',*,*,#1837,.F.);
#2380=ORIENTED_EDGE('',*,*,#1838,.T.);
#2381=ORIENTED_EDGE('',*,*,#1839,.T.);
#2382=ORIENTED_EDGE('',*,*,#1761,.T.);
#2383=ORIENTED_EDGE('',*,*,#1840,.T.);
#2384=ORIENTED_EDGE('',*,*,#1816,.T.);
#2385=ORIENTED_EDGE('',*,*,#1841,.T.);
#2386=ORIENTED_EDGE('',*,*,#1842,.T.);
#2387=ORIENTED_EDGE('',*,*,#1843,.T.);
#2388=ORIENTED_EDGE('',*,*,#1757,.T.);
#2389=ORIENTED_EDGE('',*,*,#1839,.F.);
#2390=ORIENTED_EDGE('',*,*,#1809,.T.);
#2391=ORIENTED_EDGE('',*,*,#1844,.T.);
#2392=ORIENTED_EDGE('',*,*,#1758,.T.);
#2393=ORIENTED_EDGE('',*,*,#1843,.F.);
#2394=ORIENTED_EDGE('',*,*,#1759,.T.);
#2395=ORIENTED_EDGE('',*,*,#1844,.F.);
#2396=ORIENTED_EDGE('',*,*,#1812,.T.);
#2397=ORIENTED_EDGE('',*,*,#1845,.T.);
#2398=ORIENTED_EDGE('',*,*,#1760,.T.);
#2399=ORIENTED_EDGE('',*,*,#1845,.F.);
#2400=ORIENTED_EDGE('',*,*,#1814,.T.);
#2401=ORIENTED_EDGE('',*,*,#1840,.F.);
#2402=ORIENTED_EDGE('',*,*,#1846,.T.);
#2403=ORIENTED_EDGE('',*,*,#1847,.F.);
#2404=ORIENTED_EDGE('',*,*,#1762,.T.);
#2405=ORIENTED_EDGE('',*,*,#1841,.F.);
#2406=ORIENTED_EDGE('',*,*,#1827,.T.);
#2407=ORIENTED_EDGE('',*,*,#1848,.T.);
#2408=ORIENTED_EDGE('',*,*,#1849,.T.);
#2409=ORIENTED_EDGE('',*,*,#1850,.F.);
#2410=ORIENTED_EDGE('',*,*,#1826,.T.);
#2411=ORIENTED_EDGE('',*,*,#1851,.T.);
#2412=ORIENTED_EDGE('',*,*,#1852,.T.);
#2413=ORIENTED_EDGE('',*,*,#1848,.F.);
#2414=ORIENTED_EDGE('',*,*,#1825,.T.);
#2415=ORIENTED_EDGE('',*,*,#1853,.T.);
#2416=ORIENTED_EDGE('',*,*,#1854,.T.);
#2417=ORIENTED_EDGE('',*,*,#1851,.F.);
#2418=ORIENTED_EDGE('',*,*,#1855,.T.);
#2419=ORIENTED_EDGE('',*,*,#1856,.T.);
#2420=ORIENTED_EDGE('',*,*,#1821,.T.);
#2421=ORIENTED_EDGE('',*,*,#1857,.T.);
#2422=ORIENTED_EDGE('',*,*,#1824,.T.);
#2423=ORIENTED_EDGE('',*,*,#1858,.T.);
#2424=ORIENTED_EDGE('',*,*,#1859,.T.);
#2425=ORIENTED_EDGE('',*,*,#1853,.F.);
#2426=ORIENTED_EDGE('',*,*,#1823,.T.);
#2427=ORIENTED_EDGE('',*,*,#1860,.T.);
#2428=ORIENTED_EDGE('',*,*,#1861,.T.);
#2429=ORIENTED_EDGE('',*,*,#1858,.F.);
#2430=ORIENTED_EDGE('',*,*,#1862,.T.);
#2431=ORIENTED_EDGE('',*,*,#1860,.F.);
#2432=ORIENTED_EDGE('',*,*,#1822,.T.);
#2433=ORIENTED_EDGE('',*,*,#1856,.F.);
#2434=ORIENTED_EDGE('',*,*,#1863,.T.);
#2435=ORIENTED_EDGE('',*,*,#1857,.F.);
#2436=ORIENTED_EDGE('',*,*,#1828,.T.);
#2437=ORIENTED_EDGE('',*,*,#1850,.T.);
#2438=ORIENTED_EDGE('',*,*,#1859,.F.);
#2439=ORIENTED_EDGE('',*,*,#1864,.T.);
#2440=ORIENTED_EDGE('',*,*,#1865,.F.);
#2441=ORIENTED_EDGE('',*,*,#1866,.F.);
#2442=ORIENTED_EDGE('',*,*,#1861,.F.);
#2443=ORIENTED_EDGE('',*,*,#1867,.T.);
#2444=ORIENTED_EDGE('',*,*,#1868,.F.);
#2445=ORIENTED_EDGE('',*,*,#1864,.F.);
#2446=ORIENTED_EDGE('',*,*,#1862,.F.);
#2447=ORIENTED_EDGE('',*,*,#1869,.T.);
#2448=ORIENTED_EDGE('',*,*,#1870,.F.);
#2449=ORIENTED_EDGE('',*,*,#1867,.F.);
#2450=ORIENTED_EDGE('',*,*,#1855,.F.);
#2451=ORIENTED_EDGE('',*,*,#1871,.T.);
#2452=ORIENTED_EDGE('',*,*,#1872,.F.);
#2453=ORIENTED_EDGE('',*,*,#1869,.F.);
#2454=ORIENTED_EDGE('',*,*,#1776,.T.);
#2455=ORIENTED_EDGE('',*,*,#1873,.T.);
#2456=ORIENTED_EDGE('',*,*,#1872,.T.);
#2457=ORIENTED_EDGE('',*,*,#1874,.T.);
#2458=ORIENTED_EDGE('',*,*,#1875,.T.);
#2459=ORIENTED_EDGE('',*,*,#1876,.T.);
#2460=ORIENTED_EDGE('',*,*,#1777,.T.);
#2461=ORIENTED_EDGE('',*,*,#1874,.F.);
#2462=ORIENTED_EDGE('',*,*,#1877,.T.);
#2463=ORIENTED_EDGE('',*,*,#1878,.T.);
#2464=ORIENTED_EDGE('',*,*,#1778,.T.);
#2465=ORIENTED_EDGE('',*,*,#1876,.F.);
#2466=ORIENTED_EDGE('',*,*,#1879,.T.);
#2467=ORIENTED_EDGE('',*,*,#1880,.T.);
#2468=ORIENTED_EDGE('',*,*,#1779,.T.);
#2469=ORIENTED_EDGE('',*,*,#1878,.F.);
#2470=ORIENTED_EDGE('',*,*,#1780,.T.);
#2471=ORIENTED_EDGE('',*,*,#1880,.F.);
#2472=ORIENTED_EDGE('',*,*,#1881,.T.);
#2473=ORIENTED_EDGE('',*,*,#1882,.T.);
#2474=ORIENTED_EDGE('',*,*,#1781,.T.);
#2475=ORIENTED_EDGE('',*,*,#1882,.F.);
#2476=ORIENTED_EDGE('',*,*,#1865,.T.);
#2477=ORIENTED_EDGE('',*,*,#1883,.T.);
#2478=ORIENTED_EDGE('',*,*,#1782,.T.);
#2479=ORIENTED_EDGE('',*,*,#1883,.F.);
#2480=ORIENTED_EDGE('',*,*,#1868,.T.);
#2481=ORIENTED_EDGE('',*,*,#1884,.T.);
#2482=ORIENTED_EDGE('',*,*,#1783,.T.);
#2483=ORIENTED_EDGE('',*,*,#1884,.F.);
#2484=ORIENTED_EDGE('',*,*,#1870,.T.);
#2485=ORIENTED_EDGE('',*,*,#1873,.F.);
#2486=ORIENTED_EDGE('',*,*,#1852,.F.);
#2487=ORIENTED_EDGE('',*,*,#1885,.T.);
#2488=ORIENTED_EDGE('',*,*,#1879,.F.);
#2489=ORIENTED_EDGE('',*,*,#1886,.F.);
#2490=ORIENTED_EDGE('',*,*,#1849,.F.);
#2491=ORIENTED_EDGE('',*,*,#1886,.T.);
#2492=ORIENTED_EDGE('',*,*,#1877,.F.);
#2493=ORIENTED_EDGE('',*,*,#1887,.F.);
#2494=ORIENTED_EDGE('',*,*,#1863,.F.);
#2495=ORIENTED_EDGE('',*,*,#1887,.T.);
#2496=ORIENTED_EDGE('',*,*,#1875,.F.);
#2497=ORIENTED_EDGE('',*,*,#1871,.F.);
#2498=ORIENTED_EDGE('',*,*,#1829,.T.);
#2499=ORIENTED_EDGE('',*,*,#1888,.T.);
#2500=ORIENTED_EDGE('',*,*,#1889,.T.);
#2501=ORIENTED_EDGE('',*,*,#1890,.T.);
#2502=ORIENTED_EDGE('',*,*,#1836,.T.);
#2503=ORIENTED_EDGE('',*,*,#1891,.T.);
#2504=ORIENTED_EDGE('',*,*,#1892,.T.);
#2505=ORIENTED_EDGE('',*,*,#1888,.F.);
#2506=ORIENTED_EDGE('',*,*,#1835,.T.);
#2507=ORIENTED_EDGE('',*,*,#1893,.T.);
#2508=ORIENTED_EDGE('',*,*,#1894,.T.);
#2509=ORIENTED_EDGE('',*,*,#1891,.F.);
#2510=ORIENTED_EDGE('',*,*,#1834,.T.);
#2511=ORIENTED_EDGE('',*,*,#1895,.T.);
#2512=ORIENTED_EDGE('',*,*,#1896,.T.);
#2513=ORIENTED_EDGE('',*,*,#1893,.F.);
#2514=ORIENTED_EDGE('',*,*,#1833,.T.);
#2515=ORIENTED_EDGE('',*,*,#1897,.T.);
#2516=ORIENTED_EDGE('',*,*,#1898,.T.);
#2517=ORIENTED_EDGE('',*,*,#1895,.F.);
#2518=ORIENTED_EDGE('',*,*,#1899,.T.);
#2519=ORIENTED_EDGE('',*,*,#1897,.F.);
#2520=ORIENTED_EDGE('',*,*,#1832,.T.);
#2521=ORIENTED_EDGE('',*,*,#1900,.T.);
#2522=ORIENTED_EDGE('',*,*,#1901,.T.);
#2523=ORIENTED_EDGE('',*,*,#1900,.F.);
#2524=ORIENTED_EDGE('',*,*,#1831,.T.);
#2525=ORIENTED_EDGE('',*,*,#1902,.T.);
#2526=ORIENTED_EDGE('',*,*,#1903,.T.);
#2527=ORIENTED_EDGE('',*,*,#1902,.F.);
#2528=ORIENTED_EDGE('',*,*,#1830,.T.);
#2529=ORIENTED_EDGE('',*,*,#1890,.F.);
#2530=ORIENTED_EDGE('',*,*,#1899,.F.);
#2531=ORIENTED_EDGE('',*,*,#1904,.T.);
#2532=ORIENTED_EDGE('',*,*,#1905,.F.);
#2533=ORIENTED_EDGE('',*,*,#1906,.F.);
#2534=ORIENTED_EDGE('',*,*,#1901,.F.);
#2535=ORIENTED_EDGE('',*,*,#1907,.T.);
#2536=ORIENTED_EDGE('',*,*,#1908,.F.);
#2537=ORIENTED_EDGE('',*,*,#1768,.T.);
#2538=ORIENTED_EDGE('',*,*,#1909,.F.);
#2539=ORIENTED_EDGE('',*,*,#1904,.F.);
#2540=ORIENTED_EDGE('',*,*,#1903,.F.);
#2541=ORIENTED_EDGE('',*,*,#1910,.T.);
#2542=ORIENTED_EDGE('',*,*,#1911,.F.);
#2543=ORIENTED_EDGE('',*,*,#1907,.F.);
#2544=ORIENTED_EDGE('',*,*,#1889,.F.);
#2545=ORIENTED_EDGE('',*,*,#1912,.T.);
#2546=ORIENTED_EDGE('',*,*,#1913,.F.);
#2547=ORIENTED_EDGE('',*,*,#1910,.F.);
#2548=ORIENTED_EDGE('',*,*,#1914,.T.);
#2549=ORIENTED_EDGE('',*,*,#1915,.T.);
#2550=ORIENTED_EDGE('',*,*,#1916,.T.);
#2551=ORIENTED_EDGE('',*,*,#1917,.F.);
#2552=ORIENTED_EDGE('',*,*,#1918,.T.);
#2553=ORIENTED_EDGE('',*,*,#1919,.T.);
#2554=ORIENTED_EDGE('',*,*,#1920,.T.);
#2555=ORIENTED_EDGE('',*,*,#1915,.F.);
#2556=ORIENTED_EDGE('',*,*,#1921,.T.);
#2557=ORIENTED_EDGE('',*,*,#1922,.T.);
#2558=ORIENTED_EDGE('',*,*,#1923,.T.);
#2559=ORIENTED_EDGE('',*,*,#1919,.F.);
#2560=ORIENTED_EDGE('',*,*,#1924,.T.);
#2561=ORIENTED_EDGE('',*,*,#1925,.T.);
#2562=ORIENTED_EDGE('',*,*,#1926,.T.);
#2563=ORIENTED_EDGE('',*,*,#1927,.T.);
#2564=ORIENTED_EDGE('',*,*,#1928,.T.);
#2565=ORIENTED_EDGE('',*,*,#1925,.F.);
#2566=ORIENTED_EDGE('',*,*,#1929,.T.);
#2567=ORIENTED_EDGE('',*,*,#1930,.T.);
#2568=ORIENTED_EDGE('',*,*,#1931,.T.);
#2569=ORIENTED_EDGE('',*,*,#1927,.F.);
#2570=ORIENTED_EDGE('',*,*,#1932,.T.);
#2571=ORIENTED_EDGE('',*,*,#1922,.F.);
#2572=ORIENTED_EDGE('',*,*,#1751,.T.);
#2573=ORIENTED_EDGE('',*,*,#1930,.F.);
#2574=ORIENTED_EDGE('',*,*,#1933,.T.);
#2575=ORIENTED_EDGE('',*,*,#1934,.T.);
#2576=ORIENTED_EDGE('',*,*,#1746,.T.);
#2577=ORIENTED_EDGE('',*,*,#1934,.F.);
#2578=ORIENTED_EDGE('',*,*,#1935,.T.);
#2579=ORIENTED_EDGE('',*,*,#1917,.T.);
#2580=ORIENTED_EDGE('',*,*,#1920,.F.);
#2581=ORIENTED_EDGE('',*,*,#1936,.T.);
#2582=ORIENTED_EDGE('',*,*,#1937,.F.);
#2583=ORIENTED_EDGE('',*,*,#1938,.F.);
#2584=ORIENTED_EDGE('',*,*,#1923,.F.);
#2585=ORIENTED_EDGE('',*,*,#1939,.T.);
#2586=ORIENTED_EDGE('',*,*,#1940,.F.);
#2587=ORIENTED_EDGE('',*,*,#1936,.F.);
#2588=ORIENTED_EDGE('',*,*,#1932,.F.);
#2589=ORIENTED_EDGE('',*,*,#1941,.T.);
#2590=ORIENTED_EDGE('',*,*,#1942,.F.);
#2591=ORIENTED_EDGE('',*,*,#1939,.F.);
#2592=ORIENTED_EDGE('',*,*,#1926,.F.);
#2593=ORIENTED_EDGE('',*,*,#1943,.T.);
#2594=ORIENTED_EDGE('',*,*,#1944,.F.);
#2595=ORIENTED_EDGE('',*,*,#1941,.F.);
#2596=ORIENTED_EDGE('',*,*,#1819,.T.);
#2597=ORIENTED_EDGE('',*,*,#1945,.F.);
#2598=ORIENTED_EDGE('',*,*,#1946,.T.);
#2599=ORIENTED_EDGE('',*,*,#1947,.F.);
#2600=ORIENTED_EDGE('',*,*,#1948,.F.);
#2601=ORIENTED_EDGE('',*,*,#1949,.F.);
#2602=ORIENTED_EDGE('',*,*,#1950,.F.);
#2603=ORIENTED_EDGE('',*,*,#1951,.F.);
#2604=ORIENTED_EDGE('',*,*,#1952,.F.);
#2605=ORIENTED_EDGE('',*,*,#1953,.F.);
#2606=ORIENTED_EDGE('',*,*,#1954,.F.);
#2607=ORIENTED_EDGE('',*,*,#1955,.F.);
#2608=ORIENTED_EDGE('',*,*,#1924,.F.);
#2609=ORIENTED_EDGE('',*,*,#1931,.F.);
#2610=ORIENTED_EDGE('',*,*,#1921,.F.);
#2611=ORIENTED_EDGE('',*,*,#1918,.F.);
#2612=ORIENTED_EDGE('',*,*,#1914,.F.);
#2613=ORIENTED_EDGE('',*,*,#1935,.F.);
#2614=ORIENTED_EDGE('',*,*,#1933,.F.);
#2615=ORIENTED_EDGE('',*,*,#1929,.F.);
#2616=ORIENTED_EDGE('',*,*,#1913,.T.);
#2617=ORIENTED_EDGE('',*,*,#1956,.T.);
#2618=ORIENTED_EDGE('',*,*,#1770,.T.);
#2619=ORIENTED_EDGE('',*,*,#1957,.T.);
#2620=ORIENTED_EDGE('',*,*,#1958,.T.);
#2621=ORIENTED_EDGE('',*,*,#1959,.T.);
#2622=ORIENTED_EDGE('',*,*,#1771,.T.);
#2623=ORIENTED_EDGE('',*,*,#1956,.F.);
#2624=ORIENTED_EDGE('',*,*,#1960,.T.);
#2625=ORIENTED_EDGE('',*,*,#1961,.T.);
#2626=ORIENTED_EDGE('',*,*,#1772,.T.);
#2627=ORIENTED_EDGE('',*,*,#1959,.F.);
#2628=ORIENTED_EDGE('',*,*,#1962,.T.);
#2629=ORIENTED_EDGE('',*,*,#1963,.T.);
#2630=ORIENTED_EDGE('',*,*,#1773,.T.);
#2631=ORIENTED_EDGE('',*,*,#1961,.F.);
#2632=ORIENTED_EDGE('',*,*,#1964,.T.);
#2633=ORIENTED_EDGE('',*,*,#1965,.T.);
#2634=ORIENTED_EDGE('',*,*,#1774,.T.);
#2635=ORIENTED_EDGE('',*,*,#1963,.F.);
#2636=ORIENTED_EDGE('',*,*,#1905,.T.);
#2637=ORIENTED_EDGE('',*,*,#1909,.T.);
#2638=ORIENTED_EDGE('',*,*,#1775,.T.);
#2639=ORIENTED_EDGE('',*,*,#1965,.F.);
#2640=ORIENTED_EDGE('',*,*,#1769,.T.);
#2641=ORIENTED_EDGE('',*,*,#1908,.T.);
#2642=ORIENTED_EDGE('',*,*,#1911,.T.);
#2643=ORIENTED_EDGE('',*,*,#1957,.F.);
#2644=ORIENTED_EDGE('',*,*,#1898,.F.);
#2645=ORIENTED_EDGE('',*,*,#1906,.T.);
#2646=ORIENTED_EDGE('',*,*,#1964,.F.);
#2647=ORIENTED_EDGE('',*,*,#1966,.F.);
#2648=ORIENTED_EDGE('',*,*,#1896,.F.);
#2649=ORIENTED_EDGE('',*,*,#1966,.T.);
#2650=ORIENTED_EDGE('',*,*,#1962,.F.);
#2651=ORIENTED_EDGE('',*,*,#1967,.F.);
#2652=ORIENTED_EDGE('',*,*,#1894,.F.);
#2653=ORIENTED_EDGE('',*,*,#1967,.T.);
#2654=ORIENTED_EDGE('',*,*,#1960,.F.);
#2655=ORIENTED_EDGE('',*,*,#1968,.F.);
#2656=ORIENTED_EDGE('',*,*,#1892,.F.);
#2657=ORIENTED_EDGE('',*,*,#1968,.T.);
#2658=ORIENTED_EDGE('',*,*,#1958,.F.);
#2659=ORIENTED_EDGE('',*,*,#1912,.F.);
#2660=ORIENTED_EDGE('',*,*,#1969,.T.);
#2661=ORIENTED_EDGE('',*,*,#1752,.T.);
#2662=ORIENTED_EDGE('',*,*,#1748,.T.);
#2663=ORIENTED_EDGE('',*,*,#1970,.T.);
#2664=ORIENTED_EDGE('',*,*,#1971,.T.);
#2665=ORIENTED_EDGE('',*,*,#1972,.T.);
#2666=ORIENTED_EDGE('',*,*,#1973,.T.);
#2667=ORIENTED_EDGE('',*,*,#1970,.F.);
#2668=ORIENTED_EDGE('',*,*,#1937,.T.);
#2669=ORIENTED_EDGE('',*,*,#1974,.T.);
#2670=ORIENTED_EDGE('',*,*,#1975,.T.);
#2671=ORIENTED_EDGE('',*,*,#1972,.F.);
#2672=ORIENTED_EDGE('',*,*,#1940,.T.);
#2673=ORIENTED_EDGE('',*,*,#1976,.T.);
#2674=ORIENTED_EDGE('',*,*,#1977,.T.);
#2675=ORIENTED_EDGE('',*,*,#1974,.F.);
#2676=ORIENTED_EDGE('',*,*,#1944,.T.);
#2677=ORIENTED_EDGE('',*,*,#1978,.T.);
#2678=ORIENTED_EDGE('',*,*,#1979,.T.);
#2679=ORIENTED_EDGE('',*,*,#1980,.T.);
#2680=ORIENTED_EDGE('',*,*,#1981,.T.);
#2681=ORIENTED_EDGE('',*,*,#1766,.F.);
#2682=ORIENTED_EDGE('',*,*,#1982,.T.);
#2683=ORIENTED_EDGE('',*,*,#1978,.F.);
#2684=ORIENTED_EDGE('',*,*,#1942,.T.);
#2685=ORIENTED_EDGE('',*,*,#1980,.F.);
#2686=ORIENTED_EDGE('',*,*,#1983,.T.);
#2687=ORIENTED_EDGE('',*,*,#1976,.F.);
#2688=ORIENTED_EDGE('',*,*,#1969,.F.);
#2689=ORIENTED_EDGE('',*,*,#1973,.F.);
#2690=ORIENTED_EDGE('',*,*,#1975,.F.);
#2691=ORIENTED_EDGE('',*,*,#1977,.F.);
#2692=ORIENTED_EDGE('',*,*,#1983,.F.);
#2693=ORIENTED_EDGE('',*,*,#1979,.F.);
#2694=ORIENTED_EDGE('',*,*,#1982,.F.);
#2695=ORIENTED_EDGE('',*,*,#1765,.T.);
#2696=ORIENTED_EDGE('',*,*,#1984,.F.);
#2697=ORIENTED_EDGE('',*,*,#1985,.T.);
#2698=ORIENTED_EDGE('',*,*,#1986,.F.);
#2699=ORIENTED_EDGE('',*,*,#1987,.F.);
#2700=ORIENTED_EDGE('',*,*,#1988,.F.);
#2701=ORIENTED_EDGE('',*,*,#1989,.F.);
#2702=ORIENTED_EDGE('',*,*,#1990,.F.);
#2703=ORIENTED_EDGE('',*,*,#1991,.F.);
#2704=ORIENTED_EDGE('',*,*,#1992,.F.);
#2705=ORIENTED_EDGE('',*,*,#1993,.T.);
#2706=ORIENTED_EDGE('',*,*,#1994,.F.);
#2707=ORIENTED_EDGE('',*,*,#1753,.T.);
#2708=ORIENTED_EDGE('',*,*,#1954,.T.);
#2709=ORIENTED_EDGE('',*,*,#1995,.T.);
#2710=ORIENTED_EDGE('',*,*,#1996,.T.);
#2711=ORIENTED_EDGE('',*,*,#1997,.F.);
#2712=ORIENTED_EDGE('',*,*,#1953,.T.);
#2713=ORIENTED_EDGE('',*,*,#1998,.T.);
#2714=ORIENTED_EDGE('',*,*,#1999,.T.);
#2715=ORIENTED_EDGE('',*,*,#1995,.F.);
#2716=ORIENTED_EDGE('',*,*,#1952,.T.);
#2717=ORIENTED_EDGE('',*,*,#2000,.T.);
#2718=ORIENTED_EDGE('',*,*,#2001,.T.);
#2719=ORIENTED_EDGE('',*,*,#1998,.F.);
#2720=ORIENTED_EDGE('',*,*,#1739,.T.);
#2721=ORIENTED_EDGE('',*,*,#2002,.T.);
#2722=ORIENTED_EDGE('',*,*,#1948,.T.);
#2723=ORIENTED_EDGE('',*,*,#2003,.T.);
#2724=ORIENTED_EDGE('',*,*,#1951,.T.);
#2725=ORIENTED_EDGE('',*,*,#2004,.T.);
#2726=ORIENTED_EDGE('',*,*,#2005,.T.);
#2727=ORIENTED_EDGE('',*,*,#2000,.F.);
#2728=ORIENTED_EDGE('',*,*,#1950,.T.);
#2729=ORIENTED_EDGE('',*,*,#2006,.T.);
#2730=ORIENTED_EDGE('',*,*,#2007,.T.);
#2731=ORIENTED_EDGE('',*,*,#2004,.F.);
#2732=ORIENTED_EDGE('',*,*,#1744,.T.);
#2733=ORIENTED_EDGE('',*,*,#2006,.F.);
#2734=ORIENTED_EDGE('',*,*,#1949,.T.);
#2735=ORIENTED_EDGE('',*,*,#2002,.F.);
#2736=ORIENTED_EDGE('',*,*,#2008,.T.);
#2737=ORIENTED_EDGE('',*,*,#2003,.F.);
#2738=ORIENTED_EDGE('',*,*,#1955,.T.);
#2739=ORIENTED_EDGE('',*,*,#1997,.T.);
#2740=ORIENTED_EDGE('',*,*,#2005,.F.);
#2741=ORIENTED_EDGE('',*,*,#2009,.T.);
#2742=ORIENTED_EDGE('',*,*,#2010,.F.);
#2743=ORIENTED_EDGE('',*,*,#2011,.F.);
#2744=ORIENTED_EDGE('',*,*,#1721,.T.);
#2745=ORIENTED_EDGE('',*,*,#2012,.T.);
#2746=ORIENTED_EDGE('',*,*,#2013,.F.);
#2747=ORIENTED_EDGE('',*,*,#2009,.F.);
#2748=ORIENTED_EDGE('',*,*,#2007,.F.);
#2749=ORIENTED_EDGE('',*,*,#1743,.T.);
#2750=ORIENTED_EDGE('',*,*,#1724,.T.);
#2751=ORIENTED_EDGE('',*,*,#1742,.T.);
#2752=ORIENTED_EDGE('',*,*,#2014,.F.);
#2753=ORIENTED_EDGE('',*,*,#1985,.F.);
#2754=ORIENTED_EDGE('',*,*,#2015,.F.);
#2755=ORIENTED_EDGE('',*,*,#2016,.F.);
#2756=ORIENTED_EDGE('',*,*,#2017,.F.);
#2757=ORIENTED_EDGE('',*,*,#2018,.F.);
#2758=ORIENTED_EDGE('',*,*,#2019,.F.);
#2759=ORIENTED_EDGE('',*,*,#2020,.F.);
#2760=ORIENTED_EDGE('',*,*,#2021,.F.);
#2761=ORIENTED_EDGE('',*,*,#2022,.F.);
#2762=ORIENTED_EDGE('',*,*,#2023,.F.);
#2763=ORIENTED_EDGE('',*,*,#2024,.F.);
#2764=ORIENTED_EDGE('',*,*,#2025,.F.);
#2765=ORIENTED_EDGE('',*,*,#1993,.F.);
#2766=ORIENTED_EDGE('',*,*,#2026,.T.);
#2767=ORIENTED_EDGE('',*,*,#2012,.F.);
#2768=ORIENTED_EDGE('',*,*,#2027,.F.);
#2769=ORIENTED_EDGE('',*,*,#2028,.F.);
#2770=ORIENTED_EDGE('',*,*,#2029,.F.);
#2771=ORIENTED_EDGE('',*,*,#2030,.F.);
#2772=ORIENTED_EDGE('',*,*,#2031,.F.);
#2773=ORIENTED_EDGE('',*,*,#2032,.F.);
#2774=ORIENTED_EDGE('',*,*,#2033,.F.);
#2775=ORIENTED_EDGE('',*,*,#2034,.F.);
#2776=ORIENTED_EDGE('',*,*,#2035,.T.);
#2777=ORIENTED_EDGE('',*,*,#2036,.F.);
#2778=ORIENTED_EDGE('',*,*,#2037,.F.);
#2779=ORIENTED_EDGE('',*,*,#2038,.F.);
#2780=ORIENTED_EDGE('',*,*,#2039,.F.);
#2781=ORIENTED_EDGE('',*,*,#2040,.F.);
#2782=ORIENTED_EDGE('',*,*,#2041,.F.);
#2783=ORIENTED_EDGE('',*,*,#2042,.F.);
#2784=ORIENTED_EDGE('',*,*,#2043,.T.);
#2785=ORIENTED_EDGE('',*,*,#2044,.T.);
#2786=ORIENTED_EDGE('',*,*,#2045,.T.);
#2787=ORIENTED_EDGE('',*,*,#2046,.T.);
#2788=ORIENTED_EDGE('',*,*,#2047,.T.);
#2789=ORIENTED_EDGE('',*,*,#2048,.T.);
#2790=ORIENTED_EDGE('',*,*,#2049,.T.);
#2791=ORIENTED_EDGE('',*,*,#2044,.F.);
#2792=ORIENTED_EDGE('',*,*,#2050,.T.);
#2793=ORIENTED_EDGE('',*,*,#2048,.F.);
#2794=ORIENTED_EDGE('',*,*,#2051,.T.);
#2795=ORIENTED_EDGE('',*,*,#2052,.T.);
#2796=ORIENTED_EDGE('',*,*,#2053,.T.);
#2797=ORIENTED_EDGE('',*,*,#2052,.F.);
#2798=ORIENTED_EDGE('',*,*,#2054,.T.);
#2799=ORIENTED_EDGE('',*,*,#2055,.T.);
#2800=ORIENTED_EDGE('',*,*,#2056,.T.);
#2801=ORIENTED_EDGE('',*,*,#2055,.F.);
#2802=ORIENTED_EDGE('',*,*,#2057,.T.);
#2803=ORIENTED_EDGE('',*,*,#2058,.T.);
#2804=ORIENTED_EDGE('',*,*,#2059,.T.);
#2805=ORIENTED_EDGE('',*,*,#2046,.F.);
#2806=ORIENTED_EDGE('',*,*,#2060,.T.);
#2807=ORIENTED_EDGE('',*,*,#2061,.F.);
#2808=ORIENTED_EDGE('',*,*,#2062,.T.);
#2809=ORIENTED_EDGE('',*,*,#2058,.F.);
#2810=ORIENTED_EDGE('',*,*,#2063,.T.);
#2811=ORIENTED_EDGE('',*,*,#2064,.T.);
#2812=ORIENTED_EDGE('',*,*,#2065,.T.);
#2813=ORIENTED_EDGE('',*,*,#2064,.F.);
#2814=ORIENTED_EDGE('',*,*,#2066,.T.);
#2815=ORIENTED_EDGE('',*,*,#2061,.T.);
#2816=ORIENTED_EDGE('',*,*,#2054,.F.);
#2817=ORIENTED_EDGE('',*,*,#2067,.F.);
#2818=ORIENTED_EDGE('',*,*,#2068,.F.);
#2819=ORIENTED_EDGE('',*,*,#2069,.T.);
#2820=ORIENTED_EDGE('',*,*,#2051,.F.);
#2821=ORIENTED_EDGE('',*,*,#2070,.F.);
#2822=ORIENTED_EDGE('',*,*,#2071,.F.);
#2823=ORIENTED_EDGE('',*,*,#2067,.T.);
#2824=ORIENTED_EDGE('',*,*,#2047,.F.);
#2825=ORIENTED_EDGE('',*,*,#2072,.F.);
#2826=ORIENTED_EDGE('',*,*,#2073,.F.);
#2827=ORIENTED_EDGE('',*,*,#2070,.T.);
#2828=ORIENTED_EDGE('',*,*,#2043,.F.);
#2829=ORIENTED_EDGE('',*,*,#2074,.F.);
#2830=ORIENTED_EDGE('',*,*,#2075,.F.);
#2831=ORIENTED_EDGE('',*,*,#2072,.T.);
#2832=ORIENTED_EDGE('',*,*,#1946,.F.);
#2833=ORIENTED_EDGE('',*,*,#2076,.F.);
#2834=ORIENTED_EDGE('',*,*,#2077,.T.);
#2835=ORIENTED_EDGE('',*,*,#2078,.F.);
#2836=ORIENTED_EDGE('',*,*,#2079,.F.);
#2837=ORIENTED_EDGE('',*,*,#2080,.F.);
#2838=ORIENTED_EDGE('',*,*,#2081,.F.);
#2839=ORIENTED_EDGE('',*,*,#2082,.F.);
#2840=ORIENTED_EDGE('',*,*,#2083,.F.);
#2841=ORIENTED_EDGE('',*,*,#2084,.F.);
#2842=ORIENTED_EDGE('',*,*,#2085,.F.);
#2843=ORIENTED_EDGE('',*,*,#2086,.F.);
#2844=ORIENTED_EDGE('',*,*,#2087,.F.);
#2845=ORIENTED_EDGE('',*,*,#2088,.F.);
#2846=ORIENTED_EDGE('',*,*,#2089,.F.);
#2847=ORIENTED_EDGE('',*,*,#2090,.F.);
#2848=ORIENTED_EDGE('',*,*,#2091,.F.);
#2849=ORIENTED_EDGE('',*,*,#2092,.F.);
#2850=ORIENTED_EDGE('',*,*,#2093,.F.);
#2851=ORIENTED_EDGE('',*,*,#2094,.F.);
#2852=ORIENTED_EDGE('',*,*,#2045,.F.);
#2853=ORIENTED_EDGE('',*,*,#2049,.F.);
#2854=ORIENTED_EDGE('',*,*,#2050,.F.);
#2855=ORIENTED_EDGE('',*,*,#2053,.F.);
#2856=ORIENTED_EDGE('',*,*,#2056,.F.);
#2857=ORIENTED_EDGE('',*,*,#2062,.F.);
#2858=ORIENTED_EDGE('',*,*,#2065,.F.);
#2859=ORIENTED_EDGE('',*,*,#2060,.F.);
#2860=ORIENTED_EDGE('',*,*,#1986,.T.);
#2861=ORIENTED_EDGE('',*,*,#2014,.T.);
#2862=ORIENTED_EDGE('',*,*,#1741,.T.);
#2863=ORIENTED_EDGE('',*,*,#2095,.T.);
#2864=ORIENTED_EDGE('',*,*,#1987,.T.);
#2865=ORIENTED_EDGE('',*,*,#2095,.F.);
#2866=ORIENTED_EDGE('',*,*,#2096,.T.);
#2867=ORIENTED_EDGE('',*,*,#2097,.T.);
#2868=ORIENTED_EDGE('',*,*,#1988,.T.);
#2869=ORIENTED_EDGE('',*,*,#2097,.F.);
#2870=ORIENTED_EDGE('',*,*,#2098,.T.);
#2871=ORIENTED_EDGE('',*,*,#2099,.T.);
#2872=ORIENTED_EDGE('',*,*,#1989,.T.);
#2873=ORIENTED_EDGE('',*,*,#2099,.F.);
#2874=ORIENTED_EDGE('',*,*,#2100,.T.);
#2875=ORIENTED_EDGE('',*,*,#2101,.T.);
#2876=ORIENTED_EDGE('',*,*,#1990,.T.);
#2877=ORIENTED_EDGE('',*,*,#2101,.F.);
#2878=ORIENTED_EDGE('',*,*,#2102,.T.);
#2879=ORIENTED_EDGE('',*,*,#2103,.T.);
#2880=ORIENTED_EDGE('',*,*,#1991,.T.);
#2881=ORIENTED_EDGE('',*,*,#2103,.F.);
#2882=ORIENTED_EDGE('',*,*,#2010,.T.);
#2883=ORIENTED_EDGE('',*,*,#2104,.T.);
#2884=ORIENTED_EDGE('',*,*,#2013,.T.);
#2885=ORIENTED_EDGE('',*,*,#2026,.F.);
#2886=ORIENTED_EDGE('',*,*,#1992,.T.);
#2887=ORIENTED_EDGE('',*,*,#2104,.F.);
#2888=ORIENTED_EDGE('',*,*,#2075,.T.);
#2889=ORIENTED_EDGE('',*,*,#2105,.T.);
#2890=ORIENTED_EDGE('',*,*,#2041,.T.);
#2891=ORIENTED_EDGE('',*,*,#2106,.T.);
#2892=ORIENTED_EDGE('',*,*,#2107,.T.);
#2893=ORIENTED_EDGE('',*,*,#2108,.F.);
#2894=ORIENTED_EDGE('',*,*,#2042,.T.);
#2895=ORIENTED_EDGE('',*,*,#2105,.F.);
#2896=ORIENTED_EDGE('',*,*,#2073,.T.);
#2897=ORIENTED_EDGE('',*,*,#2106,.F.);
#2898=ORIENTED_EDGE('',*,*,#2040,.T.);
#2899=ORIENTED_EDGE('',*,*,#2109,.T.);
#2900=ORIENTED_EDGE('',*,*,#2071,.T.);
#2901=ORIENTED_EDGE('',*,*,#2109,.F.);
#2902=ORIENTED_EDGE('',*,*,#2039,.T.);
#2903=ORIENTED_EDGE('',*,*,#2110,.T.);
#2904=ORIENTED_EDGE('',*,*,#2068,.T.);
#2905=ORIENTED_EDGE('',*,*,#2110,.F.);
#2906=ORIENTED_EDGE('',*,*,#2038,.T.);
#2907=ORIENTED_EDGE('',*,*,#2111,.T.);
#2908=ORIENTED_EDGE('',*,*,#2112,.T.);
#2909=ORIENTED_EDGE('',*,*,#2111,.F.);
#2910=ORIENTED_EDGE('',*,*,#2037,.T.);
#2911=ORIENTED_EDGE('',*,*,#2113,.T.);
#2912=ORIENTED_EDGE('',*,*,#2036,.T.);
#2913=ORIENTED_EDGE('',*,*,#2114,.T.);
#2914=ORIENTED_EDGE('',*,*,#2115,.T.);
#2915=ORIENTED_EDGE('',*,*,#2113,.F.);
#2916=ORIENTED_EDGE('',*,*,#2059,.F.);
#2917=ORIENTED_EDGE('',*,*,#2116,.F.);
#2918=ORIENTED_EDGE('',*,*,#2107,.F.);
#2919=ORIENTED_EDGE('',*,*,#2074,.T.);
#2920=ORIENTED_EDGE('',*,*,#2057,.F.);
#2921=ORIENTED_EDGE('',*,*,#2069,.F.);
#2922=ORIENTED_EDGE('',*,*,#2112,.F.);
#2923=ORIENTED_EDGE('',*,*,#2117,.T.);
#2924=ORIENTED_EDGE('',*,*,#2063,.F.);
#2925=ORIENTED_EDGE('',*,*,#2117,.F.);
#2926=ORIENTED_EDGE('',*,*,#2115,.F.);
#2927=ORIENTED_EDGE('',*,*,#2118,.T.);
#2928=ORIENTED_EDGE('',*,*,#2119,.T.);
#2929=ORIENTED_EDGE('',*,*,#2120,.T.);
#2930=ORIENTED_EDGE('',*,*,#2079,.T.);
#2931=ORIENTED_EDGE('',*,*,#2121,.T.);
#2932=ORIENTED_EDGE('',*,*,#2122,.T.);
#2933=ORIENTED_EDGE('',*,*,#2123,.T.);
#2934=ORIENTED_EDGE('',*,*,#2080,.T.);
#2935=ORIENTED_EDGE('',*,*,#2120,.F.);
#2936=ORIENTED_EDGE('',*,*,#2081,.T.);
#2937=ORIENTED_EDGE('',*,*,#2123,.F.);
#2938=ORIENTED_EDGE('',*,*,#2124,.T.);
#2939=ORIENTED_EDGE('',*,*,#2125,.T.);
#2940=ORIENTED_EDGE('',*,*,#2082,.T.);
#2941=ORIENTED_EDGE('',*,*,#2125,.F.);
#2942=ORIENTED_EDGE('',*,*,#2126,.T.);
#2943=ORIENTED_EDGE('',*,*,#2127,.T.);
#2944=ORIENTED_EDGE('',*,*,#2083,.T.);
#2945=ORIENTED_EDGE('',*,*,#2127,.F.);
#2946=ORIENTED_EDGE('',*,*,#2128,.T.);
#2947=ORIENTED_EDGE('',*,*,#2129,.T.);
#2948=ORIENTED_EDGE('',*,*,#2130,.T.);
#2949=ORIENTED_EDGE('',*,*,#2121,.F.);
#2950=ORIENTED_EDGE('',*,*,#2086,.T.);
#2951=ORIENTED_EDGE('',*,*,#2131,.F.);
#2952=ORIENTED_EDGE('',*,*,#2084,.T.);
#2953=ORIENTED_EDGE('',*,*,#2129,.F.);
#2954=ORIENTED_EDGE('',*,*,#2132,.T.);
#2955=ORIENTED_EDGE('',*,*,#2133,.T.);
#2956=ORIENTED_EDGE('',*,*,#2085,.T.);
#2957=ORIENTED_EDGE('',*,*,#2133,.F.);
#2958=ORIENTED_EDGE('',*,*,#2134,.T.);
#2959=ORIENTED_EDGE('',*,*,#2131,.T.);
#2960=ORIENTED_EDGE('',*,*,#2126,.F.);
#2961=ORIENTED_EDGE('',*,*,#2135,.F.);
#2962=ORIENTED_EDGE('',*,*,#2136,.F.);
#2963=ORIENTED_EDGE('',*,*,#2137,.T.);
#2964=ORIENTED_EDGE('',*,*,#2124,.F.);
#2965=ORIENTED_EDGE('',*,*,#2138,.F.);
#2966=ORIENTED_EDGE('',*,*,#2139,.F.);
#2967=ORIENTED_EDGE('',*,*,#2135,.T.);
#2968=ORIENTED_EDGE('',*,*,#2122,.F.);
#2969=ORIENTED_EDGE('',*,*,#2140,.F.);
#2970=ORIENTED_EDGE('',*,*,#2141,.F.);
#2971=ORIENTED_EDGE('',*,*,#2138,.T.);
#2972=ORIENTED_EDGE('',*,*,#2119,.F.);
#2973=ORIENTED_EDGE('',*,*,#2142,.F.);
#2974=ORIENTED_EDGE('',*,*,#2143,.F.);
#2975=ORIENTED_EDGE('',*,*,#2140,.T.);
#2976=ORIENTED_EDGE('',*,*,#2029,.T.);
#2977=ORIENTED_EDGE('',*,*,#2144,.T.);
#2978=ORIENTED_EDGE('',*,*,#2145,.T.);
#2979=ORIENTED_EDGE('',*,*,#2146,.F.);
#2980=ORIENTED_EDGE('',*,*,#2027,.T.);
#2981=ORIENTED_EDGE('',*,*,#2147,.T.);
#2982=ORIENTED_EDGE('',*,*,#2143,.T.);
#2983=ORIENTED_EDGE('',*,*,#2148,.T.);
#2984=ORIENTED_EDGE('',*,*,#2034,.T.);
#2985=ORIENTED_EDGE('',*,*,#2149,.T.);
#2986=ORIENTED_EDGE('',*,*,#2141,.T.);
#2987=ORIENTED_EDGE('',*,*,#2147,.F.);
#2988=ORIENTED_EDGE('',*,*,#2033,.T.);
#2989=ORIENTED_EDGE('',*,*,#2150,.T.);
#2990=ORIENTED_EDGE('',*,*,#2139,.T.);
#2991=ORIENTED_EDGE('',*,*,#2149,.F.);
#2992=ORIENTED_EDGE('',*,*,#2136,.T.);
#2993=ORIENTED_EDGE('',*,*,#2150,.F.);
#2994=ORIENTED_EDGE('',*,*,#2032,.T.);
#2995=ORIENTED_EDGE('',*,*,#2151,.T.);
#2996=ORIENTED_EDGE('',*,*,#2152,.T.);
#2997=ORIENTED_EDGE('',*,*,#2151,.F.);
#2998=ORIENTED_EDGE('',*,*,#2031,.T.);
#2999=ORIENTED_EDGE('',*,*,#2153,.T.);
#3000=ORIENTED_EDGE('',*,*,#2154,.T.);
#3001=ORIENTED_EDGE('',*,*,#2153,.F.);
#3002=ORIENTED_EDGE('',*,*,#2030,.T.);
#3003=ORIENTED_EDGE('',*,*,#2146,.T.);
#3004=ORIENTED_EDGE('',*,*,#2028,.T.);
#3005=ORIENTED_EDGE('',*,*,#2148,.F.);
#3006=ORIENTED_EDGE('',*,*,#2155,.T.);
#3007=ORIENTED_EDGE('',*,*,#2144,.F.);
#3008=ORIENTED_EDGE('',*,*,#2132,.F.);
#3009=ORIENTED_EDGE('',*,*,#2156,.F.);
#3010=ORIENTED_EDGE('',*,*,#2154,.F.);
#3011=ORIENTED_EDGE('',*,*,#2157,.T.);
#3012=ORIENTED_EDGE('',*,*,#2134,.F.);
#3013=ORIENTED_EDGE('',*,*,#2157,.F.);
#3014=ORIENTED_EDGE('',*,*,#2145,.F.);
#3015=ORIENTED_EDGE('',*,*,#2158,.T.);
#3016=ORIENTED_EDGE('',*,*,#2130,.F.);
#3017=ORIENTED_EDGE('',*,*,#2158,.F.);
#3018=ORIENTED_EDGE('',*,*,#2155,.F.);
#3019=ORIENTED_EDGE('',*,*,#2142,.T.);
#3020=ORIENTED_EDGE('',*,*,#2159,.T.);
#3021=ORIENTED_EDGE('',*,*,#2160,.F.);
#3022=ORIENTED_EDGE('',*,*,#2023,.T.);
#3023=ORIENTED_EDGE('',*,*,#2161,.T.);
#3024=ORIENTED_EDGE('',*,*,#2022,.T.);
#3025=ORIENTED_EDGE('',*,*,#2162,.T.);
#3026=ORIENTED_EDGE('',*,*,#2163,.T.);
#3027=ORIENTED_EDGE('',*,*,#2161,.F.);
#3028=ORIENTED_EDGE('',*,*,#2021,.T.);
#3029=ORIENTED_EDGE('',*,*,#2164,.T.);
#3030=ORIENTED_EDGE('',*,*,#2165,.T.);
#3031=ORIENTED_EDGE('',*,*,#2162,.F.);
#3032=ORIENTED_EDGE('',*,*,#2020,.T.);
#3033=ORIENTED_EDGE('',*,*,#2166,.T.);
#3034=ORIENTED_EDGE('',*,*,#2167,.T.);
#3035=ORIENTED_EDGE('',*,*,#2164,.F.);
#3036=ORIENTED_EDGE('',*,*,#2018,.T.);
#3037=ORIENTED_EDGE('',*,*,#2168,.T.);
#3038=ORIENTED_EDGE('',*,*,#2169,.T.);
#3039=ORIENTED_EDGE('',*,*,#2170,.T.);
#3040=ORIENTED_EDGE('',*,*,#2017,.T.);
#3041=ORIENTED_EDGE('',*,*,#2171,.F.);
#3042=ORIENTED_EDGE('',*,*,#2172,.T.);
#3043=ORIENTED_EDGE('',*,*,#2168,.F.);
#3044=ORIENTED_EDGE('',*,*,#2019,.T.);
#3045=ORIENTED_EDGE('',*,*,#2170,.F.);
#3046=ORIENTED_EDGE('',*,*,#2173,.T.);
#3047=ORIENTED_EDGE('',*,*,#2166,.F.);
#3048=ORIENTED_EDGE('',*,*,#2159,.F.);
#3049=ORIENTED_EDGE('',*,*,#2174,.T.);
#3050=ORIENTED_EDGE('',*,*,#2175,.F.);
#3051=ORIENTED_EDGE('',*,*,#2176,.F.);
#3052=ORIENTED_EDGE('',*,*,#2163,.F.);
#3053=ORIENTED_EDGE('',*,*,#2177,.T.);
#3054=ORIENTED_EDGE('',*,*,#2178,.F.);
#3055=ORIENTED_EDGE('',*,*,#2174,.F.);
#3056=ORIENTED_EDGE('',*,*,#2165,.F.);
#3057=ORIENTED_EDGE('',*,*,#2179,.T.);
#3058=ORIENTED_EDGE('',*,*,#2180,.F.);
#3059=ORIENTED_EDGE('',*,*,#2177,.F.);
#3060=ORIENTED_EDGE('',*,*,#2167,.F.);
#3061=ORIENTED_EDGE('',*,*,#2181,.T.);
#3062=ORIENTED_EDGE('',*,*,#2182,.F.);
#3063=ORIENTED_EDGE('',*,*,#2179,.F.);
#3064=ORIENTED_EDGE('',*,*,#2173,.F.);
#3065=ORIENTED_EDGE('',*,*,#2183,.T.);
#3066=ORIENTED_EDGE('',*,*,#2184,.F.);
#3067=ORIENTED_EDGE('',*,*,#2181,.F.);
#3068=ORIENTED_EDGE('',*,*,#2169,.F.);
#3069=ORIENTED_EDGE('',*,*,#2185,.T.);
#3070=ORIENTED_EDGE('',*,*,#2186,.F.);
#3071=ORIENTED_EDGE('',*,*,#2183,.F.);
#3072=ORIENTED_EDGE('',*,*,#2172,.F.);
#3073=ORIENTED_EDGE('',*,*,#2187,.T.);
#3074=ORIENTED_EDGE('',*,*,#2188,.F.);
#3075=ORIENTED_EDGE('',*,*,#2185,.F.);
#3076=ORIENTED_EDGE('',*,*,#2175,.T.);
#3077=ORIENTED_EDGE('',*,*,#2189,.T.);
#3078=ORIENTED_EDGE('',*,*,#2090,.T.);
#3079=ORIENTED_EDGE('',*,*,#2190,.F.);
#3080=ORIENTED_EDGE('',*,*,#2087,.T.);
#3081=ORIENTED_EDGE('',*,*,#2191,.T.);
#3082=ORIENTED_EDGE('',*,*,#2186,.T.);
#3083=ORIENTED_EDGE('',*,*,#2192,.T.);
#3084=ORIENTED_EDGE('',*,*,#2178,.T.);
#3085=ORIENTED_EDGE('',*,*,#2193,.T.);
#3086=ORIENTED_EDGE('',*,*,#2091,.T.);
#3087=ORIENTED_EDGE('',*,*,#2189,.F.);
#3088=ORIENTED_EDGE('',*,*,#2180,.T.);
#3089=ORIENTED_EDGE('',*,*,#2194,.T.);
#3090=ORIENTED_EDGE('',*,*,#2092,.T.);
#3091=ORIENTED_EDGE('',*,*,#2193,.F.);
#3092=ORIENTED_EDGE('',*,*,#2093,.T.);
#3093=ORIENTED_EDGE('',*,*,#2194,.F.);
#3094=ORIENTED_EDGE('',*,*,#2182,.T.);
#3095=ORIENTED_EDGE('',*,*,#2195,.T.);
#3096=ORIENTED_EDGE('',*,*,#2094,.T.);
#3097=ORIENTED_EDGE('',*,*,#2195,.F.);
#3098=ORIENTED_EDGE('',*,*,#2184,.T.);
#3099=ORIENTED_EDGE('',*,*,#2191,.F.);
#3100=ORIENTED_EDGE('',*,*,#2088,.T.);
#3101=ORIENTED_EDGE('',*,*,#2192,.F.);
#3102=ORIENTED_EDGE('',*,*,#2188,.T.);
#3103=ORIENTED_EDGE('',*,*,#2196,.T.);
#3104=ORIENTED_EDGE('',*,*,#2089,.T.);
#3105=ORIENTED_EDGE('',*,*,#2196,.F.);
#3106=ORIENTED_EDGE('',*,*,#2197,.T.);
#3107=ORIENTED_EDGE('',*,*,#2190,.T.);
#3108=ORIENTED_EDGE('',*,*,#2197,.F.);
#3109=ORIENTED_EDGE('',*,*,#2187,.F.);
#3110=ORIENTED_EDGE('',*,*,#2198,.F.);
#3111=ORIENTED_EDGE('',*,*,#2199,.F.);
#3112=ORIENTED_EDGE('',*,*,#2160,.T.);
#3113=ORIENTED_EDGE('',*,*,#2176,.T.);
#3114=ORIENTED_EDGE('',*,*,#2008,.F.);
#3115=ORIENTED_EDGE('',*,*,#2200,.T.);
#3116=ORIENTED_EDGE('',*,*,#2096,.F.);
#3117=ORIENTED_EDGE('',*,*,#1740,.F.);
#3118=ORIENTED_EDGE('',*,*,#1996,.F.);
#3119=ORIENTED_EDGE('',*,*,#2201,.T.);
#3120=ORIENTED_EDGE('',*,*,#2098,.F.);
#3121=ORIENTED_EDGE('',*,*,#2200,.F.);
#3122=ORIENTED_EDGE('',*,*,#1999,.F.);
#3123=ORIENTED_EDGE('',*,*,#2202,.T.);
#3124=ORIENTED_EDGE('',*,*,#2100,.F.);
#3125=ORIENTED_EDGE('',*,*,#2201,.F.);
#3126=ORIENTED_EDGE('',*,*,#2001,.F.);
#3127=ORIENTED_EDGE('',*,*,#2011,.T.);
#3128=ORIENTED_EDGE('',*,*,#2102,.F.);
#3129=ORIENTED_EDGE('',*,*,#2202,.F.);
#3130=ORIENTED_EDGE('',*,*,#1737,.T.);
#3131=ORIENTED_EDGE('',*,*,#1767,.T.);
#3132=ORIENTED_EDGE('',*,*,#1981,.F.);
#3133=ORIENTED_EDGE('',*,*,#1943,.F.);
#3134=ORIENTED_EDGE('',*,*,#1928,.F.);
#3135=ORIENTED_EDGE('',*,*,#1750,.T.);
#3136=ORIENTED_EDGE('',*,*,#1916,.F.);
#3137=ORIENTED_EDGE('',*,*,#1938,.T.);
#3138=ORIENTED_EDGE('',*,*,#1971,.F.);
#3139=ORIENTED_EDGE('',*,*,#1747,.F.);
#3140=ORIENTED_EDGE('',*,*,#2066,.F.);
#3141=ORIENTED_EDGE('',*,*,#2118,.F.);
#3142=ORIENTED_EDGE('',*,*,#2114,.F.);
#3143=ORIENTED_EDGE('',*,*,#2035,.F.);
#3144=ORIENTED_EDGE('',*,*,#2108,.T.);
#3145=ORIENTED_EDGE('',*,*,#2116,.T.);
#3146=ORIENTED_EDGE('',*,*,#2128,.F.);
#3147=ORIENTED_EDGE('',*,*,#2137,.F.);
#3148=ORIENTED_EDGE('',*,*,#2152,.F.);
#3149=ORIENTED_EDGE('',*,*,#2156,.T.);
#3150=ORIENTED_EDGE('',*,*,#1854,.F.);
#3151=ORIENTED_EDGE('',*,*,#1866,.T.);
#3152=ORIENTED_EDGE('',*,*,#1881,.F.);
#3153=ORIENTED_EDGE('',*,*,#1885,.F.);
#3154=ORIENTED_EDGE('',*,*,#1793,.F.);
#3155=ORIENTED_EDGE('',*,*,#1810,.T.);
#3156=ORIENTED_EDGE('',*,*,#1842,.F.);
#3157=ORIENTED_EDGE('',*,*,#2203,.F.);
#3158=ORIENTED_EDGE('',*,*,#1790,.F.);
#3159=ORIENTED_EDGE('',*,*,#2203,.T.);
#3160=ORIENTED_EDGE('',*,*,#1838,.F.);
#3161=ORIENTED_EDGE('',*,*,#2204,.F.);
#3162=ORIENTED_EDGE('',*,*,#1806,.F.);
#3163=ORIENTED_EDGE('',*,*,#2205,.T.);
#3164=ORIENTED_EDGE('',*,*,#1846,.F.);
#3165=ORIENTED_EDGE('',*,*,#1815,.F.);
#3166=ORIENTED_EDGE('',*,*,#1786,.F.);
#3167=ORIENTED_EDGE('',*,*,#2204,.T.);
#3168=ORIENTED_EDGE('',*,*,#2206,.T.);
#3169=ORIENTED_EDGE('',*,*,#2207,.T.);
#3170=ORIENTED_EDGE('',*,*,#1847,.T.);
#3171=ORIENTED_EDGE('',*,*,#2205,.F.);
#3172=ORIENTED_EDGE('',*,*,#2208,.F.);
#3173=ORIENTED_EDGE('',*,*,#2209,.F.);
#3174=ORIENTED_EDGE('',*,*,#2210,.F.);
#3175=ORIENTED_EDGE('',*,*,#2211,.F.);
#3176=ORIENTED_EDGE('',*,*,#2212,.T.);
#3177=ORIENTED_EDGE('',*,*,#2208,.T.);
#3178=ORIENTED_EDGE('',*,*,#2213,.T.);
#3179=ORIENTED_EDGE('',*,*,#2214,.F.);
#3180=ORIENTED_EDGE('',*,*,#2077,.F.);
#3181=ORIENTED_EDGE('',*,*,#2215,.F.);
#3182=ORIENTED_EDGE('',*,*,#1817,.T.);
#3183=ORIENTED_EDGE('',*,*,#2216,.F.);
#3184=ORIENTED_EDGE('',*,*,#2217,.T.);
#3185=ORIENTED_EDGE('',*,*,#2218,.T.);
#3186=ORIENTED_EDGE('',*,*,#2015,.T.);
#3187=ORIENTED_EDGE('',*,*,#1984,.T.);
#3188=ORIENTED_EDGE('',*,*,#1764,.T.);
#3189=ORIENTED_EDGE('',*,*,#2219,.T.);
#3190=ORIENTED_EDGE('',*,*,#2220,.T.);
#3191=ORIENTED_EDGE('',*,*,#2216,.T.);
#3192=ORIENTED_EDGE('',*,*,#1820,.T.);
#3193=ORIENTED_EDGE('',*,*,#1947,.T.);
#3194=ORIENTED_EDGE('',*,*,#2078,.T.);
#3195=ORIENTED_EDGE('',*,*,#2214,.T.);
#3196=ORIENTED_EDGE('',*,*,#1720,.T.);
#3197=ORIENTED_EDGE('',*,*,#1727,.T.);
#3198=ORIENTED_EDGE('',*,*,#1730,.T.);
#3199=ORIENTED_EDGE('',*,*,#1733,.T.);
#3200=ORIENTED_EDGE('',*,*,#2213,.F.);
#3201=ORIENTED_EDGE('',*,*,#2211,.T.);
#3202=ORIENTED_EDGE('',*,*,#2221,.F.);
#3203=ORIENTED_EDGE('',*,*,#2217,.F.);
#3204=ORIENTED_EDGE('',*,*,#2222,.F.);
#3205=ORIENTED_EDGE('',*,*,#2209,.T.);
#3206=ORIENTED_EDGE('',*,*,#2212,.F.);
#3207=ORIENTED_EDGE('',*,*,#2220,.F.);
#3208=ORIENTED_EDGE('',*,*,#1755,.F.);
#3209=ORIENTED_EDGE('',*,*,#2223,.F.);
#3210=ORIENTED_EDGE('',*,*,#2024,.T.);
#3211=ORIENTED_EDGE('',*,*,#2199,.T.);
#3212=ORIENTED_EDGE('',*,*,#2198,.T.);
#3213=ORIENTED_EDGE('',*,*,#2171,.T.);
#3214=ORIENTED_EDGE('',*,*,#2016,.T.);
#3215=ORIENTED_EDGE('',*,*,#2218,.F.);
#3216=ORIENTED_EDGE('',*,*,#2221,.T.);
#3217=ORIENTED_EDGE('',*,*,#2210,.T.);
#3218=ORIENTED_EDGE('',*,*,#2222,.T.);
#3219=ORIENTED_EDGE('',*,*,#2219,.F.);
#3220=ORIENTED_EDGE('',*,*,#1763,.F.);
#3221=ORIENTED_EDGE('',*,*,#2207,.F.);
#3222=ORIENTED_EDGE('',*,*,#2206,.F.);
#3223=ORIENTED_EDGE('',*,*,#1837,.T.);
#3224=ORIENTED_EDGE('',*,*,#1945,.T.);
#3225=ORIENTED_EDGE('',*,*,#1818,.T.);
#3226=ORIENTED_EDGE('',*,*,#2215,.T.);
#3227=ORIENTED_EDGE('',*,*,#2076,.T.);
#3228=ORIENTED_EDGE('',*,*,#1994,.T.);
#3229=ORIENTED_EDGE('',*,*,#2025,.T.);
#3230=ORIENTED_EDGE('',*,*,#2223,.T.);
#3231=ORIENTED_EDGE('',*,*,#1754,.T.);
#3232=ORIENTED_EDGE('',*,*,#1731,.T.);
#3233=ORIENTED_EDGE('',*,*,#1728,.T.);
#3234=ORIENTED_EDGE('',*,*,#1725,.T.);
#3235=ORIENTED_EDGE('',*,*,#1718,.T.);
#3236=CYLINDRICAL_SURFACE('',#3580,1.6);
#3237=CYLINDRICAL_SURFACE('',#3585,1.6);
#3238=CYLINDRICAL_SURFACE('',#3588,1.6);
#3239=CYLINDRICAL_SURFACE('',#3591,1.6);
#3240=CYLINDRICAL_SURFACE('',#3603,0.5);
#3241=CYLINDRICAL_SURFACE('',#3606,0.5);
#3242=CYLINDRICAL_SURFACE('',#3608,0.5);
#3243=CYLINDRICAL_SURFACE('',#3610,0.5);
#3244=CYLINDRICAL_SURFACE('',#3613,0.5);
#3245=CYLINDRICAL_SURFACE('',#3615,0.5);
#3246=CYLINDRICAL_SURFACE('',#3617,0.5);
#3247=CYLINDRICAL_SURFACE('',#3618,0.5);
#3248=CYLINDRICAL_SURFACE('',#3624,0.5);
#3249=CYLINDRICAL_SURFACE('',#3627,0.5);
#3250=CYLINDRICAL_SURFACE('',#3630,0.5);
#3251=CYLINDRICAL_SURFACE('',#3632,0.5);
#3252=CYLINDRICAL_SURFACE('',#3634,0.5);
#3253=CYLINDRICAL_SURFACE('',#3636,0.5);
#3254=CYLINDRICAL_SURFACE('',#3637,0.5);
#3255=CYLINDRICAL_SURFACE('',#3639,0.5);
#3256=CYLINDRICAL_SURFACE('',#3642,0.5);
#3257=CYLINDRICAL_SURFACE('',#3644,0.5);
#3258=CYLINDRICAL_SURFACE('',#3646,0.5);
#3259=CYLINDRICAL_SURFACE('',#3649,0.5);
#3260=CYLINDRICAL_SURFACE('',#3651,0.5);
#3261=CYLINDRICAL_SURFACE('',#3653,0.5);
#3262=CYLINDRICAL_SURFACE('',#3654,0.5);
#3263=CYLINDRICAL_SURFACE('',#3659,0.5);
#3264=CYLINDRICAL_SURFACE('',#3662,0.5);
#3265=CYLINDRICAL_SURFACE('',#3664,0.5);
#3266=CYLINDRICAL_SURFACE('',#3666,0.5);
#3267=CYLINDRICAL_SURFACE('',#3668,0.5);
#3268=CYLINDRICAL_SURFACE('',#3670,0.5);
#3269=CYLINDRICAL_SURFACE('',#3672,0.5);
#3270=CYLINDRICAL_SURFACE('',#3674,0.5);
#3271=CYLINDRICAL_SURFACE('',#3678,0.5);
#3272=CYLINDRICAL_SURFACE('',#3681,0.5);
#3273=CYLINDRICAL_SURFACE('',#3683,0.5);
#3274=CYLINDRICAL_SURFACE('',#3685,0.5);
#3275=CYLINDRICAL_SURFACE('',#3687,0.5);
#3276=CYLINDRICAL_SURFACE('',#3689,0.5);
#3277=CYLINDRICAL_SURFACE('',#3691,0.5);
#3278=CYLINDRICAL_SURFACE('',#3693,0.5);
#3279=CYLINDRICAL_SURFACE('',#3700,0.5);
#3280=CYLINDRICAL_SURFACE('',#3703,0.5);
#3281=CYLINDRICAL_SURFACE('',#3705,0.5);
#3282=CYLINDRICAL_SURFACE('',#3707,0.5);
#3283=CYLINDRICAL_SURFACE('',#3710,0.5);
#3284=CYLINDRICAL_SURFACE('',#3712,0.5);
#3285=CYLINDRICAL_SURFACE('',#3713,0.5);
#3286=CYLINDRICAL_SURFACE('',#3715,0.5);
#3287=CYLINDRICAL_SURFACE('',#3721,0.5);
#3288=CYLINDRICAL_SURFACE('',#3724,0.5);
#3289=CYLINDRICAL_SURFACE('',#3726,0.5);
#3290=CYLINDRICAL_SURFACE('',#3728,0.5);
#3291=CYLINDRICAL_SURFACE('',#3730,0.5);
#3292=CYLINDRICAL_SURFACE('',#3732,0.5);
#3293=CYLINDRICAL_SURFACE('',#3733,0.5);
#3294=CYLINDRICAL_SURFACE('',#3738,0.5);
#3295=CYLINDRICAL_SURFACE('',#3740,0.5);
#3296=CYLINDRICAL_SURFACE('',#3742,0.5);
#3297=CYLINDRICAL_SURFACE('',#3744,0.5);
#3298=CYLINDRICAL_SURFACE('',#3746,0.5);
#3299=CYLINDRICAL_SURFACE('',#3749,0.5);
#3300=CYLINDRICAL_SURFACE('',#3750,0.5);
#3301=CYLINDRICAL_SURFACE('',#3752,0.5);
#3302=CYLINDRICAL_SURFACE('',#3755,0.5);
#3303=CYLINDRICAL_SURFACE('',#3757,0.5);
#3304=CYLINDRICAL_SURFACE('',#3759,0.5);
#3305=CYLINDRICAL_SURFACE('',#3762,0.5);
#3306=CYLINDRICAL_SURFACE('',#3764,0.5);
#3307=CYLINDRICAL_SURFACE('',#3766,0.5);
#3308=CYLINDRICAL_SURFACE('',#3767,0.5);
#3309=CYLINDRICAL_SURFACE('',#3773,0.5);
#3310=CYLINDRICAL_SURFACE('',#3776,0.5);
#3311=CYLINDRICAL_SURFACE('',#3778,0.5);
#3312=CYLINDRICAL_SURFACE('',#3780,0.5);
#3313=CYLINDRICAL_SURFACE('',#3782,0.5);
#3314=CYLINDRICAL_SURFACE('',#3784,0.5);
#3315=CYLINDRICAL_SURFACE('',#3786,0.5);
#3316=CYLINDRICAL_SURFACE('',#3788,0.5);
#3317=CYLINDRICAL_SURFACE('',#3794,0.5);
#3318=CYLINDRICAL_SURFACE('',#3796,0.5);
#3319=CYLINDRICAL_SURFACE('',#3798,0.5);
#3320=CYLINDRICAL_SURFACE('',#3800,0.5);
#3321=CYLINDRICAL_SURFACE('',#3802,0.5);
#3322=CYLINDRICAL_SURFACE('',#3804,0.5);
#3323=CYLINDRICAL_SURFACE('',#3806,0.5);
#3324=CYLINDRICAL_SURFACE('',#3807,0.5);
#3325=CYLINDRICAL_SURFACE('',#3810,0.5);
#3326=CYLINDRICAL_SURFACE('',#3812,0.5);
#3327=CYLINDRICAL_SURFACE('',#3814,0.5);
#3328=CYLINDRICAL_SURFACE('',#3816,0.5);
#3329=CYLINDRICAL_SURFACE('',#3818,0.5);
#3330=CYLINDRICAL_SURFACE('',#3820,0.5);
#3331=CYLINDRICAL_SURFACE('',#3825,0.5);
#3332=CYLINDRICAL_SURFACE('',#3828,0.5);
#3333=CYLINDRICAL_SURFACE('',#3830,0.5);
#3334=CYLINDRICAL_SURFACE('',#3832,0.5);
#3335=CYLINDRICAL_SURFACE('',#3834,0.5);
#3336=CYLINDRICAL_SURFACE('',#3836,0.5);
#3337=CYLINDRICAL_SURFACE('',#3838,0.5);
#3338=CYLINDRICAL_SURFACE('',#3840,0.5);
#3339=CYLINDRICAL_SURFACE('',#3845,0.5);
#3340=CYLINDRICAL_SURFACE('',#3848,0.5);
#3341=CYLINDRICAL_SURFACE('',#3851,0.5);
#3342=CYLINDRICAL_SURFACE('',#3853,0.5);
#3343=CYLINDRICAL_SURFACE('',#3855,0.5);
#3344=CYLINDRICAL_SURFACE('',#3857,0.5);
#3345=CYLINDRICAL_SURFACE('',#3859,0.5);
#3346=CYLINDRICAL_SURFACE('',#3860,0.5);
#3347=CYLINDRICAL_SURFACE('',#3864,0.5);
#3348=CYLINDRICAL_SURFACE('',#3867,0.5);
#3349=CYLINDRICAL_SURFACE('',#3869,0.5);
#3350=CYLINDRICAL_SURFACE('',#3871,0.5);
#3351=CYLINDRICAL_SURFACE('',#3873,0.5);
#3352=CYLINDRICAL_SURFACE('',#3876,0.5);
#3353=CYLINDRICAL_SURFACE('',#3878,0.5);
#3354=CYLINDRICAL_SURFACE('',#3886,0.5);
#3355=CYLINDRICAL_SURFACE('',#3889,0.5);
#3356=CYLINDRICAL_SURFACE('',#3892,0.5);
#3357=CYLINDRICAL_SURFACE('',#3894,0.5);
#3358=CYLINDRICAL_SURFACE('',#3896,0.5);
#3359=CYLINDRICAL_SURFACE('',#3898,0.5);
#3360=CYLINDRICAL_SURFACE('',#3899,0.5);
#3361=CYLINDRICAL_SURFACE('',#3901,0.5);
#3362=ADVANCED_FACE('',(#251,#96),#3236,.F.);
#3363=ADVANCED_FACE('',(#252),#3237,.F.);
#3364=ADVANCED_FACE('',(#253),#3238,.F.);
#3365=ADVANCED_FACE('',(#254,#97),#3239,.F.);
#3366=ADVANCED_FACE('',(#255),#19,.F.);
#3367=ADVANCED_FACE('',(#256),#20,.T.);
#3368=ADVANCED_FACE('',(#257),#21,.F.);
#3369=ADVANCED_FACE('',(#258),#22,.T.);
#3370=ADVANCED_FACE('',(#259,#98,#99),#23,.T.);
#3371=ADVANCED_FACE('',(#260),#3240,.T.);
#3372=ADVANCED_FACE('',(#261),#3241,.T.);
#3373=ADVANCED_FACE('',(#262),#3242,.T.);
#3374=ADVANCED_FACE('',(#263),#3243,.T.);
#3375=ADVANCED_FACE('',(#264),#3244,.T.);
#3376=ADVANCED_FACE('',(#265),#3245,.T.);
#3377=ADVANCED_FACE('',(#266),#3246,.T.);
#3378=ADVANCED_FACE('',(#267),#3247,.T.);
#3379=ADVANCED_FACE('',(#268),#24,.F.);
#3380=ADVANCED_FACE('',(#269),#25,.F.);
#3381=ADVANCED_FACE('',(#270),#26,.F.);
#3382=ADVANCED_FACE('',(#271),#27,.F.);
#3383=ADVANCED_FACE('',(#272,#100,#101,#102),#28,.T.);
#3384=ADVANCED_FACE('',(#273),#3248,.T.);
#3385=ADVANCED_FACE('',(#274),#3249,.T.);
#3386=ADVANCED_FACE('',(#275),#3250,.T.);
#3387=ADVANCED_FACE('',(#276),#3251,.T.);
#3388=ADVANCED_FACE('',(#277),#3252,.T.);
#3389=ADVANCED_FACE('',(#278),#3253,.T.);
#3390=ADVANCED_FACE('',(#279),#3254,.T.);
#3391=ADVANCED_FACE('',(#280),#3255,.T.);
#3392=ADVANCED_FACE('',(#281),#3256,.T.);
#3393=ADVANCED_FACE('',(#282),#3257,.T.);
#3394=ADVANCED_FACE('',(#283),#3258,.T.);
#3395=ADVANCED_FACE('',(#284),#3259,.T.);
#3396=ADVANCED_FACE('',(#285),#3260,.T.);
#3397=ADVANCED_FACE('',(#286),#3261,.T.);
#3398=ADVANCED_FACE('',(#287),#3262,.T.);
#3399=ADVANCED_FACE('',(#288),#29,.F.);
#3400=ADVANCED_FACE('',(#289),#30,.F.);
#3401=ADVANCED_FACE('',(#290),#31,.F.);
#3402=ADVANCED_FACE('',(#291),#32,.F.);
#3403=ADVANCED_FACE('',(#292),#3263,.T.);
#3404=ADVANCED_FACE('',(#293),#3264,.T.);
#3405=ADVANCED_FACE('',(#294),#3265,.T.);
#3406=ADVANCED_FACE('',(#295),#3266,.T.);
#3407=ADVANCED_FACE('',(#296),#3267,.T.);
#3408=ADVANCED_FACE('',(#297),#3268,.T.);
#3409=ADVANCED_FACE('',(#298),#3269,.T.);
#3410=ADVANCED_FACE('',(#299),#3270,.T.);
#3411=ADVANCED_FACE('',(#300),#33,.F.);
#3412=ADVANCED_FACE('',(#301),#34,.F.);
#3413=ADVANCED_FACE('',(#302),#35,.F.);
#3414=ADVANCED_FACE('',(#303),#3271,.T.);
#3415=ADVANCED_FACE('',(#304),#3272,.T.);
#3416=ADVANCED_FACE('',(#305),#3273,.T.);
#3417=ADVANCED_FACE('',(#306),#3274,.T.);
#3418=ADVANCED_FACE('',(#307),#3275,.T.);
#3419=ADVANCED_FACE('',(#308),#3276,.T.);
#3420=ADVANCED_FACE('',(#309),#3277,.T.);
#3421=ADVANCED_FACE('',(#310),#3278,.T.);
#3422=ADVANCED_FACE('',(#311),#36,.F.);
#3423=ADVANCED_FACE('',(#312),#37,.T.);
#3424=ADVANCED_FACE('',(#313),#38,.F.);
#3425=ADVANCED_FACE('',(#314),#39,.F.);
#3426=ADVANCED_FACE('',(#315),#3279,.T.);
#3427=ADVANCED_FACE('',(#316),#3280,.T.);
#3428=ADVANCED_FACE('',(#317),#3281,.T.);
#3429=ADVANCED_FACE('',(#318),#3282,.T.);
#3430=ADVANCED_FACE('',(#319),#3283,.T.);
#3431=ADVANCED_FACE('',(#320),#3284,.T.);
#3432=ADVANCED_FACE('',(#321),#3285,.T.);
#3433=ADVANCED_FACE('',(#322),#3286,.T.);
#3434=ADVANCED_FACE('',(#323),#40,.F.);
#3435=ADVANCED_FACE('',(#324),#41,.F.);
#3436=ADVANCED_FACE('',(#325),#42,.F.);
#3437=ADVANCED_FACE('',(#326),#43,.F.);
#3438=ADVANCED_FACE('',(#327,#103,#104),#44,.T.);
#3439=ADVANCED_FACE('',(#328),#3287,.T.);
#3440=ADVANCED_FACE('',(#329),#3288,.T.);
#3441=ADVANCED_FACE('',(#330),#3289,.T.);
#3442=ADVANCED_FACE('',(#331),#3290,.T.);
#3443=ADVANCED_FACE('',(#332),#3291,.T.);
#3444=ADVANCED_FACE('',(#333),#3292,.T.);
#3445=ADVANCED_FACE('',(#334),#3293,.T.);
#3446=ADVANCED_FACE('',(#335),#45,.F.);
#3447=ADVANCED_FACE('',(#336),#46,.F.);
#3448=ADVANCED_FACE('',(#337),#47,.F.);
#3449=ADVANCED_FACE('',(#338),#48,.F.);
#3450=ADVANCED_FACE('',(#339),#3294,.T.);
#3451=ADVANCED_FACE('',(#340),#3295,.T.);
#3452=ADVANCED_FACE('',(#341),#3296,.T.);
#3453=ADVANCED_FACE('',(#342),#3297,.T.);
#3454=ADVANCED_FACE('',(#343),#3298,.T.);
#3455=ADVANCED_FACE('',(#344),#3299,.T.);
#3456=ADVANCED_FACE('',(#345),#3300,.T.);
#3457=ADVANCED_FACE('',(#346),#49,.T.);
#3458=ADVANCED_FACE('',(#347),#3301,.T.);
#3459=ADVANCED_FACE('',(#348),#3302,.T.);
#3460=ADVANCED_FACE('',(#349),#3303,.T.);
#3461=ADVANCED_FACE('',(#350),#3304,.T.);
#3462=ADVANCED_FACE('',(#351),#3305,.T.);
#3463=ADVANCED_FACE('',(#352),#3306,.T.);
#3464=ADVANCED_FACE('',(#353),#3307,.T.);
#3465=ADVANCED_FACE('',(#354),#3308,.T.);
#3466=ADVANCED_FACE('',(#355),#50,.F.);
#3467=ADVANCED_FACE('',(#356),#51,.F.);
#3468=ADVANCED_FACE('',(#357,#105,#106),#52,.T.);
#3469=ADVANCED_FACE('',(#358),#3309,.T.);
#3470=ADVANCED_FACE('',(#359),#3310,.T.);
#3471=ADVANCED_FACE('',(#360),#3311,.T.);
#3472=ADVANCED_FACE('',(#361),#3312,.T.);
#3473=ADVANCED_FACE('',(#362),#3313,.T.);
#3474=ADVANCED_FACE('',(#363),#3314,.T.);
#3475=ADVANCED_FACE('',(#364),#3315,.T.);
#3476=ADVANCED_FACE('',(#365),#3316,.T.);
#3477=ADVANCED_FACE('',(#366),#53,.F.);
#3478=ADVANCED_FACE('',(#367),#54,.F.);
#3479=ADVANCED_FACE('',(#368),#55,.F.);
#3480=ADVANCED_FACE('',(#369),#56,.F.);
#3481=ADVANCED_FACE('',(#370,#107,#108,#109),#57,.T.);
#3482=ADVANCED_FACE('',(#371),#3317,.T.);
#3483=ADVANCED_FACE('',(#372),#3318,.T.);
#3484=ADVANCED_FACE('',(#373),#3319,.T.);
#3485=ADVANCED_FACE('',(#374),#3320,.T.);
#3486=ADVANCED_FACE('',(#375),#3321,.T.);
#3487=ADVANCED_FACE('',(#376),#3322,.T.);
#3488=ADVANCED_FACE('',(#377),#3323,.T.);
#3489=ADVANCED_FACE('',(#378),#3324,.T.);
#3490=ADVANCED_FACE('',(#379),#3325,.T.);
#3491=ADVANCED_FACE('',(#380),#3326,.T.);
#3492=ADVANCED_FACE('',(#381),#3327,.T.);
#3493=ADVANCED_FACE('',(#382),#3328,.T.);
#3494=ADVANCED_FACE('',(#383),#3329,.T.);
#3495=ADVANCED_FACE('',(#384),#3330,.T.);
#3496=ADVANCED_FACE('',(#385),#58,.F.);
#3497=ADVANCED_FACE('',(#386),#59,.F.);
#3498=ADVANCED_FACE('',(#387),#60,.F.);
#3499=ADVANCED_FACE('',(#388),#3331,.T.);
#3500=ADVANCED_FACE('',(#389),#3332,.T.);
#3501=ADVANCED_FACE('',(#390),#3333,.T.);
#3502=ADVANCED_FACE('',(#391),#3334,.T.);
#3503=ADVANCED_FACE('',(#392),#3335,.T.);
#3504=ADVANCED_FACE('',(#393),#3336,.T.);
#3505=ADVANCED_FACE('',(#394),#3337,.T.);
#3506=ADVANCED_FACE('',(#395),#3338,.T.);
#3507=ADVANCED_FACE('',(#396),#61,.F.);
#3508=ADVANCED_FACE('',(#397),#62,.F.);
#3509=ADVANCED_FACE('',(#398),#63,.F.);
#3510=ADVANCED_FACE('',(#399),#64,.F.);
#3511=ADVANCED_FACE('',(#400),#3339,.T.);
#3512=ADVANCED_FACE('',(#401),#3340,.T.);
#3513=ADVANCED_FACE('',(#402),#3341,.T.);
#3514=ADVANCED_FACE('',(#403),#3342,.T.);
#3515=ADVANCED_FACE('',(#404),#3343,.T.);
#3516=ADVANCED_FACE('',(#405),#3344,.T.);
#3517=ADVANCED_FACE('',(#406),#3345,.T.);
#3518=ADVANCED_FACE('',(#407),#3346,.T.);
#3519=ADVANCED_FACE('',(#408),#65,.F.);
#3520=ADVANCED_FACE('',(#409),#66,.F.);
#3521=ADVANCED_FACE('',(#410),#67,.F.);
#3522=ADVANCED_FACE('',(#411),#3347,.T.);
#3523=ADVANCED_FACE('',(#412),#3348,.T.);
#3524=ADVANCED_FACE('',(#413),#3349,.T.);
#3525=ADVANCED_FACE('',(#414),#3350,.T.);
#3526=ADVANCED_FACE('',(#415),#3351,.T.);
#3527=ADVANCED_FACE('',(#416),#3352,.T.);
#3528=ADVANCED_FACE('',(#417),#3353,.T.);
#3529=ADVANCED_FACE('',(#418),#68,.F.);
#3530=ADVANCED_FACE('',(#419),#69,.F.);
#3531=ADVANCED_FACE('',(#420),#70,.F.);
#3532=ADVANCED_FACE('',(#421),#71,.F.);
#3533=ADVANCED_FACE('',(#422),#72,.F.);
#3534=ADVANCED_FACE('',(#423),#73,.F.);
#3535=ADVANCED_FACE('',(#424),#74,.F.);
#3536=ADVANCED_FACE('',(#425),#3354,.T.);
#3537=ADVANCED_FACE('',(#426),#3355,.T.);
#3538=ADVANCED_FACE('',(#427),#3356,.T.);
#3539=ADVANCED_FACE('',(#428),#3357,.T.);
#3540=ADVANCED_FACE('',(#429),#3358,.T.);
#3541=ADVANCED_FACE('',(#430),#3359,.T.);
#3542=ADVANCED_FACE('',(#431),#3360,.T.);
#3543=ADVANCED_FACE('',(#432),#3361,.T.);
#3544=ADVANCED_FACE('',(#433),#75,.F.);
#3545=ADVANCED_FACE('',(#434),#76,.F.);
#3546=ADVANCED_FACE('',(#435),#77,.F.);
#3547=ADVANCED_FACE('',(#436),#78,.F.);
#3548=ADVANCED_FACE('',(#437),#79,.F.);
#3549=ADVANCED_FACE('',(#438),#80,.F.);
#3550=ADVANCED_FACE('',(#439),#81,.F.);
#3551=ADVANCED_FACE('',(#440),#82,.T.);
#3552=ADVANCED_FACE('',(#441),#83,.F.);
#3553=ADVANCED_FACE('',(#442),#84,.F.);
#3554=ADVANCED_FACE('',(#443),#85,.F.);
#3555=ADVANCED_FACE('',(#444),#86,.F.);
#3556=ADVANCED_FACE('',(#445),#87,.F.);
#3557=ADVANCED_FACE('',(#446),#88,.F.);
#3558=ADVANCED_FACE('',(#447),#89,.F.);
#3559=ADVANCED_FACE('',(#448),#90,.T.);
#3560=ADVANCED_FACE('',(#449,#110,#111,#112,#113),#91,.T.);
#3561=ADVANCED_FACE('',(#450),#92,.F.);
#3562=ADVANCED_FACE('',(#451),#93,.F.);
#3563=ADVANCED_FACE('',(#452),#94,.T.);
#3564=ADVANCED_FACE('',(#453,#114,#115,#116,#117,#118),#95,.T.);
#3565=CLOSED_SHELL('',(#3362,#3363,#3364,#3365,#3366,#3367,#3368,#3369,
#3370,#3371,#3372,#3373,#3374,#3375,#3376,#3377,#3378,#3379,#3380,#3381,
#3382,#3383,#3384,#3385,#3386,#3387,#3388,#3389,#3390,#3391,#3392,#3393,
#3394,#3395,#3396,#3397,#3398,#3399,#3400,#3401,#3402,#3403,#3404,#3405,
#3406,#3407,#3408,#3409,#3410,#3411,#3412,#3413,#3414,#3415,#3416,#3417,
#3418,#3419,#3420,#3421,#3422,#3423,#3424,#3425,#3426,#3427,#3428,#3429,
#3430,#3431,#3432,#3433,#3434,#3435,#3436,#3437,#3438,#3439,#3440,#3441,
#3442,#3443,#3444,#3445,#3446,#3447,#3448,#3449,#3450,#3451,#3452,#3453,
#3454,#3455,#3456,#3457,#3458,#3459,#3460,#3461,#3462,#3463,#3464,#3465,
#3466,#3467,#3468,#3469,#3470,#3471,#3472,#3473,#3474,#3475,#3476,#3477,
#3478,#3479,#3480,#3481,#3482,#3483,#3484,#3485,#3486,#3487,#3488,#3489,
#3490,#3491,#3492,#3493,#3494,#3495,#3496,#3497,#3498,#3499,#3500,#3501,
#3502,#3503,#3504,#3505,#3506,#3507,#3508,#3509,#3510,#3511,#3512,#3513,
#3514,#3515,#3516,#3517,#3518,#3519,#3520,#3521,#3522,#3523,#3524,#3525,
#3526,#3527,#3528,#3529,#3530,#3531,#3532,#3533,#3534,#3535,#3536,#3537,
#3538,#3539,#3540,#3541,#3542,#3543,#3544,#3545,#3546,#3547,#3548,#3549,
#3550,#3551,#3552,#3553,#3554,#3555,#3556,#3557,#3558,#3559,#3560,#3561,
#3562,#3563,#3564));
#3566=DERIVED_UNIT_ELEMENT(#3568,1.);
#3567=DERIVED_UNIT_ELEMENT(#5999,-3.);
#3568=(
MASS_UNIT()
NAMED_UNIT(*)
SI_UNIT(.KILO.,.GRAM.)
);
#3569=DERIVED_UNIT((#3566,#3567));
#3570=MEASURE_REPRESENTATION_ITEM('density measure',
POSITIVE_RATIO_MEASURE(7850.),#3569);
#3571=PROPERTY_DEFINITION_REPRESENTATION(#3576,#3573);
#3572=PROPERTY_DEFINITION_REPRESENTATION(#3577,#3574);
#3573=REPRESENTATION('material name',(#3575),#5996);
#3574=REPRESENTATION('density',(#3570),#5996);
#3575=DESCRIPTIVE_REPRESENTATION_ITEM('Steel','Steel');
#3576=PROPERTY_DEFINITION('material property','material name',#6011);
#3577=PROPERTY_DEFINITION('material property','density of part',#6011);
#3578=AXIS2_PLACEMENT_3D('',#4982,#3924,#3925);
#3579=AXIS2_PLACEMENT_3D('',#4983,#3926,#3927);
#3580=AXIS2_PLACEMENT_3D('',#4984,#3928,#3929);
#3581=AXIS2_PLACEMENT_3D('',#4986,#3930,#3931);
#3582=AXIS2_PLACEMENT_3D('',#4989,#3933,#3934);
#3583=AXIS2_PLACEMENT_3D('',#4992,#3935,#3936);
#3584=AXIS2_PLACEMENT_3D('',#4996,#3938,#3939);
#3585=AXIS2_PLACEMENT_3D('',#4998,#3941,#3942);
#3586=AXIS2_PLACEMENT_3D('',#5000,#3943,#3944);
#3587=AXIS2_PLACEMENT_3D('',#5003,#3946,#3947);
#3588=AXIS2_PLACEMENT_3D('',#5004,#3948,#3949);
#3589=AXIS2_PLACEMENT_3D('',#5006,#3950,#3951);
#3590=AXIS2_PLACEMENT_3D('',#5009,#3953,#3954);
#3591=AXIS2_PLACEMENT_3D('',#5010,#3955,#3956);
#3592=AXIS2_PLACEMENT_3D('',#5012,#3957,#3958);
#3593=AXIS2_PLACEMENT_3D('',#5015,#3960,#3961);
#3594=AXIS2_PLACEMENT_3D('',#5020,#3963,#3964);
#3595=AXIS2_PLACEMENT_3D('',#5023,#3966,#3967);
#3596=AXIS2_PLACEMENT_3D('',#5024,#3968,#3969);
#3597=AXIS2_PLACEMENT_3D('',#5034,#3975,#3976);
#3598=AXIS2_PLACEMENT_3D('',#5038,#3979,#3980);
#3599=AXIS2_PLACEMENT_3D('',#5048,#3986,#3987);
#3600=AXIS2_PLACEMENT_3D('',#5052,#3990,#3991);
#3601=AXIS2_PLACEMENT_3D('',#5054,#3992,#3993);
#3602=AXIS2_PLACEMENT_3D('',#5082,#4007,#4008);
#3603=AXIS2_PLACEMENT_3D('',#5116,#4026,#4027);
#3604=AXIS2_PLACEMENT_3D('',#5121,#4029,#4030);
#3605=AXIS2_PLACEMENT_3D('',#5124,#4032,#4033);
#3606=AXIS2_PLACEMENT_3D('',#5125,#4034,#4035);
#3607=AXIS2_PLACEMENT_3D('',#5129,#4037,#4038);
#3608=AXIS2_PLACEMENT_3D('',#5131,#4040,#4041);
#3609=AXIS2_PLACEMENT_3D('',#5135,#4043,#4044);
#3610=AXIS2_PLACEMENT_3D('',#5137,#4046,#4047);
#3611=AXIS2_PLACEMENT_3D('',#5142,#4049,#4050);
#3612=AXIS2_PLACEMENT_3D('',#5145,#4052,#4053);
#3613=AXIS2_PLACEMENT_3D('',#5146,#4054,#4055);
#3614=AXIS2_PLACEMENT_3D('',#5150,#4057,#4058);
#3615=AXIS2_PLACEMENT_3D('',#5152,#4060,#4061);
#3616=AXIS2_PLACEMENT_3D('',#5156,#4063,#4064);
#3617=AXIS2_PLACEMENT_3D('',#5158,#4066,#4067);
#3618=AXIS2_PLACEMENT_3D('',#5161,#4070,#4071);
#3619=AXIS2_PLACEMENT_3D('',#5164,#4074,#4075);
#3620=AXIS2_PLACEMENT_3D('',#5170,#4079,#4080);
#3621=AXIS2_PLACEMENT_3D('',#5174,#4083,#4084);
#3622=AXIS2_PLACEMENT_3D('',#5178,#4087,#4088);
#3623=AXIS2_PLACEMENT_3D('',#5182,#4091,#4092);
#3624=AXIS2_PLACEMENT_3D('',#5223,#4113,#4114);
#3625=AXIS2_PLACEMENT_3D('',#5225,#4115,#4116);
#3626=AXIS2_PLACEMENT_3D('',#5228,#4118,#4119);
#3627=AXIS2_PLACEMENT_3D('',#5229,#4120,#4121);
#3628=AXIS2_PLACEMENT_3D('',#5230,#4122,#4123);
#3629=AXIS2_PLACEMENT_3D('',#5231,#4124,#4125);
#3630=AXIS2_PLACEMENT_3D('',#5232,#4126,#4127);
#3631=AXIS2_PLACEMENT_3D('',#5234,#4129,#4130);
#3632=AXIS2_PLACEMENT_3D('',#5235,#4131,#4132);
#3633=AXIS2_PLACEMENT_3D('',#5236,#4133,#4134);
#3634=AXIS2_PLACEMENT_3D('',#5237,#4135,#4136);
#3635=AXIS2_PLACEMENT_3D('',#5238,#4137,#4138);
#3636=AXIS2_PLACEMENT_3D('',#5239,#4139,#4140);
#3637=AXIS2_PLACEMENT_3D('',#5240,#4141,#4142);
#3638=AXIS2_PLACEMENT_3D('',#5243,#4144,#4145);
#3639=AXIS2_PLACEMENT_3D('',#5244,#4146,#4147);
#3640=AXIS2_PLACEMENT_3D('',#5246,#4148,#4149);
#3641=AXIS2_PLACEMENT_3D('',#5249,#4151,#4152);
#3642=AXIS2_PLACEMENT_3D('',#5250,#4153,#4154);
#3643=AXIS2_PLACEMENT_3D('',#5252,#4155,#4156);
#3644=AXIS2_PLACEMENT_3D('',#5254,#4158,#4159);
#3645=AXIS2_PLACEMENT_3D('',#5256,#4160,#4161);
#3646=AXIS2_PLACEMENT_3D('',#5258,#4163,#4164);
#3647=AXIS2_PLACEMENT_3D('',#5262,#4166,#4167);
#3648=AXIS2_PLACEMENT_3D('',#5263,#4168,#4169);
#3649=AXIS2_PLACEMENT_3D('',#5264,#4170,#4171);
#3650=AXIS2_PLACEMENT_3D('',#5266,#4172,#4173);
#3651=AXIS2_PLACEMENT_3D('',#5268,#4175,#4176);
#3652=AXIS2_PLACEMENT_3D('',#5270,#4177,#4178);
#3653=AXIS2_PLACEMENT_3D('',#5272,#4180,#4181);
#3654=AXIS2_PLACEMENT_3D('',#5274,#4183,#4184);
#3655=AXIS2_PLACEMENT_3D('',#5276,#4186,#4187);
#3656=AXIS2_PLACEMENT_3D('',#5282,#4191,#4192);
#3657=AXIS2_PLACEMENT_3D('',#5286,#4195,#4196);
#3658=AXIS2_PLACEMENT_3D('',#5290,#4199,#4200);
#3659=AXIS2_PLACEMENT_3D('',#5294,#4203,#4204);
#3660=AXIS2_PLACEMENT_3D('',#5295,#4205,#4206);
#3661=AXIS2_PLACEMENT_3D('',#5296,#4207,#4208);
#3662=AXIS2_PLACEMENT_3D('',#5297,#4209,#4210);
#3663=AXIS2_PLACEMENT_3D('',#5300,#4212,#4213);
#3664=AXIS2_PLACEMENT_3D('',#5301,#4214,#4215);
#3665=AXIS2_PLACEMENT_3D('',#5304,#4217,#4218);
#3666=AXIS2_PLACEMENT_3D('',#5305,#4219,#4220);
#3667=AXIS2_PLACEMENT_3D('',#5308,#4222,#4223);
#3668=AXIS2_PLACEMENT_3D('',#5309,#4224,#4225);
#3669=AXIS2_PLACEMENT_3D('',#5311,#4227,#4228);
#3670=AXIS2_PLACEMENT_3D('',#5312,#4229,#4230);
#3671=AXIS2_PLACEMENT_3D('',#5313,#4231,#4232);
#3672=AXIS2_PLACEMENT_3D('',#5314,#4233,#4234);
#3673=AXIS2_PLACEMENT_3D('',#5315,#4235,#4236);
#3674=AXIS2_PLACEMENT_3D('',#5316,#4237,#4238);
#3675=AXIS2_PLACEMENT_3D('',#5317,#4239,#4240);
#3676=AXIS2_PLACEMENT_3D('',#5320,#4243,#4244);
#3677=AXIS2_PLACEMENT_3D('',#5322,#4246,#4247);
#3678=AXIS2_PLACEMENT_3D('',#5323,#4248,#4249);
#3679=AXIS2_PLACEMENT_3D('',#5325,#4250,#4251);
#3680=AXIS2_PLACEMENT_3D('',#5328,#4253,#4254);
#3681=AXIS2_PLACEMENT_3D('',#5329,#4255,#4256);
#3682=AXIS2_PLACEMENT_3D('',#5331,#4257,#4258);
#3683=AXIS2_PLACEMENT_3D('',#5333,#4260,#4261);
#3684=AXIS2_PLACEMENT_3D('',#5335,#4262,#4263);
#3685=AXIS2_PLACEMENT_3D('',#5337,#4265,#4266);
#3686=AXIS2_PLACEMENT_3D('',#5339,#4267,#4268);
#3687=AXIS2_PLACEMENT_3D('',#5341,#4270,#4271);
#3688=AXIS2_PLACEMENT_3D('',#5343,#4272,#4273);
#3689=AXIS2_PLACEMENT_3D('',#5345,#4275,#4276);
#3690=AXIS2_PLACEMENT_3D('',#5348,#4278,#4279);
#3691=AXIS2_PLACEMENT_3D('',#5349,#4280,#4281);
#3692=AXIS2_PLACEMENT_3D('',#5352,#4283,#4284);
#3693=AXIS2_PLACEMENT_3D('',#5353,#4285,#4286);
#3694=AXIS2_PLACEMENT_3D('',#5355,#4288,#4289);
#3695=AXIS2_PLACEMENT_3D('',#5361,#4293,#4294);
#3696=AXIS2_PLACEMENT_3D('',#5364,#4296,#4297);
#3697=AXIS2_PLACEMENT_3D('',#5365,#4298,#4299);
#3698=AXIS2_PLACEMENT_3D('',#5366,#4300,#4301);
#3699=AXIS2_PLACEMENT_3D('',#5370,#4304,#4305);
#3700=AXIS2_PLACEMENT_3D('',#5374,#4308,#4309);
#3701=AXIS2_PLACEMENT_3D('',#5379,#4311,#4312);
#3702=AXIS2_PLACEMENT_3D('',#5381,#4314,#4315);
#3703=AXIS2_PLACEMENT_3D('',#5382,#4316,#4317);
#3704=AXIS2_PLACEMENT_3D('',#5386,#4319,#4320);
#3705=AXIS2_PLACEMENT_3D('',#5388,#4322,#4323);
#3706=AXIS2_PLACEMENT_3D('',#5392,#4325,#4326);
#3707=AXIS2_PLACEMENT_3D('',#5394,#4328,#4329);
#3708=AXIS2_PLACEMENT_3D('',#5399,#4331,#4332);
#3709=AXIS2_PLACEMENT_3D('',#5402,#4334,#4335);
#3710=AXIS2_PLACEMENT_3D('',#5403,#4336,#4337);
#3711=AXIS2_PLACEMENT_3D('',#5407,#4340,#4341);
#3712=AXIS2_PLACEMENT_3D('',#5408,#4342,#4343);
#3713=AXIS2_PLACEMENT_3D('',#5411,#4346,#4347);
#3714=AXIS2_PLACEMENT_3D('',#5414,#4349,#4350);
#3715=AXIS2_PLACEMENT_3D('',#5415,#4351,#4352);
#3716=AXIS2_PLACEMENT_3D('',#5417,#4354,#4355);
#3717=AXIS2_PLACEMENT_3D('',#5423,#4359,#4360);
#3718=AXIS2_PLACEMENT_3D('',#5427,#4363,#4364);
#3719=AXIS2_PLACEMENT_3D('',#5431,#4367,#4368);
#3720=AXIS2_PLACEMENT_3D('',#5435,#4371,#4372);
#3721=AXIS2_PLACEMENT_3D('',#5457,#4384,#4385);
#3722=AXIS2_PLACEMENT_3D('',#5458,#4386,#4387);
#3723=AXIS2_PLACEMENT_3D('',#5459,#4388,#4389);
#3724=AXIS2_PLACEMENT_3D('',#5460,#4390,#4391);
#3725=AXIS2_PLACEMENT_3D('',#5463,#4393,#4394);
#3726=AXIS2_PLACEMENT_3D('',#5464,#4395,#4396);
#3727=AXIS2_PLACEMENT_3D('',#5467,#4398,#4399);
#3728=AXIS2_PLACEMENT_3D('',#5468,#4400,#4401);
#3729=AXIS2_PLACEMENT_3D('',#5471,#4403,#4404);
#3730=AXIS2_PLACEMENT_3D('',#5472,#4405,#4406);
#3731=AXIS2_PLACEMENT_3D('',#5474,#4408,#4409);
#3732=AXIS2_PLACEMENT_3D('',#5475,#4410,#4411);
#3733=AXIS2_PLACEMENT_3D('',#5476,#4412,#4413);
#3734=AXIS2_PLACEMENT_3D('',#5477,#4414,#4415);
#3735=AXIS2_PLACEMENT_3D('',#5479,#4417,#4418);
#3736=AXIS2_PLACEMENT_3D('',#5481,#4420,#4421);
#3737=AXIS2_PLACEMENT_3D('',#5483,#4423,#4424);
#3738=AXIS2_PLACEMENT_3D('',#5484,#4425,#4426);
#3739=AXIS2_PLACEMENT_3D('',#5487,#4428,#4429);
#3740=AXIS2_PLACEMENT_3D('',#5488,#4430,#4431);
#3741=AXIS2_PLACEMENT_3D('',#5491,#4433,#4434);
#3742=AXIS2_PLACEMENT_3D('',#5493,#4436,#4437);
#3743=AXIS2_PLACEMENT_3D('',#5495,#4438,#4439);
#3744=AXIS2_PLACEMENT_3D('',#5497,#4441,#4442);
#3745=AXIS2_PLACEMENT_3D('',#5499,#4443,#4444);
#3746=AXIS2_PLACEMENT_3D('',#5501,#4446,#4447);
#3747=AXIS2_PLACEMENT_3D('',#5503,#4448,#4449);
#3748=AXIS2_PLACEMENT_3D('',#5506,#4451,#4452);
#3749=AXIS2_PLACEMENT_3D('',#5507,#4453,#4454);
#3750=AXIS2_PLACEMENT_3D('',#5510,#4457,#4458);
#3751=AXIS2_PLACEMENT_3D('',#5512,#4460,#4461);
#3752=AXIS2_PLACEMENT_3D('',#5534,#4473,#4474);
#3753=AXIS2_PLACEMENT_3D('',#5536,#4475,#4476);
#3754=AXIS2_PLACEMENT_3D('',#5539,#4478,#4479);
#3755=AXIS2_PLACEMENT_3D('',#5540,#4480,#4481);
#3756=AXIS2_PLACEMENT_3D('',#5542,#4482,#4483);
#3757=AXIS2_PLACEMENT_3D('',#5544,#4485,#4486);
#3758=AXIS2_PLACEMENT_3D('',#5546,#4487,#4488);
#3759=AXIS2_PLACEMENT_3D('',#5548,#4490,#4491);
#3760=AXIS2_PLACEMENT_3D('',#5549,#4492,#4493);
#3761=AXIS2_PLACEMENT_3D('',#5550,#4494,#4495);
#3762=AXIS2_PLACEMENT_3D('',#5551,#4496,#4497);
#3763=AXIS2_PLACEMENT_3D('',#5553,#4498,#4499);
#3764=AXIS2_PLACEMENT_3D('',#5555,#4501,#4502);
#3765=AXIS2_PLACEMENT_3D('',#5556,#4503,#4504);
#3766=AXIS2_PLACEMENT_3D('',#5558,#4506,#4507);
#3767=AXIS2_PLACEMENT_3D('',#5559,#4508,#4509);
#3768=AXIS2_PLACEMENT_3D('',#5561,#4511,#4512);
#3769=AXIS2_PLACEMENT_3D('',#5567,#4516,#4517);
#3770=AXIS2_PLACEMENT_3D('',#5571,#4520,#4521);
#3771=AXIS2_PLACEMENT_3D('',#5572,#4522,#4523);
#3772=AXIS2_PLACEMENT_3D('',#5594,#4535,#4536);
#3773=AXIS2_PLACEMENT_3D('',#5627,#4553,#4554);
#3774=AXIS2_PLACEMENT_3D('',#5632,#4556,#4557);
#3775=AXIS2_PLACEMENT_3D('',#5635,#4559,#4560);
#3776=AXIS2_PLACEMENT_3D('',#5636,#4561,#4562);
#3777=AXIS2_PLACEMENT_3D('',#5640,#4564,#4565);
#3778=AXIS2_PLACEMENT_3D('',#5642,#4567,#4568);
#3779=AXIS2_PLACEMENT_3D('',#5647,#4571,#4572);
#3780=AXIS2_PLACEMENT_3D('',#5648,#4573,#4574);
#3781=AXIS2_PLACEMENT_3D('',#5653,#4577,#4578);
#3782=AXIS2_PLACEMENT_3D('',#5654,#4579,#4580);
#3783=AXIS2_PLACEMENT_3D('',#5659,#4583,#4584);
#3784=AXIS2_PLACEMENT_3D('',#5660,#4585,#4586);
#3785=AXIS2_PLACEMENT_3D('',#5665,#4589,#4590);
#3786=AXIS2_PLACEMENT_3D('',#5666,#4591,#4592);
#3787=AXIS2_PLACEMENT_3D('',#5671,#4595,#4596);
#3788=AXIS2_PLACEMENT_3D('',#5672,#4597,#4598);
#3789=AXIS2_PLACEMENT_3D('',#5675,#4601,#4602);
#3790=AXIS2_PLACEMENT_3D('',#5681,#4606,#4607);
#3791=AXIS2_PLACEMENT_3D('',#5685,#4610,#4611);
#3792=AXIS2_PLACEMENT_3D('',#5689,#4614,#4615);
#3793=AXIS2_PLACEMENT_3D('',#5693,#4618,#4619);
#3794=AXIS2_PLACEMENT_3D('',#5731,#4639,#4640);
#3795=AXIS2_PLACEMENT_3D('',#5732,#4641,#4642);
#3796=AXIS2_PLACEMENT_3D('',#5733,#4643,#4644);
#3797=AXIS2_PLACEMENT_3D('',#5736,#4646,#4647);
#3798=AXIS2_PLACEMENT_3D('',#5737,#4648,#4649);
#3799=AXIS2_PLACEMENT_3D('',#5740,#4651,#4652);
#3800=AXIS2_PLACEMENT_3D('',#5741,#4653,#4654);
#3801=AXIS2_PLACEMENT_3D('',#5744,#4656,#4657);
#3802=AXIS2_PLACEMENT_3D('',#5745,#4658,#4659);
#3803=AXIS2_PLACEMENT_3D('',#5747,#4661,#4662);
#3804=AXIS2_PLACEMENT_3D('',#5748,#4663,#4664);
#3805=AXIS2_PLACEMENT_3D('',#5749,#4665,#4666);
#3806=AXIS2_PLACEMENT_3D('',#5750,#4667,#4668);
#3807=AXIS2_PLACEMENT_3D('',#5751,#4669,#4670);
#3808=AXIS2_PLACEMENT_3D('',#5752,#4671,#4672);
#3809=AXIS2_PLACEMENT_3D('',#5753,#4673,#4674);
#3810=AXIS2_PLACEMENT_3D('',#5754,#4675,#4676);
#3811=AXIS2_PLACEMENT_3D('',#5757,#4678,#4679);
#3812=AXIS2_PLACEMENT_3D('',#5758,#4680,#4681);
#3813=AXIS2_PLACEMENT_3D('',#5759,#4682,#4683);
#3814=AXIS2_PLACEMENT_3D('',#5760,#4684,#4685);
#3815=AXIS2_PLACEMENT_3D('',#5761,#4686,#4687);
#3816=AXIS2_PLACEMENT_3D('',#5762,#4688,#4689);
#3817=AXIS2_PLACEMENT_3D('',#5763,#4690,#4691);
#3818=AXIS2_PLACEMENT_3D('',#5764,#4692,#4693);
#3819=AXIS2_PLACEMENT_3D('',#5767,#4695,#4696);
#3820=AXIS2_PLACEMENT_3D('',#5768,#4697,#4698);
#3821=AXIS2_PLACEMENT_3D('',#5770,#4699,#4700);
#3822=AXIS2_PLACEMENT_3D('',#5772,#4702,#4703);
#3823=AXIS2_PLACEMENT_3D('',#5774,#4705,#4706);
#3824=AXIS2_PLACEMENT_3D('',#5776,#4708,#4709);
#3825=AXIS2_PLACEMENT_3D('',#5778,#4711,#4712);
#3826=AXIS2_PLACEMENT_3D('',#5782,#4714,#4715);
#3827=AXIS2_PLACEMENT_3D('',#5783,#4716,#4717);
#3828=AXIS2_PLACEMENT_3D('',#5784,#4718,#4719);
#3829=AXIS2_PLACEMENT_3D('',#5787,#4721,#4722);
#3830=AXIS2_PLACEMENT_3D('',#5788,#4723,#4724);
#3831=AXIS2_PLACEMENT_3D('',#5791,#4726,#4727);
#3832=AXIS2_PLACEMENT_3D('',#5792,#4728,#4729);
#3833=AXIS2_PLACEMENT_3D('',#5795,#4731,#4732);
#3834=AXIS2_PLACEMENT_3D('',#5796,#4733,#4734);
#3835=AXIS2_PLACEMENT_3D('',#5799,#4736,#4737);
#3836=AXIS2_PLACEMENT_3D('',#5800,#4738,#4739);
#3837=AXIS2_PLACEMENT_3D('',#5803,#4741,#4742);
#3838=AXIS2_PLACEMENT_3D('',#5804,#4743,#4744);
#3839=AXIS2_PLACEMENT_3D('',#5807,#4746,#4747);
#3840=AXIS2_PLACEMENT_3D('',#5808,#4748,#4749);
#3841=AXIS2_PLACEMENT_3D('',#5810,#4751,#4752);
#3842=AXIS2_PLACEMENT_3D('',#5816,#4756,#4757);
#3843=AXIS2_PLACEMENT_3D('',#5820,#4760,#4761);
#3844=AXIS2_PLACEMENT_3D('',#5824,#4764,#4765);
#3845=AXIS2_PLACEMENT_3D('',#5828,#4768,#4769);
#3846=AXIS2_PLACEMENT_3D('',#5830,#4770,#4771);
#3847=AXIS2_PLACEMENT_3D('',#5833,#4773,#4774);
#3848=AXIS2_PLACEMENT_3D('',#5834,#4775,#4776);
#3849=AXIS2_PLACEMENT_3D('',#5835,#4777,#4778);
#3850=AXIS2_PLACEMENT_3D('',#5836,#4779,#4780);
#3851=AXIS2_PLACEMENT_3D('',#5837,#4781,#4782);
#3852=AXIS2_PLACEMENT_3D('',#5838,#4783,#4784);
#3853=AXIS2_PLACEMENT_3D('',#5839,#4785,#4786);
#3854=AXIS2_PLACEMENT_3D('',#5840,#4787,#4788);
#3855=AXIS2_PLACEMENT_3D('',#5841,#4789,#4790);
#3856=AXIS2_PLACEMENT_3D('',#5842,#4791,#4792);
#3857=AXIS2_PLACEMENT_3D('',#5843,#4793,#4794);
#3858=AXIS2_PLACEMENT_3D('',#5846,#4796,#4797);
#3859=AXIS2_PLACEMENT_3D('',#5847,#4798,#4799);
#3860=AXIS2_PLACEMENT_3D('',#5849,#4801,#4802);
#3861=AXIS2_PLACEMENT_3D('',#5851,#4804,#4805);
#3862=AXIS2_PLACEMENT_3D('',#5854,#4808,#4809);
#3863=AXIS2_PLACEMENT_3D('',#5856,#4811,#4812);
#3864=AXIS2_PLACEMENT_3D('',#5857,#4813,#4814);
#3865=AXIS2_PLACEMENT_3D('',#5861,#4816,#4817);
#3866=AXIS2_PLACEMENT_3D('',#5862,#4818,#4819);
#3867=AXIS2_PLACEMENT_3D('',#5863,#4820,#4821);
#3868=AXIS2_PLACEMENT_3D('',#5865,#4822,#4823);
#3869=AXIS2_PLACEMENT_3D('',#5867,#4825,#4826);
#3870=AXIS2_PLACEMENT_3D('',#5869,#4827,#4828);
#3871=AXIS2_PLACEMENT_3D('',#5871,#4830,#4831);
#3872=AXIS2_PLACEMENT_3D('',#5873,#4832,#4833);
#3873=AXIS2_PLACEMENT_3D('',#5875,#4835,#4836);
#3874=AXIS2_PLACEMENT_3D('',#5877,#4837,#4838);
#3875=AXIS2_PLACEMENT_3D('',#5880,#4840,#4841);
#3876=AXIS2_PLACEMENT_3D('',#5881,#4842,#4843);
#3877=AXIS2_PLACEMENT_3D('',#5883,#4844,#4845);
#3878=AXIS2_PLACEMENT_3D('',#5885,#4847,#4848);
#3879=AXIS2_PLACEMENT_3D('',#5887,#4850,#4851);
#3880=AXIS2_PLACEMENT_3D('',#5893,#4855,#4856);
#3881=AXIS2_PLACEMENT_3D('',#5897,#4859,#4860);
#3882=AXIS2_PLACEMENT_3D('',#5901,#4863,#4864);
#3883=AXIS2_PLACEMENT_3D('',#5905,#4867,#4868);
#3884=AXIS2_PLACEMENT_3D('',#5909,#4871,#4872);
#3885=AXIS2_PLACEMENT_3D('',#5913,#4875,#4876);
#3886=AXIS2_PLACEMENT_3D('',#5917,#4879,#4880);
#3887=AXIS2_PLACEMENT_3D('',#5918,#4881,#4882);
#3888=AXIS2_PLACEMENT_3D('',#5919,#4883,#4884);
#3889=AXIS2_PLACEMENT_3D('',#5920,#4885,#4886);
#3890=AXIS2_PLACEMENT_3D('',#5921,#4887,#4888);
#3891=AXIS2_PLACEMENT_3D('',#5922,#4889,#4890);
#3892=AXIS2_PLACEMENT_3D('',#5923,#4891,#4892);
#3893=AXIS2_PLACEMENT_3D('',#5924,#4893,#4894);
#3894=AXIS2_PLACEMENT_3D('',#5925,#4895,#4896);
#3895=AXIS2_PLACEMENT_3D('',#5926,#4897,#4898);
#3896=AXIS2_PLACEMENT_3D('',#5927,#4899,#4900);
#3897=AXIS2_PLACEMENT_3D('',#5928,#4901,#4902);
#3898=AXIS2_PLACEMENT_3D('',#5929,#4903,#4904);
#3899=AXIS2_PLACEMENT_3D('',#5930,#4905,#4906);
#3900=AXIS2_PLACEMENT_3D('',#5931,#4907,#4908);
#3901=AXIS2_PLACEMENT_3D('',#5932,#4909,#4910);
#3902=AXIS2_PLACEMENT_3D('',#5934,#4912,#4913);
#3903=AXIS2_PLACEMENT_3D('',#5938,#4916,#4917);
#3904=AXIS2_PLACEMENT_3D('',#5940,#4919,#4920);
#3905=AXIS2_PLACEMENT_3D('',#5942,#4922,#4923);
#3906=AXIS2_PLACEMENT_3D('',#5944,#4925,#4926);
#3907=AXIS2_PLACEMENT_3D('',#5945,#4927,#4928);
#3908=AXIS2_PLACEMENT_3D('',#5946,#4929,#4930);
#3909=AXIS2_PLACEMENT_3D('',#5947,#4931,#4932);
#3910=AXIS2_PLACEMENT_3D('',#5948,#4933,#4934);
#3911=AXIS2_PLACEMENT_3D('',#5949,#4935,#4936);
#3912=AXIS2_PLACEMENT_3D('',#5950,#4937,#4938);
#3913=AXIS2_PLACEMENT_3D('',#5952,#4940,#4941);
#3914=AXIS2_PLACEMENT_3D('',#5954,#4943,#4944);
#3915=AXIS2_PLACEMENT_3D('',#5956,#4946,#4947);
#3916=AXIS2_PLACEMENT_3D('',#5960,#4950,#4951);
#3917=AXIS2_PLACEMENT_3D('',#5969,#4956,#4957);
#3918=AXIS2_PLACEMENT_3D('',#5977,#4963,#4964);
#3919=AXIS2_PLACEMENT_3D('',#5984,#4969,#4970);
#3920=AXIS2_PLACEMENT_3D('',#5986,#4972,#4973);
#3921=AXIS2_PLACEMENT_3D('',#5988,#4975,#4976);
#3922=AXIS2_PLACEMENT_3D('',#5990,#4978,#4979);
#3923=AXIS2_PLACEMENT_3D('',#5991,#4980,#4981);
#3924=DIRECTION('axis',(0.,0.,1.));
#3925=DIRECTION('refdir',(1.,0.,0.));
#3926=DIRECTION('axis',(0.,0.,1.));
#3927=DIRECTION('refdir',(1.,0.,0.));
#3928=DIRECTION('center_axis',(0.,-1.,0.));
#3929=DIRECTION('ref_axis',(0.,0.,1.));
#3930=DIRECTION('center_axis',(0.,-1.,0.));
#3931=DIRECTION('ref_axis',(0.,0.,1.));
#3932=DIRECTION('',(0.,-1.,0.));
#3933=DIRECTION('center_axis',(0.,1.,0.));
#3934=DIRECTION('ref_axis',(0.,0.,1.));
#3935=DIRECTION('center_axis',(0.874126428920134,0.485698451987788,0.));
#3936=DIRECTION('ref_axis',(-0.485698451987788,0.874126428920134,0.));
#3937=DIRECTION('',(0.,1.,0.));
#3938=DIRECTION('center_axis',(0.899306787245612,-0.437318307887946,0.));
#3939=DIRECTION('ref_axis',(-0.437318307887946,-0.899306787245612,0.));
#3940=DIRECTION('',(0.,-1.,0.));
#3941=DIRECTION('center_axis',(0.,-1.,0.));
#3942=DIRECTION('ref_axis',(0.,0.,1.));
#3943=DIRECTION('center_axis',(0.,-1.,0.));
#3944=DIRECTION('ref_axis',(0.,0.,1.));
#3945=DIRECTION('',(0.,-1.,0.));
#3946=DIRECTION('center_axis',(0.,1.,0.));
#3947=DIRECTION('ref_axis',(0.,0.,1.));
#3948=DIRECTION('center_axis',(0.,-1.,0.));
#3949=DIRECTION('ref_axis',(0.,0.,1.));
#3950=DIRECTION('center_axis',(0.,-1.,0.));
#3951=DIRECTION('ref_axis',(0.,0.,1.));
#3952=DIRECTION('',(0.,-1.,0.));
#3953=DIRECTION('center_axis',(0.,1.,0.));
#3954=DIRECTION('ref_axis',(0.,0.,1.));
#3955=DIRECTION('center_axis',(0.,-1.,0.));
#3956=DIRECTION('ref_axis',(0.,0.,1.));
#3957=DIRECTION('center_axis',(0.,-1.,0.));
#3958=DIRECTION('ref_axis',(0.,0.,1.));
#3959=DIRECTION('',(0.,-1.,0.));
#3960=DIRECTION('center_axis',(0.,1.,0.));
#3961=DIRECTION('ref_axis',(0.,0.,1.));
#3962=DIRECTION('',(0.,-1.,0.));
#3963=DIRECTION('center_axis',(-0.884387556984489,0.466753306416791,0.));
#3964=DIRECTION('ref_axis',(-0.466753306416791,-0.884387556984489,0.));
#3965=DIRECTION('',(0.,1.,0.));
#3966=DIRECTION('center_axis',(-0.907836616564912,-0.419324072316357,0.));
#3967=DIRECTION('ref_axis',(-0.419324072316357,0.907836616564912,0.));
#3968=DIRECTION('center_axis',(0.899306787245612,-0.437318307887946,0.));
#3969=DIRECTION('ref_axis',(0.437318307887946,0.899306787245612,0.));
#3970=DIRECTION('',(0.,0.,1.));
#3971=DIRECTION('',(0.437318307887946,0.899306787245612,0.));
#3972=DIRECTION('',(0.,0.,1.));
#3973=DIRECTION('',(-0.437318307887946,-0.899306787245612,0.));
#3974=DIRECTION('',(0.,0.,1.));
#3975=DIRECTION('center_axis',(-1.,0.,0.));
#3976=DIRECTION('ref_axis',(0.,0.,1.));
#3977=DIRECTION('',(0.,0.,1.));
#3978=DIRECTION('',(0.,1.,0.));
#3979=DIRECTION('center_axis',(-0.884387556984489,0.466753306416791,0.));
#3980=DIRECTION('ref_axis',(-0.466753306416791,-0.884387556984489,0.));
#3981=DIRECTION('',(0.,0.,1.));
#3982=DIRECTION('',(-0.466753306416791,-0.884387556984489,0.));
#3983=DIRECTION('',(0.,0.,1.));
#3984=DIRECTION('',(0.466753306416791,0.884387556984489,0.));
#3985=DIRECTION('',(0.,0.,1.));
#3986=DIRECTION('center_axis',(1.,0.,0.));
#3987=DIRECTION('ref_axis',(0.,0.,-1.));
#3988=DIRECTION('',(0.,0.,1.));
#3989=DIRECTION('',(0.,-1.,0.));
#3990=DIRECTION('center_axis',(1.,0.,0.));
#3991=DIRECTION('ref_axis',(0.,0.,-1.));
#3992=DIRECTION('center_axis',(-1.,0.,0.));
#3993=DIRECTION('ref_axis',(0.,-1.,-9.71625501757204E-17));
#3994=DIRECTION('',(0.,-1.,0.));
#3995=DIRECTION('',(0.,0.,-1.));
#3996=DIRECTION('',(0.,-1.,0.));
#3997=DIRECTION('',(0.,-0.866019052628739,0.500011000363013));
#3998=DIRECTION('',(0.,0.,1.));
#3999=DIRECTION('',(0.,0.866019052628739,0.500011000363014));
#4000=DIRECTION('',(0.,1.,0.));
#4001=DIRECTION('',(0.,0.866019052628739,-0.500011000363014));
#4002=DIRECTION('',(0.,-2.22044604925031E-16,-1.));
#4003=DIRECTION('',(0.,-0.866019052628739,-0.500011000363013));
#4004=DIRECTION('',(0.,-1.,0.));
#4005=DIRECTION('',(0.,0.,1.));
#4006=DIRECTION('',(0.,-1.,0.));
#4007=DIRECTION('center_axis',(-1.,0.,0.));
#4008=DIRECTION('ref_axis',(0.,1.,-2.90964524915752E-17));
#4009=DIRECTION('',(0.,0.,1.));
#4010=DIRECTION('',(0.,1.,0.));
#4011=DIRECTION('',(0.,0.866019052628739,-0.500011000363014));
#4012=DIRECTION('',(0.,-2.22044604925031E-16,-1.));
#4013=DIRECTION('',(0.,-0.866019052628739,-0.500011000363013));
#4014=DIRECTION('',(0.,-1.,-2.01367046160706E-8));
#4015=DIRECTION('',(0.,-0.866019052628739,0.500011000363013));
#4016=DIRECTION('',(0.,0.,1.));
#4017=DIRECTION('',(0.,0.866019052628738,0.500011000363014));
#4018=DIRECTION('',(0.,-2.22044604925031E-16,-1.));
#4019=DIRECTION('',(0.,-0.866019052628739,-0.500011000363013));
#4020=DIRECTION('',(0.,-1.,-2.01367046160706E-8));
#4021=DIRECTION('',(0.,-0.866019052628739,0.500011000363013));
#4022=DIRECTION('',(0.,0.,1.));
#4023=DIRECTION('',(0.,0.866019052628739,0.500011000363014));
#4024=DIRECTION('',(0.,1.,0.));
#4025=DIRECTION('',(0.,0.866019052628739,-0.500011000363014));
#4026=DIRECTION('center_axis',(0.,-1.,-2.01367046160706E-8));
#4027=DIRECTION('ref_axis',(-0.707106781186548,1.42388042463528E-8,-0.707106781186548));
#4028=DIRECTION('',(0.,1.,2.01367046160706E-8));
#4029=DIRECTION('center_axis',(-4.28956563488724E-15,-0.96592430974297,
0.258824704863287));
#4030=DIRECTION('ref_axis',(-1.60085003996571E-14,0.258824704863288,0.96592430974297));
#4031=DIRECTION('',(0.,-1.,-2.01367046160706E-8));
#4032=DIRECTION('center_axis',(0.,-0.965924179881663,-0.258825189500438));
#4033=DIRECTION('ref_axis',(0.,-0.258825189500438,0.965924179881663));
#4034=DIRECTION('center_axis',(0.,-0.866019052628739,0.500011000363013));
#4035=DIRECTION('ref_axis',(-0.707106781186551,-0.353561169024556,-0.612367944750527));
#4036=DIRECTION('',(0.,0.866019052628739,-0.500011000363013));
#4037=DIRECTION('center_axis',(3.84593947493303E-15,-0.499994499788239,
0.866028579309892));
#4038=DIRECTION('ref_axis',(6.66146027806042E-15,0.866028579309891,0.499994499788239));
#4039=DIRECTION('',(0.,-0.866019052628739,0.500011000363013));
#4040=DIRECTION('center_axis',(0.,0.,1.));
#4041=DIRECTION('ref_axis',(-0.707106781186548,-0.707106781186548,0.));
#4042=DIRECTION('',(0.,0.,-1.));
#4043=DIRECTION('center_axis',(0.,0.499994499788242,0.86602857930989));
#4044=DIRECTION('ref_axis',(0.,0.86602857930989,-0.499994499788241));
#4045=DIRECTION('',(0.,0.,1.));
#4046=DIRECTION('center_axis',(0.,-2.22044604925031E-16,-1.));
#4047=DIRECTION('ref_axis',(-0.707106781186546,0.707106781186549,0.));
#4048=DIRECTION('',(0.,-2.22044604925031E-16,-1.));
#4049=DIRECTION('center_axis',(1.11021081170169E-15,-0.49999449978824,0.866028579309891));
#4050=DIRECTION('ref_axis',(-1.92296973746651E-15,0.866028579309891,0.49999449978824));
#4051=DIRECTION('',(0.,2.22044604925031E-16,1.));
#4052=DIRECTION('center_axis',(-3.84593947493302E-15,-0.499994499788246,
-0.866028579309888));
#4053=DIRECTION('ref_axis',(-6.66146027806036E-15,-0.866028579309888,0.499994499788246));
#4054=DIRECTION('center_axis',(0.,0.866019052628738,0.500011000363014));
#4055=DIRECTION('ref_axis',(-0.707106781186545,-0.353561169024557,0.612367944750533));
#4056=DIRECTION('',(0.,-0.866019052628739,-0.500011000363014));
#4057=DIRECTION('center_axis',(0.,0.965924182487616,0.258825179775134));
#4058=DIRECTION('ref_axis',(0.,0.258825179775134,-0.965924182487616));
#4059=DIRECTION('',(0.,0.866019052628738,0.500011000363014));
#4060=DIRECTION('center_axis',(0.,1.,0.));
#4061=DIRECTION('ref_axis',(-0.707106781186546,0.,0.707106781186549));
#4062=DIRECTION('',(0.,-1.,0.));
#4063=DIRECTION('center_axis',(0.,0.965924182487615,-0.258825179775138));
#4064=DIRECTION('ref_axis',(0.,-0.258825179775138,-0.965924182487615));
#4065=DIRECTION('',(0.,1.,0.));
#4066=DIRECTION('center_axis',(0.,0.866019052628739,-0.500011000363014));
#4067=DIRECTION('ref_axis',(-0.707106781186545,0.353561169024554,0.612367944750535));
#4068=DIRECTION('',(0.,0.866019052628739,-0.500011000363014));
#4069=DIRECTION('',(0.,-0.866019052628739,0.500011000363014));
#4070=DIRECTION('center_axis',(0.,-0.866019052628739,-0.500011000363013));
#4071=DIRECTION('ref_axis',(-0.707106781186541,0.353561169024558,-0.612367944750537));
#4072=DIRECTION('',(0.,-0.866019052628739,-0.500011000363013));
#4073=DIRECTION('',(0.,0.866019052628739,0.500011000363013));
#4074=DIRECTION('center_axis',(0.,0.500011000363014,-0.866019052628738));
#4075=DIRECTION('ref_axis',(0.,0.866019052628739,0.500011000363014));
#4076=DIRECTION('',(1.,0.,0.));
#4077=DIRECTION('',(0.,-0.866019052628739,-0.500011000363014));
#4078=DIRECTION('',(1.,0.,0.));
#4079=DIRECTION('center_axis',(0.,0.,-1.));
#4080=DIRECTION('ref_axis',(0.,1.,0.));
#4081=DIRECTION('',(1.,0.,0.));
#4082=DIRECTION('',(0.,-1.,0.));
#4083=DIRECTION('center_axis',(0.,-0.500011000363014,-0.866019052628739));
#4084=DIRECTION('ref_axis',(0.,0.866019052628739,-0.500011000363014));
#4085=DIRECTION('',(1.,0.,0.));
#4086=DIRECTION('',(0.,-0.866019052628739,0.500011000363014));
#4087=DIRECTION('center_axis',(0.,-1.,2.22044604925031E-16));
#4088=DIRECTION('ref_axis',(0.,-2.22044604925031E-16,-1.));
#4089=DIRECTION('',(1.,0.,0.));
#4090=DIRECTION('',(0.,2.22044604925031E-16,1.));
#4091=DIRECTION('center_axis',(-1.,0.,0.));
#4092=DIRECTION('ref_axis',(0.,0.,1.));
#4093=DIRECTION('',(0.,-1.,0.));
#4094=DIRECTION('',(0.,0.,1.));
#4095=DIRECTION('',(0.,1.,0.));
#4096=DIRECTION('',(0.,0.,-1.));
#4097=DIRECTION('',(0.,2.22044604925031E-16,1.));
#4098=DIRECTION('',(0.,-0.866019052628739,0.500011000363014));
#4099=DIRECTION('',(0.,-1.,0.));
#4100=DIRECTION('',(0.,-0.866019052628739,-0.500011000363014));
#4101=DIRECTION('',(0.,0.,-1.));
#4102=DIRECTION('',(0.,0.866019052628739,-0.500011000363013));
#4103=DIRECTION('',(0.,1.,2.01367046160706E-8));
#4104=DIRECTION('',(0.,0.866019052628739,0.500011000363013));
#4105=DIRECTION('',(0.,2.22044604925031E-16,1.));
#4106=DIRECTION('',(0.,-0.866019052628739,0.500011000363014));
#4107=DIRECTION('',(0.,-1.,0.));
#4108=DIRECTION('',(0.,-0.866019052628739,-0.500011000363014));
#4109=DIRECTION('',(0.,0.,-1.));
#4110=DIRECTION('',(0.,0.866019052628739,-0.500011000363013));
#4111=DIRECTION('',(0.,1.,2.01367046160706E-8));
#4112=DIRECTION('',(0.,0.866019052628739,0.500011000363013));
#4113=DIRECTION('center_axis',(0.,0.866019052628739,-0.500011000363013));
#4114=DIRECTION('ref_axis',(0.707106781186545,-0.353561169024554,-0.612367944750535));
#4115=DIRECTION('center_axis',(0.,0.,1.));
#4116=DIRECTION('ref_axis',(-1.04085698469164E-16,-1.,0.));
#4117=DIRECTION('',(0.,0.866019052628739,-0.500011000363013));
#4118=DIRECTION('center_axis',(0.,-0.499994499788244,0.866028579309888));
#4119=DIRECTION('ref_axis',(0.,-0.866028579309888,-0.499994499788244));
#4120=DIRECTION('center_axis',(0.,2.22044604925031E-16,1.));
#4121=DIRECTION('ref_axis',(0.707106781186546,0.707106781186549,0.));
#4122=DIRECTION('center_axis',(0.,-0.49999449978824,0.866028579309891));
#4123=DIRECTION('ref_axis',(0.,-0.866028579309891,-0.49999449978824));
#4124=DIRECTION('center_axis',(-1.11021081170169E-15,-0.49999449978824,
-0.866028579309891));
#4125=DIRECTION('ref_axis',(1.92296973746651E-15,0.866028579309891,-0.49999449978824));
#4126=DIRECTION('center_axis',(0.,0.,-1.));
#4127=DIRECTION('ref_axis',(0.707106781186548,-0.707106781186548,0.));
#4128=DIRECTION('',(0.,0.,-1.));
#4129=DIRECTION('center_axis',(0.,0.499994499788242,0.86602857930989));
#4130=DIRECTION('ref_axis',(0.,-0.86602857930989,0.499994499788241));
#4131=DIRECTION('center_axis',(0.,-0.866019052628738,-0.500011000363014));
#4132=DIRECTION('ref_axis',(0.707106781186547,-0.353561169024554,0.612367944750533));
#4133=DIRECTION('center_axis',(0.,0.965924182487616,0.258825179775134));
#4134=DIRECTION('ref_axis',(0.,-0.258825179775134,0.965924182487616));
#4135=DIRECTION('center_axis',(0.,-1.,0.));
#4136=DIRECTION('ref_axis',(0.707106781186546,0.,0.707106781186549));
#4137=DIRECTION('center_axis',(0.,0.965924182487616,-0.258825179775134));
#4138=DIRECTION('ref_axis',(0.,0.258825179775134,0.965924182487616));
#4139=DIRECTION('center_axis',(0.,-0.866019052628739,0.500011000363014));
#4140=DIRECTION('ref_axis',(0.707106781186547,0.353561169024558,0.61236794475053));
#4141=DIRECTION('center_axis',(0.,0.866019052628739,0.500011000363013));
#4142=DIRECTION('ref_axis',(0.707106781186547,0.353561169024561,-0.612367944750529));
#4143=DIRECTION('',(0.,0.866019052628739,0.500011000363013));
#4144=DIRECTION('center_axis',(0.,-2.01367046160706E-8,1.));
#4145=DIRECTION('ref_axis',(3.46952316129969E-17,1.,2.01367046956221E-8));
#4146=DIRECTION('center_axis',(0.,-1.,-2.01367046160706E-8));
#4147=DIRECTION('ref_axis',(-0.707106781186546,1.42387979659829E-8,-0.707106781186549));
#4148=DIRECTION('center_axis',(5.7470629336205E-16,-0.965924309742972,0.25882470486328));
#4149=DIRECTION('ref_axis',(2.14478264469171E-15,0.25882470486328,0.965924309742972));
#4150=DIRECTION('',(0.,-1.,-2.01367046160706E-8));
#4151=DIRECTION('center_axis',(-4.28956505818722E-15,-0.96592417988167,
-0.258825189500411));
#4152=DIRECTION('ref_axis',(-1.60084686989182E-14,-0.258825189500411,0.96592417988167));
#4153=DIRECTION('center_axis',(0.,-0.866019052628739,0.500011000363013));
#4154=DIRECTION('ref_axis',(-0.707106781186548,-0.353561169024555,-0.612367944750532));
#4155=DIRECTION('center_axis',(-1.92296973746651E-15,-0.499994499788243,
0.866028579309889));
#4156=DIRECTION('ref_axis',(-3.33073013903024E-15,0.866028579309889,0.499994499788243));
#4157=DIRECTION('',(0.,-0.866019052628739,0.500011000363013));
#4158=DIRECTION('center_axis',(0.,0.,1.));
#4159=DIRECTION('ref_axis',(-0.707106781186548,-0.707106781186548,0.));
#4160=DIRECTION('center_axis',(0.,0.499994499788242,0.86602857930989));
#4161=DIRECTION('ref_axis',(0.,0.86602857930989,-0.499994499788241));
#4162=DIRECTION('',(0.,0.,1.));
#4163=DIRECTION('center_axis',(0.,-2.22044604925031E-16,-1.));
#4164=DIRECTION('ref_axis',(-0.707106781186546,0.707106781186549,0.));
#4165=DIRECTION('',(0.,-2.22044604925031E-16,-1.));
#4166=DIRECTION('center_axis',(2.22042162340338E-15,-0.49999449978824,0.866028579309891));
#4167=DIRECTION('ref_axis',(-3.84593947493303E-15,0.866028579309891,0.49999449978824));
#4168=DIRECTION('center_axis',(-1.48725942968446E-16,-0.499994499788246,
-0.866028579309888));
#4169=DIRECTION('ref_axis',(-2.57604667951419E-16,-0.866028579309888,0.499994499788246));
#4170=DIRECTION('center_axis',(0.,0.866019052628738,0.500011000363014));
#4171=DIRECTION('ref_axis',(-0.707106781186547,-0.353561169024558,0.61236794475053));
#4172=DIRECTION('center_axis',(0.,0.965924182487616,0.258825179775134));
#4173=DIRECTION('ref_axis',(0.,0.258825179775134,-0.965924182487616));
#4174=DIRECTION('',(0.,0.866019052628739,0.500011000363014));
#4175=DIRECTION('center_axis',(0.,1.,0.));
#4176=DIRECTION('ref_axis',(-0.707106781186546,0.,0.707106781186549));
#4177=DIRECTION('center_axis',(0.,0.965924182487616,-0.258825179775134));
#4178=DIRECTION('ref_axis',(0.,-0.258825179775134,-0.965924182487616));
#4179=DIRECTION('',(0.,1.,0.));
#4180=DIRECTION('center_axis',(0.,0.866019052628739,-0.500011000363014));
#4181=DIRECTION('ref_axis',(-0.707106781186547,0.353561169024554,0.612367944750533));
#4182=DIRECTION('',(0.,0.866019052628739,-0.500011000363014));
#4183=DIRECTION('center_axis',(0.,-0.866019052628739,-0.500011000363013));
#4184=DIRECTION('ref_axis',(-0.707106781186545,0.353561169024557,-0.612367944750534));
#4185=DIRECTION('',(0.,-0.866019052628739,-0.500011000363013));
#4186=DIRECTION('center_axis',(0.,0.500011000363014,-0.866019052628738));
#4187=DIRECTION('ref_axis',(0.,0.866019052628739,0.500011000363014));
#4188=DIRECTION('',(1.,0.,0.));
#4189=DIRECTION('',(0.,-0.866019052628738,-0.500011000363014));
#4190=DIRECTION('',(1.,0.,0.));
#4191=DIRECTION('center_axis',(0.,0.,-1.));
#4192=DIRECTION('ref_axis',(0.,1.,0.));
#4193=DIRECTION('',(1.,0.,0.));
#4194=DIRECTION('',(0.,-1.,0.));
#4195=DIRECTION('center_axis',(0.,-0.500011000363014,-0.866019052628739));
#4196=DIRECTION('ref_axis',(0.,0.866019052628739,-0.500011000363014));
#4197=DIRECTION('',(1.,0.,0.));
#4198=DIRECTION('',(0.,-0.866019052628739,0.500011000363014));
#4199=DIRECTION('center_axis',(0.,-1.,2.22044604925031E-16));
#4200=DIRECTION('ref_axis',(0.,-2.22044604925031E-16,-1.));
#4201=DIRECTION('',(1.,0.,0.));
#4202=DIRECTION('',(0.,2.22044604925031E-16,1.));
#4203=DIRECTION('center_axis',(0.,2.22044604925031E-16,1.));
#4204=DIRECTION('ref_axis',(0.707106781186546,0.707106781186549,0.));
#4205=DIRECTION('center_axis',(9.61484868733256E-16,-0.49999449978824,0.866028579309891));
#4206=DIRECTION('ref_axis',(1.66536506951512E-15,-0.866028579309891,-0.49999449978824));
#4207=DIRECTION('center_axis',(-2.07169568043494E-15,-0.499994499788238,
-0.866028579309892));
#4208=DIRECTION('ref_axis',(3.58833480698164E-15,0.866028579309892,-0.499994499788238));
#4209=DIRECTION('center_axis',(0.,0.866019052628739,0.500011000363013));
#4210=DIRECTION('ref_axis',(0.707106781186548,0.353561169024555,-0.612367944750531));
#4211=DIRECTION('',(0.,0.866019052628739,0.500011000363013));
#4212=DIRECTION('center_axis',(0.,-0.965924179881675,-0.258825189500391));
#4213=DIRECTION('ref_axis',(0.,0.258825189500391,-0.965924179881675));
#4214=DIRECTION('center_axis',(0.,1.,2.01367046160706E-8));
#4215=DIRECTION('ref_axis',(0.707106781186546,1.42388042463528E-8,-0.707106781186549));
#4216=DIRECTION('',(0.,1.,2.01367046160706E-8));
#4217=DIRECTION('center_axis',(0.,-0.965924309742973,0.258824704863275));
#4218=DIRECTION('ref_axis',(0.,-0.258824704863275,-0.965924309742973));
#4219=DIRECTION('center_axis',(0.,0.866019052628739,-0.500011000363013));
#4220=DIRECTION('ref_axis',(0.707106781186545,-0.35356116902456,-0.612367944750531));
#4221=DIRECTION('',(0.,0.866019052628739,-0.500011000363013));
#4222=DIRECTION('center_axis',(0.,-0.499994499788243,0.866028579309889));
#4223=DIRECTION('ref_axis',(0.,-0.866028579309889,-0.499994499788243));
#4224=DIRECTION('center_axis',(0.,0.,-1.));
#4225=DIRECTION('ref_axis',(0.707106781186548,-0.707106781186548,0.));
#4226=DIRECTION('',(0.,0.,-1.));
#4227=DIRECTION('center_axis',(9.61484868733253E-16,0.499994499788244,0.866028579309888));
#4228=DIRECTION('ref_axis',(-1.66536506951509E-15,-0.866028579309888,0.499994499788244));
#4229=DIRECTION('center_axis',(0.,-0.866019052628738,-0.500011000363014));
#4230=DIRECTION('ref_axis',(0.707106781186543,-0.353561169024565,0.612367944750531));
#4231=DIRECTION('center_axis',(0.,0.965924182487614,0.258825179775143));
#4232=DIRECTION('ref_axis',(0.,-0.258825179775143,0.965924182487614));
#4233=DIRECTION('center_axis',(0.,-1.,0.));
#4234=DIRECTION('ref_axis',(0.707106781186546,0.,0.707106781186549));
#4235=DIRECTION('center_axis',(0.,0.965924182487615,-0.258825179775139));
#4236=DIRECTION('ref_axis',(0.,0.258825179775139,0.965924182487615));
#4237=DIRECTION('center_axis',(0.,-0.866019052628739,0.500011000363014));
#4238=DIRECTION('ref_axis',(0.707106781186546,0.353561169024557,0.612367944750532));
#4239=DIRECTION('center_axis',(0.,0.500011000363013,0.866019052628739));
#4240=DIRECTION('ref_axis',(0.,-0.866019052628739,0.500011000363013));
#4241=DIRECTION('',(1.,0.,0.));
#4242=DIRECTION('',(1.,0.,0.));
#4243=DIRECTION('center_axis',(0.,-2.01367046160706E-8,1.));
#4244=DIRECTION('ref_axis',(0.,-1.,-2.01367046160706E-8));
#4245=DIRECTION('',(1.,0.,0.));
#4246=DIRECTION('center_axis',(0.,-0.500011000363013,0.866019052628739));
#4247=DIRECTION('ref_axis',(0.,-0.866019052628739,-0.500011000363013));
#4248=DIRECTION('center_axis',(0.,-2.22044604925031E-16,-1.));
#4249=DIRECTION('ref_axis',(-0.707106781186546,0.707106781186549,0.));
#4250=DIRECTION('center_axis',(-1.1102108117017E-15,-0.499994499788246,
-0.866028579309888));
#4251=DIRECTION('ref_axis',(-1.92296973746651E-15,-0.866028579309888,0.499994499788246));
#4252=DIRECTION('',(0.,-2.22044604925031E-16,-1.));
#4253=DIRECTION('center_axis',(0.,-0.499994499788237,0.866028579309893));
#4254=DIRECTION('ref_axis',(0.,0.866028579309893,0.499994499788237));
#4255=DIRECTION('center_axis',(0.,-0.866019052628739,-0.500011000363013));
#4256=DIRECTION('ref_axis',(-0.707106781186545,0.353561169024556,-0.612367944750534));
#4257=DIRECTION('center_axis',(0.,-0.96592417988167,-0.258825189500411));
#4258=DIRECTION('ref_axis',(0.,-0.258825189500411,0.96592417988167));
#4259=DIRECTION('',(0.,-0.866019052628739,-0.500011000363013));
#4260=DIRECTION('center_axis',(0.,-1.,-2.01367046160706E-8));
#4261=DIRECTION('ref_axis',(-0.707106781186548,1.4238797965983E-8,-0.707106781186548));
#4262=DIRECTION('center_axis',(0.,-0.965924309742969,0.258824704863288));
#4263=DIRECTION('ref_axis',(0.,0.258824704863288,0.965924309742969));
#4264=DIRECTION('',(0.,-1.,-2.01367046160706E-8));
#4265=DIRECTION('center_axis',(0.,-0.866019052628739,0.500011000363013));
#4266=DIRECTION('ref_axis',(-0.707106781186548,-0.353561169024555,-0.612367944750531));
#4267=DIRECTION('center_axis',(0.,-0.499994499788244,0.866028579309888));
#4268=DIRECTION('ref_axis',(0.,0.866028579309888,0.499994499788244));
#4269=DIRECTION('',(0.,-0.866019052628739,0.500011000363013));
#4270=DIRECTION('center_axis',(0.,0.,1.));
#4271=DIRECTION('ref_axis',(-0.707106781186548,-0.707106781186548,0.));
#4272=DIRECTION('center_axis',(4.44084324680674E-15,0.499994499788239,0.866028579309892));
#4273=DIRECTION('ref_axis',(7.69187894986607E-15,0.866028579309892,-0.499994499788239));
#4274=DIRECTION('',(0.,0.,1.));
#4275=DIRECTION('center_axis',(0.,0.866019052628738,0.500011000363014));
#4276=DIRECTION('ref_axis',(-0.707106781186545,-0.353561169024554,0.612367944750535));
#4277=DIRECTION('',(0.,0.866019052628738,0.500011000363014));
#4278=DIRECTION('center_axis',(0.,0.965923894619095,0.2588262540854));
#4279=DIRECTION('ref_axis',(0.,0.2588262540854,-0.965923894619095));
#4280=DIRECTION('center_axis',(0.,1.,0.));
#4281=DIRECTION('ref_axis',(-0.707106781186551,0.,0.707106781186544));
#4282=DIRECTION('',(0.,1.,0.));
#4283=DIRECTION('center_axis',(0.,0.965923894619094,-0.258826254085404));
#4284=DIRECTION('ref_axis',(0.,-0.258826254085404,-0.965923894619094));
#4285=DIRECTION('center_axis',(0.,0.866019052628739,-0.500011000363014));
#4286=DIRECTION('ref_axis',(-0.707106781186548,0.353561169024555,0.612367944750531));
#4287=DIRECTION('',(0.,0.866019052628739,-0.500011000363014));
#4288=DIRECTION('center_axis',(0.,0.500011000363014,-0.866019052628738));
#4289=DIRECTION('ref_axis',(0.,0.866019052628739,0.500011000363014));
#4290=DIRECTION('',(1.,0.,0.));
#4291=DIRECTION('',(0.,-0.866019052628739,-0.500011000363014));
#4292=DIRECTION('',(1.,0.,0.));
#4293=DIRECTION('center_axis',(0.,0.,1.));
#4294=DIRECTION('ref_axis',(1.,0.,0.));
#4295=DIRECTION('',(1.,0.,0.));
#4296=DIRECTION('center_axis',(0.,0.,-1.));
#4297=DIRECTION('ref_axis',(-3.46952328230547E-17,1.,0.));
#4298=DIRECTION('center_axis',(0.,0.,-1.));
#4299=DIRECTION('ref_axis',(-3.46952328230547E-17,-1.,0.));
#4300=DIRECTION('center_axis',(0.,-0.500011000363014,-0.866019052628739));
#4301=DIRECTION('ref_axis',(0.,0.866019052628739,-0.500011000363014));
#4302=DIRECTION('',(1.,0.,0.));
#4303=DIRECTION('',(0.,-0.866019052628739,0.500011000363014));
#4304=DIRECTION('center_axis',(0.,-1.,2.22044604925031E-16));
#4305=DIRECTION('ref_axis',(0.,-2.22044604925031E-16,-1.));
#4306=DIRECTION('',(1.,0.,0.));
#4307=DIRECTION('',(0.,2.22044604925031E-16,1.));
#4308=DIRECTION('center_axis',(-1.,0.,0.));
#4309=DIRECTION('ref_axis',(0.,-0.707106781186548,-0.707106781186548));
#4310=DIRECTION('',(1.,0.,0.));
#4311=DIRECTION('center_axis',(-0.861887014633526,0.507100358909465,-3.82754723308633E-15));
#4312=DIRECTION('ref_axis',(0.507100358909465,0.861887014633526,-6.50544453407212E-15));
#4313=DIRECTION('',(-1.,0.,0.));
#4314=DIRECTION('center_axis',(-0.856374131561898,-0.516355833502058,-1.90153255710679E-15));
#4315=DIRECTION('ref_axis',(-0.516355833502058,0.856374131561898,-3.15368431336318E-15));
#4316=DIRECTION('center_axis',(-0.485698451987788,0.874126428920134,0.));
#4317=DIRECTION('ref_axis',(-0.618100725503809,-0.343440669012375,-0.707106781186545));
#4318=DIRECTION('',(0.485698451987788,-0.874126428920134,0.));
#4319=DIRECTION('center_axis',(-0.250872050136988,0.968020255191008,0.));
#4320=DIRECTION('ref_axis',(0.968020255191008,0.250872050136988,0.));
#4321=DIRECTION('',(-0.485698451987788,0.874126428920134,0.));
#4322=DIRECTION('center_axis',(0.,1.,0.));
#4323=DIRECTION('ref_axis',(-0.707106781186549,0.,-0.707106781186546));
#4324=DIRECTION('',(0.,-1.,0.));
#4325=DIRECTION('center_axis',(0.22438049464514,0.974501612940072,6.22780978579543E-17));
#4326=DIRECTION('ref_axis',(0.974501612940072,-0.22438049464514,2.70478532055106E-16));
#4327=DIRECTION('',(0.,1.,0.));
#4328=DIRECTION('center_axis',(1.,-1.71049537216117E-15,0.));
#4329=DIRECTION('ref_axis',(0.,0.707106781186549,-0.707106781186546));
#4330=DIRECTION('',(-1.,1.71049537216117E-15,0.));
#4331=DIRECTION('center_axis',(0.842414408802568,-0.538830180893591,0.));
#4332=DIRECTION('ref_axis',(-0.538830180893591,-0.842414408802568,0.));
#4333=DIRECTION('',(1.,-1.71049537216117E-15,0.));
#4334=DIRECTION('center_axis',(-0.847737668116718,-0.530415729457591,0.));
#4335=DIRECTION('ref_axis',(-0.530415729457592,0.847737668116718,0.));
#4336=DIRECTION('center_axis',(0.419324072316357,-0.907836616564912,0.));
#4337=DIRECTION('ref_axis',(0.641937427782501,0.296506895049654,-0.707106781186547));
#4338=DIRECTION('',(0.419324072316357,-0.907836616564912,0.));
#4339=DIRECTION('',(-0.419324072316357,0.907836616564912,0.));
#4340=DIRECTION('center_axis',(0.214666466215706,-0.976687415851388,0.));
#4341=DIRECTION('ref_axis',(-0.976687415851388,-0.214666466215706,0.));
#4342=DIRECTION('center_axis',(0.437318307887946,0.899306787245612,0.));
#4343=DIRECTION('ref_axis',(-0.635905927628462,0.309230741044597,-0.707106781186544));
#4344=DIRECTION('',(-0.437318307887946,-0.899306787245612,0.));
#4345=DIRECTION('',(0.437318307887946,0.899306787245612,0.));
#4346=DIRECTION('center_axis',(0.,-1.,0.));
#4347=DIRECTION('ref_axis',(0.707106781186548,0.,-0.707106781186548));
#4348=DIRECTION('',(0.,1.,0.));
#4349=DIRECTION('center_axis',(-0.240429244285614,-0.970666667034698,0.));
#4350=DIRECTION('ref_axis',(-0.970666667034698,0.240429244285614,0.));
#4351=DIRECTION('center_axis',(-0.466753306416791,-0.884387556984489,0.));
#4352=DIRECTION('ref_axis',(0.625356438740738,-0.33004442810855,-0.707106781186549));
#4353=DIRECTION('',(0.466753306416791,0.884387556984489,0.));
#4354=DIRECTION('center_axis',(0.874126428920134,0.485698451987788,0.));
#4355=DIRECTION('ref_axis',(-0.485698451987788,0.874126428920134,0.));
#4356=DIRECTION('',(0.,0.,1.));
#4357=DIRECTION('',(0.485698451987788,-0.874126428920134,0.));
#4358=DIRECTION('',(0.,0.,1.));
#4359=DIRECTION('center_axis',(1.,0.,0.));
#4360=DIRECTION('ref_axis',(0.,1.,0.));
#4361=DIRECTION('',(0.,0.,1.));
#4362=DIRECTION('',(0.,-1.,0.));
#4363=DIRECTION('center_axis',(0.899306787245612,-0.437318307887946,0.));
#4364=DIRECTION('ref_axis',(0.437318307887946,0.899306787245612,0.));
#4365=DIRECTION('',(0.,0.,1.));
#4366=DIRECTION('',(-0.437318307887946,-0.899306787245612,0.));
#4367=DIRECTION('center_axis',(-1.71049537216117E-15,-1.,0.));
#4368=DIRECTION('ref_axis',(1.,-1.71049537216117E-15,0.));
#4369=DIRECTION('',(0.,0.,1.));
#4370=DIRECTION('',(-1.,1.71049537216117E-15,0.));
#4371=DIRECTION('center_axis',(0.,0.,-1.));
#4372=DIRECTION('ref_axis',(-1.,0.,0.));
#4373=DIRECTION('',(-1.,0.,0.));
#4374=DIRECTION('',(0.,-1.,0.));
#4375=DIRECTION('',(1.,0.,0.));
#4376=DIRECTION('',(-0.437318307887946,-0.899306787245612,0.));
#4377=DIRECTION('',(0.,-1.,0.));
#4378=DIRECTION('',(0.485698451987788,-0.874126428920134,0.));
#4379=DIRECTION('',(1.,0.,0.));
#4380=DIRECTION('',(0.466753306416791,0.884387556984489,0.));
#4381=DIRECTION('',(0.,1.,0.));
#4382=DIRECTION('',(-0.419324072316357,0.907836616564912,0.));
#4383=DIRECTION('',(-1.,1.71049537216117E-15,0.));
#4384=DIRECTION('center_axis',(0.,2.22044604925031E-16,1.));
#4385=DIRECTION('ref_axis',(0.707106781186546,0.707106781186549,0.));
#4386=DIRECTION('center_axis',(-4.95615028663471E-15,-0.49999449978824,
-0.866028579309891));
#4387=DIRECTION('ref_axis',(8.58443001552698E-15,0.866028579309891,-0.49999449978824));
#4388=DIRECTION('center_axis',(-1.62551785152961E-15,-0.499994499788246,
0.866028579309888));
#4389=DIRECTION('ref_axis',(-2.81552080312733E-15,-0.866028579309888,-0.499994499788246));
#4390=DIRECTION('center_axis',(0.,0.866019052628739,0.500011000363013));
#4391=DIRECTION('ref_axis',(0.707106781186548,0.353561169024555,-0.612367944750531));
#4392=DIRECTION('',(0.,0.866019052628739,0.500011000363013));
#4393=DIRECTION('center_axis',(5.74707369472607E-16,-0.965924179881675,
-0.258825189500391));
#4394=DIRECTION('ref_axis',(-2.14478270184509E-15,0.258825189500391,-0.965924179881675));
#4395=DIRECTION('center_axis',(0.,1.,2.01367046160706E-8));
#4396=DIRECTION('ref_axis',(0.707106781186546,1.42388042463528E-8,-0.707106781186549));
#4397=DIRECTION('',(0.,1.,2.01367046160706E-8));
#4398=DIRECTION('center_axis',(0.,-0.965924309742974,0.258824704863271));
#4399=DIRECTION('ref_axis',(0.,-0.258824704863271,-0.965924309742974));
#4400=DIRECTION('center_axis',(0.,0.866019052628739,-0.500011000363013));
#4401=DIRECTION('ref_axis',(0.707106781186547,-0.353561169024554,-0.612367944750533));
#4402=DIRECTION('',(0.,0.866019052628739,-0.500011000363013));
#4403=DIRECTION('center_axis',(3.84593947493301E-15,-0.499994499788244,
0.866028579309888));
#4404=DIRECTION('ref_axis',(-6.66146027806048E-15,-0.866028579309888,-0.499994499788244));
#4405=DIRECTION('center_axis',(0.,0.,-1.));
#4406=DIRECTION('ref_axis',(0.707106781186548,-0.707106781186548,0.));
#4407=DIRECTION('',(0.,0.,-1.));
#4408=DIRECTION('center_axis',(0.,0.499994499788247,0.866028579309887));
#4409=DIRECTION('ref_axis',(0.,-0.866028579309887,0.499994499788247));
#4410=DIRECTION('center_axis',(0.,-0.866019052628738,-0.500011000363014));
#4411=DIRECTION('ref_axis',(0.707106781186542,-0.353561169024565,0.612367944750532));
#4412=DIRECTION('center_axis',(0.,-0.866019052628739,0.500011000363014));
#4413=DIRECTION('ref_axis',(0.707106781186547,0.353561169024558,0.61236794475053));
#4414=DIRECTION('center_axis',(0.,1.,0.));
#4415=DIRECTION('ref_axis',(0.,0.,1.));
#4416=DIRECTION('',(1.,0.,0.));
#4417=DIRECTION('center_axis',(0.,0.500011000363013,0.866019052628739));
#4418=DIRECTION('ref_axis',(0.,-0.866019052628739,0.500011000363013));
#4419=DIRECTION('',(1.,0.,0.));
#4420=DIRECTION('center_axis',(0.,-2.01367046160706E-8,1.));
#4421=DIRECTION('ref_axis',(0.,-1.,-2.01367046160706E-8));
#4422=DIRECTION('',(1.,0.,0.));
#4423=DIRECTION('center_axis',(0.,-0.500011000363013,0.866019052628739));
#4424=DIRECTION('ref_axis',(0.,-0.866019052628739,-0.500011000363013));
#4425=DIRECTION('center_axis',(0.466753306416791,0.884387556984489,0.));
#4426=DIRECTION('ref_axis',(0.625356438740741,-0.330044428108554,0.707106781186544));
#4427=DIRECTION('',(-0.466753306416791,-0.884387556984489,0.));
#4428=DIRECTION('center_axis',(-0.856374131561896,-0.516355833502061,0.));
#4429=DIRECTION('ref_axis',(0.516355833502061,-0.856374131561896,0.));
#4430=DIRECTION('center_axis',(1.,0.,0.));
#4431=DIRECTION('ref_axis',(0.,-0.707106781186548,0.707106781186548));
#4432=DIRECTION('',(1.,0.,0.));
#4433=DIRECTION('center_axis',(-0.861887014633526,0.507100358909465,9.56886808271583E-16));
#4434=DIRECTION('ref_axis',(-0.507100358909465,-0.861887014633526,-1.62636113351803E-15));
#4435=DIRECTION('',(-1.,0.,0.));
#4436=DIRECTION('center_axis',(0.485698451987788,-0.874126428920134,0.));
#4437=DIRECTION('ref_axis',(-0.618100725503808,-0.343440669012376,0.707106781186546));
#4438=DIRECTION('center_axis',(-0.25087205013698,0.96802025519101,0.));
#4439=DIRECTION('ref_axis',(-0.96802025519101,-0.25087205013698,0.));
#4440=DIRECTION('',(-0.485698451987788,0.874126428920134,0.));
#4441=DIRECTION('center_axis',(0.,-1.,0.));
#4442=DIRECTION('ref_axis',(-0.707106781186549,0.,0.707106781186546));
#4443=DIRECTION('center_axis',(0.224380494645136,0.974501612940073,2.49112391431813E-16));
#4444=DIRECTION('ref_axis',(-0.974501612940073,0.224380494645136,-1.08191412822043E-15));
#4445=DIRECTION('',(0.,1.,0.));
#4446=DIRECTION('center_axis',(-1.,1.71049537216117E-15,0.));
#4447=DIRECTION('ref_axis',(3.14018491736755E-15,0.707106781186549,0.707106781186546));
#4448=DIRECTION('center_axis',(0.842414408802566,-0.538830180893593,0.));
#4449=DIRECTION('ref_axis',(0.538830180893593,0.842414408802566,0.));
#4450=DIRECTION('',(1.,-1.71049537216117E-15,0.));
#4451=DIRECTION('center_axis',(-0.847737668116719,-0.53041572945759,-1.17775951093433E-15));
#4452=DIRECTION('ref_axis',(0.530415729457589,-0.847737668116719,-1.88235575597044E-15));
#4453=DIRECTION('center_axis',(-0.419324072316357,0.907836616564912,0.));
#4454=DIRECTION('ref_axis',(0.641937427782502,0.296506895049657,0.707106781186545));
#4455=DIRECTION('',(-0.419324072316357,0.907836616564912,0.));
#4456=DIRECTION('',(0.419324072316357,-0.907836616564912,0.));
#4457=DIRECTION('center_axis',(-0.437318307887946,-0.899306787245612,0.));
#4458=DIRECTION('ref_axis',(-0.635905927628461,0.309230741044595,0.707106781186545));
#4459=DIRECTION('',(0.437318307887946,0.899306787245612,0.));
#4460=DIRECTION('center_axis',(0.,0.,1.));
#4461=DIRECTION('ref_axis',(1.,0.,0.));
#4462=DIRECTION('',(-1.,0.,0.));
#4463=DIRECTION('',(0.,1.,0.));
#4464=DIRECTION('',(0.437318307887946,0.899306787245612,0.));
#4465=DIRECTION('',(1.,-1.71049537216117E-15,0.));
#4466=DIRECTION('',(0.419324072316357,-0.907836616564912,0.));
#4467=DIRECTION('',(0.,-1.,0.));
#4468=DIRECTION('',(-0.466753306416791,-0.884387556984489,0.));
#4469=DIRECTION('',(-1.,0.,0.));
#4470=DIRECTION('',(-0.485698451987788,0.874126428920134,0.));
#4471=DIRECTION('',(0.,1.,0.));
#4472=DIRECTION('',(1.,0.,0.));
#4473=DIRECTION('center_axis',(0.419324072316357,-0.907836616564912,0.));
#4474=DIRECTION('ref_axis',(0.641937427782502,0.296506895049657,-0.707106781186546));
#4475=DIRECTION('center_axis',(0.214666466215719,-0.976687415851385,0.));
#4476=DIRECTION('ref_axis',(-0.976687415851385,-0.214666466215719,0.));
#4477=DIRECTION('',(0.419324072316357,-0.907836616564912,0.));
#4478=DIRECTION('center_axis',(0.842414408802567,-0.538830180893593,-9.35267872928602E-16));
#4479=DIRECTION('ref_axis',(-0.538830180893593,-0.842414408802567,-1.46221047035369E-15));
#4480=DIRECTION('center_axis',(0.,-1.,0.));
#4481=DIRECTION('ref_axis',(0.707106781186549,0.,-0.707106781186546));
#4482=DIRECTION('center_axis',(-0.240429244285622,-0.970666667034696,-1.33465041399563E-16));
#4483=DIRECTION('ref_axis',(-0.970666667034696,0.240429244285622,-5.38828241489042E-16));
#4484=DIRECTION('',(0.,-1.,0.));
#4485=DIRECTION('center_axis',(-0.466753306416791,-0.884387556984489,0.));
#4486=DIRECTION('ref_axis',(0.625356438740737,-0.330044428108561,-0.707106781186545));
#4487=DIRECTION('center_axis',(-0.856374131561897,-0.51635583350206,0.));
#4488=DIRECTION('ref_axis',(-0.51635583350206,0.856374131561896,0.));
#4489=DIRECTION('',(-0.466753306416791,-0.884387556984489,0.));
#4490=DIRECTION('center_axis',(0.437318307887946,0.899306787245612,0.));
#4491=DIRECTION('ref_axis',(-0.635905927628463,0.309230741044594,-0.707106781186544));
#4492=DIRECTION('center_axis',(-0.224380494645154,-0.974501612940069,0.));
#4493=DIRECTION('ref_axis',(-0.974501612940069,0.224380494645154,0.));
#4494=DIRECTION('center_axis',(0.847737668116718,0.530415729457592,0.));
#4495=DIRECTION('ref_axis',(0.530415729457592,-0.847737668116718,0.));
#4496=DIRECTION('center_axis',(-1.,0.,0.));
#4497=DIRECTION('ref_axis',(0.,-0.707106781186548,-0.707106781186548));
#4498=DIRECTION('center_axis',(-0.861887014633526,0.507100358909465,-1.91377361654317E-15));
#4499=DIRECTION('ref_axis',(0.507100358909465,0.861887014633526,-3.25272226703606E-15));
#4500=DIRECTION('',(-1.,0.,0.));
#4501=DIRECTION('center_axis',(-0.485698451987788,0.874126428920134,0.));
#4502=DIRECTION('ref_axis',(-0.618100725503812,-0.34344066901237,-0.707106781186546));
#4503=DIRECTION('center_axis',(-0.250872050136997,0.968020255191006,-8.59774700493263E-15));
#4504=DIRECTION('ref_axis',(0.968020255191006,0.250872050136997,-3.31754503749567E-14));
#4505=DIRECTION('',(-0.485698451987788,0.874126428920134,0.));
#4506=DIRECTION('center_axis',(0.,1.,0.));
#4507=DIRECTION('ref_axis',(-0.707106781186548,0.,-0.707106781186548));
#4508=DIRECTION('center_axis',(1.,-1.71049537216117E-15,0.));
#4509=DIRECTION('ref_axis',(0.,0.707106781186549,-0.707106781186546));
#4510=DIRECTION('',(1.,-1.71049537216117E-15,0.));
#4511=DIRECTION('center_axis',(0.,1.,0.));
#4512=DIRECTION('ref_axis',(-1.,0.,0.));
#4513=DIRECTION('',(0.,0.,1.));
#4514=DIRECTION('',(1.,0.,0.));
#4515=DIRECTION('',(0.,0.,1.));
#4516=DIRECTION('center_axis',(0.874126428920134,0.485698451987788,0.));
#4517=DIRECTION('ref_axis',(-0.485698451987788,0.874126428920134,0.));
#4518=DIRECTION('',(0.,0.,1.));
#4519=DIRECTION('',(0.485698451987788,-0.874126428920134,0.));
#4520=DIRECTION('center_axis',(-1.,0.,0.));
#4521=DIRECTION('ref_axis',(0.,0.,1.));
#4522=DIRECTION('center_axis',(1.,0.,0.));
#4523=DIRECTION('ref_axis',(0.,1.,-1.21380213626828E-16));
#4524=DIRECTION('',(0.,0.,-1.));
#4525=DIRECTION('',(0.,-1.,0.));
#4526=DIRECTION('',(0.,0.866019052628739,0.500011000363013));
#4527=DIRECTION('',(0.,2.22044604925031E-16,1.));
#4528=DIRECTION('',(0.,-0.866019052628739,0.500011000363014));
#4529=DIRECTION('',(0.,-1.,0.));
#4530=DIRECTION('',(0.,-0.866019052628739,-0.500011000363014));
#4531=DIRECTION('',(0.,0.,-1.));
#4532=DIRECTION('',(0.,0.866019052628739,-0.500011000363013));
#4533=DIRECTION('',(0.,-1.,0.));
#4534=DIRECTION('',(0.,0.,1.));
#4535=DIRECTION('center_axis',(1.,0.,0.));
#4536=DIRECTION('ref_axis',(2.2075940145969E-31,-1.,1.01106300829057E-16));
#4537=DIRECTION('',(0.,2.22044604925031E-16,1.));
#4538=DIRECTION('',(0.,-0.866019052628739,0.500011000363014));
#4539=DIRECTION('',(0.,-1.,0.));
#4540=DIRECTION('',(0.,-0.866019052628739,-0.500011000363014));
#4541=DIRECTION('',(0.,0.,-1.));
#4542=DIRECTION('',(0.,0.866019052628739,-0.500011000363013));
#4543=DIRECTION('',(0.,1.,2.01367046160706E-8));
#4544=DIRECTION('',(0.,0.866019052628739,0.500011000363013));
#4545=DIRECTION('',(0.,1.,0.));
#4546=DIRECTION('',(0.,-0.866019052628739,-0.500011000363014));
#4547=DIRECTION('',(0.,0.,-1.));
#4548=DIRECTION('',(0.,0.866019052628739,-0.500011000363013));
#4549=DIRECTION('',(0.,1.,2.01367046160706E-8));
#4550=DIRECTION('',(0.,0.866019052628739,0.500011000363013));
#4551=DIRECTION('',(0.,2.22044604925031E-16,1.));
#4552=DIRECTION('',(0.,-0.866019052628739,0.500011000363014));
#4553=DIRECTION('center_axis',(0.,2.22044604925031E-16,1.));
#4554=DIRECTION('ref_axis',(0.707106781186546,0.707106781186549,0.));
#4555=DIRECTION('',(0.,2.22044604925031E-16,1.));
#4556=DIRECTION('center_axis',(-1.10225113849711E-14,-0.49999449978824,
-0.866028579309891));
#4557=DIRECTION('ref_axis',(1.90918297685205E-14,0.866028579309891,-0.49999449978824));
#4558=DIRECTION('',(0.,-2.22044604925031E-16,-1.));
#4559=DIRECTION('center_axis',(-3.25103570305915E-15,-0.499994499788251,
0.866028579309884));
#4560=DIRECTION('ref_axis',(-5.63104160625445E-15,-0.866028579309884,-0.499994499788251));
#4561=DIRECTION('center_axis',(0.,0.866019052628739,0.500011000363013));
#4562=DIRECTION('ref_axis',(0.707106781186548,0.353561169024555,-0.612367944750531));
#4563=DIRECTION('',(0.,0.866019052628739,0.500011000363013));
#4564=DIRECTION('center_axis',(0.,-0.965924179881678,-0.258825189500382));
#4565=DIRECTION('ref_axis',(0.,0.258825189500382,-0.965924179881678));
#4566=DIRECTION('',(0.,-0.866019052628739,-0.500011000363013));
#4567=DIRECTION('center_axis',(0.,1.,2.01367046160706E-8));
#4568=DIRECTION('ref_axis',(0.707106781186544,1.42387979659829E-8,-0.707106781186551));
#4569=DIRECTION('',(0.,-1.,-2.01367046160706E-8));
#4570=DIRECTION('',(0.,1.,2.01367046160706E-8));
#4571=DIRECTION('center_axis',(0.,-0.965924309742976,0.258824704863263));
#4572=DIRECTION('ref_axis',(0.,-0.258824704863263,-0.965924309742976));
#4573=DIRECTION('center_axis',(0.,0.866019052628739,-0.500011000363013));
#4574=DIRECTION('ref_axis',(0.707106781186548,-0.353561169024555,-0.612367944750531));
#4575=DIRECTION('',(0.,-0.866019052628739,0.500011000363013));
#4576=DIRECTION('',(0.,0.866019052628739,-0.500011000363013));
#4577=DIRECTION('center_axis',(0.,-0.499994499788239,0.866028579309892));
#4578=DIRECTION('ref_axis',(0.,-0.866028579309891,-0.499994499788239));
#4579=DIRECTION('center_axis',(0.,0.,-1.));
#4580=DIRECTION('ref_axis',(0.707106781186548,-0.707106781186548,0.));
#4581=DIRECTION('',(0.,0.,1.));
#4582=DIRECTION('',(0.,0.,-1.));
#4583=DIRECTION('center_axis',(0.,0.499994499788242,0.86602857930989));
#4584=DIRECTION('ref_axis',(0.,-0.86602857930989,0.499994499788241));
#4585=DIRECTION('center_axis',(0.,-0.866019052628739,0.500011000363014));
#4586=DIRECTION('ref_axis',(0.707106781186544,0.353561169024558,0.612367944750534));
#4587=DIRECTION('',(0.,-0.866019052628739,0.500011000363014));
#4588=DIRECTION('',(0.,0.866019052628739,-0.500011000363014));
#4589=DIRECTION('center_axis',(0.,0.965923894619089,-0.25882625408542));
#4590=DIRECTION('ref_axis',(0.,0.25882625408542,0.965923894619089));
#4591=DIRECTION('center_axis',(0.,-0.866019052628738,-0.500011000363014));
#4592=DIRECTION('ref_axis',(0.707106781186545,-0.353561169024566,0.612367944750528));
#4593=DIRECTION('',(0.,0.866019052628739,0.500011000363014));
#4594=DIRECTION('',(0.,-0.866019052628739,-0.500011000363014));
#4595=DIRECTION('center_axis',(0.,0.965923894619093,0.258826254085408));
#4596=DIRECTION('ref_axis',(0.,-0.258826254085408,0.965923894619093));
#4597=DIRECTION('center_axis',(0.,-1.,0.));
#4598=DIRECTION('ref_axis',(0.707106781186551,0.,0.707106781186544));
#4599=DIRECTION('',(0.,1.,0.));
#4600=DIRECTION('',(0.,-1.,0.));
#4601=DIRECTION('center_axis',(0.,0.500011000363013,0.866019052628739));
#4602=DIRECTION('ref_axis',(0.,-0.866019052628739,0.500011000363013));
#4603=DIRECTION('',(1.,0.,0.));
#4604=DIRECTION('',(0.,-0.866019052628739,0.500011000363013));
#4605=DIRECTION('',(1.,0.,0.));
#4606=DIRECTION('center_axis',(0.,-2.01367046160706E-8,1.));
#4607=DIRECTION('ref_axis',(0.,-1.,-2.01367046160706E-8));
#4608=DIRECTION('',(1.,0.,0.));
#4609=DIRECTION('',(0.,-1.,-2.01367046160706E-8));
#4610=DIRECTION('center_axis',(0.,-0.500011000363013,0.866019052628739));
#4611=DIRECTION('ref_axis',(0.,-0.866019052628739,-0.500011000363013));
#4612=DIRECTION('',(1.,0.,0.));
#4613=DIRECTION('',(0.,-0.866019052628739,-0.500011000363013));
#4614=DIRECTION('center_axis',(0.,-1.,2.22044604925031E-16));
#4615=DIRECTION('ref_axis',(0.,-2.22044604925031E-16,-1.));
#4616=DIRECTION('',(1.,0.,0.));
#4617=DIRECTION('',(0.,-2.22044604925031E-16,-1.));
#4618=DIRECTION('center_axis',(1.,0.,0.));
#4619=DIRECTION('ref_axis',(0.,0.,-1.));
#4620=DIRECTION('',(0.,0.,-1.));
#4621=DIRECTION('',(0.,-1.,0.));
#4622=DIRECTION('',(0.,0.,1.));
#4623=DIRECTION('',(0.,-2.22044604925031E-16,-1.));
#4624=DIRECTION('',(0.,-0.866019052628739,-0.500011000363013));
#4625=DIRECTION('',(0.,-1.,-2.01367046160706E-8));
#4626=DIRECTION('',(0.,-0.866019052628739,0.500011000363013));
#4627=DIRECTION('',(0.,0.,1.));
#4628=DIRECTION('',(0.,0.866019052628739,0.500011000363014));
#4629=DIRECTION('',(0.,1.,0.));
#4630=DIRECTION('',(0.,0.866019052628739,-0.500011000363014));
#4631=DIRECTION('',(0.,-2.22044604925031E-16,-1.));
#4632=DIRECTION('',(0.,-0.866019052628739,-0.500011000363013));
#4633=DIRECTION('',(0.,-1.,-2.01367046160706E-8));
#4634=DIRECTION('',(0.,-0.866019052628739,0.500011000363013));
#4635=DIRECTION('',(0.,0.,1.));
#4636=DIRECTION('',(0.,0.866019052628739,0.500011000363014));
#4637=DIRECTION('',(0.,1.,0.));
#4638=DIRECTION('',(0.,0.866019052628739,-0.500011000363014));
#4639=DIRECTION('center_axis',(-0.437318307887946,-0.899306787245612,0.));
#4640=DIRECTION('ref_axis',(-0.635905927628461,0.309230741044594,0.707106781186546));
#4641=DIRECTION('center_axis',(0.847737668116719,0.53041572945759,-1.88235575597045E-15));
#4642=DIRECTION('ref_axis',(-0.53041572945759,0.847737668116719,3.0084776723426E-15));
#4643=DIRECTION('center_axis',(-1.,1.71049537216117E-15,0.));
#4644=DIRECTION('ref_axis',(1.57009245868378E-15,0.707106781186549,0.707106781186546));
#4645=DIRECTION('',(-1.,1.71049537216117E-15,0.));
#4646=DIRECTION('center_axis',(0.842414408802568,-0.53883018089359,-9.35267872928604E-16));
#4647=DIRECTION('ref_axis',(0.53883018089359,0.842414408802568,1.4622104703537E-15));
#4648=DIRECTION('center_axis',(-0.419324072316357,0.907836616564912,0.));
#4649=DIRECTION('ref_axis',(0.641937427782501,0.296506895049657,0.707106781186547));
#4650=DIRECTION('',(-0.419324072316357,0.907836616564912,0.));
#4651=DIRECTION('center_axis',(0.21466646621571,-0.976687415851387,0.));
#4652=DIRECTION('ref_axis',(0.976687415851387,0.21466646621571,0.));
#4653=DIRECTION('center_axis',(0.,1.,0.));
#4654=DIRECTION('ref_axis',(0.707106781186549,0.,0.707106781186546));
#4655=DIRECTION('',(0.,1.,0.));
#4656=DIRECTION('center_axis',(-0.240429244285622,-0.970666667034696,6.67325206997813E-16));
#4657=DIRECTION('ref_axis',(0.970666667034696,-0.240429244285622,-2.69414120744521E-15));
#4658=DIRECTION('center_axis',(0.466753306416791,0.884387556984489,0.));
#4659=DIRECTION('ref_axis',(0.625356438740738,-0.330044428108555,0.707106781186547));
#4660=DIRECTION('',(0.466753306416791,0.884387556984489,0.));
#4661=DIRECTION('center_axis',(-0.856374131561897,-0.51635583350206,0.));
#4662=DIRECTION('ref_axis',(0.51635583350206,-0.856374131561896,0.));
#4663=DIRECTION('center_axis',(1.,0.,0.));
#4664=DIRECTION('ref_axis',(0.,-0.707106781186548,0.707106781186548));
#4665=DIRECTION('center_axis',(-0.861887014633527,0.507100358909464,1.91377361654317E-15));
#4666=DIRECTION('ref_axis',(-0.507100358909464,-0.861887014633527,-3.25272226703608E-15));
#4667=DIRECTION('center_axis',(0.485698451987788,-0.874126428920134,0.));
#4668=DIRECTION('ref_axis',(-0.61810072550381,-0.343440669012375,0.707106781186544));
#4669=DIRECTION('center_axis',(0.,-2.22044604925031E-16,-1.));
#4670=DIRECTION('ref_axis',(-0.707106781186546,0.707106781186549,0.));
#4671=DIRECTION('center_axis',(0.,-0.49999449978824,0.866028579309891));
#4672=DIRECTION('ref_axis',(0.,0.866028579309891,0.49999449978824));
#4673=DIRECTION('center_axis',(-3.84593947493302E-15,-0.49999449978824,
-0.866028579309891));
#4674=DIRECTION('ref_axis',(-6.66146027806047E-15,-0.866028579309891,0.49999449978824));
#4675=DIRECTION('center_axis',(0.,0.866019052628739,-0.500011000363014));
#4676=DIRECTION('ref_axis',(-0.707106781186545,0.353561169024556,0.612367944750534));
#4677=DIRECTION('',(0.,0.866019052628739,-0.500011000363014));
#4678=DIRECTION('center_axis',(0.,0.,-1.));
#4679=DIRECTION('ref_axis',(3.46952328230547E-17,1.,0.));
#4680=DIRECTION('center_axis',(0.,-0.866019052628739,-0.500011000363013));
#4681=DIRECTION('ref_axis',(-0.707106781186545,0.353561169024556,-0.612367944750534));
#4682=DIRECTION('center_axis',(0.,-0.965924179881672,-0.258825189500403));
#4683=DIRECTION('ref_axis',(0.,-0.258825189500403,0.965924179881672));
#4684=DIRECTION('center_axis',(0.,-1.,-2.01367046160706E-8));
#4685=DIRECTION('ref_axis',(-0.707106781186548,1.4238797965983E-8,-0.707106781186548));
#4686=DIRECTION('center_axis',(0.,-0.965924309742971,0.25882470486328));
#4687=DIRECTION('ref_axis',(0.,0.25882470486328,0.965924309742972));
#4688=DIRECTION('center_axis',(0.,-0.866019052628739,0.500011000363013));
#4689=DIRECTION('ref_axis',(-0.707106781186547,-0.353561169024554,-0.612367944750533));
#4690=DIRECTION('center_axis',(0.,-0.499994499788242,0.86602857930989));
#4691=DIRECTION('ref_axis',(0.,0.86602857930989,0.499994499788242));
#4692=DIRECTION('center_axis',(0.,0.,1.));
#4693=DIRECTION('ref_axis',(-0.707106781186548,-0.707106781186548,0.));
#4694=DIRECTION('',(0.,0.,1.));
#4695=DIRECTION('center_axis',(0.,0.499994499788239,0.866028579309892));
#4696=DIRECTION('ref_axis',(0.,0.866028579309892,-0.499994499788239));
#4697=DIRECTION('center_axis',(0.,0.866019052628738,0.500011000363014));
#4698=DIRECTION('ref_axis',(-0.707106781186545,-0.353561169024554,0.612367944750535));
#4699=DIRECTION('center_axis',(0.,0.,-1.));
#4700=DIRECTION('ref_axis',(1.04085698469164E-16,-1.,0.));
#4701=DIRECTION('',(0.,0.866019052628739,0.500011000363014));
#4702=DIRECTION('center_axis',(0.,-0.500011000363014,-0.866019052628739));
#4703=DIRECTION('ref_axis',(0.,0.866019052628739,-0.500011000363014));
#4704=DIRECTION('',(1.,0.,0.));
#4705=DIRECTION('center_axis',(0.,1.,0.));
#4706=DIRECTION('ref_axis',(0.,0.,1.));
#4707=DIRECTION('',(1.,0.,0.));
#4708=DIRECTION('center_axis',(0.,0.500011000363014,-0.866019052628738));
#4709=DIRECTION('ref_axis',(0.,0.866019052628739,0.500011000363014));
#4710=DIRECTION('',(1.,0.,0.));
#4711=DIRECTION('center_axis',(0.,2.22044604925031E-16,1.));
#4712=DIRECTION('ref_axis',(0.707106781186546,0.707106781186549,0.));
#4713=DIRECTION('',(0.,2.22044604925031E-16,1.));
#4714=DIRECTION('center_axis',(-1.25893675467009E-15,-0.499994499788234,
-0.866028579309894));
#4715=DIRECTION('ref_axis',(2.18057440541789E-15,0.866028579309894,-0.499994499788234));
#4716=DIRECTION('center_axis',(3.03318054916821E-15,-0.499994499788243,
0.866028579309889));
#4717=DIRECTION('ref_axis',(5.25369987649672E-15,-0.866028579309889,-0.499994499788243));
#4718=DIRECTION('center_axis',(0.,0.866019052628739,0.500011000363013));
#4719=DIRECTION('ref_axis',(0.707106781186548,0.353561169024555,-0.612367944750531));
#4720=DIRECTION('',(0.,0.866019052628739,0.500011000363013));
#4721=DIRECTION('center_axis',(0.,-0.965924179881679,-0.258825189500378));
#4722=DIRECTION('ref_axis',(0.,0.258825189500378,-0.965924179881679));
#4723=DIRECTION('center_axis',(0.,1.,2.01367046160706E-8));
#4724=DIRECTION('ref_axis',(0.707106781186544,1.42388042463527E-8,-0.707106781186551));
#4725=DIRECTION('',(0.,1.,2.01367046160706E-8));
#4726=DIRECTION('center_axis',(0.,-0.965924309742973,0.258824704863274));
#4727=DIRECTION('ref_axis',(0.,-0.258824704863274,-0.965924309742973));
#4728=DIRECTION('center_axis',(0.,0.866019052628739,-0.500011000363013));
#4729=DIRECTION('ref_axis',(0.707106781186547,-0.353561169024554,-0.612367944750533));
#4730=DIRECTION('',(0.,0.866019052628739,-0.500011000363013));
#4731=DIRECTION('center_axis',(0.,-0.499994499788244,0.866028579309888));
#4732=DIRECTION('ref_axis',(0.,-0.866028579309888,-0.499994499788244));
#4733=DIRECTION('center_axis',(0.,0.,-1.));
#4734=DIRECTION('ref_axis',(0.707106781186548,-0.707106781186548,0.));
#4735=DIRECTION('',(0.,0.,-1.));
#4736=DIRECTION('center_axis',(1.92296973746651E-15,0.499994499788244,0.866028579309888));
#4737=DIRECTION('ref_axis',(-3.33073013903019E-15,-0.866028579309888,0.499994499788244));
#4738=DIRECTION('center_axis',(0.,-0.866019052628739,0.500011000363014));
#4739=DIRECTION('ref_axis',(0.707106781186545,0.353561169024558,0.612367944750533));
#4740=DIRECTION('',(0.,-0.866019052628739,0.500011000363014));
#4741=DIRECTION('center_axis',(0.,0.965924182487614,-0.258825179775142));
#4742=DIRECTION('ref_axis',(0.,0.258825179775142,0.965924182487614));
#4743=DIRECTION('center_axis',(0.,-0.866019052628738,-0.500011000363014));
#4744=DIRECTION('ref_axis',(0.707106781186542,-0.353561169024565,0.612367944750532));
#4745=DIRECTION('',(0.,-0.866019052628738,-0.500011000363014));
#4746=DIRECTION('center_axis',(0.,0.965924182487614,0.258825179775142));
#4747=DIRECTION('ref_axis',(0.,-0.258825179775142,0.965924182487614));
#4748=DIRECTION('center_axis',(0.,-1.,0.));
#4749=DIRECTION('ref_axis',(0.707106781186546,0.,0.707106781186549));
#4750=DIRECTION('',(0.,-1.,0.));
#4751=DIRECTION('center_axis',(0.,0.500011000363013,0.866019052628739));
#4752=DIRECTION('ref_axis',(0.,-0.866019052628739,0.500011000363013));
#4753=DIRECTION('',(1.,0.,0.));
#4754=DIRECTION('',(0.,-0.866019052628739,0.500011000363013));
#4755=DIRECTION('',(1.,0.,0.));
#4756=DIRECTION('center_axis',(0.,-2.01367046160706E-8,1.));
#4757=DIRECTION('ref_axis',(0.,-1.,-2.01367046160706E-8));
#4758=DIRECTION('',(1.,0.,0.));
#4759=DIRECTION('',(0.,-1.,-2.01367046160706E-8));
#4760=DIRECTION('center_axis',(0.,-0.500011000363013,0.866019052628739));
#4761=DIRECTION('ref_axis',(0.,-0.866019052628739,-0.500011000363013));
#4762=DIRECTION('',(1.,0.,0.));
#4763=DIRECTION('',(0.,-0.866019052628739,-0.500011000363013));
#4764=DIRECTION('center_axis',(0.,-1.,2.22044604925031E-16));
#4765=DIRECTION('ref_axis',(0.,-2.22044604925031E-16,-1.));
#4766=DIRECTION('',(1.,0.,0.));
#4767=DIRECTION('',(0.,-2.22044604925031E-16,-1.));
#4768=DIRECTION('center_axis',(0.,1.,0.));
#4769=DIRECTION('ref_axis',(-0.707106781186546,0.,0.707106781186549));
#4770=DIRECTION('center_axis',(0.,0.965924182487616,-0.258825179775134));
#4771=DIRECTION('ref_axis',(0.,-0.258825179775134,-0.965924182487616));
#4772=DIRECTION('',(0.,1.,0.));
#4773=DIRECTION('center_axis',(0.,0.965924182487616,0.258825179775134));
#4774=DIRECTION('ref_axis',(0.,0.258825179775134,-0.965924182487616));
#4775=DIRECTION('center_axis',(0.,-2.22044604925031E-16,-1.));
#4776=DIRECTION('ref_axis',(-0.707106781186546,0.707106781186549,0.));
#4777=DIRECTION('center_axis',(-1.11021081170169E-15,-0.499994499788244,
-0.866028579309888));
#4778=DIRECTION('ref_axis',(-1.92296973746651E-15,-0.866028579309888,0.499994499788244));
#4779=DIRECTION('center_axis',(0.,-0.49999449978824,0.866028579309891));
#4780=DIRECTION('ref_axis',(0.,0.866028579309891,0.49999449978824));
#4781=DIRECTION('center_axis',(0.,-0.866019052628739,-0.500011000363013));
#4782=DIRECTION('ref_axis',(-0.707106781186545,0.353561169024557,-0.612367944750533));
#4783=DIRECTION('center_axis',(0.,-0.96592417988167,-0.258825189500411));
#4784=DIRECTION('ref_axis',(0.,-0.258825189500411,0.96592417988167));
#4785=DIRECTION('center_axis',(0.,-1.,-2.01367046160706E-8));
#4786=DIRECTION('ref_axis',(-0.707106781186548,1.4238797965983E-8,-0.707106781186548));
#4787=DIRECTION('center_axis',(0.,-0.965924309742971,0.25882470486328));
#4788=DIRECTION('ref_axis',(0.,0.25882470486328,0.965924309742972));
#4789=DIRECTION('center_axis',(0.,-0.866019052628739,0.500011000363013));
#4790=DIRECTION('ref_axis',(-0.707106781186548,-0.353561169024555,-0.612367944750532));
#4791=DIRECTION('center_axis',(-1.92296973746651E-15,-0.499994499788243,
0.866028579309889));
#4792=DIRECTION('ref_axis',(-3.33073013903023E-15,0.866028579309889,0.499994499788243));
#4793=DIRECTION('center_axis',(0.,0.,1.));
#4794=DIRECTION('ref_axis',(-0.707106781186548,-0.707106781186548,0.));
#4795=DIRECTION('',(0.,0.,1.));
#4796=DIRECTION('center_axis',(6.36381298427328E-15,0.499994499788243,0.866028579309889));
#4797=DIRECTION('ref_axis',(1.10226090888962E-14,0.866028579309889,-0.499994499788243));
#4798=DIRECTION('center_axis',(0.,0.866019052628738,0.500011000363014));
#4799=DIRECTION('ref_axis',(-0.707106781186547,-0.353561169024554,0.612367944750533));
#4800=DIRECTION('',(0.,0.866019052628739,0.500011000363014));
#4801=DIRECTION('center_axis',(0.,0.866019052628739,-0.500011000363014));
#4802=DIRECTION('ref_axis',(-0.707106781186547,0.353561169024554,0.612367944750533));
#4803=DIRECTION('',(0.,0.866019052628739,-0.500011000363014));
#4804=DIRECTION('center_axis',(0.,0.500011000363014,-0.866019052628738));
#4805=DIRECTION('ref_axis',(0.,0.866019052628739,0.500011000363014));
#4806=DIRECTION('',(1.,0.,0.));
#4807=DIRECTION('',(1.,0.,0.));
#4808=DIRECTION('center_axis',(0.,0.,-1.));
#4809=DIRECTION('ref_axis',(0.,1.,0.));
#4810=DIRECTION('',(1.,0.,0.));
#4811=DIRECTION('center_axis',(0.,-0.500011000363014,-0.866019052628739));
#4812=DIRECTION('ref_axis',(0.,0.866019052628739,-0.500011000363014));
#4813=DIRECTION('center_axis',(0.,-0.866019052628739,0.500011000363013));
#4814=DIRECTION('ref_axis',(-0.707106781186545,-0.353561169024554,-0.612367944750535));
#4815=DIRECTION('',(0.,-0.866019052628739,0.500011000363013));
#4816=DIRECTION('center_axis',(0.,-2.01367046160706E-8,1.));
#4817=DIRECTION('ref_axis',(1.04085702099337E-16,-1.,-2.01367045791681E-8));
#4818=DIRECTION('center_axis',(-3.84593947493301E-15,-0.499994499788244,
0.866028579309888));
#4819=DIRECTION('ref_axis',(-6.66146027806048E-15,0.866028579309888,0.499994499788244));
#4820=DIRECTION('center_axis',(0.,0.,1.));
#4821=DIRECTION('ref_axis',(-0.707106781186548,-0.707106781186548,0.));
#4822=DIRECTION('center_axis',(0.,0.499994499788242,0.86602857930989));
#4823=DIRECTION('ref_axis',(0.,0.86602857930989,-0.499994499788241));
#4824=DIRECTION('',(0.,0.,1.));
#4825=DIRECTION('center_axis',(0.,0.866019052628738,0.500011000363014));
#4826=DIRECTION('ref_axis',(-0.707106781186546,-0.353561169024557,0.612367944750532));
#4827=DIRECTION('center_axis',(0.,0.965924182487616,0.258825179775135));
#4828=DIRECTION('ref_axis',(0.,0.258825179775135,-0.965924182487616));
#4829=DIRECTION('',(0.,0.866019052628739,0.500011000363014));
#4830=DIRECTION('center_axis',(0.,1.,0.));
#4831=DIRECTION('ref_axis',(-0.707106781186546,0.,0.707106781186549));
#4832=DIRECTION('center_axis',(0.,0.965924182487616,-0.258825179775135));
#4833=DIRECTION('ref_axis',(0.,-0.258825179775135,-0.965924182487616));
#4834=DIRECTION('',(0.,1.,0.));
#4835=DIRECTION('center_axis',(0.,-2.22044604925031E-16,-1.));
#4836=DIRECTION('ref_axis',(-0.707106781186546,0.707106781186549,0.));
#4837=DIRECTION('center_axis',(-1.11021081170171E-15,-0.499994499788251,
-0.866028579309884));
#4838=DIRECTION('ref_axis',(-1.9229697374665E-15,-0.866028579309884,0.499994499788251));
#4839=DIRECTION('',(0.,-2.22044604925031E-16,-1.));
#4840=DIRECTION('center_axis',(6.06636109833639E-15,-0.49999449978824,0.866028579309891));
#4841=DIRECTION('ref_axis',(-1.05073997529935E-14,0.866028579309891,0.49999449978824));
#4842=DIRECTION('center_axis',(0.,-0.866019052628739,-0.500011000363013));
#4843=DIRECTION('ref_axis',(-0.707106781186544,0.353561169024559,-0.612367944750533));
#4844=DIRECTION('center_axis',(0.,0.,1.));
#4845=DIRECTION('ref_axis',(0.,1.,0.));
#4846=DIRECTION('',(0.,-0.866019052628739,-0.500011000363013));
#4847=DIRECTION('center_axis',(0.,0.866019052628739,-0.500011000363014));
#4848=DIRECTION('ref_axis',(-0.707106781186548,0.353561169024555,0.612367944750531));
#4849=DIRECTION('',(0.,0.866019052628739,-0.500011000363014));
#4850=DIRECTION('center_axis',(0.,0.500011000363013,0.866019052628739));
#4851=DIRECTION('ref_axis',(0.,-0.866019052628739,0.500011000363013));
#4852=DIRECTION('',(1.,0.,0.));
#4853=DIRECTION('',(0.,0.866019052628739,-0.500011000363013));
#4854=DIRECTION('',(1.,0.,0.));
#4855=DIRECTION('center_axis',(0.,1.,0.));
#4856=DIRECTION('ref_axis',(0.,0.,1.));
#4857=DIRECTION('',(1.,0.,0.));
#4858=DIRECTION('',(0.,0.,-1.));
#4859=DIRECTION('center_axis',(0.,0.500011000363014,-0.866019052628738));
#4860=DIRECTION('ref_axis',(0.,0.866019052628739,0.500011000363014));
#4861=DIRECTION('',(1.,0.,0.));
#4862=DIRECTION('',(0.,-0.866019052628738,-0.500011000363014));
#4863=DIRECTION('center_axis',(0.,0.,-1.));
#4864=DIRECTION('ref_axis',(0.,1.,0.));
#4865=DIRECTION('',(1.,0.,0.));
#4866=DIRECTION('',(0.,-1.,0.));
#4867=DIRECTION('center_axis',(0.,-0.500011000363014,-0.866019052628739));
#4868=DIRECTION('ref_axis',(0.,0.866019052628739,-0.500011000363014));
#4869=DIRECTION('',(1.,0.,0.));
#4870=DIRECTION('',(0.,-0.866019052628739,0.500011000363014));
#4871=DIRECTION('center_axis',(0.,-1.,2.22044604925031E-16));
#4872=DIRECTION('ref_axis',(0.,-2.22044604925031E-16,-1.));
#4873=DIRECTION('',(1.,0.,0.));
#4874=DIRECTION('',(0.,2.22044604925031E-16,1.));
#4875=DIRECTION('center_axis',(0.,-0.500011000363013,0.866019052628739));
#4876=DIRECTION('ref_axis',(0.,-0.866019052628739,-0.500011000363013));
#4877=DIRECTION('',(1.,0.,0.));
#4878=DIRECTION('',(0.,0.866019052628739,0.500011000363013));
#4879=DIRECTION('center_axis',(0.,0.866019052628739,-0.500011000363013));
#4880=DIRECTION('ref_axis',(0.707106781186545,-0.353561169024554,-0.612367944750535));
#4881=DIRECTION('center_axis',(0.,-0.499994499788244,0.866028579309888));
#4882=DIRECTION('ref_axis',(0.,-0.866028579309888,-0.499994499788244));
#4883=DIRECTION('center_axis',(0.,-0.965924309742972,0.258824704863279));
#4884=DIRECTION('ref_axis',(0.,-0.258824704863279,-0.965924309742972));
#4885=DIRECTION('center_axis',(0.,2.22044604925031E-16,1.));
#4886=DIRECTION('ref_axis',(0.707106781186546,0.707106781186549,0.));
#4887=DIRECTION('center_axis',(3.84593947493304E-15,-0.499994499788237,
0.866028579309893));
#4888=DIRECTION('ref_axis',(6.66146027806054E-15,-0.866028579309893,-0.499994499788237));
#4889=DIRECTION('center_axis',(-4.95615028663472E-15,-0.499994499788243,
-0.866028579309889));
#4890=DIRECTION('ref_axis',(8.58443001552693E-15,0.866028579309889,-0.499994499788243));
#4891=DIRECTION('center_axis',(0.,0.,-1.));
#4892=DIRECTION('ref_axis',(0.707106781186548,-0.707106781186548,0.));
#4893=DIRECTION('center_axis',(0.,0.499994499788244,0.866028579309888));
#4894=DIRECTION('ref_axis',(0.,-0.866028579309888,0.499994499788244));
#4895=DIRECTION('center_axis',(0.,-0.866019052628738,-0.500011000363014));
#4896=DIRECTION('ref_axis',(0.707106781186547,-0.353561169024554,0.612367944750533));
#4897=DIRECTION('center_axis',(0.,0.965924182487616,0.258825179775134));
#4898=DIRECTION('ref_axis',(0.,-0.258825179775134,0.965924182487616));
#4899=DIRECTION('center_axis',(0.,-1.,0.));
#4900=DIRECTION('ref_axis',(0.707106781186546,0.,0.707106781186549));
#4901=DIRECTION('center_axis',(0.,0.965924182487617,-0.25882517977513));
#4902=DIRECTION('ref_axis',(0.,0.25882517977513,0.965924182487617));
#4903=DIRECTION('center_axis',(0.,-0.866019052628739,0.500011000363014));
#4904=DIRECTION('ref_axis',(0.707106781186545,0.353561169024556,0.612367944750534));
#4905=DIRECTION('center_axis',(0.,0.866019052628739,0.500011000363013));
#4906=DIRECTION('ref_axis',(0.707106781186544,0.353561169024559,-0.612367944750533));
#4907=DIRECTION('center_axis',(0.,-0.965924179881672,-0.258825189500404));
#4908=DIRECTION('ref_axis',(0.,0.258825189500404,-0.965924179881672));
#4909=DIRECTION('center_axis',(0.,1.,2.01367046160706E-8));
#4910=DIRECTION('ref_axis',(0.707106781186548,1.42388042463528E-8,-0.707106781186548));
#4911=DIRECTION('',(0.,1.,2.01367046160706E-8));
#4912=DIRECTION('center_axis',(0.,-2.01367046160706E-8,1.));
#4913=DIRECTION('ref_axis',(0.,-1.,-2.01367046160706E-8));
#4914=DIRECTION('',(1.,0.,0.));
#4915=DIRECTION('',(0.,-1.,0.));
#4916=DIRECTION('center_axis',(-1.71049537216117E-15,-1.,0.));
#4917=DIRECTION('ref_axis',(1.,-1.71049537216117E-15,0.));
#4918=DIRECTION('',(0.,0.,1.));
#4919=DIRECTION('center_axis',(-0.907836616564912,-0.419324072316357,0.));
#4920=DIRECTION('ref_axis',(0.419324072316357,-0.907836616564912,0.));
#4921=DIRECTION('',(0.,0.,1.));
#4922=DIRECTION('center_axis',(-1.,0.,0.));
#4923=DIRECTION('ref_axis',(0.,-1.,0.));
#4924=DIRECTION('',(0.,0.,1.));
#4925=DIRECTION('center_axis',(-0.884387556984489,0.466753306416791,0.));
#4926=DIRECTION('ref_axis',(-0.466753306416791,-0.884387556984489,0.));
#4927=DIRECTION('center_axis',(-0.907836616564912,-0.419324072316357,0.));
#4928=DIRECTION('ref_axis',(0.419324072316357,-0.907836616564912,0.));
#4929=DIRECTION('center_axis',(0.,1.,0.));
#4930=DIRECTION('ref_axis',(-1.,0.,0.));
#4931=DIRECTION('center_axis',(0.,0.,1.));
#4932=DIRECTION('ref_axis',(1.,0.,0.));
#4933=DIRECTION('center_axis',(0.,1.,0.));
#4934=DIRECTION('ref_axis',(0.,0.,1.));
#4935=DIRECTION('center_axis',(0.,1.,0.));
#4936=DIRECTION('ref_axis',(0.,0.,1.));
#4937=DIRECTION('center_axis',(0.,1.,0.));
#4938=DIRECTION('ref_axis',(0.,0.,1.));
#4939=DIRECTION('',(1.,0.,0.));
#4940=DIRECTION('center_axis',(0.,0.500011000363013,0.866019052628739));
#4941=DIRECTION('ref_axis',(0.,-0.866019052628739,0.500011000363013));
#4942=DIRECTION('',(1.,0.,0.));
#4943=DIRECTION('center_axis',(0.,-0.500011000363013,0.866019052628739));
#4944=DIRECTION('ref_axis',(0.,-0.866019052628739,-0.500011000363013));
#4945=DIRECTION('',(1.,0.,0.));
#4946=DIRECTION('center_axis',(0.,-2.01367046160706E-8,1.));
#4947=DIRECTION('ref_axis',(0.,-1.,-2.01367046160706E-8));
#4948=DIRECTION('',(1.,0.,0.));
#4949=DIRECTION('',(0.,-1.,0.));
#4950=DIRECTION('center_axis',(0.,1.,0.));
#4951=DIRECTION('ref_axis',(0.,0.,1.));
#4952=DIRECTION('',(1.,0.,0.));
#4953=DIRECTION('',(0.,0.,1.));
#4954=DIRECTION('',(-1.,0.,0.));
#4955=DIRECTION('',(0.,0.,-1.));
#4956=DIRECTION('center_axis',(0.,0.,1.));
#4957=DIRECTION('ref_axis',(1.,0.,0.));
#4958=DIRECTION('',(1.85037176285397E-16,1.,0.));
#4959=DIRECTION('',(0.,-1.,0.));
#4960=DIRECTION('',(-1.,0.,0.));
#4961=DIRECTION('',(1.,0.,0.));
#4962=DIRECTION('',(-1.,0.,0.));
#4963=DIRECTION('center_axis',(0.,-1.,0.));
#4964=DIRECTION('ref_axis',(0.,0.,-1.));
#4965=DIRECTION('',(0.,0.,-1.));
#4966=DIRECTION('',(1.,0.,0.));
#4967=DIRECTION('',(1.,0.,0.));
#4968=DIRECTION('',(0.,0.,1.));
#4969=DIRECTION('center_axis',(1.,0.,0.));
#4970=DIRECTION('ref_axis',(0.,1.,0.));
#4971=DIRECTION('',(0.,1.,0.));
#4972=DIRECTION('center_axis',(-1.,1.85037176285397E-16,0.));
#4973=DIRECTION('ref_axis',(-1.85037176285397E-16,-1.,0.));
#4974=DIRECTION('',(-1.85037176285397E-16,-1.,0.));
#4975=DIRECTION('center_axis',(0.,0.,-1.));
#4976=DIRECTION('ref_axis',(-1.,0.,0.));
#4977=DIRECTION('',(-1.,0.,0.));
#4978=DIRECTION('center_axis',(0.,1.,0.));
#4979=DIRECTION('ref_axis',(0.,0.,1.));
#4980=DIRECTION('',(0.,0.,1.));
#4981=DIRECTION('',(1.,0.,0.));
#4982=CARTESIAN_POINT('',(0.,0.,0.));
#4983=CARTESIAN_POINT('',(0.,0.,0.));
#4984=CARTESIAN_POINT('Origin',(11.,14.8,-25.));
#4985=CARTESIAN_POINT('',(11.,27.3,-26.6));
#4986=CARTESIAN_POINT('Origin',(11.,27.3,-25.));
#4987=CARTESIAN_POINT('',(11.,4.5,-26.6));
#4988=CARTESIAN_POINT('',(11.,14.8,-26.6));
#4989=CARTESIAN_POINT('Origin',(11.,4.5,-25.));
#4990=CARTESIAN_POINT('',(9.5,20.140471163991,-25.556776436283));
#4991=CARTESIAN_POINT('',(9.5,20.140471163991,-24.443223563717));
#4992=CARTESIAN_POINT('Origin',(11.,17.4408750709543,-25.));
#4993=CARTESIAN_POINT('',(9.5,12.2,-25.556776436283));
#4994=CARTESIAN_POINT('',(9.5,14.8,-25.556776436283));
#4995=CARTESIAN_POINT('',(9.5,12.2,-24.443223563717));
#4996=CARTESIAN_POINT('Origin',(11.,15.2846185868213,-25.));
#4997=CARTESIAN_POINT('',(9.5,14.8,-24.443223563717));
#4998=CARTESIAN_POINT('Origin',(-11.,14.8,25.));
#4999=CARTESIAN_POINT('',(-11.,27.3,23.4));
#5000=CARTESIAN_POINT('Origin',(-11.,27.3,25.));
#5001=CARTESIAN_POINT('',(-11.,4.5,23.4));
#5002=CARTESIAN_POINT('',(-11.,14.8,23.4));
#5003=CARTESIAN_POINT('Origin',(-11.,4.5,25.));
#5004=CARTESIAN_POINT('Origin',(11.,14.8,25.));
#5005=CARTESIAN_POINT('',(11.,27.3,23.4));
#5006=CARTESIAN_POINT('Origin',(11.,27.3,25.));
#5007=CARTESIAN_POINT('',(11.,4.5,23.4));
#5008=CARTESIAN_POINT('',(11.,14.8,23.4));
#5009=CARTESIAN_POINT('Origin',(11.,4.5,25.));
#5010=CARTESIAN_POINT('Origin',(-11.,14.8,-25.));
#5011=CARTESIAN_POINT('',(-11.,27.3,-26.6));
#5012=CARTESIAN_POINT('Origin',(-11.,27.3,-25.));
#5013=CARTESIAN_POINT('',(-11.,4.5,-26.6));
#5014=CARTESIAN_POINT('',(-11.,14.8,-26.6));
#5015=CARTESIAN_POINT('Origin',(-11.,4.5,-25.));
#5016=CARTESIAN_POINT('',(-9.5,20.140471163991,-25.556776436283));
#5017=CARTESIAN_POINT('',(-9.5,12.2,-25.556776436283));
#5018=CARTESIAN_POINT('',(-9.5,14.8,-25.556776436283));
#5019=CARTESIAN_POINT('',(-9.5,20.140471163991,-24.443223563717));
#5020=CARTESIAN_POINT('Origin',(-11.,17.2983245369842,-25.));
#5021=CARTESIAN_POINT('',(-9.5,12.2,-24.443223563717));
#5022=CARTESIAN_POINT('',(-9.5,14.8,-24.443223563717));
#5023=CARTESIAN_POINT('Origin',(-11.,15.4475,-25.));
#5024=CARTESIAN_POINT('Origin',(7.39439121330946,7.87,-30.));
#5025=CARTESIAN_POINT('',(9.5,12.2,-29.5));
#5026=CARTESIAN_POINT('',(9.5,12.2,-30.));
#5027=CARTESIAN_POINT('',(7.39439121330946,7.87,-29.5));
#5028=CARTESIAN_POINT('',(8.47921631091918,10.1008477730248,-29.5));
#5029=CARTESIAN_POINT('',(7.39439121330946,7.87,-20.5));
#5030=CARTESIAN_POINT('',(7.39439121330946,7.87,-30.));
#5031=CARTESIAN_POINT('',(9.5,12.2,-20.5));
#5032=CARTESIAN_POINT('',(5.70613042591653,4.39823959720409,-20.5));
#5033=CARTESIAN_POINT('',(9.5,12.2,-30.));
#5034=CARTESIAN_POINT('Origin',(9.5,7.5,-20.));
#5035=CARTESIAN_POINT('',(9.5,20.140471163991,-29.5));
#5036=CARTESIAN_POINT('',(9.5,20.140471163991,-30.));
#5037=CARTESIAN_POINT('',(9.5,7.5,-29.5));
#5038=CARTESIAN_POINT('Origin',(-7.5,23.93,-30.));
#5039=CARTESIAN_POINT('',(-9.5,20.140471163991,-29.5));
#5040=CARTESIAN_POINT('',(-9.5,20.140471163991,-30.));
#5041=CARTESIAN_POINT('',(-7.5,23.93,-29.5));
#5042=CARTESIAN_POINT('',(-7.94998479434336,23.0773848230351,-29.5));
#5043=CARTESIAN_POINT('',(-7.5,23.93,-20.5));
#5044=CARTESIAN_POINT('',(-7.5,23.93,-30.));
#5045=CARTESIAN_POINT('',(-9.5,20.140471163991,-20.5));
#5046=CARTESIAN_POINT('',(-11.108935205583,17.0919179855776,-20.5));
#5047=CARTESIAN_POINT('',(-9.5,20.140471163991,-30.));
#5048=CARTESIAN_POINT('Origin',(-9.5,7.5,20.));
#5049=CARTESIAN_POINT('',(-9.5,12.2,-29.5));
#5050=CARTESIAN_POINT('',(-9.5,12.2,-30.));
#5051=CARTESIAN_POINT('',(-9.5,7.5,-29.5));
#5052=CARTESIAN_POINT('Origin',(-9.5,7.5,20.));
#5053=CARTESIAN_POINT('',(-9.5,21.2117008545495,-20.));
#5054=CARTESIAN_POINT('Origin',(-9.5,21.2117008545495,-20.5));
#5055=CARTESIAN_POINT('',(-9.5,27.3,-20.));
#5056=CARTESIAN_POINT('',(-9.5,7.5,-20.));
#5057=CARTESIAN_POINT('',(-9.5,27.3,20.));
#5058=CARTESIAN_POINT('',(-9.5,27.3,-20.));
#5059=CARTESIAN_POINT('',(-9.5,20.5999774835818,20.));
#5060=CARTESIAN_POINT('',(-9.5,7.5,20.));
#5061=CARTESIAN_POINT('',(-9.5,24.43,17.7886706025299));
#5062=CARTESIAN_POINT('',(-9.5,17.477571988585,21.8027745352176));
#5063=CARTESIAN_POINT('',(-9.5,24.43,12.2113288014237));
#5064=CARTESIAN_POINT('',(-9.5,24.43,16.2499998509884));
#5065=CARTESIAN_POINT('',(-9.5,19.733977999758,9.49999970197678));
#5066=CARTESIAN_POINT('',(-9.5,17.4776673818263,8.19727994566519));
#5067=CARTESIAN_POINT('',(-9.5,12.066022000242,9.49999970197678));
#5068=CARTESIAN_POINT('',(-9.5,9.85,9.49999970197678));
#5069=CARTESIAN_POINT('',(-9.5,7.37,12.2113288014237));
#5070=CARTESIAN_POINT('',(-9.5,5.85742502223945,13.0846399895071));
#5071=CARTESIAN_POINT('',(-9.5,7.37,17.7886706025299));
#5072=CARTESIAN_POINT('',(-9.5,7.37,18.7499998509884));
#5073=CARTESIAN_POINT('',(-9.5,11.2000225164182,20.));
#5074=CARTESIAN_POINT('',(-9.5,10.1875204154808,19.4154144913756));
#5075=CARTESIAN_POINT('',(-9.5,4.5,20.));
#5076=CARTESIAN_POINT('',(-9.5,7.5,20.));
#5077=CARTESIAN_POINT('',(-9.5,4.5,-20.));
#5078=CARTESIAN_POINT('',(-9.5,4.5,-20.));
#5079=CARTESIAN_POINT('',(-9.5,11.0076048264103,-20.));
#5080=CARTESIAN_POINT('',(-9.5,7.5,-20.));
#5081=CARTESIAN_POINT('',(-9.5,12.2,-20.5));
#5082=CARTESIAN_POINT('Origin',(-9.5,11.0076048264103,-20.5));
#5083=CARTESIAN_POINT('',(-9.5,12.2,-30.));
#5084=CARTESIAN_POINT('',(-9.5,11.2000214840658,-20.));
#5085=CARTESIAN_POINT('',(-9.5,20.5999785159342,-20.));
#5086=CARTESIAN_POINT('',(-9.5,13.8202355819955,-20.));
#5087=CARTESIAN_POINT('',(-9.5,7.37000000000001,-17.7886711985763));
#5088=CARTESIAN_POINT('',(-9.5,-0.637860770335424,-13.1651950032326));
#5089=CARTESIAN_POINT('',(-9.5,7.37,-12.2113293974701));
#5090=CARTESIAN_POINT('',(-9.5,7.37000000000001,3.74999985098839));
#5091=CARTESIAN_POINT('',(-9.5,12.0660219955693,-9.5000003007211));
#5092=CARTESIAN_POINT('',(-9.5,16.6828062080557,-6.83442050136406));
#5093=CARTESIAN_POINT('',(-9.5,19.7339777369972,-9.50000014631374));
#5094=CARTESIAN_POINT('',(-9.5,13.5500002919822,-9.50000027083867));
#5095=CARTESIAN_POINT('',(-9.5,24.43,-12.2113293974701));
#5096=CARTESIAN_POINT('',(-9.5,10.9822861960101,-4.44706045752213));
#5097=CARTESIAN_POINT('',(-9.5,24.43,-17.7886711985763));
#5098=CARTESIAN_POINT('',(-9.5,24.43,1.24999985098839));
#5099=CARTESIAN_POINT('',(-9.5,23.9729531744012,-18.0525550470745));
#5100=CARTESIAN_POINT('',(-9.5,7.37,2.78867060252989));
#5101=CARTESIAN_POINT('',(-9.5,7.37,-2.78867119857634));
#5102=CARTESIAN_POINT('',(-9.5,7.37000000000001,11.2499998509884));
#5103=CARTESIAN_POINT('',(-9.5,12.0660219955693,5.4999996992789));
#5104=CARTESIAN_POINT('',(-9.5,13.4351633117682,6.29049699500578));
#5105=CARTESIAN_POINT('',(-9.5,19.7339777369972,5.49999985368626));
#5106=CARTESIAN_POINT('',(-9.5,13.5500001409569,5.49999972916133));
#5107=CARTESIAN_POINT('',(-9.5,24.43,2.7886706025299));
#5108=CARTESIAN_POINT('',(-9.5,14.2299290922975,8.67785703884771));
#5109=CARTESIAN_POINT('',(-9.5,24.43,-2.78867119857634));
#5110=CARTESIAN_POINT('',(-9.5,24.43,8.74999985098839));
#5111=CARTESIAN_POINT('',(-9.5,19.733977999758,-5.50000029802322));
#5112=CARTESIAN_POINT('',(-9.5,20.7253102781138,-4.92763755070464));
#5113=CARTESIAN_POINT('',(-9.5,12.066022000242,-5.50000029802322));
#5114=CARTESIAN_POINT('',(-9.5,9.85,-5.50000029802322));
#5115=CARTESIAN_POINT('',(-9.5,2.60978212595202,-0.0402775068627137));
#5116=CARTESIAN_POINT('Origin',(-19.,13.549999486514,20.4999997291613));
#5117=CARTESIAN_POINT('',(-19.5,12.0660219955693,20.4999996992789));
#5118=CARTESIAN_POINT('',(-19.5,19.7339777369972,20.4999998536863));
#5119=CARTESIAN_POINT('',(-19.5,13.549999486514,20.4999997291613));
#5120=CARTESIAN_POINT('',(-19.,19.6,19.9999998509884));
#5121=CARTESIAN_POINT('Origin',(-19.,19.7339777369972,20.4999998536863));
#5122=CARTESIAN_POINT('',(-19.,12.2,19.9999997019768));
#5123=CARTESIAN_POINT('',(-19.,13.5499994965824,19.9999997291613));
#5124=CARTESIAN_POINT('Origin',(-19.,12.0660219955693,20.4999996992789));
#5125=CARTESIAN_POINT('Origin',(-19.,28.3030483095431,15.552499523117));
#5126=CARTESIAN_POINT('',(-19.5,24.43,17.7886706025299));
#5127=CARTESIAN_POINT('',(-19.5,28.3030483095431,15.552499523117));
#5128=CARTESIAN_POINT('',(-19.,23.93,17.4999997019768));
#5129=CARTESIAN_POINT('Origin',(-19.,24.43,17.7886706025299));
#5130=CARTESIAN_POINT('',(-19.,28.0530428093616,15.1194899968027));
#5131=CARTESIAN_POINT('Origin',(-19.,24.43,-8.75000014901161));
#5132=CARTESIAN_POINT('',(-19.5,24.43,12.2113288014237));
#5133=CARTESIAN_POINT('',(-19.5,24.43,-8.75000014901161));
#5134=CARTESIAN_POINT('',(-19.,23.93,12.4999997019768));
#5135=CARTESIAN_POINT('Origin',(-19.,24.43,12.2113288014237));
#5136=CARTESIAN_POINT('',(-19.,23.93,-8.75000014901161));
#5137=CARTESIAN_POINT('Origin',(-19.,7.37,-6.25000014901161));
#5138=CARTESIAN_POINT('',(-19.,7.87,17.4999997019768));
#5139=CARTESIAN_POINT('',(-19.,7.87,12.4999997019768));
#5140=CARTESIAN_POINT('',(-19.,7.87,-6.25000014901161));
#5141=CARTESIAN_POINT('',(-19.5,7.37,12.2113288014237));
#5142=CARTESIAN_POINT('Origin',(-19.,7.37,12.2113288014237));
#5143=CARTESIAN_POINT('',(-19.5,7.37,17.7886706025299));
#5144=CARTESIAN_POINT('',(-19.5,7.37,-6.25000014901161));
#5145=CARTESIAN_POINT('Origin',(-19.,7.37,17.7886706025299));
#5146=CARTESIAN_POINT('Origin',(-19.,6.6521910608682,1.94700493356463));
#5147=CARTESIAN_POINT('',(-19.5,19.733977999758,9.49999970197678));
#5148=CARTESIAN_POINT('',(-19.5,6.6521910608682,1.94700493356463));
#5149=CARTESIAN_POINT('',(-19.,19.6,9.99999970197678));
#5150=CARTESIAN_POINT('Origin',(-19.,19.733977999758,9.49999970197678));
#5151=CARTESIAN_POINT('',(-19.,6.40218556068669,2.380014459879));
#5152=CARTESIAN_POINT('Origin',(-19.,9.85,9.49999970197678));
#5153=CARTESIAN_POINT('',(-19.5,12.066022000242,9.49999970197678));
#5154=CARTESIAN_POINT('',(-19.5,9.85,9.49999970197678));
#5155=CARTESIAN_POINT('',(-19.,12.2,9.99999970197678));
#5156=CARTESIAN_POINT('Origin',(-19.,12.066022000242,9.49999970197678));
#5157=CARTESIAN_POINT('',(-19.,9.85,9.99999970197678));
#5158=CARTESIAN_POINT('Origin',(-19.,16.6829013431976,6.83436497740658));
#5159=CARTESIAN_POINT('',(-19.,16.9329068433791,7.26737450372095));
#5160=CARTESIAN_POINT('',(-19.5,16.6829013431976,6.83436497740658));
#5161=CARTESIAN_POINT('Origin',(-19.,-0.637955905477308,13.1651394792751));
#5162=CARTESIAN_POINT('',(-19.,-0.387950405295799,12.7321299529607));
#5163=CARTESIAN_POINT('',(-19.5,-0.637955905477308,13.1651394792751));
#5164=CARTESIAN_POINT('Origin',(-19.5,19.6,9.99999970197678));
#5165=CARTESIAN_POINT('',(-10.,19.6,9.99999970197678));
#5166=CARTESIAN_POINT('',(-19.5,19.6,9.99999970197678));
#5167=CARTESIAN_POINT('',(-10.,23.93,12.4999997019768));
#5168=CARTESIAN_POINT('',(-10.,17.2276618816448,8.63028947197956));
#5169=CARTESIAN_POINT('',(-19.5,23.93,12.4999997019768));
#5170=CARTESIAN_POINT('Origin',(-19.5,12.2,9.99999970197678));
#5171=CARTESIAN_POINT('',(-10.,12.2,9.99999970197678));
#5172=CARTESIAN_POINT('',(-19.5,12.2,9.99999970197678));
#5173=CARTESIAN_POINT('',(-10.,9.85,9.99999970197678));
#5174=CARTESIAN_POINT('Origin',(-19.5,7.87,12.4999997019768));
#5175=CARTESIAN_POINT('',(-10.,7.87,12.4999997019768));
#5176=CARTESIAN_POINT('',(-19.5,7.87,12.4999997019768));
#5177=CARTESIAN_POINT('',(-10.,6.10743052242096,13.5176495158215));
#5178=CARTESIAN_POINT('Origin',(-19.5,7.87,17.4999997019768));
#5179=CARTESIAN_POINT('',(-10.,7.87,17.4999997019768));
#5180=CARTESIAN_POINT('',(-19.5,7.87,17.4999997019768));
#5181=CARTESIAN_POINT('',(-10.,7.87,18.7499998509884));
#5182=CARTESIAN_POINT('Origin',(-19.5,7.5,-30.));
#5183=CARTESIAN_POINT('',(-19.5,27.3,30.));
#5184=CARTESIAN_POINT('',(-19.5,4.5,30.));
#5185=CARTESIAN_POINT('',(-19.5,7.5,30.));
#5186=CARTESIAN_POINT('',(-19.5,27.3,-30.));
#5187=CARTESIAN_POINT('',(-19.5,27.3,-30.));
#5188=CARTESIAN_POINT('',(-19.5,4.5,-30.));
#5189=CARTESIAN_POINT('',(-19.5,7.5,-30.));
#5190=CARTESIAN_POINT('',(-19.5,4.5,-30.));
#5191=CARTESIAN_POINT('',(-19.5,7.37,-2.78867119857634));
#5192=CARTESIAN_POINT('',(-19.5,7.37000000000001,2.7886706025299));
#5193=CARTESIAN_POINT('',(-19.5,7.37,-13.7500001490116));
#5194=CARTESIAN_POINT('',(-19.5,12.066022000242,-5.50000029802322));
#5195=CARTESIAN_POINT('',(-19.5,13.4352584469101,-6.29055251896326));
#5196=CARTESIAN_POINT('',(-19.5,19.733977999758,-5.50000029802322));
#5197=CARTESIAN_POINT('',(-19.5,9.85,-5.50000029802322));
#5198=CARTESIAN_POINT('',(-19.5,24.43,-2.78867119857633));
#5199=CARTESIAN_POINT('',(-19.5,9.89983395715564,-11.1779125628052));
#5200=CARTESIAN_POINT('',(-19.5,24.43,2.78867060252989));
#5201=CARTESIAN_POINT('',(-19.5,24.43,-16.2500001490116));
#5202=CARTESIAN_POINT('',(-19.5,19.7339777369972,5.49999985368626));
#5203=CARTESIAN_POINT('',(-19.5,25.0554054132556,2.42758202674719));
#5204=CARTESIAN_POINT('',(-19.5,12.0660219955693,5.4999996992789));
#5205=CARTESIAN_POINT('',(-19.5,13.5499996375393,5.49999972916132));
#5206=CARTESIAN_POINT('',(-19.5,2.60968699081013,0.0402219829052597));
#5207=CARTESIAN_POINT('',(-19.5,7.37,-17.7886711985763));
#5208=CARTESIAN_POINT('',(-19.5,7.37000000000001,-12.2113293974701));
#5209=CARTESIAN_POINT('',(-19.5,7.37,-21.2500001490116));
#5210=CARTESIAN_POINT('',(-19.5,12.0660214840658,-20.5));
#5211=CARTESIAN_POINT('',(-19.5,10.1876155506227,-19.4154700153331));
#5212=CARTESIAN_POINT('',(-19.5,19.7339785159342,-20.5));
#5213=CARTESIAN_POINT('',(-19.5,7.5,-20.5));
#5214=CARTESIAN_POINT('',(-19.5,24.43,-17.7886711985763));
#5215=CARTESIAN_POINT('',(-19.5,13.1474768534431,-24.302830059175));
#5216=CARTESIAN_POINT('',(-19.5,24.43,-12.2113293974701));
#5217=CARTESIAN_POINT('',(-19.5,24.43,-23.7500001490116));
#5218=CARTESIAN_POINT('',(-19.5,19.7339777369972,-9.50000014631374));
#5219=CARTESIAN_POINT('',(-19.5,21.8077625169682,-10.6973354696227));
#5220=CARTESIAN_POINT('',(-19.5,12.0660219955693,-9.5000003007211));
#5221=CARTESIAN_POINT('',(-19.5,13.5499997885646,-9.50000027083868));
#5222=CARTESIAN_POINT('',(-19.5,5.85732988709756,-13.0846955134646));
#5223=CARTESIAN_POINT('Origin',(-10.,17.477571988585,21.8027745352176));
#5224=CARTESIAN_POINT('',(-10.,19.6,19.9999998509884));
#5225=CARTESIAN_POINT('Origin',(-10.,20.5999774835818,20.));
#5226=CARTESIAN_POINT('',(-10.,23.93,17.4999997019768));
#5227=CARTESIAN_POINT('',(-10.,17.2275664884035,21.3697650089032));
#5228=CARTESIAN_POINT('Origin',(-10.,24.43,17.7886706025299));
#5229=CARTESIAN_POINT('Origin',(-10.,7.37,18.7499998509884));
#5230=CARTESIAN_POINT('Origin',(-10.,7.37,12.2113288014237));
#5231=CARTESIAN_POINT('Origin',(-10.,7.37,17.7886706025299));
#5232=CARTESIAN_POINT('Origin',(-10.,24.43,16.2499998509884));
#5233=CARTESIAN_POINT('',(-10.,23.93,16.2499998509884));
#5234=CARTESIAN_POINT('Origin',(-10.,24.43,12.2113288014237));
#5235=CARTESIAN_POINT('Origin',(-10.,17.4776673818263,8.19727994566519));
#5236=CARTESIAN_POINT('Origin',(-10.,19.733977999758,9.49999970197678));
#5237=CARTESIAN_POINT('Origin',(-10.,9.85,9.49999970197678));
#5238=CARTESIAN_POINT('Origin',(-10.,12.066022000242,9.49999970197678));
#5239=CARTESIAN_POINT('Origin',(-10.,5.85742502223945,13.0846399895071));
#5240=CARTESIAN_POINT('Origin',(-10.,10.1875204154808,19.4154144913756));
#5241=CARTESIAN_POINT('',(-10.,12.2,19.9999997019768));
#5242=CARTESIAN_POINT('',(-10.,10.4375259156623,18.9824049650613));
#5243=CARTESIAN_POINT('Origin',(-10.,11.200021965366,19.9999996818405));
#5244=CARTESIAN_POINT('Origin',(-19.,13.5499996375393,5.49999972916132));
#5245=CARTESIAN_POINT('',(-19.,19.6,4.99999985098839));
#5246=CARTESIAN_POINT('Origin',(-19.,19.7339777369972,5.49999985368626));
#5247=CARTESIAN_POINT('',(-19.,12.2,4.99999970197677));
#5248=CARTESIAN_POINT('',(-19.,13.5499996476077,4.99999972916132));
#5249=CARTESIAN_POINT('Origin',(-19.,12.0660219955693,5.4999996992789));
#5250=CARTESIAN_POINT('Origin',(-19.,25.0554054132556,2.42758202674719));
#5251=CARTESIAN_POINT('',(-19.,23.93,2.49999970197678));
#5252=CARTESIAN_POINT('Origin',(-19.,24.43,2.7886706025299));
#5253=CARTESIAN_POINT('',(-19.,24.8053999130741,1.99457250043282));
#5254=CARTESIAN_POINT('Origin',(-19.,24.43,-16.2500001490116));
#5255=CARTESIAN_POINT('',(-19.,23.93,-2.50000029802322));
#5256=CARTESIAN_POINT('Origin',(-19.,24.43,-2.78867119857633));
#5257=CARTESIAN_POINT('',(-19.,23.93,-16.2500001490116));
#5258=CARTESIAN_POINT('Origin',(-19.,7.37,-13.7500001490116));
#5259=CARTESIAN_POINT('',(-19.,7.87,2.49999970197678));
#5260=CARTESIAN_POINT('',(-19.,7.87,-2.50000029802322));
#5261=CARTESIAN_POINT('',(-19.,7.87,-13.7500001490116));
#5262=CARTESIAN_POINT('Origin',(-19.,7.37,-2.78867119857634));
#5263=CARTESIAN_POINT('Origin',(-19.,7.37,2.7886706025299));
#5264=CARTESIAN_POINT('Origin',(-19.,9.89983395715564,-11.1779125628052));
#5265=CARTESIAN_POINT('',(-19.,19.6,-5.00000029802322));
#5266=CARTESIAN_POINT('Origin',(-19.,19.733977999758,-5.50000029802322));
#5267=CARTESIAN_POINT('',(-19.,9.64982845697414,-10.7449030364908));
#5268=CARTESIAN_POINT('Origin',(-19.,9.85,-5.50000029802322));
#5269=CARTESIAN_POINT('',(-19.,12.2,-5.00000029802322));
#5270=CARTESIAN_POINT('Origin',(-19.,12.066022000242,-5.50000029802322));
#5271=CARTESIAN_POINT('',(-19.,9.85,-5.00000029802322));
#5272=CARTESIAN_POINT('Origin',(-19.,13.4352584469101,-6.29055251896326));
#5273=CARTESIAN_POINT('',(-19.,13.6852639470917,-5.85754299264889));
#5274=CARTESIAN_POINT('Origin',(-19.,2.60968699081013,0.0402219829052597));
#5275=CARTESIAN_POINT('',(-19.,2.85969249099164,-0.392787543409112));
#5276=CARTESIAN_POINT('Origin',(-19.5,19.6,-5.00000029802322));
#5277=CARTESIAN_POINT('',(-10.,19.6,-5.00000029802322));
#5278=CARTESIAN_POINT('',(-19.5,19.6,-5.00000029802322));
#5279=CARTESIAN_POINT('',(-10.,23.93,-2.50000029802322));
#5280=CARTESIAN_POINT('',(-10.,20.4753047779323,-4.49462802439027));
#5281=CARTESIAN_POINT('',(-19.5,23.93,-2.50000029802322));
#5282=CARTESIAN_POINT('Origin',(-19.5,12.2,-5.00000029802322));
#5283=CARTESIAN_POINT('',(-10.,12.2,-5.00000029802322));
#5284=CARTESIAN_POINT('',(-19.5,12.2,-5.00000029802322));
#5285=CARTESIAN_POINT('',(-10.,9.85,-5.00000029802322));
#5286=CARTESIAN_POINT('Origin',(-19.5,7.87,-2.50000029802322));
#5287=CARTESIAN_POINT('',(-10.,7.87,-2.50000029802322));
#5288=CARTESIAN_POINT('',(-19.5,7.87,-2.50000029802322));
#5289=CARTESIAN_POINT('',(-10.,2.85978762613352,0.392732019451656));
#5290=CARTESIAN_POINT('Origin',(-19.5,7.87,2.49999970197678));
#5291=CARTESIAN_POINT('',(-10.,7.87,2.49999970197678));
#5292=CARTESIAN_POINT('',(-19.5,7.87,2.49999970197678));
#5293=CARTESIAN_POINT('',(-10.,7.87000000000001,11.2499998509884));
#5294=CARTESIAN_POINT('Origin',(-10.,7.37000000000001,11.2499998509884));
#5295=CARTESIAN_POINT('Origin',(-10.,7.37,-2.78867119857634));
#5296=CARTESIAN_POINT('Origin',(-10.,7.37,2.78867060252989));
#5297=CARTESIAN_POINT('Origin',(-10.,13.4351633117682,6.29049699500578));
#5298=CARTESIAN_POINT('',(-10.,12.2,4.99999970197677));
#5299=CARTESIAN_POINT('',(-10.,13.6851688119498,5.85748746869141));
#5300=CARTESIAN_POINT('Origin',(-10.,12.0660219955693,5.4999996992789));
#5301=CARTESIAN_POINT('Origin',(-10.,13.5500001409569,5.49999972916133));
#5302=CARTESIAN_POINT('',(-10.,19.6,4.99999985098839));
#5303=CARTESIAN_POINT('',(-10.,13.5500001510253,4.99999972916133));
#5304=CARTESIAN_POINT('Origin',(-10.,19.7339777369972,5.49999985368626));
#5305=CARTESIAN_POINT('Origin',(-10.,14.2299290922975,8.67785703884771));
#5306=CARTESIAN_POINT('',(-10.,23.93,2.49999970197678));
#5307=CARTESIAN_POINT('',(-10.,13.979923592116,8.24484751253334));
#5308=CARTESIAN_POINT('Origin',(-10.,24.43,2.7886706025299));
#5309=CARTESIAN_POINT('Origin',(-10.,24.43,8.74999985098839));
#5310=CARTESIAN_POINT('',(-10.,23.93,8.74999985098839));
#5311=CARTESIAN_POINT('Origin',(-10.,24.43,-2.78867119857634));
#5312=CARTESIAN_POINT('Origin',(-10.,20.7253102781138,-4.92763755070464));
#5313=CARTESIAN_POINT('Origin',(-10.,19.733977999758,-5.50000029802322));
#5314=CARTESIAN_POINT('Origin',(-10.,9.85,-5.50000029802322));
#5315=CARTESIAN_POINT('Origin',(-10.,12.066022000242,-5.50000029802322));
#5316=CARTESIAN_POINT('Origin',(-10.,2.60978212595202,-0.0402775068627137));
#5317=CARTESIAN_POINT('Origin',(-19.5,23.93,2.49999970197678));
#5318=CARTESIAN_POINT('',(-19.5,23.93,2.49999970197678));
#5319=CARTESIAN_POINT('',(-19.5,19.6,4.99999985098839));
#5320=CARTESIAN_POINT('Origin',(-19.5,19.6,4.99999985098839));
#5321=CARTESIAN_POINT('',(-19.5,12.2,4.99999970197677));
#5322=CARTESIAN_POINT('Origin',(-19.5,12.2,4.99999970197677));
#5323=CARTESIAN_POINT('Origin',(-19.,7.37,-21.2500001490116));
#5324=CARTESIAN_POINT('',(-19.,7.87,-12.5000002980232));
#5325=CARTESIAN_POINT('Origin',(-19.,7.37,-12.2113293974701));
#5326=CARTESIAN_POINT('',(-19.,7.87,-17.5000002980232));
#5327=CARTESIAN_POINT('',(-19.,7.87,-21.2500001490116));
#5328=CARTESIAN_POINT('Origin',(-19.,7.37,-17.7886711985763));
#5329=CARTESIAN_POINT('Origin',(-19.,5.85732988709756,-13.0846955134646));
#5330=CARTESIAN_POINT('',(-19.,12.2,-10.0000002980232));
#5331=CARTESIAN_POINT('Origin',(-19.,12.0660219955693,-9.5000003007211));
#5332=CARTESIAN_POINT('',(-19.,6.10733538727907,-13.517705039779));
#5333=CARTESIAN_POINT('Origin',(-19.,13.5499997885646,-9.50000027083868));
#5334=CARTESIAN_POINT('',(-19.,19.6,-10.0000001490116));
#5335=CARTESIAN_POINT('Origin',(-19.,19.7339777369972,-9.50000014631374));
#5336=CARTESIAN_POINT('',(-19.,13.549999798633,-10.0000002708387));
#5337=CARTESIAN_POINT('Origin',(-19.,21.8077625169682,-10.6973354696227));
#5338=CARTESIAN_POINT('',(-19.,23.93,-12.5000002980232));
#5339=CARTESIAN_POINT('Origin',(-19.,24.43,-12.2113293974701));
#5340=CARTESIAN_POINT('',(-19.,21.5577570167867,-11.130344995937));
#5341=CARTESIAN_POINT('Origin',(-19.,24.43,-23.7500001490116));
#5342=CARTESIAN_POINT('',(-19.,23.93,-17.5000002980232));
#5343=CARTESIAN_POINT('Origin',(-19.,24.43,-17.7886711985763));
#5344=CARTESIAN_POINT('',(-19.,23.93,-23.7500001490116));
#5345=CARTESIAN_POINT('Origin',(-19.,13.1474768534431,-24.302830059175));
#5346=CARTESIAN_POINT('',(-19.,19.6,-20.0000002980232));
#5347=CARTESIAN_POINT('',(-19.,12.8974713532616,-23.8698205328607));
#5348=CARTESIAN_POINT('Origin',(-19.,19.7339785159342,-20.5));
#5349=CARTESIAN_POINT('Origin',(-19.,7.5,-20.5));
#5350=CARTESIAN_POINT('',(-19.,12.2,-20.0000002980232));
#5351=CARTESIAN_POINT('',(-19.,7.5,-20.));
#5352=CARTESIAN_POINT('Origin',(-19.,12.0660214840658,-20.5));
#5353=CARTESIAN_POINT('Origin',(-19.,10.1876155506227,-19.4154700153331));
#5354=CARTESIAN_POINT('',(-19.,10.4376210508042,-18.9824604890187));
#5355=CARTESIAN_POINT('Origin',(-19.5,19.6,-20.0000002980232));
#5356=CARTESIAN_POINT('',(-10.,19.6,-20.0000002980232));
#5357=CARTESIAN_POINT('',(-19.5,19.6,-20.0000002980232));
#5358=CARTESIAN_POINT('',(-10.,23.93,-17.5000002980232));
#5359=CARTESIAN_POINT('',(-10.,23.7229476742197,-17.6195455207601));
#5360=CARTESIAN_POINT('',(-19.5,23.93,-17.5000002980232));
#5361=CARTESIAN_POINT('Origin',(-9.5,7.5,-20.));
#5362=CARTESIAN_POINT('',(-10.,12.2,-20.0000002980232));
#5363=CARTESIAN_POINT('',(-19.5,12.2,-20.0000002980232));
#5364=CARTESIAN_POINT('Origin',(-10.,11.2000214840658,-20.));
#5365=CARTESIAN_POINT('Origin',(-10.,20.5999785159342,-20.));
#5366=CARTESIAN_POINT('Origin',(-19.5,7.87,-17.5000002980232));
#5367=CARTESIAN_POINT('',(-10.,7.87,-17.5000002980232));
#5368=CARTESIAN_POINT('',(-19.5,7.87,-17.5000002980232));
#5369=CARTESIAN_POINT('',(-10.,-0.387855270153917,-12.7321854769182));
#5370=CARTESIAN_POINT('Origin',(-19.5,7.87,-12.5000002980232));
#5371=CARTESIAN_POINT('',(-10.,7.87,-12.5000002980232));
#5372=CARTESIAN_POINT('',(-19.5,7.87,-12.5000002980232));
#5373=CARTESIAN_POINT('',(-10.,7.87000000000001,3.74999985098839));
#5374=CARTESIAN_POINT('Origin',(7.94719560665473,24.43,-29.5));
#5375=CARTESIAN_POINT('',(-7.80147794898959,24.43,-30.));
#5376=CARTESIAN_POINT('',(-3.31142848793927,24.43,-30.));
#5377=CARTESIAN_POINT('',(7.94719560665473,24.43,-30.));
#5378=CARTESIAN_POINT('',(-3.60560878669054,23.93,-29.5));
#5379=CARTESIAN_POINT('Origin',(-3.31142848793927,24.43,-29.5));
#5380=CARTESIAN_POINT('',(7.94719560665473,23.93,-29.5));
#5381=CARTESIAN_POINT('Origin',(-7.80147794898959,24.43,-29.5));
#5382=CARTESIAN_POINT('Origin',(4.09737550264023,11.0961477953046,-29.5));
#5383=CARTESIAN_POINT('',(-0.999999999999998,20.2700511230836,-30.));
#5384=CARTESIAN_POINT('',(4.09737550264023,11.0961477953046,-30.));
#5385=CARTESIAN_POINT('',(-1.5,20.140471163991,-29.5));
#5386=CARTESIAN_POINT('Origin',(-0.999999999999998,20.2700511230836,-29.5));
#5387=CARTESIAN_POINT('',(3.66031228818017,10.8532985693107,-29.5));
#5388=CARTESIAN_POINT('Origin',(-0.999999999999998,9.85,-29.5));
#5389=CARTESIAN_POINT('',(-0.999999999999997,12.0848742312657,-30.));
#5390=CARTESIAN_POINT('',(-0.999999999999998,9.85,-30.));
#5391=CARTESIAN_POINT('',(-1.5,12.2,-29.5));
#5392=CARTESIAN_POINT('Origin',(-0.999999999999998,12.0848742312657,-29.5));
#5393=CARTESIAN_POINT('',(-1.5,9.85,-29.5));
#5394=CARTESIAN_POINT('Origin',(6.,7.36999999999998,-29.5));
#5395=CARTESIAN_POINT('',(-3.29276688440966,7.37,-30.));
#5396=CARTESIAN_POINT('',(-7.8198130132054,7.37000000000001,-30.));
#5397=CARTESIAN_POINT('',(6.,7.36999999999998,-30.));
#5398=CARTESIAN_POINT('',(-7.5,7.87000000000001,-29.5));
#5399=CARTESIAN_POINT('Origin',(-7.8198130132054,7.37000000000001,-29.5));
#5400=CARTESIAN_POINT('',(-3.60560878669054,7.87,-29.5));
#5401=CARTESIAN_POINT('',(6.,7.86999999999999,-29.5));
#5402=CARTESIAN_POINT('Origin',(-3.29276688440966,7.37,-29.5));
#5403=CARTESIAN_POINT('Origin',(-6.50975177715347,4.53371742394758,-29.5));
#5404=CARTESIAN_POINT('',(-6.05583346887101,4.74337946010576,-29.5));
#5405=CARTESIAN_POINT('',(-10.,12.0901048264103,-30.));
#5406=CARTESIAN_POINT('',(-6.50975177715347,4.53371742394758,-30.));
#5407=CARTESIAN_POINT('Origin',(-10.,12.0901048264103,-29.5));
#5408=CARTESIAN_POINT('Origin',(-1.01927013218114,12.045246892668,-29.5));
#5409=CARTESIAN_POINT('',(-1.01927013218114,12.045246892668,-30.));
#5410=CARTESIAN_POINT('',(-1.46892352580395,12.263906046612,-29.5));
#5411=CARTESIAN_POINT('Origin',(-10.,7.5,-29.5));
#5412=CARTESIAN_POINT('',(-10.,20.2643186455472,-30.));
#5413=CARTESIAN_POINT('',(-10.,7.5,-30.));
#5414=CARTESIAN_POINT('Origin',(-10.,20.2643186455472,-29.5));
#5415=CARTESIAN_POINT('Origin',(-8.3921785728356,23.3107614762435,-29.5));
#5416=CARTESIAN_POINT('',(-8.3921785728356,23.3107614762435,-30.));
#5417=CARTESIAN_POINT('Origin',(-1.5,20.140471163991,-30.));
#5418=CARTESIAN_POINT('',(-1.5,20.140471163991,-20.5));
#5419=CARTESIAN_POINT('',(-1.5,20.140471163991,-30.));
#5420=CARTESIAN_POINT('',(-3.60560878669054,23.93,-20.5));
#5421=CARTESIAN_POINT('',(0.239718987361828,17.0094454431485,-20.5));
#5422=CARTESIAN_POINT('',(-3.60560878669054,23.93,-30.));
#5423=CARTESIAN_POINT('Origin',(-1.5,12.2,-30.));
#5424=CARTESIAN_POINT('',(-1.5,12.2,-20.5));
#5425=CARTESIAN_POINT('',(-1.5,12.2,-30.));
#5426=CARTESIAN_POINT('',(-1.5,9.85,-20.5));
#5427=CARTESIAN_POINT('Origin',(-3.60560878669054,7.87,-30.));
#5428=CARTESIAN_POINT('',(-3.60560878669054,7.87,-20.5));
#5429=CARTESIAN_POINT('',(-3.60560878669054,7.87,-30.));
#5430=CARTESIAN_POINT('',(-4.2420094108066,6.56129787079126,-20.5));
#5431=CARTESIAN_POINT('Origin',(-7.5,7.87000000000001,-30.));
#5432=CARTESIAN_POINT('',(-7.5,7.87000000000001,-20.5));
#5433=CARTESIAN_POINT('',(-7.5,7.87000000000001,-30.));
#5434=CARTESIAN_POINT('',(-8.5,7.87000000000001,-20.5));
#5435=CARTESIAN_POINT('Origin',(19.5,7.5,-30.));
#5436=CARTESIAN_POINT('',(19.5,27.3,-30.));
#5437=CARTESIAN_POINT('',(19.5,27.3,-30.));
#5438=CARTESIAN_POINT('',(19.5,4.5,-30.));
#5439=CARTESIAN_POINT('',(19.5,7.5,-30.));
#5440=CARTESIAN_POINT('',(19.5,4.5,-30.));
#5441=CARTESIAN_POINT('',(10.,12.0848742312657,-30.));
#5442=CARTESIAN_POINT('',(7.70723311559034,7.37,-30.));
#5443=CARTESIAN_POINT('',(8.92886970454199,9.88218861908085,-30.));
#5444=CARTESIAN_POINT('',(10.,20.2700511230836,-30.));
#5445=CARTESIAN_POINT('',(10.,7.5,-30.));
#5446=CARTESIAN_POINT('',(7.68857151206073,24.43,-30.));
#5447=CARTESIAN_POINT('',(13.7999090781919,13.4312379888293,-30.));
#5448=CARTESIAN_POINT('',(3.1985220510104,24.43,-30.));
#5449=CARTESIAN_POINT('',(13.4471956066547,24.43,-30.));
#5450=CARTESIAN_POINT('',(1.,20.2643186455472,-30.));
#5451=CARTESIAN_POINT('',(1.40959885738386,21.0404119861734,-30.));
#5452=CARTESIAN_POINT('',(1.,12.0901048264103,-30.));
#5453=CARTESIAN_POINT('',(1.,13.8202355819955,-30.));
#5454=CARTESIAN_POINT('',(3.1801869867946,7.37000000000001,-30.));
#5455=CARTESIAN_POINT('',(3.52316849591468,6.62744503275504,-30.));
#5456=CARTESIAN_POINT('',(11.5,7.36999999999999,-30.));
#5457=CARTESIAN_POINT('Origin',(-10.,7.37000000000001,3.74999985098839));
#5458=CARTESIAN_POINT('Origin',(-10.,7.37,-12.2113293974701));
#5459=CARTESIAN_POINT('Origin',(-10.,7.37,-17.7886711985763));
#5460=CARTESIAN_POINT('Origin',(-10.,16.6828062080557,-6.83442050136406));
#5461=CARTESIAN_POINT('',(-10.,12.2,-10.0000002980232));
#5462=CARTESIAN_POINT('',(-10.,16.9328117082372,-7.26743002767843));
#5463=CARTESIAN_POINT('Origin',(-10.,12.0660219955693,-9.5000003007211));
#5464=CARTESIAN_POINT('Origin',(-10.,13.5500002919822,-9.50000027083867));
#5465=CARTESIAN_POINT('',(-10.,19.6,-10.0000001490116));
#5466=CARTESIAN_POINT('',(-10.,13.5500003020506,-10.0000002708387));
#5467=CARTESIAN_POINT('Origin',(-10.,19.7339777369972,-9.50000014631374));
#5468=CARTESIAN_POINT('Origin',(-10.,10.9822861960101,-4.44706045752213));
#5469=CARTESIAN_POINT('',(-10.,23.93,-12.5000002980232));
#5470=CARTESIAN_POINT('',(-10.,10.7322806958286,-4.8800699838365));
#5471=CARTESIAN_POINT('Origin',(-10.,24.43,-12.2113293974701));
#5472=CARTESIAN_POINT('Origin',(-10.,24.43,1.24999985098839));
#5473=CARTESIAN_POINT('',(-10.,23.93,1.24999985098839));
#5474=CARTESIAN_POINT('Origin',(-10.,24.43,-17.7886711985763));
#5475=CARTESIAN_POINT('Origin',(-10.,23.9729531744012,-18.0525550470745));
#5476=CARTESIAN_POINT('Origin',(-10.,-0.637860770335424,-13.1651950032326));
#5477=CARTESIAN_POINT('Origin',(-19.5,23.93,-17.5000002980232));
#5478=CARTESIAN_POINT('',(-19.5,23.93,-12.5000002980232));
#5479=CARTESIAN_POINT('Origin',(-19.5,23.93,-12.5000002980232));
#5480=CARTESIAN_POINT('',(-19.5,19.6,-10.0000001490116));
#5481=CARTESIAN_POINT('Origin',(-19.5,19.6,-10.0000001490116));
#5482=CARTESIAN_POINT('',(-19.5,12.2,-10.0000002980232));
#5483=CARTESIAN_POINT('Origin',(-19.5,12.2,-10.0000002980232));
#5484=CARTESIAN_POINT('Origin',(-11.5511289840752,17.325294638786,-20.5));
#5485=CARTESIAN_POINT('',(-7.8014779489896,24.43,-20.));
#5486=CARTESIAN_POINT('',(-11.5511289840752,17.325294638786,-20.));
#5487=CARTESIAN_POINT('Origin',(-7.8014779489896,24.43,-20.5));
#5488=CARTESIAN_POINT('Origin',(-6.55280439334527,24.43,-20.5));
#5489=CARTESIAN_POINT('',(-6.55280439334527,23.93,-20.5));
#5490=CARTESIAN_POINT('',(-3.31142848793927,24.43,-20.));
#5491=CARTESIAN_POINT('Origin',(-3.31142848793927,24.43,-20.5));
#5492=CARTESIAN_POINT('',(-6.55280439334527,24.43,-20.));
#5493=CARTESIAN_POINT('Origin',(0.676782201821895,17.2522946691424,-20.5));
#5494=CARTESIAN_POINT('',(-0.999999999999997,20.2700511230836,-20.));
#5495=CARTESIAN_POINT('Origin',(-0.999999999999998,20.2700511230836,-20.5));
#5496=CARTESIAN_POINT('',(0.676782201821895,17.2522946691424,-20.));
#5497=CARTESIAN_POINT('Origin',(-0.999999999999998,9.85,-20.5));
#5498=CARTESIAN_POINT('',(-0.999999999999998,12.0848742312657,-20.));
#5499=CARTESIAN_POINT('Origin',(-0.999999999999998,12.0848742312657,-20.5));
#5500=CARTESIAN_POINT('',(-0.999999999999998,9.85,-20.));
#5501=CARTESIAN_POINT('Origin',(-8.5,7.37000000000001,-20.5));
#5502=CARTESIAN_POINT('',(-7.8198130132054,7.37000000000001,-20.));
#5503=CARTESIAN_POINT('Origin',(-7.8198130132054,7.37000000000001,-20.5));
#5504=CARTESIAN_POINT('',(-3.29276688440966,7.37,-20.));
#5505=CARTESIAN_POINT('',(-8.5,7.37000000000001,-20.));
#5506=CARTESIAN_POINT('Origin',(-3.29276688440966,7.37,-20.5));
#5507=CARTESIAN_POINT('Origin',(-9.05932560270108,10.0535447562582,-20.5));
#5508=CARTESIAN_POINT('',(-8.60540729441863,10.2632067924163,-20.5));
#5509=CARTESIAN_POINT('',(-9.05932560270108,10.0535447562582,-20.));
#5510=CARTESIAN_POINT('Origin',(-3.7923560171838,6.34263871684729,-20.5));
#5511=CARTESIAN_POINT('',(-3.7923560171838,6.34263871684729,-20.));
#5512=CARTESIAN_POINT('Origin',(-9.5,7.5,-20.));
#5513=CARTESIAN_POINT('',(9.5,4.5,-20.));
#5514=CARTESIAN_POINT('',(9.5,4.5,-20.));
#5515=CARTESIAN_POINT('',(9.5,11.0566680356586,-20.));
#5516=CARTESIAN_POINT('',(9.5,7.5,-20.));
#5517=CARTESIAN_POINT('',(7.70723311559034,7.37,-20.));
#5518=CARTESIAN_POINT('',(6.15578381953934,4.17958044326011,-20.));
#5519=CARTESIAN_POINT('',(3.1801869867946,7.37000000000001,-20.));
#5520=CARTESIAN_POINT('',(-3.,7.37000000000002,-20.));
#5521=CARTESIAN_POINT('',(1.,12.0901048264103,-20.));
#5522=CARTESIAN_POINT('',(0.973594670367063,12.1472723650656,-20.));
#5523=CARTESIAN_POINT('',(1.,20.2643186455472,-20.));
#5524=CARTESIAN_POINT('',(1.,13.8202355819955,-20.));
#5525=CARTESIAN_POINT('',(3.19852205101041,24.43,-20.));
#5526=CARTESIAN_POINT('',(-1.74935155385573,15.054945148716,-20.));
#5527=CARTESIAN_POINT('',(7.68857151206073,24.43,-20.));
#5528=CARTESIAN_POINT('',(-1.05280439334527,24.43,-20.));
#5529=CARTESIAN_POINT('',(9.5,21.1699164874292,-20.));
#5530=CARTESIAN_POINT('',(10.3793157773736,19.5873848626671,-20.));
#5531=CARTESIAN_POINT('',(9.5,27.3,-20.));
#5532=CARTESIAN_POINT('',(9.5,7.5,-20.));
#5533=CARTESIAN_POINT('',(9.5,27.3,-20.));
#5534=CARTESIAN_POINT('Origin',(3.52316849591468,6.62744503275504,-29.5));
#5535=CARTESIAN_POINT('',(1.5,12.2,-29.5));
#5536=CARTESIAN_POINT('Origin',(1.,12.0901048264103,-29.5));
#5537=CARTESIAN_POINT('',(3.5,7.87000000000001,-29.5));
#5538=CARTESIAN_POINT('',(3.97708680419713,6.83710706891322,-29.5));
#5539=CARTESIAN_POINT('Origin',(3.1801869867946,7.37000000000001,-29.5));
#5540=CARTESIAN_POINT('Origin',(1.,13.8202355819955,-29.5));
#5541=CARTESIAN_POINT('',(1.5,20.140471163991,-29.5));
#5542=CARTESIAN_POINT('Origin',(1.,20.2643186455472,-29.5));
#5543=CARTESIAN_POINT('',(1.5,13.8202355819955,-29.5));
#5544=CARTESIAN_POINT('Origin',(1.40959885738386,21.0404119861734,-29.5));
#5545=CARTESIAN_POINT('',(3.5,23.93,-29.5));
#5546=CARTESIAN_POINT('Origin',(3.1985220510104,24.43,-29.5));
#5547=CARTESIAN_POINT('',(1.8517926358761,20.8070353329651,-29.5));
#5548=CARTESIAN_POINT('Origin',(8.92886970454199,9.88218861908085,-29.5));
#5549=CARTESIAN_POINT('Origin',(10.,12.0848742312657,-29.5));
#5550=CARTESIAN_POINT('Origin',(7.70723311559034,7.37,-29.5));
#5551=CARTESIAN_POINT('Origin',(13.4471956066547,24.43,-29.5));
#5552=CARTESIAN_POINT('',(7.39439121330946,23.93,-29.5));
#5553=CARTESIAN_POINT('Origin',(7.68857151206073,24.43,-29.5));
#5554=CARTESIAN_POINT('',(13.4471956066547,23.93,-29.5));
#5555=CARTESIAN_POINT('Origin',(13.7999090781919,13.4312379888293,-29.5));
#5556=CARTESIAN_POINT('Origin',(10.,20.2700511230836,-29.5));
#5557=CARTESIAN_POINT('',(13.3628458637318,13.1883887628354,-29.5));
#5558=CARTESIAN_POINT('Origin',(10.,7.5,-29.5));
#5559=CARTESIAN_POINT('Origin',(11.5,7.36999999999999,-29.5));
#5560=CARTESIAN_POINT('',(11.5,7.86999999999999,-29.5));
#5561=CARTESIAN_POINT('Origin',(7.39439121330946,23.93,-30.));
#5562=CARTESIAN_POINT('',(7.39439121330946,23.93,-20.5));
#5563=CARTESIAN_POINT('',(7.39439121330946,23.93,-30.));
#5564=CARTESIAN_POINT('',(3.5,23.93,-20.5));
#5565=CARTESIAN_POINT('',(-1.05280439334527,23.93,-20.5));
#5566=CARTESIAN_POINT('',(3.5,23.93,-30.));
#5567=CARTESIAN_POINT('Origin',(9.5,20.140471163991,-30.));
#5568=CARTESIAN_POINT('',(9.5,20.140471163991,-20.5));
#5569=CARTESIAN_POINT('',(9.5,20.140471163991,-30.));
#5570=CARTESIAN_POINT('',(9.94225256291349,19.3445356366732,-20.5));
#5571=CARTESIAN_POINT('Origin',(9.5,7.5,-20.));
#5572=CARTESIAN_POINT('Origin',(9.5,11.0566680356586,-20.5));
#5573=CARTESIAN_POINT('',(9.5,4.5,20.));
#5574=CARTESIAN_POINT('',(9.5,4.5,20.));
#5575=CARTESIAN_POINT('',(9.5,11.2000225164182,20.));
#5576=CARTESIAN_POINT('',(9.5,7.5,20.));
#5577=CARTESIAN_POINT('',(9.5,7.37000000000001,17.7886706025299));
#5578=CARTESIAN_POINT('',(9.5,1.52713935871432,14.4151944816952));
#5579=CARTESIAN_POINT('',(9.5,7.37,12.2113288014237));
#5580=CARTESIAN_POINT('',(9.5,7.37,-1.25000014901161));
#5581=CARTESIAN_POINT('',(9.5,12.066022000242,9.49999970197678));
#5582=CARTESIAN_POINT('',(9.5,14.517806079006,8.08441997982669));
#5583=CARTESIAN_POINT('',(9.5,19.733977999758,9.49999970197678));
#5584=CARTESIAN_POINT('',(9.5,9.85,9.49999970197678));
#5585=CARTESIAN_POINT('',(9.5,24.43,12.2113288014237));
#5586=CARTESIAN_POINT('',(9.5,8.81728632505983,3.19705993598474));
#5587=CARTESIAN_POINT('',(9.5,24.43,17.7886706025299));
#5588=CARTESIAN_POINT('',(9.5,24.43,-3.75000014901161));
#5589=CARTESIAN_POINT('',(9.5,20.5999774835818,20.));
#5590=CARTESIAN_POINT('',(9.5,26.1379530453515,16.8025545255371));
#5591=CARTESIAN_POINT('',(9.5,27.3,20.));
#5592=CARTESIAN_POINT('',(9.5,7.5,20.));
#5593=CARTESIAN_POINT('',(9.5,27.3,20.));
#5594=CARTESIAN_POINT('Origin',(9.5,21.1699164874292,-20.5));
#5595=CARTESIAN_POINT('',(9.5,7.37,-2.78867119857634));
#5596=CARTESIAN_POINT('',(9.5,7.37000000000001,2.7886706025299));
#5597=CARTESIAN_POINT('',(9.5,7.37,-8.75000014901161));
#5598=CARTESIAN_POINT('',(9.5,12.066022000242,-5.50000029802322));
#5599=CARTESIAN_POINT('',(9.5,11.2701631827185,-5.04049751654315));
#5600=CARTESIAN_POINT('',(9.5,19.733977999758,-5.50000029802322));
#5601=CARTESIAN_POINT('',(9.5,9.85,-5.50000029802322));
#5602=CARTESIAN_POINT('',(9.5,24.43,-2.78867119857633));
#5603=CARTESIAN_POINT('',(9.5,12.0649292213473,-9.92785756038509));
#5604=CARTESIAN_POINT('',(9.5,24.43,2.78867060252989));
#5605=CARTESIAN_POINT('',(9.5,24.43,-11.2500001490116));
#5606=CARTESIAN_POINT('',(9.5,19.7339777369972,5.49999985368626));
#5607=CARTESIAN_POINT('',(9.5,22.890310149064,3.67763702916729));
#5608=CARTESIAN_POINT('',(9.5,12.0660219955693,5.4999996992789));
#5609=CARTESIAN_POINT('',(9.5,13.5499997382228,5.49999972916132));
#5610=CARTESIAN_POINT('',(9.5,4.77478225500175,1.29027698532536));
#5611=CARTESIAN_POINT('',(9.5,11.2000214840658,-20.));
#5612=CARTESIAN_POINT('',(9.5,20.5999785159342,-20.));
#5613=CARTESIAN_POINT('',(9.5,7.5,-20.));
#5614=CARTESIAN_POINT('',(9.5,24.43,-17.7886711985763));
#5615=CARTESIAN_POINT('',(9.5,15.3125721176347,-23.0527750567549));
#5616=CARTESIAN_POINT('',(9.5,24.43,-12.2113293974701));
#5617=CARTESIAN_POINT('',(9.5,24.43,-18.7500001490116));
#5618=CARTESIAN_POINT('',(9.5,19.7339777369972,-9.50000014631374));
#5619=CARTESIAN_POINT('',(9.5,19.6426672527766,-9.44728046720255));
#5620=CARTESIAN_POINT('',(9.5,12.0660219955693,-9.5000003007211));
#5621=CARTESIAN_POINT('',(9.5,13.5499998892481,-9.50000027083868));
#5622=CARTESIAN_POINT('',(9.5,7.37,-12.2113293974701));
#5623=CARTESIAN_POINT('',(9.5,8.02242515128919,-11.8346405110445));
#5624=CARTESIAN_POINT('',(9.5,7.37,-17.7886711985763));
#5625=CARTESIAN_POINT('',(9.5,7.37,-16.2500001490116));
#5626=CARTESIAN_POINT('',(9.5,8.02252028643108,-18.165415012913));
#5627=CARTESIAN_POINT('Origin',(19.,7.37000000000001,8.74999985098839));
#5628=CARTESIAN_POINT('',(19.,7.87,-17.5000002980232));
#5629=CARTESIAN_POINT('',(19.,7.87,-12.5000002980232));
#5630=CARTESIAN_POINT('',(19.,7.87000000000001,8.74999985098839));
#5631=CARTESIAN_POINT('',(19.5,7.37,-12.2113293974701));
#5632=CARTESIAN_POINT('Origin',(19.,7.37,-12.2113293974701));
#5633=CARTESIAN_POINT('',(19.5,7.37000000000001,-17.7886711985763));
#5634=CARTESIAN_POINT('',(19.5,7.37000000000001,8.74999985098839));
#5635=CARTESIAN_POINT('Origin',(19.,7.37,-17.7886711985763));
#5636=CARTESIAN_POINT('Origin',(19.,18.8479014722473,-5.58436549894396));
#5637=CARTESIAN_POINT('',(19.,12.2,-10.0000002980232));
#5638=CARTESIAN_POINT('',(19.,19.0979069724288,-6.01737502525833));
#5639=CARTESIAN_POINT('',(19.5,12.0660219955693,-9.5000003007211));
#5640=CARTESIAN_POINT('Origin',(19.,12.0660219955693,-9.5000003007211));
#5641=CARTESIAN_POINT('',(19.5,18.8479014722473,-5.58436549894396));
#5642=CARTESIAN_POINT('Origin',(19.,13.5500003926657,-9.50000027083867));
#5643=CARTESIAN_POINT('',(19.5,19.7339777369972,-9.50000014631374));
#5644=CARTESIAN_POINT('',(19.5,13.5500003926657,-9.50000027083867));
#5645=CARTESIAN_POINT('',(19.,19.6,-10.0000001490116));
#5646=CARTESIAN_POINT('',(19.,13.5500004027341,-10.0000002708387));
#5647=CARTESIAN_POINT('Origin',(19.,19.7339777369972,-9.50000014631374));
#5648=CARTESIAN_POINT('Origin',(19.,8.81719093181847,-3.19700545510203));
#5649=CARTESIAN_POINT('',(19.5,24.43,-12.2113293974701));
#5650=CARTESIAN_POINT('',(19.5,8.81719093181847,-3.19700545510203));
#5651=CARTESIAN_POINT('',(19.,23.93,-12.5000002980232));
#5652=CARTESIAN_POINT('',(19.,8.56718543163697,-3.6300149814164));
#5653=CARTESIAN_POINT('Origin',(19.,24.43,-12.2113293974701));
#5654=CARTESIAN_POINT('Origin',(19.,24.43,6.24999985098839));
#5655=CARTESIAN_POINT('',(19.5,24.43,-17.7886711985763));
#5656=CARTESIAN_POINT('',(19.5,24.43,6.24999985098839));
#5657=CARTESIAN_POINT('',(19.,23.93,-17.5000002980232));
#5658=CARTESIAN_POINT('',(19.,23.93,6.24999985098839));
#5659=CARTESIAN_POINT('Origin',(19.,24.43,-17.7886711985763));
#5660=CARTESIAN_POINT('Origin',(19.,-2.80295603452705,-11.9151400008124));
#5661=CARTESIAN_POINT('',(19.,12.2,-20.0000002980232));
#5662=CARTESIAN_POINT('',(19.,-2.55295053434554,-11.4821304744981));
#5663=CARTESIAN_POINT('',(19.5,12.0660214840658,-20.5));
#5664=CARTESIAN_POINT('',(19.5,-2.80295603452705,-11.9151400008124));
#5665=CARTESIAN_POINT('Origin',(19.,12.0660214840658,-20.5));
#5666=CARTESIAN_POINT('Origin',(19.,26.1380484385929,-16.8025000446544));
#5667=CARTESIAN_POINT('',(19.5,19.7339785159342,-20.5));
#5668=CARTESIAN_POINT('',(19.5,26.1380484385929,-16.8025000446544));
#5669=CARTESIAN_POINT('',(19.,19.6,-20.0000002980232));
#5670=CARTESIAN_POINT('',(19.,25.8880429384113,-16.36949051834));
#5671=CARTESIAN_POINT('Origin',(19.,19.7339785159342,-20.5));
#5672=CARTESIAN_POINT('Origin',(19.,7.5,-20.5));
#5673=CARTESIAN_POINT('',(19.5,7.5,-20.5));
#5674=CARTESIAN_POINT('',(19.,7.5,-20.));
#5675=CARTESIAN_POINT('Origin',(-19.5,23.93,-12.5000002980232));
#5676=CARTESIAN_POINT('',(10.,19.6,-10.0000001490116));
#5677=CARTESIAN_POINT('',(-19.5,19.6,-10.0000001490116));
#5678=CARTESIAN_POINT('',(10.,23.93,-12.5000002980232));
#5679=CARTESIAN_POINT('',(10.,19.3926617525951,-9.88028999351692));
#5680=CARTESIAN_POINT('',(-19.5,23.93,-12.5000002980232));
#5681=CARTESIAN_POINT('Origin',(-19.5,19.6,-10.0000001490116));
#5682=CARTESIAN_POINT('',(10.,12.2,-10.0000002980232));
#5683=CARTESIAN_POINT('',(-19.5,12.2,-10.0000002980232));
#5684=CARTESIAN_POINT('',(10.,13.5499998993165,-10.0000002708387));
#5685=CARTESIAN_POINT('Origin',(-19.5,12.2,-10.0000002980232));
#5686=CARTESIAN_POINT('',(10.,7.87,-12.5000002980232));
#5687=CARTESIAN_POINT('',(-19.5,7.87,-12.5000002980232));
#5688=CARTESIAN_POINT('',(10.,8.2724306514707,-12.2676500373588));
#5689=CARTESIAN_POINT('Origin',(-19.5,7.87,-12.5000002980232));
#5690=CARTESIAN_POINT('',(10.,7.87,-17.5000002980232));
#5691=CARTESIAN_POINT('',(-19.5,7.87,-17.5000002980232));
#5692=CARTESIAN_POINT('',(10.,7.87,-16.2500001490116));
#5693=CARTESIAN_POINT('Origin',(19.5,7.5,30.));
#5694=CARTESIAN_POINT('',(19.5,27.3,30.));
#5695=CARTESIAN_POINT('',(19.5,27.3,30.));
#5696=CARTESIAN_POINT('',(19.5,4.5,30.));
#5697=CARTESIAN_POINT('',(19.5,7.5,30.));
#5698=CARTESIAN_POINT('',(19.5,4.5,30.));
#5699=CARTESIAN_POINT('',(19.5,7.37,2.78867060252989));
#5700=CARTESIAN_POINT('',(19.5,7.37,-2.78867119857634));
#5701=CARTESIAN_POINT('',(19.5,7.37000000000001,16.2499998509884));
#5702=CARTESIAN_POINT('',(19.5,12.0660219955693,5.4999996992789));
#5703=CARTESIAN_POINT('',(19.5,15.6002585759599,7.54055199742588));
#5704=CARTESIAN_POINT('',(19.5,19.7339777369972,5.49999985368626));
#5705=CARTESIAN_POINT('',(19.5,13.5500002416405,5.49999972916133));
#5706=CARTESIAN_POINT('',(19.5,24.43,2.7886706025299));
#5707=CARTESIAN_POINT('',(19.5,12.0648338281059,9.92791204126782));
#5708=CARTESIAN_POINT('',(19.5,24.43,-2.78867119857634));
#5709=CARTESIAN_POINT('',(19.5,24.43,13.7499998509884));
#5710=CARTESIAN_POINT('',(19.5,19.733977999758,-5.50000029802322));
#5711=CARTESIAN_POINT('',(19.5,22.8904055423054,-3.67758254828453));
#5712=CARTESIAN_POINT('',(19.5,12.066022000242,-5.50000029802322));
#5713=CARTESIAN_POINT('',(19.5,9.85,-5.50000029802322));
#5714=CARTESIAN_POINT('',(19.5,0.444686861760388,1.20977749555739));
#5715=CARTESIAN_POINT('',(19.5,7.37,17.7886706025299));
#5716=CARTESIAN_POINT('',(19.5,7.37,12.2113288014237));
#5717=CARTESIAN_POINT('',(19.5,7.37000000000001,23.7499998509884));
#5718=CARTESIAN_POINT('',(19.5,12.0660219955693,20.4999996992789));
#5719=CARTESIAN_POINT('',(19.5,12.3526156796724,20.6654694937957));
#5720=CARTESIAN_POINT('',(19.5,19.7339777369972,20.4999998536863));
#5721=CARTESIAN_POINT('',(19.5,13.5500000906152,20.4999997291613));
#5722=CARTESIAN_POINT('',(19.5,24.43,17.7886706025299));
#5723=CARTESIAN_POINT('',(19.5,15.3124767243933,23.0528295376377));
#5724=CARTESIAN_POINT('',(19.5,24.43,12.2113288014237));
#5725=CARTESIAN_POINT('',(19.5,24.43,21.2499998509884));
#5726=CARTESIAN_POINT('',(19.5,19.733977999758,9.49999970197678));
#5727=CARTESIAN_POINT('',(19.5,19.642762646018,9.4473349480853));
#5728=CARTESIAN_POINT('',(19.5,12.066022000242,9.49999970197678));
#5729=CARTESIAN_POINT('',(19.5,9.85,9.49999970197678));
#5730=CARTESIAN_POINT('',(19.5,3.69232975804783,14.3346949919272));
#5731=CARTESIAN_POINT('Origin',(6.15578381953934,4.17958044326011,-20.5));
#5732=CARTESIAN_POINT('Origin',(7.70723311559034,7.37,-20.5));
#5733=CARTESIAN_POINT('Origin',(-3.,7.37000000000002,-20.5));
#5734=CARTESIAN_POINT('',(3.5,7.87000000000001,-20.5));
#5735=CARTESIAN_POINT('',(-3.,7.87000000000002,-20.5));
#5736=CARTESIAN_POINT('Origin',(3.1801869867946,7.37000000000001,-20.5));
#5737=CARTESIAN_POINT('Origin',(0.973594670367063,12.1472723650656,-20.5));
#5738=CARTESIAN_POINT('',(1.5,12.2,-20.5));
#5739=CARTESIAN_POINT('',(1.42751297864952,12.3569344012238,-20.5));
#5740=CARTESIAN_POINT('Origin',(1.,12.0901048264103,-20.5));
#5741=CARTESIAN_POINT('Origin',(1.,13.8202355819955,-20.5));
#5742=CARTESIAN_POINT('',(1.5,20.140471163991,-20.5));
#5743=CARTESIAN_POINT('',(1.5,13.8202355819955,-20.5));
#5744=CARTESIAN_POINT('Origin',(1.,20.2643186455472,-20.5));
#5745=CARTESIAN_POINT('Origin',(-1.74935155385573,15.054945148716,-20.5));
#5746=CARTESIAN_POINT('',(-1.30715777536349,14.8215684955076,-20.5));
#5747=CARTESIAN_POINT('Origin',(3.1985220510104,24.43,-20.5));
#5748=CARTESIAN_POINT('Origin',(-1.05280439334527,24.43,-20.5));
#5749=CARTESIAN_POINT('Origin',(7.68857151206073,24.43,-20.5));
#5750=CARTESIAN_POINT('Origin',(10.3793157773736,19.5873848626671,-20.5));
#5751=CARTESIAN_POINT('Origin',(10.,7.37,-16.2500001490116));
#5752=CARTESIAN_POINT('Origin',(10.,7.37,-17.7886711985763));
#5753=CARTESIAN_POINT('Origin',(10.,7.37,-12.2113293974701));
#5754=CARTESIAN_POINT('Origin',(10.,8.02252028643108,-18.165415012913));
#5755=CARTESIAN_POINT('',(10.,12.2,-20.0000002980232));
#5756=CARTESIAN_POINT('',(10.,8.27252578661259,-17.7324054865986));
#5757=CARTESIAN_POINT('Origin',(10.,11.2000214840658,-20.));
#5758=CARTESIAN_POINT('Origin',(10.,8.02242515128919,-11.8346405110445));
#5759=CARTESIAN_POINT('Origin',(10.,12.0660219955693,-9.5000003007211));
#5760=CARTESIAN_POINT('Origin',(10.,13.5499998892481,-9.50000027083868));
#5761=CARTESIAN_POINT('Origin',(10.,19.7339777369972,-9.50000014631374));
#5762=CARTESIAN_POINT('Origin',(10.,19.6426672527766,-9.44728046720255));
#5763=CARTESIAN_POINT('Origin',(10.,24.43,-12.2113293974701));
#5764=CARTESIAN_POINT('Origin',(10.,24.43,-18.7500001490116));
#5765=CARTESIAN_POINT('',(10.,23.93,-17.5000002980232));
#5766=CARTESIAN_POINT('',(10.,23.93,-18.7500001490116));
#5767=CARTESIAN_POINT('Origin',(10.,24.43,-17.7886711985763));
#5768=CARTESIAN_POINT('Origin',(10.,15.3125721176347,-23.0527750567549));
#5769=CARTESIAN_POINT('',(10.,19.6,-20.0000002980232));
#5770=CARTESIAN_POINT('Origin',(10.,20.5999785159342,-20.));
#5771=CARTESIAN_POINT('',(10.,15.0625666174532,-22.6197655304406));
#5772=CARTESIAN_POINT('Origin',(-19.5,7.87,-17.5000002980232));
#5773=CARTESIAN_POINT('',(-19.5,12.2,-20.0000002980232));
#5774=CARTESIAN_POINT('Origin',(-19.5,23.93,-17.5000002980232));
#5775=CARTESIAN_POINT('',(-19.5,23.93,-17.5000002980232));
#5776=CARTESIAN_POINT('Origin',(-19.5,19.6,-20.0000002980232));
#5777=CARTESIAN_POINT('',(-19.5,19.6,-20.0000002980232));
#5778=CARTESIAN_POINT('Origin',(19.,7.37000000000001,16.2499998509884));
#5779=CARTESIAN_POINT('',(19.,7.87,-2.50000029802322));
#5780=CARTESIAN_POINT('',(19.,7.87,2.49999970197678));
#5781=CARTESIAN_POINT('',(19.,7.87000000000001,16.2499998509884));
#5782=CARTESIAN_POINT('Origin',(19.,7.37,2.78867060252989));
#5783=CARTESIAN_POINT('Origin',(19.,7.37,-2.78867119857634));
#5784=CARTESIAN_POINT('Origin',(19.,15.6002585759599,7.54055199742588));
#5785=CARTESIAN_POINT('',(19.,12.2,4.99999970197677));
#5786=CARTESIAN_POINT('',(19.,15.8502640761414,7.10754247111151));
#5787=CARTESIAN_POINT('Origin',(19.,12.0660219955693,5.4999996992789));
#5788=CARTESIAN_POINT('Origin',(19.,13.5500002416405,5.49999972916133));
#5789=CARTESIAN_POINT('',(19.,19.6,4.99999985098839));
#5790=CARTESIAN_POINT('',(19.,13.5500002517088,4.99999972916133));
#5791=CARTESIAN_POINT('Origin',(19.,19.7339777369972,5.49999985368626));
#5792=CARTESIAN_POINT('Origin',(19.,12.0648338281059,9.92791204126782));
#5793=CARTESIAN_POINT('',(19.,23.93,2.49999970197678));
#5794=CARTESIAN_POINT('',(19.,11.8148283279244,9.49490251495344));
#5795=CARTESIAN_POINT('Origin',(19.,24.43,2.7886706025299));
#5796=CARTESIAN_POINT('Origin',(19.,24.43,13.7499998509884));
#5797=CARTESIAN_POINT('',(19.,23.93,-2.50000029802322));
#5798=CARTESIAN_POINT('',(19.,23.93,13.7499998509884));
#5799=CARTESIAN_POINT('Origin',(19.,24.43,-2.78867119857634));
#5800=CARTESIAN_POINT('Origin',(19.,0.444686861760388,1.20977749555739));
#5801=CARTESIAN_POINT('',(19.,12.2,-5.00000029802322));
#5802=CARTESIAN_POINT('',(19.,0.694692361941896,1.64278702187177));
#5803=CARTESIAN_POINT('Origin',(19.,12.066022000242,-5.50000029802322));
#5804=CARTESIAN_POINT('Origin',(19.,22.8904055423054,-3.67758254828453));
#5805=CARTESIAN_POINT('',(19.,19.6,-5.00000029802322));
#5806=CARTESIAN_POINT('',(19.,22.6404000421239,-3.24457302197016));
#5807=CARTESIAN_POINT('Origin',(19.,19.733977999758,-5.50000029802322));
#5808=CARTESIAN_POINT('Origin',(19.,9.85,-5.50000029802322));
#5809=CARTESIAN_POINT('',(19.,9.85,-5.00000029802322));
#5810=CARTESIAN_POINT('Origin',(-19.5,23.93,2.49999970197678));
#5811=CARTESIAN_POINT('',(10.,19.6,4.99999985098839));
#5812=CARTESIAN_POINT('',(-19.5,19.6,4.99999985098839));
#5813=CARTESIAN_POINT('',(10.,23.93,2.49999970197678));
#5814=CARTESIAN_POINT('',(10.,22.6403046488825,3.24462750285293));
#5815=CARTESIAN_POINT('',(-19.5,23.93,2.49999970197678));
#5816=CARTESIAN_POINT('Origin',(-19.5,19.6,4.99999985098839));
#5817=CARTESIAN_POINT('',(10.,12.2,4.99999970197677));
#5818=CARTESIAN_POINT('',(-19.5,12.2,4.99999970197677));
#5819=CARTESIAN_POINT('',(10.,13.5499997482912,4.99999972916132));
#5820=CARTESIAN_POINT('Origin',(-19.5,12.2,4.99999970197677));
#5821=CARTESIAN_POINT('',(10.,7.87,2.49999970197678));
#5822=CARTESIAN_POINT('',(-19.5,7.87,2.49999970197678));
#5823=CARTESIAN_POINT('',(10.,5.02478775518326,0.857267459010992));
#5824=CARTESIAN_POINT('Origin',(-19.5,7.87,2.49999970197678));
#5825=CARTESIAN_POINT('',(10.,7.87,-2.50000029802322));
#5826=CARTESIAN_POINT('',(-19.5,7.87,-2.50000029802322));
#5827=CARTESIAN_POINT('',(10.,7.87,-8.75000014901161));
#5828=CARTESIAN_POINT('Origin',(10.,9.85,-5.50000029802322));
#5829=CARTESIAN_POINT('',(10.,12.2,-5.00000029802322));
#5830=CARTESIAN_POINT('Origin',(10.,12.066022000242,-5.50000029802322));
#5831=CARTESIAN_POINT('',(10.,19.6,-5.00000029802322));
#5832=CARTESIAN_POINT('',(10.,9.85,-5.00000029802322));
#5833=CARTESIAN_POINT('Origin',(10.,19.733977999758,-5.50000029802322));
#5834=CARTESIAN_POINT('Origin',(10.,7.37,-8.75000014901161));
#5835=CARTESIAN_POINT('Origin',(10.,7.37,2.7886706025299));
#5836=CARTESIAN_POINT('Origin',(10.,7.37,-2.78867119857634));
#5837=CARTESIAN_POINT('Origin',(10.,4.77478225500175,1.29027698532536));
#5838=CARTESIAN_POINT('Origin',(10.,12.0660219955693,5.4999996992789));
#5839=CARTESIAN_POINT('Origin',(10.,13.5499997382228,5.49999972916132));
#5840=CARTESIAN_POINT('Origin',(10.,19.7339777369972,5.49999985368626));
#5841=CARTESIAN_POINT('Origin',(10.,22.890310149064,3.67763702916729));
#5842=CARTESIAN_POINT('Origin',(10.,24.43,2.7886706025299));
#5843=CARTESIAN_POINT('Origin',(10.,24.43,-11.2500001490116));
#5844=CARTESIAN_POINT('',(10.,23.93,-2.50000029802322));
#5845=CARTESIAN_POINT('',(10.,23.93,-11.2500001490116));
#5846=CARTESIAN_POINT('Origin',(10.,24.43,-2.78867119857633));
#5847=CARTESIAN_POINT('Origin',(10.,12.0649292213473,-9.92785756038509));
#5848=CARTESIAN_POINT('',(10.,11.8149237211658,-9.49484803407072));
#5849=CARTESIAN_POINT('Origin',(10.,11.2701631827185,-5.04049751654315));
#5850=CARTESIAN_POINT('',(10.,11.5201686829,-4.60748799022878));
#5851=CARTESIAN_POINT('Origin',(-19.5,19.6,-5.00000029802322));
#5852=CARTESIAN_POINT('',(-19.5,23.93,-2.50000029802322));
#5853=CARTESIAN_POINT('',(-19.5,19.6,-5.00000029802322));
#5854=CARTESIAN_POINT('Origin',(-19.5,12.2,-5.00000029802322));
#5855=CARTESIAN_POINT('',(-19.5,12.2,-5.00000029802322));
#5856=CARTESIAN_POINT('Origin',(-19.5,7.87,-2.50000029802322));
#5857=CARTESIAN_POINT('Origin',(10.,26.1379530453515,16.8025545255371));
#5858=CARTESIAN_POINT('',(10.,23.93,17.4999997019768));
#5859=CARTESIAN_POINT('',(10.,19.6,19.9999998509884));
#5860=CARTESIAN_POINT('',(10.,25.88794754517,16.3695449992228));
#5861=CARTESIAN_POINT('Origin',(10.,20.5999777067939,19.9999998711246));
#5862=CARTESIAN_POINT('Origin',(10.,24.43,17.7886706025299));
#5863=CARTESIAN_POINT('Origin',(10.,24.43,-3.75000014901161));
#5864=CARTESIAN_POINT('',(10.,23.93,12.4999997019768));
#5865=CARTESIAN_POINT('Origin',(10.,24.43,12.2113288014237));
#5866=CARTESIAN_POINT('',(10.,23.93,-3.75000014901161));
#5867=CARTESIAN_POINT('Origin',(10.,8.81728632505983,3.19705993598474));
#5868=CARTESIAN_POINT('',(10.,19.6,9.99999970197678));
#5869=CARTESIAN_POINT('Origin',(10.,19.733977999758,9.49999970197678));
#5870=CARTESIAN_POINT('',(10.,8.56728082487832,3.63006946229911));
#5871=CARTESIAN_POINT('Origin',(10.,9.85,9.49999970197678));
#5872=CARTESIAN_POINT('',(10.,12.2,9.99999970197678));
#5873=CARTESIAN_POINT('Origin',(10.,12.066022000242,9.49999970197678));
#5874=CARTESIAN_POINT('',(10.,9.85,9.99999970197678));
#5875=CARTESIAN_POINT('Origin',(10.,7.37,-1.25000014901161));
#5876=CARTESIAN_POINT('',(10.,7.87,17.4999997019768));
#5877=CARTESIAN_POINT('Origin',(10.,7.37,17.7886706025299));
#5878=CARTESIAN_POINT('',(10.,7.87,12.4999997019768));
#5879=CARTESIAN_POINT('',(10.,7.87,-1.25000014901161));
#5880=CARTESIAN_POINT('Origin',(10.,7.37,12.2113288014237));
#5881=CARTESIAN_POINT('Origin',(10.,1.52713935871432,14.4151944816952));
#5882=CARTESIAN_POINT('',(10.,12.2,19.9999997019768));
#5883=CARTESIAN_POINT('Origin',(10.,11.2000225164182,20.));
#5884=CARTESIAN_POINT('',(10.,1.77714485889583,13.9821849553808));
#5885=CARTESIAN_POINT('Origin',(10.,14.517806079006,8.08441997982669));
#5886=CARTESIAN_POINT('',(10.,14.7678115791875,8.51742950614106));
#5887=CARTESIAN_POINT('Origin',(-19.5,23.93,17.4999997019768));
#5888=CARTESIAN_POINT('',(19.,23.93,17.4999997019768));
#5889=CARTESIAN_POINT('',(-19.5,23.93,17.4999997019768));
#5890=CARTESIAN_POINT('',(19.,19.6,19.9999998509884));
#5891=CARTESIAN_POINT('',(19.,15.0624712242118,22.6198200113233));
#5892=CARTESIAN_POINT('',(-19.5,19.6,19.9999998509884));
#5893=CARTESIAN_POINT('Origin',(-19.5,23.93,12.4999997019768));
#5894=CARTESIAN_POINT('',(19.,23.93,12.4999997019768));
#5895=CARTESIAN_POINT('',(-19.5,23.93,12.4999997019768));
#5896=CARTESIAN_POINT('',(19.,23.93,21.2499998509884));
#5897=CARTESIAN_POINT('Origin',(-19.5,19.6,9.99999970197678));
#5898=CARTESIAN_POINT('',(19.,19.6,9.99999970197678));
#5899=CARTESIAN_POINT('',(-19.5,19.6,9.99999970197678));
#5900=CARTESIAN_POINT('',(19.,19.3927571458365,9.88034447439967));
#5901=CARTESIAN_POINT('Origin',(-19.5,12.2,9.99999970197678));
#5902=CARTESIAN_POINT('',(19.,12.2,9.99999970197678));
#5903=CARTESIAN_POINT('',(-19.5,12.2,9.99999970197678));
#5904=CARTESIAN_POINT('',(19.,9.85,9.99999970197678));
#5905=CARTESIAN_POINT('Origin',(-19.5,7.87,12.4999997019768));
#5906=CARTESIAN_POINT('',(19.,7.87,12.4999997019768));
#5907=CARTESIAN_POINT('',(-19.5,7.87,12.4999997019768));
#5908=CARTESIAN_POINT('',(19.,3.94233525822934,14.7677045182416));
#5909=CARTESIAN_POINT('Origin',(-19.5,7.87,17.4999997019768));
#5910=CARTESIAN_POINT('',(19.,7.87,17.4999997019768));
#5911=CARTESIAN_POINT('',(-19.5,7.87,17.4999997019768));
#5912=CARTESIAN_POINT('',(19.,7.87000000000001,23.7499998509884));
#5913=CARTESIAN_POINT('Origin',(-19.5,12.2,19.9999997019768));
#5914=CARTESIAN_POINT('',(19.,12.2,19.9999997019768));
#5915=CARTESIAN_POINT('',(-19.5,12.2,19.9999997019768));
#5916=CARTESIAN_POINT('',(19.,12.6026211798539,20.2324599674814));
#5917=CARTESIAN_POINT('Origin',(19.,15.3124767243933,23.0528295376377));
#5918=CARTESIAN_POINT('Origin',(19.,24.43,17.7886706025299));
#5919=CARTESIAN_POINT('Origin',(19.,19.7339777369972,20.4999998536863));
#5920=CARTESIAN_POINT('Origin',(19.,7.37000000000001,23.7499998509884));
#5921=CARTESIAN_POINT('Origin',(19.,7.37,12.2113288014237));
#5922=CARTESIAN_POINT('Origin',(19.,7.37,17.7886706025299));
#5923=CARTESIAN_POINT('Origin',(19.,24.43,21.2499998509884));
#5924=CARTESIAN_POINT('Origin',(19.,24.43,12.2113288014237));
#5925=CARTESIAN_POINT('Origin',(19.,19.642762646018,9.4473349480853));
#5926=CARTESIAN_POINT('Origin',(19.,19.733977999758,9.49999970197678));
#5927=CARTESIAN_POINT('Origin',(19.,9.85,9.49999970197678));
#5928=CARTESIAN_POINT('Origin',(19.,12.066022000242,9.49999970197678));
#5929=CARTESIAN_POINT('Origin',(19.,3.69232975804783,14.3346949919272));
#5930=CARTESIAN_POINT('Origin',(19.,12.3526156796724,20.6654694937957));
#5931=CARTESIAN_POINT('Origin',(19.,12.0660219955693,20.4999996992789));
#5932=CARTESIAN_POINT('Origin',(19.,13.5500000906152,20.4999997291613));
#5933=CARTESIAN_POINT('',(19.,13.5500001006835,19.9999997291613));
#5934=CARTESIAN_POINT('Origin',(-19.5,19.6,19.9999998509884));
#5935=CARTESIAN_POINT('',(9.5,12.2000005161762,20.));
#5936=CARTESIAN_POINT('',(-19.5,12.2,19.9999997019768));
#5937=CARTESIAN_POINT('',(9.5,7.5,20.));
#5938=CARTESIAN_POINT('Origin',(3.5,7.87000000000001,-30.));
#5939=CARTESIAN_POINT('',(3.5,7.87000000000001,-30.));
#5940=CARTESIAN_POINT('Origin',(1.5,12.2,-30.));
#5941=CARTESIAN_POINT('',(1.5,12.2,-30.));
#5942=CARTESIAN_POINT('Origin',(1.5,20.140471163991,-30.));
#5943=CARTESIAN_POINT('',(1.5,20.140471163991,-30.));
#5944=CARTESIAN_POINT('Origin',(3.5,23.93,-30.));
#5945=CARTESIAN_POINT('Origin',(-9.5,12.2,-30.));
#5946=CARTESIAN_POINT('Origin',(-3.60560878669054,23.93,-30.));
#5947=CARTESIAN_POINT('Origin',(-9.5,7.5,-20.));
#5948=CARTESIAN_POINT('Origin',(-19.5,23.93,-2.50000029802322));
#5949=CARTESIAN_POINT('Origin',(-19.5,23.93,-2.50000029802322));
#5950=CARTESIAN_POINT('Origin',(-19.5,23.93,12.4999997019768));
#5951=CARTESIAN_POINT('',(-19.5,23.93,17.4999997019768));
#5952=CARTESIAN_POINT('Origin',(-19.5,23.93,17.4999997019768));
#5953=CARTESIAN_POINT('',(-19.5,19.6,19.9999998509884));
#5954=CARTESIAN_POINT('Origin',(-19.5,12.2,19.9999997019768));
#5955=CARTESIAN_POINT('',(-19.5,12.2,19.9999997019768));
#5956=CARTESIAN_POINT('Origin',(-19.5,19.6,19.9999998509884));
#5957=CARTESIAN_POINT('',(-9.5,19.6,19.9999998509884));
#5958=CARTESIAN_POINT('',(-19.5,19.6,19.9999998509884));
#5959=CARTESIAN_POINT('',(-9.5,7.5,20.));
#5960=CARTESIAN_POINT('Origin',(5.55111512312578E-16,24.3,25.8822820740179));
#5961=CARTESIAN_POINT('',(-3.4999999217689,24.3,30.));
#5962=CARTESIAN_POINT('',(3.4999999217689,24.3,30.));
#5963=CARTESIAN_POINT('',(-9.75,24.3,30.));
#5964=CARTESIAN_POINT('',(-3.4999999217689,24.3,20.));
#5965=CARTESIAN_POINT('',(-3.4999999217689,24.3,20.));
#5966=CARTESIAN_POINT('',(3.4999999217689,24.3,20.));
#5967=CARTESIAN_POINT('',(4.75,24.3,20.));
#5968=CARTESIAN_POINT('',(3.4999999217689,24.3,31.7645641480359));
#5969=CARTESIAN_POINT('Origin',(-19.5,7.5,30.));
#5970=CARTESIAN_POINT('',(-3.4999999217689,4.5,30.));
#5971=CARTESIAN_POINT('',(-3.4999999217689,8.74999991618097,30.));
#5972=CARTESIAN_POINT('',(3.4999999217689,4.5,30.));
#5973=CARTESIAN_POINT('',(3.4999999217689,6.,30.));
#5974=CARTESIAN_POINT('',(-19.5,4.5,30.));
#5975=CARTESIAN_POINT('',(-19.5,27.3,30.));
#5976=CARTESIAN_POINT('',(-19.5,4.5,30.));
#5977=CARTESIAN_POINT('Origin',(0.,4.5,0.));
#5978=CARTESIAN_POINT('',(3.4999999217689,4.5,20.));
#5979=CARTESIAN_POINT('',(3.4999999217689,4.5,10.));
#5980=CARTESIAN_POINT('',(-9.5,4.5,20.));
#5981=CARTESIAN_POINT('',(-3.4999999217689,4.5,20.));
#5982=CARTESIAN_POINT('',(-9.5,4.5,20.));
#5983=CARTESIAN_POINT('',(-3.4999999217689,4.5,10.));
#5984=CARTESIAN_POINT('Origin',(3.4999999217689,6.99999992176891,20.));
#5985=CARTESIAN_POINT('',(3.4999999217689,6.,20.));
#5986=CARTESIAN_POINT('Origin',(-3.4999999217689,9.99999983236194,20.));
#5987=CARTESIAN_POINT('',(-3.4999999217689,8.74999991618097,20.));
#5988=CARTESIAN_POINT('Origin',(9.5,7.5,20.));
#5989=CARTESIAN_POINT('',(-9.5,27.3,20.));
#5990=CARTESIAN_POINT('Origin',(0.,27.3,0.));
#5991=CARTESIAN_POINT('',(0.,0.,0.));
#5992=UNCERTAINTY_MEASURE_WITH_UNIT(LENGTH_MEASURE(0.01),#5998,
'DISTANCE_ACCURACY_VALUE',
'Maximum model space distance between geometric entities at asserted c
onnectivities');
#5993=UNCERTAINTY_MEASURE_WITH_UNIT(LENGTH_MEASURE(0.01),#5998,
'DISTANCE_ACCURACY_VALUE',
'Maximum model space distance between geometric entities at asserted c
onnectivities');
#5994=UNCERTAINTY_MEASURE_WITH_UNIT(LENGTH_MEASURE(0.01),#5998,
'DISTANCE_ACCURACY_VALUE',
'Maximum model space distance between geometric entities at asserted c
onnectivities');
#5995=(
GEOMETRIC_REPRESENTATION_CONTEXT(3)
GLOBAL_UNCERTAINTY_ASSIGNED_CONTEXT((#5992))
GLOBAL_UNIT_ASSIGNED_CONTEXT((#5998,#6000,#6001))
REPRESENTATION_CONTEXT('','3D')
);
#5996=(
GEOMETRIC_REPRESENTATION_CONTEXT(3)
GLOBAL_UNCERTAINTY_ASSIGNED_CONTEXT((#5993))
GLOBAL_UNIT_ASSIGNED_CONTEXT((#5998,#6000,#6001))
REPRESENTATION_CONTEXT('','3D')
);
#5997=(
GEOMETRIC_REPRESENTATION_CONTEXT(3)
GLOBAL_UNCERTAINTY_ASSIGNED_CONTEXT((#5994))
GLOBAL_UNIT_ASSIGNED_CONTEXT((#5998,#6000,#6001))
REPRESENTATION_CONTEXT('','3D')
);
#5998=(
LENGTH_UNIT()
NAMED_UNIT(*)
SI_UNIT(.MILLI.,.METRE.)
);
#5999=(
LENGTH_UNIT()
NAMED_UNIT(*)
SI_UNIT($,.METRE.)
);
#6000=(
NAMED_UNIT(*)
PLANE_ANGLE_UNIT()
SI_UNIT($,.RADIAN.)
);
#6001=(
NAMED_UNIT(*)
SI_UNIT($,.STERADIAN.)
SOLID_ANGLE_UNIT()
);
#6002=SHAPE_DEFINITION_REPRESENTATION(#6004,#6007);
#6003=SHAPE_DEFINITION_REPRESENTATION(#6005,#6008);
#6004=PRODUCT_DEFINITION_SHAPE('',$,#6010);
#6005=PRODUCT_DEFINITION_SHAPE('',$,#6011);
#6006=PRODUCT_DEFINITION_SHAPE($,$,#14);
#6007=SHAPE_REPRESENTATION('',(#3578,#3923),#5995);
#6008=SHAPE_REPRESENTATION('',(#3579),#5996);
#6009=PRODUCT_DEFINITION_CONTEXT('part definition',#6017,'design');
#6010=PRODUCT_DEFINITION('Servo Mount Tibia Joint Middle',
'Servo Mount Tibia Joint Middle v2',#6012,#6009);
#6011=PRODUCT_DEFINITION('Component1','Component1',#6013,#6009);
#6012=PRODUCT_DEFINITION_FORMATION('',$,#6019);
#6013=PRODUCT_DEFINITION_FORMATION('',$,#6020);
#6014=PRODUCT_RELATED_PRODUCT_CATEGORY(
'Servo Mount Tibia Joint Middle v2','Servo Mount Tibia Joint Middle v2',
(#6019));
#6015=PRODUCT_RELATED_PRODUCT_CATEGORY('Component1','Component1',(#6020));
#6016=APPLICATION_PROTOCOL_DEFINITION('international standard',
'automotive_design',2009,#6017);
#6017=APPLICATION_CONTEXT(
'Core Data for Automotive Mechanical Design Process');
#6018=PRODUCT_CONTEXT('part definition',#6017,'mechanical');
#6019=PRODUCT('Servo Mount Tibia Joint Middle',
'Servo Mount Tibia Joint Middle v2',$,(#6018));
#6020=PRODUCT('Component1','Component1',$,(#6018));
#6021=PRESENTATION_STYLE_ASSIGNMENT((#6023));
#6022=PRESENTATION_STYLE_ASSIGNMENT((#6024));
#6023=SURFACE_STYLE_USAGE(.BOTH.,#6025);
#6024=SURFACE_STYLE_USAGE(.BOTH.,#6026);
#6025=SURFACE_SIDE_STYLE('',(#6027));
#6026=SURFACE_SIDE_STYLE('',(#6028));
#6027=SURFACE_STYLE_FILL_AREA(#6029);
#6028=SURFACE_STYLE_FILL_AREA(#6030);
#6029=FILL_AREA_STYLE('Steel - Satin',(#6031));
#6030=FILL_AREA_STYLE(
'HP 3D HR CB PA 12 (with HP Jet Fusion 580 Color 3D Printer)',(#6032));
#6031=FILL_AREA_STYLE_COLOUR('Steel - Satin',#6033);
#6032=FILL_AREA_STYLE_COLOUR(
'HP 3D HR CB PA 12 (with HP Jet Fusion 580 Color 3D Printer)',#6034);
#6033=COLOUR_RGB('Steel - Satin',0.627450980392157,0.627450980392157,0.627450980392157);
#6034=COLOUR_RGB(
'HP 3D HR CB PA 12 (with HP Jet Fusion 580 Color 3D Printer)',0.964705882352941,
0.964705882352941,0.952941176470588);
ENDSEC;
END-ISO-10303-21;
