ISO-10303-21;
HEADER;
/* Generated by software containing ST-Developer
 * from STEP Tools, Inc. (www.steptools.com) 
 */

FILE_DESCRIPTION(
/* description */ (''),
/* implementation_level */ '2;1');

FILE_NAME(
/* name */ 'Tibia.step',
/* time_stamp */ '2026-09-01T13:41:55+04:00',
/* author */ (''),
/* organization */ (''),
/* preprocessor_version */ 'ST-DEVELOPER v20.1',
/* originating_system */ 'Autodesk Translation Framework v15.8.0.0',
/* authorisation */ '');

FILE_SCHEMA (('AUTOMOTIVE_DESIGN { 1 0 10303 214 3 1 1 }'));
ENDSEC;

DATA;
#10=MECHANICAL_DESIGN_GEOMETRIC_PRESENTATION_REPRESENTATION('',(#17),#2839);
#11=ITEM_DEFINED_TRANSFORMATION($,$,#1162,#1233);
#12=(
REPRESENTATION_RELATIONSHIP($,$,#2850,#2849)
REPRESENTATION_RELATIONSHIP_WITH_TRANSFORMATION(#11)
SHAPE_REPRESENTATION_RELATIONSHIP()
);
#13=CONTEXT_DEPENDENT_SHAPE_REPRESENTATION(#12,#2848);
#14=NEXT_ASSEMBLY_USAGE_OCCURRENCE('Component2:1','Component2:1',
'Component2:1',#2852,#2853,'Component2:1');
#15=SHAPE_REPRESENTATION_RELATIONSHIP('SRR','None',#2850,#16);
#16=ADVANCED_BREP_SHAPE_REPRESENTATION('',(#18),#2838);
#17=STYLED_ITEM('',(#2863),#18);
#18=MANIFOLD_SOLID_BREP('Body1',#1148);
#19=(
BOUNDED_SURFACE()
B_SPLINE_SURFACE(5,1,((#2567,#2568),(#2569,#2570),(#2571,#2572),(#2573,
#2574),(#2575,#2576),(#2577,#2578),(#2579,#2580),(#2581,#2582),(#2583,#2584),
(#2585,#2586),(#2587,#2588),(#2589,#2590),(#2591,#2592),(#2593,#2594),(#2595,
#2596)),.UNSPECIFIED.,.F.,.F.,.F.)
B_SPLINE_SURFACE_WITH_KNOTS((6,1,1,1,1,1,1,1,1,1,6),(2,2),(0.,0.1,0.2,0.3,
0.4,0.5,0.6,0.7,0.8,0.9,0.997124585964976),(0.,4.5),.UNSPECIFIED.)
GEOMETRIC_REPRESENTATION_ITEM()
RATIONAL_B_SPLINE_SURFACE(((1.,1.),(1.,1.),(1.,1.),(1.,1.),(1.,1.),(1.,
1.),(1.,1.),(1.,1.),(1.,1.),(1.,1.),(1.,1.),(1.,1.),(1.,1.),(1.,1.),(1.,
1.)))
REPRESENTATION_ITEM('')
SURFACE()
);
#20=(
BOUNDED_SURFACE()
B_SPLINE_SURFACE(5,1,((#2600,#2601),(#2602,#2603),(#2604,#2605),(#2606,
#2607),(#2608,#2609),(#2610,#2611),(#2612,#2613),(#2614,#2615),(#2616,#2617),
(#2618,#2619)),.UNSPECIFIED.,.F.,.F.,.F.)
B_SPLINE_SURFACE_WITH_KNOTS((6,1,1,1,1,6),(2,2),(0.693921920396177,0.733333333333333,
0.8,0.866666666666667,0.933333333333333,1.),(0.,11.),.UNSPECIFIED.)
GEOMETRIC_REPRESENTATION_ITEM()
RATIONAL_B_SPLINE_SURFACE(((1.,1.),(1.,1.),(1.,1.),(1.,1.),(1.,1.),(1.,
1.),(1.,1.),(1.,1.),(1.,1.),(1.,1.)))
REPRESENTATION_ITEM('')
SURFACE()
);
#21=(
BOUNDED_SURFACE()
B_SPLINE_SURFACE(5,1,((#2633,#2634),(#2635,#2636),(#2637,#2638),(#2639,
#2640),(#2641,#2642),(#2643,#2644),(#2645,#2646),(#2647,#2648),(#2649,#2650),
(#2651,#2652),(#2653,#2654),(#2655,#2656),(#2657,#2658),(#2659,#2660),(#2661,
#2662)),.UNSPECIFIED.,.F.,.F.,.F.)
B_SPLINE_SURFACE_WITH_KNOTS((6,1,1,1,1,1,1,1,1,1,6),(2,2),(-0.998027812472389,
-0.9,-0.8,-0.7,-0.6,-0.5,-0.4,-0.3,-0.2,-0.1,0.),(0.,4.5),.UNSPECIFIED.)
GEOMETRIC_REPRESENTATION_ITEM()
RATIONAL_B_SPLINE_SURFACE(((1.,1.),(1.,1.),(1.,1.),(1.,1.),(1.,1.),(1.,
1.),(1.,1.),(1.,1.),(1.,1.),(1.,1.),(1.,1.),(1.,1.),(1.,1.),(1.,1.),(1.,
1.)))
REPRESENTATION_ITEM('')
SURFACE()
);
#22=(
BOUNDED_SURFACE()
B_SPLINE_SURFACE(5,1,((#2668,#2669),(#2670,#2671),(#2672,#2673),(#2674,
#2675),(#2676,#2677),(#2678,#2679),(#2680,#2681),(#2682,#2683),(#2684,#2685),
(#2686,#2687),(#2688,#2689),(#2690,#2691),(#2692,#2693),(#2694,#2695),(#2696,
#2697)),.UNSPECIFIED.,.F.,.F.,.F.)
B_SPLINE_SURFACE_WITH_KNOTS((6,1,1,1,1,1,1,1,1,1,6),(2,2),(0.0737301607880977,
0.1,0.2,0.3,0.4,0.5,0.6,0.7,0.8,0.9,0.967759496756217),(0.,11.),
 .UNSPECIFIED.)
GEOMETRIC_REPRESENTATION_ITEM()
RATIONAL_B_SPLINE_SURFACE(((1.,1.),(1.,1.),(1.,1.),(1.,1.),(1.,1.),(1.,
1.),(1.,1.),(1.,1.),(1.,1.),(1.,1.),(1.,1.),(1.,1.),(1.,1.),(1.,1.),(1.,
1.)))
REPRESENTATION_ITEM('')
SURFACE()
);
#23=(
BOUNDED_SURFACE()
B_SPLINE_SURFACE(5,1,((#2726,#2727),(#2728,#2729),(#2730,#2731),(#2732,
#2733),(#2734,#2735),(#2736,#2737),(#2738,#2739),(#2740,#2741),(#2742,#2743),
(#2744,#2745),(#2746,#2747),(#2748,#2749),(#2750,#2751),(#2752,#2753),(#2754,
#2755)),.UNSPECIFIED.,.F.,.F.,.F.)
B_SPLINE_SURFACE_WITH_KNOTS((6,1,1,1,1,1,1,1,1,1,6),(2,2),(0.0679074578890996,
0.1,0.2,0.3,0.4,0.5,0.6,0.7,0.8,0.9,0.92796366048058),(0.,11.),
 .UNSPECIFIED.)
GEOMETRIC_REPRESENTATION_ITEM()
RATIONAL_B_SPLINE_SURFACE(((1.,1.),(1.,1.),(1.,1.),(1.,1.),(1.,1.),(1.,
1.),(1.,1.),(1.,1.),(1.,1.),(1.,1.),(1.,1.),(1.,1.),(1.,1.),(1.,1.),(1.,
1.)))
REPRESENTATION_ITEM('')
SURFACE()
);
#24=(
BOUNDED_SURFACE()
B_SPLINE_SURFACE(5,1,((#2807,#2808),(#2809,#2810),(#2811,#2812),(#2813,
#2814),(#2815,#2816),(#2817,#2818),(#2819,#2820),(#2821,#2822),(#2823,#2824),
(#2825,#2826)),.UNSPECIFIED.,.F.,.F.,.F.)
B_SPLINE_SURFACE_WITH_KNOTS((6,1,1,1,1,6),(2,2),(0.0341497897136317,0.0666666666666667,
0.133333333333333,0.2,0.266666666666667,0.330862104403347),(0.,11.),
 .UNSPECIFIED.)
GEOMETRIC_REPRESENTATION_ITEM()
RATIONAL_B_SPLINE_SURFACE(((1.,1.),(1.,1.),(1.,1.),(1.,1.),(1.,1.),(1.,
1.),(1.,1.),(1.,1.),(1.,1.),(1.,1.)))
REPRESENTATION_ITEM('')
SURFACE()
);
#25=FACE_BOUND('',#197,.T.);
#26=FACE_BOUND('',#198,.T.);
#27=FACE_BOUND('',#199,.T.);
#28=FACE_BOUND('',#204,.T.);
#29=FACE_BOUND('',#205,.T.);
#30=FACE_BOUND('',#206,.T.);
#31=FACE_BOUND('',#216,.T.);
#32=FACE_BOUND('',#217,.T.);
#33=FACE_BOUND('',#218,.T.);
#34=FACE_BOUND('',#219,.T.);
#35=FACE_BOUND('',#245,.T.);
#36=FACE_BOUND('',#246,.T.);
#37=FACE_BOUND('',#247,.T.);
#38=FACE_BOUND('',#248,.T.);
#39=(
BOUNDED_CURVE()
B_SPLINE_CURVE(5,(#1838,#1839,#1840,#1841,#1842,#1843,#1844,#1845,#1846,
#1847),.UNSPECIFIED.,.F.,.F.)
B_SPLINE_CURVE_WITH_KNOTS((6,1,1,1,1,6),(0.0341497897136317,0.0666666666666667,
0.133333333333333,0.2,0.266666666666667,0.330862104403347),
 .UNSPECIFIED.)
CURVE()
GEOMETRIC_REPRESENTATION_ITEM()
RATIONAL_B_SPLINE_CURVE((1.,1.,1.,1.,1.,1.,1.,1.,1.,1.))
REPRESENTATION_ITEM('')
);
#40=(
BOUNDED_CURVE()
B_SPLINE_CURVE(5,(#1851,#1852,#1853,#1854,#1855,#1856),.UNSPECIFIED.,.F.,
 .F.)
B_SPLINE_CURVE_WITH_KNOTS((6,6),(0.693921920396177,0.720311415863394),
 .UNSPECIFIED.)
CURVE()
GEOMETRIC_REPRESENTATION_ITEM()
RATIONAL_B_SPLINE_CURVE((1.,1.,1.,1.,1.,1.))
REPRESENTATION_ITEM('')
);
#41=(
BOUNDED_CURVE()
B_SPLINE_CURVE(5,(#1882,#1883,#1884,#1885,#1886,#1887,#1888,#1889,#1890,
#1891,#1892,#1893,#1894,#1895,#1896),.UNSPECIFIED.,.F.,.F.)
B_SPLINE_CURVE_WITH_KNOTS((6,1,1,1,1,1,1,1,1,1,6),(0.0737301607880977,0.1,
0.2,0.3,0.4,0.5,0.6,0.7,0.8,0.9,0.967759496756217),.UNSPECIFIED.)
CURVE()
GEOMETRIC_REPRESENTATION_ITEM()
RATIONAL_B_SPLINE_CURVE((1.,1.,1.,1.,1.,1.,1.,1.,1.,1.,1.,1.,1.,1.,1.))
REPRESENTATION_ITEM('')
);
#42=(
BOUNDED_CURVE()
B_SPLINE_CURVE(5,(#1918,#1919,#1920,#1921,#1922,#1923,#1924,#1925,#1926,
#1927,#1928,#1929,#1930,#1931,#1932),.UNSPECIFIED.,.F.,.F.)
B_SPLINE_CURVE_WITH_KNOTS((6,1,1,1,1,1,1,1,1,1,6),(0.0679074578890996,0.1,
0.2,0.3,0.4,0.5,0.6,0.7,0.8,0.9,0.92796366048058),.UNSPECIFIED.)
CURVE()
GEOMETRIC_REPRESENTATION_ITEM()
RATIONAL_B_SPLINE_CURVE((1.,1.,1.,1.,1.,1.,1.,1.,1.,1.,1.,1.,1.,1.,1.))
REPRESENTATION_ITEM('')
);
#43=PLANE('',#1175);
#44=PLANE('',#1191);
#45=PLANE('',#1193);
#46=PLANE('',#1208);
#47=PLANE('',#1209);
#48=PLANE('',#1210);
#49=PLANE('',#1213);
#50=PLANE('',#1216);
#51=PLANE('',#1219);
#52=PLANE('',#1222);
#53=PLANE('',#1225);
#54=PLANE('',#1228);
#55=PLANE('',#1229);
#56=PLANE('',#1231);
#57=B_SPLINE_CURVE_WITH_KNOTS('',3,(#1543,#1544,#1545,#1546),
 .UNSPECIFIED.,.F.,.F.,(4,4),(0.,0.496144861109996),.UNSPECIFIED.);
#58=B_SPLINE_CURVE_WITH_KNOTS('',3,(#1548,#1549,#1550,#1551,#1552,#1553,
#1554,#1555,#1556,#1557,#1558),.UNSPECIFIED.,.F.,.F.,(4,1,1,1,1,1,1,1,4),
(0.,0.129639472731059,0.194459209096589,0.259278945462119,0.388918418193178,
0.518557890924238,0.648197363655297,0.777836836386357,0.907476309117416),
 .UNSPECIFIED.);
#59=B_SPLINE_CURVE_WITH_KNOTS('',3,(#1561,#1562,#1563,#1564,#1565,#1566,
#1567,#1568,#1569,#1570,#1571,#1572,#1573,#1574),.UNSPECIFIED.,.F.,.F.,
(4,1,1,1,1,1,1,1,3,4),(-0.907476309117416,-0.777836836386357,-0.648197363655297,
-0.518557890924238,-0.388918418193178,-0.259278945462119,-0.194459209096589,
-0.129639472731059,0.,0.00199426625570714),.UNSPECIFIED.);
#60=B_SPLINE_CURVE_WITH_KNOTS('',3,(#1607,#1608,#1609,#1610,#1611,#1612,
#1613),.UNSPECIFIED.,.F.,.F.,(4,1,1,1,4),(0.00635349715037235,0.455386317436691,
1.35345195800933,2.25151759858196,3.1495832391546),.UNSPECIFIED.);
#61=B_SPLINE_CURVE_WITH_KNOTS('',3,(#1616,#1617,#1618,#1619,#1620,#1621,
#1622),.UNSPECIFIED.,.F.,.F.,(4,1,1,1,4),(-3.1495832391546,-2.25151759858196,
-1.35345195800933,-0.455386317436691,-0.00635349715037235),
 .UNSPECIFIED.);
#62=B_SPLINE_CURVE_WITH_KNOTS('',3,(#1642,#1643,#1644,#1645),
 .UNSPECIFIED.,.F.,.F.,(4,4),(-2.5,-2.),.UNSPECIFIED.);
#63=B_SPLINE_CURVE_WITH_KNOTS('',3,(#1646,#1647,#1648,#1649),
 .UNSPECIFIED.,.F.,.F.,(4,4),(2.,2.5),.UNSPECIFIED.);
#64=B_SPLINE_CURVE_WITH_KNOTS('',3,(#1681,#1682,#1683,#1684,#1685,#1686,
#1687),.UNSPECIFIED.,.F.,.F.,(4,1,1,1,4),(-3.1402944767261,-2.24306748337579,
-1.34584049002547,-0.897226993350313,1.3592619776905E-15),.UNSPECIFIED.);
#65=B_SPLINE_CURVE_WITH_KNOTS('',3,(#1688,#1689,#1690,#1691,#1692,#1693,
#1694),.UNSPECIFIED.,.F.,.F.,(4,1,1,1,4),(-1.3592619776905E-15,0.897226993350313,
1.34584049002547,2.24306748337579,3.1402944767261),.UNSPECIFIED.);
#66=B_SPLINE_CURVE_WITH_KNOTS('',3,(#1711,#1712,#1713,#1714),
 .UNSPECIFIED.,.F.,.F.,(4,4),(-0.00635349715037344,1.88305527115238E-12),
 .UNSPECIFIED.);
#67=B_SPLINE_CURVE_WITH_KNOTS('',3,(#1715,#1716,#1717,#1718),
 .UNSPECIFIED.,.F.,.F.,(4,4),(-1.88305527115238E-12,0.00635349715037344),
 .UNSPECIFIED.);
#68=B_SPLINE_CURVE_WITH_KNOTS('',3,(#1769,#1770,#1771,#1772,#1773,#1774),
 .UNSPECIFIED.,.F.,.F.,(4,2,4),(0.,0.248071746431695,0.496144861109997),
 .UNSPECIFIED.);
#69=B_SPLINE_CURVE_WITH_KNOTS('',3,(#1776,#1777,#1778,#1779,#1780,#1781,
#1782,#1783,#1784,#1785,#1786,#1787),.UNSPECIFIED.,.F.,.F.,(4,3,1,1,1,1,
1,4),(-0.00199426625570734,0.,0.129639472731059,0.259278945462119,0.388918418193178,
0.518557890924238,0.648197363655297,0.907476309117416),.UNSPECIFIED.);
#70=B_SPLINE_CURVE_WITH_KNOTS('',3,(#1790,#1791,#1792,#1793,#1794,#1795,
#1796,#1797,#1798),.UNSPECIFIED.,.F.,.F.,(4,1,1,1,1,1,4),(-0.907476309117416,
-0.648197363655297,-0.518557890924238,-0.388918418193178,-0.259278945462119,
-0.129639472731059,0.),.UNSPECIFIED.);
#71=B_SPLINE_CURVE_WITH_KNOTS('',3,(#1815,#1816,#1817,#1818),
 .UNSPECIFIED.,.F.,.F.,(4,4),(-3.14664911357043,-3.1402944767261),
 .UNSPECIFIED.);
#72=B_SPLINE_CURVE_WITH_KNOTS('',3,(#1819,#1820,#1821,#1822),
 .UNSPECIFIED.,.F.,.F.,(4,4),(3.1402944767261,3.14664911357043),
 .UNSPECIFIED.);
#73=B_SPLINE_CURVE_WITH_KNOTS('',3,(#1827,#1828,#1829,#1830),
 .UNSPECIFIED.,.F.,.F.,(4,4),(-0.907905785664823,-0.789906183625018),
 .UNSPECIFIED.);
#74=B_SPLINE_CURVE_WITH_KNOTS('',3,(#1860,#1861,#1862,#1863),
 .UNSPECIFIED.,.F.,.F.,(4,4),(1.62391495247399E-12,0.0608425124968731),
 .UNSPECIFIED.);
#75=B_SPLINE_CURVE_WITH_KNOTS('',3,(#1865,#1866,#1867,#1868,#1869,#1870,
#1871,#1872,#1873,#1874),.UNSPECIFIED.,.F.,.F.,(4,1,1,1,1,1,1,4),(-1.01512489865418E-16,
0.125119551596257,0.250239103192513,0.37535865478877,0.500478206385027,
0.625597757981283,0.75071730957754,0.875836861173797),.UNSPECIFIED.);
#76=B_SPLINE_CURVE_WITH_KNOTS('',3,(#1904,#1905,#1906,#1907,#1908,#1909,
#1910),.UNSPECIFIED.,.F.,.F.,(4,3,4),(-0.507910971779718,-0.477811109781631,
-0.264762893480051),.UNSPECIFIED.);
#77=B_SPLINE_CURVE_WITH_KNOTS('',3,(#1940,#1941,#1942,#1943),
 .UNSPECIFIED.,.F.,.F.,(4,4),(-0.733921879354978,-0.573392674587942),
 .UNSPECIFIED.);
#78=B_SPLINE_CURVE_WITH_KNOTS('',3,(#1951,#1952,#1953,#1954),
 .UNSPECIFIED.,.F.,.F.,(4,4),(0.0353082770453954,0.140547255156046),
 .UNSPECIFIED.);
#79=B_SPLINE_CURVE_WITH_KNOTS('',3,(#1964,#1965,#1966,#1967),
 .UNSPECIFIED.,.F.,.F.,(4,4),(-0.192363618540689,-0.0456368844683074),
 .UNSPECIFIED.);
#80=B_SPLINE_CURVE_WITH_KNOTS('',3,(#1972,#1973,#1974,#1975,#1976,#1977,
#1978,#1979,#1980,#1981,#1982),.UNSPECIFIED.,.F.,.F.,(4,2,2,1,1,1,4),(0.060842512496872,
0.223767408401775,0.5437855477829,1.60120538577865,2.12991530477653,2.6586252237744,
3.18733514277228),.UNSPECIFIED.);
#81=B_SPLINE_CURVE_WITH_KNOTS('',3,(#1984,#1985,#1986,#1987,#1988,#1989,
#1990,#1991),.UNSPECIFIED.,.F.,.F.,(4,2,2,4),(-1.72982399134248,-1.3098696570005,
-0.745506705853499,0.),.UNSPECIFIED.);
#82=B_SPLINE_CURVE_WITH_KNOTS('',3,(#1994,#1995,#1996,#1997,#1998,#1999,
#2000,#2001,#2002,#2003),.UNSPECIFIED.,.F.,.F.,(4,2,2,2,4),(-9.70394493563964,
-9.27639271925215,-8.82657036990811,-8.03217859078619,-8.00423549593373),
 .UNSPECIFIED.);
#83=B_SPLINE_CURVE_WITH_KNOTS('',3,(#2007,#2008,#2009,#2010),
 .UNSPECIFIED.,.F.,.F.,(4,4),(2.,2.5),.UNSPECIFIED.);
#84=B_SPLINE_CURVE_WITH_KNOTS('',3,(#2015,#2016,#2017,#2018,#2019,#2020,
#2021,#2022),.UNSPECIFIED.,.F.,.F.,(4,2,2,4),(-1.70125452300829,-1.56716503969549,
-0.795067954665127,0.),.UNSPECIFIED.);
#85=B_SPLINE_CURVE_WITH_KNOTS('',3,(#2026,#2027,#2028,#2029,#2030,#2031,
#2032,#2033),.UNSPECIFIED.,.F.,.F.,(4,2,2,4),(-1.89577352893611,-1.31302259025683,
-0.765314124294306,-0.165019535276059),.UNSPECIFIED.);
#86=B_SPLINE_CURVE_WITH_KNOTS('',3,(#2036,#2037,#2038,#2039,#2040,#2041,
#2042,#2043),.UNSPECIFIED.,.F.,.F.,(4,1,1,1,1,4),(-3.18796625476179,-2.74123390227259,
-2.29450154978339,-1.84776919729419,-0.954304492315785,-0.0608397873373819),
 .UNSPECIFIED.);
#87=B_SPLINE_CURVE_WITH_KNOTS('',3,(#2048,#2049,#2050,#2051,#2052,#2053,
#2054,#2055,#2056,#2057),.UNSPECIFIED.,.F.,.F.,(4,1,1,1,1,1,1,4),(-0.875836861173797,
-0.750717309577541,-0.625597757981284,-0.500478206385027,-0.37535865478877,
-0.250239103192513,-0.125119551596257,1.09672000106356E-16),
 .UNSPECIFIED.);
#88=B_SPLINE_CURVE_WITH_KNOTS('',3,(#2058,#2059,#2060,#2061),
 .UNSPECIFIED.,.F.,.F.,(4,4),(-0.0608397873373829,-1.63693100541581E-12),
 .UNSPECIFIED.);
#89=B_SPLINE_CURVE_WITH_KNOTS('',3,(#2063,#2064,#2065,#2066),
 .UNSPECIFIED.,.F.,.F.,(4,4),(1.52587798477252,1.68984818117889),
 .UNSPECIFIED.);
#90=B_SPLINE_CURVE_WITH_KNOTS('',3,(#2070,#2071,#2072,#2073,#2074,#2075,
#2076,#2077,#2078,#2079,#2080,#2081,#2082,#2083,#2084,#2085,#2086,#2087,
#2088,#2089,#2090,#2091,#2092,#2093,#2094,#2095,#2096,#2097,#2098,#2099,
#2100),.UNSPECIFIED.,.F.,.F.,(4,3,3,3,3,3,3,3,3,3,4),(0.,0.14376849266191,
0.291410175758716,0.443614376006045,0.601193505078492,0.769386549775134,
0.946134510279729,1.13399209951212,1.34929791806904,1.60278320773284,1.80784009763793),
 .UNSPECIFIED.);
#91=B_SPLINE_CURVE_WITH_KNOTS('',3,(#2107,#2108,#2109,#2110),
 .UNSPECIFIED.,.F.,.F.,(4,4),(0.,2.50493236907933),.UNSPECIFIED.);
#92=B_SPLINE_CURVE_WITH_KNOTS('',3,(#2117,#2118,#2119,#2120,#2121,#2122,
#2123),.UNSPECIFIED.,.F.,.F.,(4,3,4),(0.,3.705393198072,4.22889827991103),
 .UNSPECIFIED.);
#93=B_SPLINE_CURVE_WITH_KNOTS('',3,(#2131,#2132,#2133,#2134,#2135,#2136,
#2137,#2138,#2139,#2140,#2141,#2142,#2143,#2144,#2145,#2146,#2147,#2148,
#2149,#2150,#2151,#2152,#2153,#2154,#2155,#2156,#2157,#2158,#2159,#2160,
#2161,#2162,#2163,#2164,#2165,#2166,#2167,#2168,#2169,#2170,#2171,#2172,
#2173,#2174,#2175,#2176,#2177,#2178,#2179,#2180,#2181,#2182,#2183,#2184,
#2185,#2186,#2187,#2188,#2189,#2190,#2191,#2192,#2193,#2194,#2195,#2196,
#2197),.UNSPECIFIED.,.F.,.F.,(4,3,3,3,3,3,3,3,3,3,3,3,3,3,3,3,3,3,3,3,3,
3,4),(0.,0.228952033884588,0.458503705487278,0.691257015871318,0.928186735972337,
1.17264991502724,1.44841302819695,1.7576559433876,2.2028411175992,2.45063404889372,
2.66711201164514,2.86977407191486,3.06669146384517,3.25907722611576,3.44999969233721,
3.65255691200886,3.8791067703652,4.17380313413963,4.54728478135016,4.82344978957063,
5.07129356332552,5.30312305883036,5.31913733708041),.UNSPECIFIED.);
#94=B_SPLINE_CURVE_WITH_KNOTS('',3,(#2205,#2206,#2207,#2208),
 .UNSPECIFIED.,.F.,.F.,(4,4),(0.,3.09063809975669),.UNSPECIFIED.);
#95=B_SPLINE_CURVE_WITH_KNOTS('',3,(#2216,#2217,#2218,#2219,#2220,#2221,
#2222,#2223,#2224,#2225,#2226,#2227,#2228,#2229,#2230,#2231,#2232,#2233,
#2234,#2235,#2236,#2237,#2238,#2239,#2240,#2241,#2242,#2243,#2244,#2245,
#2246,#2247,#2248,#2249,#2250,#2251,#2252,#2253,#2254,#2255,#2256,#2257,
#2258),.UNSPECIFIED.,.F.,.F.,(4,3,3,3,3,3,3,3,3,3,3,3,3,3,4),(0.,0.232019031823782,
0.480104544696241,0.775172165264274,1.09512911055636,1.32513814255592,1.52457913718899,
1.70962504971853,1.90396517575872,2.13575198465755,2.43739573492764,2.72681059822132,
2.97505761524248,3.20451056728045,3.33482772760098),.UNSPECIFIED.);
#96=B_SPLINE_CURVE_WITH_KNOTS('',3,(#2266,#2267,#2268,#2269),
 .UNSPECIFIED.,.F.,.F.,(4,4),(0.,2.51720172903168),.UNSPECIFIED.);
#97=B_SPLINE_CURVE_WITH_KNOTS('',3,(#2279,#2280,#2281,#2282,#2283,#2284),
 .UNSPECIFIED.,.F.,.F.,(4,2,4),(0.,1.26477250650956,2.58832934822695),
 .UNSPECIFIED.);
#98=B_SPLINE_CURVE_WITH_KNOTS('',3,(#2327,#2328,#2329,#2330,#2331,#2332),
 .UNSPECIFIED.,.F.,.F.,(4,2,4),(0.,0.247487373415291,0.494974746830582),
 .UNSPECIFIED.);
#99=B_SPLINE_CURVE_WITH_KNOTS('',3,(#2335,#2336,#2337,#2338,#2339,#2340,
#2341,#2342,#2343,#2344),.UNSPECIFIED.,.F.,.F.,(4,1,1,1,1,1,1,4),(-0.875836861173797,
-0.75071730957754,-0.625597757981283,-0.500478206385027,-0.37535865478877,
-0.250239103192513,-0.125119551596257,1.01512489865418E-16),
 .UNSPECIFIED.);
#100=B_SPLINE_CURVE_WITH_KNOTS('',3,(#2393,#2394,#2395,#2396,#2397,#2398,
#2399,#2400,#2401,#2402,#2403),.UNSPECIFIED.,.F.,.F.,(4,1,1,1,2,2,4),(-3.18733514277228,
-2.6586252237744,-2.12991530477653,-1.60120538577865,-0.5437855477829,-0.223767408401775,
-0.060842512496872),.UNSPECIFIED.);
#101=B_SPLINE_CURVE_WITH_KNOTS('',3,(#2422,#2423,#2424,#2425),
 .UNSPECIFIED.,.F.,.F.,(4,4),(-2.5,-2.),.UNSPECIFIED.);
#102=B_SPLINE_CURVE_WITH_KNOTS('',3,(#2460,#2461,#2462,#2463,#2464,#2465,
#2466,#2467),.UNSPECIFIED.,.F.,.F.,(4,1,1,1,1,4),(0.0608397873373819,0.954304492315785,
1.84776919729419,2.29450154978339,2.74123390227259,3.18796625476179),
 .UNSPECIFIED.);
#103=B_SPLINE_CURVE_WITH_KNOTS('',3,(#2484,#2485,#2486,#2487),
 .UNSPECIFIED.,.F.,.F.,(4,4),(-0.0608425124968731,-1.62391495247399E-12),
 .UNSPECIFIED.);
#104=B_SPLINE_CURVE_WITH_KNOTS('',3,(#2529,#2530,#2531,#2532,#2533,#2534),
 .UNSPECIFIED.,.F.,.F.,(4,2,4),(0.,0.247487373415293,0.494974746830585),
 .UNSPECIFIED.);
#105=B_SPLINE_CURVE_WITH_KNOTS('',3,(#2536,#2537,#2538,#2539,#2540,#2541,
#2542,#2543,#2544,#2545),.UNSPECIFIED.,.F.,.F.,(4,1,1,1,1,1,1,4),(-1.09672000106356E-16,
0.125119551596257,0.250239103192513,0.37535865478877,0.500478206385027,
0.625597757981284,0.750717309577541,0.875836861173797),.UNSPECIFIED.);
#106=B_SPLINE_CURVE_WITH_KNOTS('',3,(#2563,#2564,#2565,#2566),
 .UNSPECIFIED.,.F.,.F.,(4,4),(1.63693100541581E-12,0.0608397873373829),
 .UNSPECIFIED.);
#107=B_SPLINE_SURFACE_WITH_KNOTS('',3,3,((#1485,#1486,#1487,#1488,#1489,
#1490,#1491,#1492,#1493,#1494,#1495,#1496,#1497,#1498),(#1499,#1500,#1501,
#1502,#1503,#1504,#1505,#1506,#1507,#1508,#1509,#1510,#1511,#1512),(#1513,
#1514,#1515,#1516,#1517,#1518,#1519,#1520,#1521,#1522,#1523,#1524,#1525,
#1526),(#1527,#1528,#1529,#1530,#1531,#1532,#1533,#1534,#1535,#1536,#1537,
#1538,#1539,#1540)),.UNSPECIFIED.,.F.,.F.,.F.,(4,4),(4,3,1,1,1,1,1,1,1,
4),(0.,1.),(-0.00199426625570714,0.,0.129639472731059,0.194459209096589,
0.259278945462119,0.388918418193178,0.518557890924238,0.648197363655297,
0.777836836386357,0.907476309117416),.UNSPECIFIED.);
#108=B_SPLINE_SURFACE_WITH_KNOTS('',3,3,((#1575,#1576,#1577,#1578,#1579,
#1580,#1581),(#1582,#1583,#1584,#1585,#1586,#1587,#1588),(#1589,#1590,#1591,
#1592,#1593,#1594,#1595),(#1596,#1597,#1598,#1599,#1600,#1601,#1602)),
 .UNSPECIFIED.,.F.,.F.,.F.,(4,4),(4,1,1,1,4),(0.,1.),(0.00635349715037235,
0.455386317436691,1.35345195800933,2.25151759858196,3.1495832391546),
 .UNSPECIFIED.);
#109=B_SPLINE_SURFACE_WITH_KNOTS('',3,3,((#1623,#1624,#1625,#1626),(#1627,
#1628,#1629,#1630),(#1631,#1632,#1633,#1634),(#1635,#1636,#1637,#1638)),
 .UNSPECIFIED.,.F.,.F.,.F.,(4,4),(4,4),(0.,1.),(2.,2.5),.UNSPECIFIED.);
#110=B_SPLINE_SURFACE_WITH_KNOTS('',3,3,((#1650,#1651,#1652,#1653,#1654,
#1655,#1656),(#1657,#1658,#1659,#1660,#1661,#1662,#1663),(#1664,#1665,#1666,
#1667,#1668,#1669,#1670),(#1671,#1672,#1673,#1674,#1675,#1676,#1677)),
 .UNSPECIFIED.,.F.,.F.,.F.,(4,4),(4,1,1,1,4),(0.,1.),(-1.3592619776905E-15,
0.897226993350313,1.34584049002547,2.24306748337579,3.1402944767261),
 .UNSPECIFIED.);
#111=B_SPLINE_SURFACE_WITH_KNOTS('',3,3,((#1695,#1696,#1697,#1698),(#1699,
#1700,#1701,#1702),(#1703,#1704,#1705,#1706),(#1707,#1708,#1709,#1710)),
 .UNSPECIFIED.,.F.,.F.,.F.,(4,4),(4,4),(0.,1.),(-1.88305527115238E-12,0.00635349715037344),
 .UNSPECIFIED.);
#112=B_SPLINE_SURFACE_WITH_KNOTS('',3,3,((#1719,#1720,#1721,#1722,#1723,
#1724,#1725,#1726,#1727,#1728,#1729,#1730),(#1731,#1732,#1733,#1734,#1735,
#1736,#1737,#1738,#1739,#1740,#1741,#1742),(#1743,#1744,#1745,#1746,#1747,
#1748,#1749,#1750,#1751,#1752,#1753,#1754),(#1755,#1756,#1757,#1758,#1759,
#1760,#1761,#1762,#1763,#1764,#1765,#1766)),.UNSPECIFIED.,.F.,.F.,.F.,(4,
4),(4,1,1,1,1,1,3,4),(0.,1.),(-0.907476309117416,-0.648197363655297,-0.518557890924238,
-0.388918418193178,-0.259278945462119,-0.129639472731059,0.,0.00199426625570734),
 .UNSPECIFIED.);
#113=B_SPLINE_SURFACE_WITH_KNOTS('',3,3,((#1799,#1800,#1801,#1802),(#1803,
#1804,#1805,#1806),(#1807,#1808,#1809,#1810),(#1811,#1812,#1813,#1814)),
 .UNSPECIFIED.,.F.,.F.,.F.,(4,4),(4,4),(0.,1.),(3.1402944767261,3.14664911357043),
 .UNSPECIFIED.);
#114=B_SPLINE_SURFACE_WITH_KNOTS('',3,3,((#2286,#2287,#2288,#2289,#2290,
#2291,#2292,#2293,#2294,#2295),(#2296,#2297,#2298,#2299,#2300,#2301,#2302,
#2303,#2304,#2305),(#2306,#2307,#2308,#2309,#2310,#2311,#2312,#2313,#2314,
#2315),(#2316,#2317,#2318,#2319,#2320,#2321,#2322,#2323,#2324,#2325)),
 .UNSPECIFIED.,.F.,.F.,.F.,(4,4),(4,1,1,1,1,1,1,4),(0.,1.),(-1.01512489865418E-16,
0.125119551596257,0.250239103192513,0.37535865478877,0.500478206385027,
0.625597757981283,0.75071730957754,0.875836861173797),.UNSPECIFIED.);
#115=B_SPLINE_SURFACE_WITH_KNOTS('',3,3,((#2345,#2346,#2347,#2348,#2349,
#2350,#2351,#2352,#2353,#2354,#2355),(#2356,#2357,#2358,#2359,#2360,#2361,
#2362,#2363,#2364,#2365,#2366),(#2367,#2368,#2369,#2370,#2371,#2372,#2373,
#2374,#2375,#2376,#2377),(#2378,#2379,#2380,#2381,#2382,#2383,#2384,#2385,
#2386,#2387,#2388)),.UNSPECIFIED.,.F.,.F.,.F.,(4,4),(4,1,1,1,2,2,4),(0.,
1.),(-3.18733514277228,-2.6586252237744,-2.12991530477653,-1.60120538577865,
-0.5437855477829,-0.223767408401775,-0.060842512496872),.UNSPECIFIED.);
#116=B_SPLINE_SURFACE_WITH_KNOTS('',3,3,((#2404,#2405,#2406,#2407),(#2408,
#2409,#2410,#2411),(#2412,#2413,#2414,#2415),(#2416,#2417,#2418,#2419)),
 .UNSPECIFIED.,.F.,.F.,.F.,(4,4),(4,4),(0.,1.),(2.,2.5),.UNSPECIFIED.);
#117=B_SPLINE_SURFACE_WITH_KNOTS('',3,3,((#2426,#2427,#2428,#2429,#2430,
#2431,#2432,#2433),(#2434,#2435,#2436,#2437,#2438,#2439,#2440,#2441),(#2442,
#2443,#2444,#2445,#2446,#2447,#2448,#2449),(#2450,#2451,#2452,#2453,#2454,
#2455,#2456,#2457)),.UNSPECIFIED.,.F.,.F.,.F.,(4,4),(4,1,1,1,1,4),(0.,1.),
(0.0608397873373819,0.954304492315785,1.84776919729419,2.29450154978339,
2.74123390227259,3.18796625476179),.UNSPECIFIED.);
#118=B_SPLINE_SURFACE_WITH_KNOTS('',3,3,((#2468,#2469,#2470,#2471),(#2472,
#2473,#2474,#2475),(#2476,#2477,#2478,#2479),(#2480,#2481,#2482,#2483)),
 .UNSPECIFIED.,.F.,.F.,.F.,(4,4),(4,4),(0.,1.),(1.62391495247399E-12,0.0608425124968731),
 .UNSPECIFIED.);
#119=B_SPLINE_SURFACE_WITH_KNOTS('',3,3,((#2488,#2489,#2490,#2491,#2492,
#2493,#2494,#2495,#2496,#2497),(#2498,#2499,#2500,#2501,#2502,#2503,#2504,
#2505,#2506,#2507),(#2508,#2509,#2510,#2511,#2512,#2513,#2514,#2515,#2516,
#2517),(#2518,#2519,#2520,#2521,#2522,#2523,#2524,#2525,#2526,#2527)),
 .UNSPECIFIED.,.F.,.F.,.F.,(4,4),(4,1,1,1,1,1,1,4),(0.,1.),(-1.09672000106356E-16,
0.125119551596257,0.250239103192513,0.37535865478877,0.500478206385027,
0.625597757981284,0.750717309577541,0.875836861173797),.UNSPECIFIED.);
#120=B_SPLINE_SURFACE_WITH_KNOTS('',3,3,((#2547,#2548,#2549,#2550),(#2551,
#2552,#2553,#2554),(#2555,#2556,#2557,#2558),(#2559,#2560,#2561,#2562)),
 .UNSPECIFIED.,.F.,.F.,.F.,(4,4),(4,4),(0.,1.),(-0.0608397873373829,-1.63693100541581E-12),
 .UNSPECIFIED.);
#121=B_SPLINE_SURFACE_WITH_KNOTS('',3,1,((#2624,#2625),(#2626,#2627),(#2628,
#2629),(#2630,#2631)),.UNSPECIFIED.,.F.,.F.,.F.,(4,4),(2,2),(-0.975313241205344,
-0.789906183625018),(0.,11.),.UNSPECIFIED.);
#122=B_SPLINE_SURFACE_WITH_KNOTS('',3,1,((#2705,#2706),(#2707,#2708),(#2709,
#2710),(#2711,#2712),(#2713,#2714),(#2715,#2716),(#2717,#2718)),
 .UNSPECIFIED.,.F.,.F.,.F.,(4,3,4),(2,2),(-0.507910971779718,-0.477811109781631,
-0.264762893480051),(0.,11.),.UNSPECIFIED.);
#123=B_SPLINE_SURFACE_WITH_KNOTS('',3,1,((#2763,#2764),(#2765,#2766),(#2767,
#2768),(#2769,#2770)),.UNSPECIFIED.,.F.,.F.,.F.,(4,4),(2,2),(-0.733921879354978,
-0.573392674587942),(0.,11.),.UNSPECIFIED.);
#124=B_SPLINE_SURFACE_WITH_KNOTS('',3,1,((#2778,#2779),(#2780,#2781),(#2782,
#2783),(#2784,#2785)),.UNSPECIFIED.,.F.,.F.,.F.,(4,4),(2,2),(0.0353082770453954,
0.140547255156046),(0.,11.),.UNSPECIFIED.);
#125=B_SPLINE_SURFACE_WITH_KNOTS('',3,1,((#2793,#2794),(#2795,#2796),(#2797,
#2798),(#2799,#2800)),.UNSPECIFIED.,.F.,.F.,.F.,(4,4),(2,2),(-0.192363618540689,
-0.0456368844683074),(0.,11.),.UNSPECIFIED.);
#126=FACE_OUTER_BOUND('',#185,.T.);
#127=FACE_OUTER_BOUND('',#186,.T.);
#128=FACE_OUTER_BOUND('',#187,.T.);
#129=FACE_OUTER_BOUND('',#188,.T.);
#130=FACE_OUTER_BOUND('',#189,.T.);
#131=FACE_OUTER_BOUND('',#190,.T.);
#132=FACE_OUTER_BOUND('',#191,.T.);
#133=FACE_OUTER_BOUND('',#192,.T.);
#134=FACE_OUTER_BOUND('',#193,.T.);
#135=FACE_OUTER_BOUND('',#194,.T.);
#136=FACE_OUTER_BOUND('',#195,.T.);
#137=FACE_OUTER_BOUND('',#196,.T.);
#138=FACE_OUTER_BOUND('',#200,.T.);
#139=FACE_OUTER_BOUND('',#201,.T.);
#140=FACE_OUTER_BOUND('',#202,.T.);
#141=FACE_OUTER_BOUND('',#203,.T.);
#142=FACE_OUTER_BOUND('',#207,.T.);
#143=FACE_OUTER_BOUND('',#208,.T.);
#144=FACE_OUTER_BOUND('',#209,.T.);
#145=FACE_OUTER_BOUND('',#210,.T.);
#146=FACE_OUTER_BOUND('',#211,.T.);
#147=FACE_OUTER_BOUND('',#212,.T.);
#148=FACE_OUTER_BOUND('',#213,.T.);
#149=FACE_OUTER_BOUND('',#214,.T.);
#150=FACE_OUTER_BOUND('',#215,.T.);
#151=FACE_OUTER_BOUND('',#220,.T.);
#152=FACE_OUTER_BOUND('',#221,.T.);
#153=FACE_OUTER_BOUND('',#222,.T.);
#154=FACE_OUTER_BOUND('',#223,.T.);
#155=FACE_OUTER_BOUND('',#224,.T.);
#156=FACE_OUTER_BOUND('',#225,.T.);
#157=FACE_OUTER_BOUND('',#226,.T.);
#158=FACE_OUTER_BOUND('',#227,.T.);
#159=FACE_OUTER_BOUND('',#228,.T.);
#160=FACE_OUTER_BOUND('',#229,.T.);
#161=FACE_OUTER_BOUND('',#230,.T.);
#162=FACE_OUTER_BOUND('',#231,.T.);
#163=FACE_OUTER_BOUND('',#232,.T.);
#164=FACE_OUTER_BOUND('',#233,.T.);
#165=FACE_OUTER_BOUND('',#234,.T.);
#166=FACE_OUTER_BOUND('',#235,.T.);
#167=FACE_OUTER_BOUND('',#236,.T.);
#168=FACE_OUTER_BOUND('',#237,.T.);
#169=FACE_OUTER_BOUND('',#238,.T.);
#170=FACE_OUTER_BOUND('',#239,.T.);
#171=FACE_OUTER_BOUND('',#240,.T.);
#172=FACE_OUTER_BOUND('',#241,.T.);
#173=FACE_OUTER_BOUND('',#242,.T.);
#174=FACE_OUTER_BOUND('',#243,.T.);
#175=FACE_OUTER_BOUND('',#244,.T.);
#176=FACE_OUTER_BOUND('',#249,.T.);
#177=FACE_OUTER_BOUND('',#250,.T.);
#178=FACE_OUTER_BOUND('',#251,.T.);
#179=FACE_OUTER_BOUND('',#252,.T.);
#180=FACE_OUTER_BOUND('',#253,.T.);
#181=FACE_OUTER_BOUND('',#254,.T.);
#182=FACE_OUTER_BOUND('',#255,.T.);
#183=FACE_OUTER_BOUND('',#256,.T.);
#184=FACE_OUTER_BOUND('',#257,.T.);
#185=EDGE_LOOP('',(#731,#732,#733,#734));
#186=EDGE_LOOP('',(#735,#736,#737,#738));
#187=EDGE_LOOP('',(#739,#740,#741,#742));
#188=EDGE_LOOP('',(#743,#744,#745,#746));
#189=EDGE_LOOP('',(#747,#748,#749,#750));
#190=EDGE_LOOP('',(#751,#752,#753,#754));
#191=EDGE_LOOP('',(#755,#756,#757,#758));
#192=EDGE_LOOP('',(#759,#760,#761,#762));
#193=EDGE_LOOP('',(#763,#764,#765,#766));
#194=EDGE_LOOP('',(#767,#768,#769,#770));
#195=EDGE_LOOP('',(#771,#772,#773,#774));
#196=EDGE_LOOP('',(#775,#776,#777,#778,#779,#780,#781,#782,#783,#784,#785,
#786,#787,#788));
#197=EDGE_LOOP('',(#789,#790,#791,#792,#793,#794,#795,#796));
#198=EDGE_LOOP('',(#797,#798,#799,#800,#801,#802,#803,#804));
#199=EDGE_LOOP('',(#805,#806,#807,#808,#809,#810,#811,#812,#813));
#200=EDGE_LOOP('',(#814,#815,#816,#817,#818,#819,#820,#821));
#201=EDGE_LOOP('',(#822,#823,#824,#825));
#202=EDGE_LOOP('',(#826,#827,#828,#829,#830,#831,#832,#833));
#203=EDGE_LOOP('',(#834,#835,#836,#837,#838,#839,#840,#841,#842,#843,#844,
#845,#846,#847));
#204=EDGE_LOOP('',(#848,#849,#850,#851,#852,#853,#854,#855));
#205=EDGE_LOOP('',(#856,#857,#858,#859,#860,#861,#862,#863));
#206=EDGE_LOOP('',(#864,#865,#866,#867,#868,#869,#870,#871,#872));
#207=EDGE_LOOP('',(#873,#874,#875,#876));
#208=EDGE_LOOP('',(#877,#878,#879,#880));
#209=EDGE_LOOP('',(#881,#882,#883,#884));
#210=EDGE_LOOP('',(#885,#886,#887,#888));
#211=EDGE_LOOP('',(#889,#890,#891,#892));
#212=EDGE_LOOP('',(#893,#894,#895,#896));
#213=EDGE_LOOP('',(#897,#898,#899,#900));
#214=EDGE_LOOP('',(#901,#902,#903,#904,#905,#906,#907,#908));
#215=EDGE_LOOP('',(#909,#910,#911,#912,#913,#914,#915,#916));
#216=EDGE_LOOP('',(#917));
#217=EDGE_LOOP('',(#918));
#218=EDGE_LOOP('',(#919));
#219=EDGE_LOOP('',(#920));
#220=EDGE_LOOP('',(#921,#922,#923,#924,#925,#926));
#221=EDGE_LOOP('',(#927,#928,#929,#930));
#222=EDGE_LOOP('',(#931,#932,#933,#934,#935,#936));
#223=EDGE_LOOP('',(#937,#938,#939,#940,#941,#942,#943,#944));
#224=EDGE_LOOP('',(#945,#946,#947,#948));
#225=EDGE_LOOP('',(#949,#950,#951,#952));
#226=EDGE_LOOP('',(#953,#954,#955,#956));
#227=EDGE_LOOP('',(#957,#958,#959,#960));
#228=EDGE_LOOP('',(#961,#962,#963,#964));
#229=EDGE_LOOP('',(#965,#966,#967,#968));
#230=EDGE_LOOP('',(#969,#970,#971,#972));
#231=EDGE_LOOP('',(#973,#974,#975,#976));
#232=EDGE_LOOP('',(#977,#978,#979,#980));
#233=EDGE_LOOP('',(#981,#982,#983,#984));
#234=EDGE_LOOP('',(#985,#986,#987,#988));
#235=EDGE_LOOP('',(#989,#990,#991,#992));
#236=EDGE_LOOP('',(#993,#994,#995,#996));
#237=EDGE_LOOP('',(#997,#998,#999,#1000));
#238=EDGE_LOOP('',(#1001,#1002,#1003,#1004));
#239=EDGE_LOOP('',(#1005,#1006,#1007,#1008));
#240=EDGE_LOOP('',(#1009,#1010,#1011,#1012));
#241=EDGE_LOOP('',(#1013,#1014,#1015,#1016));
#242=EDGE_LOOP('',(#1017,#1018,#1019,#1020));
#243=EDGE_LOOP('',(#1021,#1022,#1023,#1024));
#244=EDGE_LOOP('',(#1025,#1026,#1027,#1028));
#245=EDGE_LOOP('',(#1029));
#246=EDGE_LOOP('',(#1030));
#247=EDGE_LOOP('',(#1031));
#248=EDGE_LOOP('',(#1032));
#249=EDGE_LOOP('',(#1033,#1034,#1035,#1036));
#250=EDGE_LOOP('',(#1037,#1038,#1039,#1040));
#251=EDGE_LOOP('',(#1041,#1042,#1043,#1044));
#252=EDGE_LOOP('',(#1045,#1046,#1047,#1048));
#253=EDGE_LOOP('',(#1049,#1050,#1051,#1052));
#254=EDGE_LOOP('',(#1053,#1054,#1055,#1056));
#255=EDGE_LOOP('',(#1057,#1058,#1059,#1060));
#256=EDGE_LOOP('',(#1061,#1062,#1063,#1064));
#257=EDGE_LOOP('',(#1065,#1066,#1067,#1068));
#258=LINE('',#1465,#337);
#259=LINE('',#1471,#338);
#260=LINE('',#1477,#339);
#261=LINE('',#1483,#340);
#262=LINE('',#1560,#341);
#263=LINE('',#1605,#342);
#264=LINE('',#1615,#343);
#265=LINE('',#1641,#344);
#266=LINE('',#1680,#345);
#267=LINE('',#1789,#346);
#268=LINE('',#1825,#347);
#269=LINE('',#1834,#348);
#270=LINE('',#1849,#349);
#271=LINE('',#1858,#350);
#272=LINE('',#1875,#351);
#273=LINE('',#1878,#352);
#274=LINE('',#1900,#353);
#275=LINE('',#1914,#354);
#276=LINE('',#1936,#355);
#277=LINE('',#1947,#356);
#278=LINE('',#1958,#357);
#279=LINE('',#1960,#358);
#280=LINE('',#1971,#359);
#281=LINE('',#1993,#360);
#282=LINE('',#2006,#361);
#283=LINE('',#2013,#362);
#284=LINE('',#2024,#363);
#285=LINE('',#2035,#364);
#286=LINE('',#2046,#365);
#287=LINE('',#2068,#366);
#288=LINE('',#2104,#367);
#289=LINE('',#2113,#368);
#290=LINE('',#2127,#369);
#291=LINE('',#2201,#370);
#292=LINE('',#2212,#371);
#293=LINE('',#2262,#372);
#294=LINE('',#2273,#373);
#295=LINE('',#2275,#374);
#296=LINE('',#2334,#375);
#297=LINE('',#2390,#376);
#298=LINE('',#2392,#377);
#299=LINE('',#2421,#378);
#300=LINE('',#2459,#379);
#301=LINE('',#2546,#380);
#302=LINE('',#2597,#381);
#303=LINE('',#2599,#382);
#304=LINE('',#2620,#383);
#305=LINE('',#2621,#384);
#306=LINE('',#2623,#385);
#307=LINE('',#2632,#386);
#308=LINE('',#2664,#387);
#309=LINE('',#2665,#388);
#310=LINE('',#2667,#389);
#311=LINE('',#2698,#390);
#312=LINE('',#2700,#391);
#313=LINE('',#2702,#392);
#314=LINE('',#2704,#393);
#315=LINE('',#2719,#394);
#316=LINE('',#2722,#395);
#317=LINE('',#2723,#396);
#318=LINE('',#2725,#397);
#319=LINE('',#2756,#398);
#320=LINE('',#2758,#399);
#321=LINE('',#2760,#400);
#322=LINE('',#2762,#401);
#323=LINE('',#2771,#402);
#324=LINE('',#2774,#403);
#325=LINE('',#2775,#404);
#326=LINE('',#2777,#405);
#327=LINE('',#2786,#406);
#328=LINE('',#2788,#407);
#329=LINE('',#2790,#408);
#330=LINE('',#2792,#409);
#331=LINE('',#2801,#410);
#332=LINE('',#2803,#411);
#333=LINE('',#2806,#412);
#334=LINE('',#2827,#413);
#335=LINE('',#2829,#414);
#336=LINE('',#2831,#415);
#337=VECTOR('',#1242,1.6);
#338=VECTOR('',#1249,1.6);
#339=VECTOR('',#1256,1.6);
#340=VECTOR('',#1263,1.6);
#341=VECTOR('',#1266,10.);
#342=VECTOR('',#1267,10.);
#343=VECTOR('',#1268,10.);
#344=VECTOR('',#1269,10.);
#345=VECTOR('',#1270,10.);
#346=VECTOR('',#1271,10.);
#347=VECTOR('',#1274,10.);
#348=VECTOR('',#1277,10.);
#349=VECTOR('',#1280,10.);
#350=VECTOR('',#1281,10.);
#351=VECTOR('',#1282,10.);
#352=VECTOR('',#1283,10.);
#353=VECTOR('',#1288,10.);
#354=VECTOR('',#1293,10.);
#355=VECTOR('',#1298,10.);
#356=VECTOR('',#1303,10.);
#357=VECTOR('',#1308,10.);
#358=VECTOR('',#1309,10.);
#359=VECTOR('',#1316,10.);
#360=VECTOR('',#1317,10.);
#361=VECTOR('',#1320,10.);
#362=VECTOR('',#1323,10.);
#363=VECTOR('',#1324,10.);
#364=VECTOR('',#1325,10.);
#365=VECTOR('',#1328,10.);
#366=VECTOR('',#1329,10.);
#367=VECTOR('',#1332,10.);
#368=VECTOR('',#1335,10.);
#369=VECTOR('',#1340,10.);
#370=VECTOR('',#1345,10.);
#371=VECTOR('',#1350,10.);
#372=VECTOR('',#1355,10.);
#373=VECTOR('',#1360,10.);
#374=VECTOR('',#1361,10.);
#375=VECTOR('',#1366,10.);
#376=VECTOR('',#1367,10.);
#377=VECTOR('',#1368,10.);
#378=VECTOR('',#1369,10.);
#379=VECTOR('',#1370,10.);
#380=VECTOR('',#1371,10.);
#381=VECTOR('',#1372,10.);
#382=VECTOR('',#1375,10.);
#383=VECTOR('',#1376,10.);
#384=VECTOR('',#1377,10.);
#385=VECTOR('',#1380,10.);
#386=VECTOR('',#1381,10.);
#387=VECTOR('',#1384,10.);
#388=VECTOR('',#1385,10.);
#389=VECTOR('',#1388,10.);
#390=VECTOR('',#1389,10.);
#391=VECTOR('',#1392,10.);
#392=VECTOR('',#1395,10.);
#393=VECTOR('',#1398,10.);
#394=VECTOR('',#1399,10.);
#395=VECTOR('',#1404,10.);
#396=VECTOR('',#1405,10.);
#397=VECTOR('',#1408,10.);
#398=VECTOR('',#1409,10.);
#399=VECTOR('',#1412,10.);
#400=VECTOR('',#1415,10.);
#401=VECTOR('',#1418,10.);
#402=VECTOR('',#1419,10.);
#403=VECTOR('',#1424,10.);
#404=VECTOR('',#1425,10.);
#405=VECTOR('',#1428,10.);
#406=VECTOR('',#1429,10.);
#407=VECTOR('',#1432,10.);
#408=VECTOR('',#1435,10.);
#409=VECTOR('',#1438,10.);
#410=VECTOR('',#1439,10.);
#411=VECTOR('',#1442,10.);
#412=VECTOR('',#1447,10.);
#413=VECTOR('',#1448,10.);
#414=VECTOR('',#1451,10.);
#415=VECTOR('',#1454,10.);
#416=CIRCLE('',#1164,1.6);
#417=CIRCLE('',#1165,1.59999999999996);
#418=CIRCLE('',#1167,1.6);
#419=CIRCLE('',#1168,1.59999999999998);
#420=CIRCLE('',#1170,1.6);
#421=CIRCLE('',#1171,1.59999999999977);
#422=CIRCLE('',#1173,1.6);
#423=CIRCLE('',#1174,1.59999999999973);
#424=CIRCLE('',#1176,10.);
#425=CIRCLE('',#1177,0.499999999999997);
#426=CIRCLE('',#1178,1.99999999999999);
#427=CIRCLE('',#1179,5.00000000000001);
#428=CIRCLE('',#1180,2.00000000000001);
#429=CIRCLE('',#1181,5.99999999999998);
#430=CIRCLE('',#1182,0.999999999999998);
#431=CIRCLE('',#1183,10.);
#432=CIRCLE('',#1184,1.00000000000001);
#433=CIRCLE('',#1185,5.);
#434=CIRCLE('',#1186,4.);
#435=CIRCLE('',#1187,5.);
#436=CIRCLE('',#1188,3.);
#437=CIRCLE('',#1189,3.99999999999999);
#438=CIRCLE('',#1194,0.499999999999997);
#439=CIRCLE('',#1195,10.);
#440=CIRCLE('',#1196,5.99999999999998);
#441=CIRCLE('',#1197,2.00000000000001);
#442=CIRCLE('',#1198,5.00000000000001);
#443=CIRCLE('',#1199,1.99999999999999);
#444=CIRCLE('',#1200,5.);
#445=CIRCLE('',#1201,1.00000000000001);
#446=CIRCLE('',#1202,10.);
#447=CIRCLE('',#1203,0.999999999999998);
#448=CIRCLE('',#1204,3.99999999999999);
#449=CIRCLE('',#1205,3.);
#450=CIRCLE('',#1206,5.);
#451=CIRCLE('',#1207,4.);
#452=VERTEX_POINT('',#1462);
#453=VERTEX_POINT('',#1464);
#454=VERTEX_POINT('',#1468);
#455=VERTEX_POINT('',#1470);
#456=VERTEX_POINT('',#1474);
#457=VERTEX_POINT('',#1476);
#458=VERTEX_POINT('',#1480);
#459=VERTEX_POINT('',#1482);
#460=VERTEX_POINT('',#1541);
#461=VERTEX_POINT('',#1542);
#462=VERTEX_POINT('',#1547);
#463=VERTEX_POINT('',#1559);
#464=VERTEX_POINT('',#1603);
#465=VERTEX_POINT('',#1604);
#466=VERTEX_POINT('',#1606);
#467=VERTEX_POINT('',#1614);
#468=VERTEX_POINT('',#1639);
#469=VERTEX_POINT('',#1640);
#470=VERTEX_POINT('',#1678);
#471=VERTEX_POINT('',#1679);
#472=VERTEX_POINT('',#1767);
#473=VERTEX_POINT('',#1768);
#474=VERTEX_POINT('',#1775);
#475=VERTEX_POINT('',#1788);
#476=VERTEX_POINT('',#1824);
#477=VERTEX_POINT('',#1826);
#478=VERTEX_POINT('',#1831);
#479=VERTEX_POINT('',#1833);
#480=VERTEX_POINT('',#1835);
#481=VERTEX_POINT('',#1837);
#482=VERTEX_POINT('',#1848);
#483=VERTEX_POINT('',#1850);
#484=VERTEX_POINT('',#1857);
#485=VERTEX_POINT('',#1859);
#486=VERTEX_POINT('',#1864);
#487=VERTEX_POINT('',#1876);
#488=VERTEX_POINT('',#1877);
#489=VERTEX_POINT('',#1879);
#490=VERTEX_POINT('',#1881);
#491=VERTEX_POINT('',#1897);
#492=VERTEX_POINT('',#1899);
#493=VERTEX_POINT('',#1901);
#494=VERTEX_POINT('',#1903);
#495=VERTEX_POINT('',#1912);
#496=VERTEX_POINT('',#1913);
#497=VERTEX_POINT('',#1915);
#498=VERTEX_POINT('',#1917);
#499=VERTEX_POINT('',#1933);
#500=VERTEX_POINT('',#1935);
#501=VERTEX_POINT('',#1937);
#502=VERTEX_POINT('',#1939);
#503=VERTEX_POINT('',#1945);
#504=VERTEX_POINT('',#1946);
#505=VERTEX_POINT('',#1948);
#506=VERTEX_POINT('',#1950);
#507=VERTEX_POINT('',#1955);
#508=VERTEX_POINT('',#1957);
#509=VERTEX_POINT('',#1959);
#510=VERTEX_POINT('',#1961);
#511=VERTEX_POINT('',#1963);
#512=VERTEX_POINT('',#1970);
#513=VERTEX_POINT('',#1983);
#514=VERTEX_POINT('',#1992);
#515=VERTEX_POINT('',#2005);
#516=VERTEX_POINT('',#2012);
#517=VERTEX_POINT('',#2014);
#518=VERTEX_POINT('',#2023);
#519=VERTEX_POINT('',#2025);
#520=VERTEX_POINT('',#2034);
#521=VERTEX_POINT('',#2045);
#522=VERTEX_POINT('',#2047);
#523=VERTEX_POINT('',#2062);
#524=VERTEX_POINT('',#2067);
#525=VERTEX_POINT('',#2069);
#526=VERTEX_POINT('',#2101);
#527=VERTEX_POINT('',#2103);
#528=VERTEX_POINT('',#2105);
#529=VERTEX_POINT('',#2111);
#530=VERTEX_POINT('',#2112);
#531=VERTEX_POINT('',#2114);
#532=VERTEX_POINT('',#2116);
#533=VERTEX_POINT('',#2124);
#534=VERTEX_POINT('',#2126);
#535=VERTEX_POINT('',#2128);
#536=VERTEX_POINT('',#2130);
#537=VERTEX_POINT('',#2199);
#538=VERTEX_POINT('',#2200);
#539=VERTEX_POINT('',#2202);
#540=VERTEX_POINT('',#2204);
#541=VERTEX_POINT('',#2209);
#542=VERTEX_POINT('',#2211);
#543=VERTEX_POINT('',#2213);
#544=VERTEX_POINT('',#2215);
#545=VERTEX_POINT('',#2260);
#546=VERTEX_POINT('',#2261);
#547=VERTEX_POINT('',#2263);
#548=VERTEX_POINT('',#2265);
#549=VERTEX_POINT('',#2270);
#550=VERTEX_POINT('',#2272);
#551=VERTEX_POINT('',#2274);
#552=VERTEX_POINT('',#2276);
#553=VERTEX_POINT('',#2278);
#554=VERTEX_POINT('',#2326);
#555=VERTEX_POINT('',#2333);
#556=VERTEX_POINT('',#2389);
#557=VERTEX_POINT('',#2391);
#558=VERTEX_POINT('',#2420);
#559=VERTEX_POINT('',#2458);
#560=VERTEX_POINT('',#2528);
#561=VERTEX_POINT('',#2535);
#562=EDGE_CURVE('',#452,#452,#416,.T.);
#563=EDGE_CURVE('',#452,#453,#258,.T.);
#564=EDGE_CURVE('',#453,#453,#417,.T.);
#565=EDGE_CURVE('',#454,#454,#418,.T.);
#566=EDGE_CURVE('',#454,#455,#259,.T.);
#567=EDGE_CURVE('',#455,#455,#419,.T.);
#568=EDGE_CURVE('',#456,#456,#420,.T.);
#569=EDGE_CURVE('',#456,#457,#260,.T.);
#570=EDGE_CURVE('',#457,#457,#421,.T.);
#571=EDGE_CURVE('',#458,#458,#422,.T.);
#572=EDGE_CURVE('',#458,#459,#261,.T.);
#573=EDGE_CURVE('',#459,#459,#423,.T.);
#574=EDGE_CURVE('',#460,#461,#57,.T.);
#575=EDGE_CURVE('',#461,#462,#58,.T.);
#576=EDGE_CURVE('',#462,#463,#262,.T.);
#577=EDGE_CURVE('',#463,#460,#59,.T.);
#578=EDGE_CURVE('',#464,#465,#263,.T.);
#579=EDGE_CURVE('',#465,#466,#60,.T.);
#580=EDGE_CURVE('',#466,#467,#264,.T.);
#581=EDGE_CURVE('',#467,#464,#61,.T.);
#582=EDGE_CURVE('',#468,#469,#265,.T.);
#583=EDGE_CURVE('',#469,#467,#62,.T.);
#584=EDGE_CURVE('',#466,#468,#63,.T.);
#585=EDGE_CURVE('',#470,#471,#266,.T.);
#586=EDGE_CURVE('',#471,#469,#64,.T.);
#587=EDGE_CURVE('',#468,#470,#65,.T.);
#588=EDGE_CURVE('',#464,#463,#66,.T.);
#589=EDGE_CURVE('',#462,#465,#67,.T.);
#590=EDGE_CURVE('',#472,#473,#68,.T.);
#591=EDGE_CURVE('',#473,#474,#69,.T.);
#592=EDGE_CURVE('',#474,#475,#267,.T.);
#593=EDGE_CURVE('',#475,#472,#70,.T.);
#594=EDGE_CURVE('',#474,#471,#71,.T.);
#595=EDGE_CURVE('',#470,#475,#72,.T.);
#596=EDGE_CURVE('',#476,#464,#268,.T.);
#597=EDGE_CURVE('',#476,#477,#73,.T.);
#598=EDGE_CURVE('',#477,#478,#424,.T.);
#599=EDGE_CURVE('',#478,#479,#269,.T.);
#600=EDGE_CURVE('',#479,#480,#425,.T.);
#601=EDGE_CURVE('',#480,#481,#39,.T.);
#602=EDGE_CURVE('',#481,#482,#270,.T.);
#603=EDGE_CURVE('',#482,#483,#40,.T.);
#604=EDGE_CURVE('',#484,#483,#271,.T.);
#605=EDGE_CURVE('',#485,#484,#74,.T.);
#606=EDGE_CURVE('',#486,#485,#75,.T.);
#607=EDGE_CURVE('',#460,#486,#272,.T.);
#608=EDGE_CURVE('',#487,#488,#273,.T.);
#609=EDGE_CURVE('',#488,#489,#426,.T.);
#610=EDGE_CURVE('',#489,#490,#41,.T.);
#611=EDGE_CURVE('',#490,#491,#427,.T.);
#612=EDGE_CURVE('',#491,#492,#274,.T.);
#613=EDGE_CURVE('',#492,#493,#428,.T.);
#614=EDGE_CURVE('',#493,#494,#76,.T.);
#615=EDGE_CURVE('',#494,#487,#429,.T.);
#616=EDGE_CURVE('',#495,#496,#275,.T.);
#617=EDGE_CURVE('',#496,#497,#430,.T.);
#618=EDGE_CURVE('',#497,#498,#42,.T.);
#619=EDGE_CURVE('',#498,#499,#431,.T.);
#620=EDGE_CURVE('',#499,#500,#276,.T.);
#621=EDGE_CURVE('',#500,#501,#432,.T.);
#622=EDGE_CURVE('',#501,#502,#77,.T.);
#623=EDGE_CURVE('',#502,#495,#433,.T.);
#624=EDGE_CURVE('',#503,#504,#277,.T.);
#625=EDGE_CURVE('',#504,#505,#434,.T.);
#626=EDGE_CURVE('',#505,#506,#78,.T.);
#627=EDGE_CURVE('',#506,#507,#435,.T.);
#628=EDGE_CURVE('',#507,#508,#278,.T.);
#629=EDGE_CURVE('',#508,#509,#279,.T.);
#630=EDGE_CURVE('',#509,#510,#436,.T.);
#631=EDGE_CURVE('',#510,#511,#79,.T.);
#632=EDGE_CURVE('',#511,#503,#437,.T.);
#633=EDGE_CURVE('',#467,#512,#280,.T.);
#634=EDGE_CURVE('',#484,#512,#80,.T.);
#635=EDGE_CURVE('',#483,#513,#81,.T.);
#636=EDGE_CURVE('',#513,#514,#281,.T.);
#637=EDGE_CURVE('',#514,#476,#82,.T.);
#638=EDGE_CURVE('',#515,#469,#282,.T.);
#639=EDGE_CURVE('',#512,#515,#83,.T.);
#640=EDGE_CURVE('',#471,#516,#283,.T.);
#641=EDGE_CURVE('',#516,#517,#84,.T.);
#642=EDGE_CURVE('',#517,#518,#284,.T.);
#643=EDGE_CURVE('',#518,#519,#85,.T.);
#644=EDGE_CURVE('',#519,#520,#285,.T.);
#645=EDGE_CURVE('',#515,#520,#86,.T.);
#646=EDGE_CURVE('',#473,#521,#286,.T.);
#647=EDGE_CURVE('',#522,#521,#87,.T.);
#648=EDGE_CURVE('',#520,#522,#88,.T.);
#649=EDGE_CURVE('',#519,#523,#89,.T.);
#650=EDGE_CURVE('',#523,#524,#287,.T.);
#651=EDGE_CURVE('',#524,#525,#90,.T.);
#652=EDGE_CURVE('',#525,#526,#438,.T.);
#653=EDGE_CURVE('',#526,#527,#288,.T.);
#654=EDGE_CURVE('',#527,#528,#439,.T.);
#655=EDGE_CURVE('',#528,#516,#91,.T.);
#656=EDGE_CURVE('',#529,#530,#289,.T.);
#657=EDGE_CURVE('',#530,#531,#440,.T.);
#658=EDGE_CURVE('',#531,#532,#92,.T.);
#659=EDGE_CURVE('',#532,#533,#441,.T.);
#660=EDGE_CURVE('',#533,#534,#290,.T.);
#661=EDGE_CURVE('',#534,#535,#442,.T.);
#662=EDGE_CURVE('',#535,#536,#93,.T.);
#663=EDGE_CURVE('',#536,#529,#443,.T.);
#664=EDGE_CURVE('',#537,#538,#291,.T.);
#665=EDGE_CURVE('',#538,#539,#444,.T.);
#666=EDGE_CURVE('',#539,#540,#94,.T.);
#667=EDGE_CURVE('',#540,#541,#445,.T.);
#668=EDGE_CURVE('',#541,#542,#292,.T.);
#669=EDGE_CURVE('',#542,#543,#446,.T.);
#670=EDGE_CURVE('',#543,#544,#95,.T.);
#671=EDGE_CURVE('',#544,#537,#447,.T.);
#672=EDGE_CURVE('',#545,#546,#293,.T.);
#673=EDGE_CURVE('',#546,#547,#448,.T.);
#674=EDGE_CURVE('',#547,#548,#96,.T.);
#675=EDGE_CURVE('',#548,#549,#449,.T.);
#676=EDGE_CURVE('',#549,#550,#294,.T.);
#677=EDGE_CURVE('',#550,#551,#295,.T.);
#678=EDGE_CURVE('',#551,#552,#450,.T.);
#679=EDGE_CURVE('',#552,#553,#97,.T.);
#680=EDGE_CURVE('',#553,#545,#451,.T.);
#681=EDGE_CURVE('',#554,#486,#98,.T.);
#682=EDGE_CURVE('',#485,#555,#296,.T.);
#683=EDGE_CURVE('',#555,#554,#99,.T.);
#684=EDGE_CURVE('',#556,#484,#297,.T.);
#685=EDGE_CURVE('',#512,#557,#298,.T.);
#686=EDGE_CURVE('',#557,#556,#100,.T.);
#687=EDGE_CURVE('',#515,#558,#299,.T.);
#688=EDGE_CURVE('',#558,#557,#101,.T.);
#689=EDGE_CURVE('',#520,#559,#300,.T.);
#690=EDGE_CURVE('',#559,#558,#102,.T.);
#691=EDGE_CURVE('',#556,#555,#103,.T.);
#692=EDGE_CURVE('',#521,#560,#104,.T.);
#693=EDGE_CURVE('',#560,#561,#105,.T.);
#694=EDGE_CURVE('',#561,#522,#301,.T.);
#695=EDGE_CURVE('',#561,#559,#106,.T.);
#696=EDGE_CURVE('',#554,#560,#302,.T.);
#697=EDGE_CURVE('',#461,#472,#303,.T.);
#698=EDGE_CURVE('',#513,#518,#304,.T.);
#699=EDGE_CURVE('',#482,#523,#305,.T.);
#700=EDGE_CURVE('',#514,#517,#306,.T.);
#701=EDGE_CURVE('',#477,#528,#307,.T.);
#702=EDGE_CURVE('',#492,#533,#308,.T.);
#703=EDGE_CURVE('',#491,#534,#309,.T.);
#704=EDGE_CURVE('',#490,#535,#310,.T.);
#705=EDGE_CURVE('',#489,#536,#311,.T.);
#706=EDGE_CURVE('',#488,#529,#312,.T.);
#707=EDGE_CURVE('',#487,#530,#313,.T.);
#708=EDGE_CURVE('',#494,#531,#314,.T.);
#709=EDGE_CURVE('',#493,#532,#315,.T.);
#710=EDGE_CURVE('',#500,#541,#316,.T.);
#711=EDGE_CURVE('',#499,#542,#317,.T.);
#712=EDGE_CURVE('',#498,#543,#318,.T.);
#713=EDGE_CURVE('',#497,#544,#319,.T.);
#714=EDGE_CURVE('',#496,#537,#320,.T.);
#715=EDGE_CURVE('',#495,#538,#321,.T.);
#716=EDGE_CURVE('',#502,#539,#322,.T.);
#717=EDGE_CURVE('',#501,#540,#323,.T.);
#718=EDGE_CURVE('',#508,#550,#324,.T.);
#719=EDGE_CURVE('',#507,#551,#325,.T.);
#720=EDGE_CURVE('',#506,#552,#326,.T.);
#721=EDGE_CURVE('',#505,#553,#327,.T.);
#722=EDGE_CURVE('',#504,#545,#328,.T.);
#723=EDGE_CURVE('',#503,#546,#329,.T.);
#724=EDGE_CURVE('',#511,#547,#330,.T.);
#725=EDGE_CURVE('',#510,#548,#331,.T.);
#726=EDGE_CURVE('',#509,#549,#332,.T.);
#727=EDGE_CURVE('',#481,#524,#333,.T.);
#728=EDGE_CURVE('',#480,#525,#334,.T.);
#729=EDGE_CURVE('',#479,#526,#335,.T.);
#730=EDGE_CURVE('',#478,#527,#336,.T.);
#731=ORIENTED_EDGE('',*,*,#562,.F.);
#732=ORIENTED_EDGE('',*,*,#563,.T.);
#733=ORIENTED_EDGE('',*,*,#564,.F.);
#734=ORIENTED_EDGE('',*,*,#563,.F.);
#735=ORIENTED_EDGE('',*,*,#565,.F.);
#736=ORIENTED_EDGE('',*,*,#566,.T.);
#737=ORIENTED_EDGE('',*,*,#567,.F.);
#738=ORIENTED_EDGE('',*,*,#566,.F.);
#739=ORIENTED_EDGE('',*,*,#568,.F.);
#740=ORIENTED_EDGE('',*,*,#569,.T.);
#741=ORIENTED_EDGE('',*,*,#570,.F.);
#742=ORIENTED_EDGE('',*,*,#569,.F.);
#743=ORIENTED_EDGE('',*,*,#571,.F.);
#744=ORIENTED_EDGE('',*,*,#572,.T.);
#745=ORIENTED_EDGE('',*,*,#573,.F.);
#746=ORIENTED_EDGE('',*,*,#572,.F.);
#747=ORIENTED_EDGE('',*,*,#574,.T.);
#748=ORIENTED_EDGE('',*,*,#575,.T.);
#749=ORIENTED_EDGE('',*,*,#576,.T.);
#750=ORIENTED_EDGE('',*,*,#577,.T.);
#751=ORIENTED_EDGE('',*,*,#578,.T.);
#752=ORIENTED_EDGE('',*,*,#579,.T.);
#753=ORIENTED_EDGE('',*,*,#580,.T.);
#754=ORIENTED_EDGE('',*,*,#581,.T.);
#755=ORIENTED_EDGE('',*,*,#582,.T.);
#756=ORIENTED_EDGE('',*,*,#583,.T.);
#757=ORIENTED_EDGE('',*,*,#580,.F.);
#758=ORIENTED_EDGE('',*,*,#584,.T.);
#759=ORIENTED_EDGE('',*,*,#585,.T.);
#760=ORIENTED_EDGE('',*,*,#586,.T.);
#761=ORIENTED_EDGE('',*,*,#582,.F.);
#762=ORIENTED_EDGE('',*,*,#587,.T.);
#763=ORIENTED_EDGE('',*,*,#578,.F.);
#764=ORIENTED_EDGE('',*,*,#588,.T.);
#765=ORIENTED_EDGE('',*,*,#576,.F.);
#766=ORIENTED_EDGE('',*,*,#589,.T.);
#767=ORIENTED_EDGE('',*,*,#590,.T.);
#768=ORIENTED_EDGE('',*,*,#591,.T.);
#769=ORIENTED_EDGE('',*,*,#592,.T.);
#770=ORIENTED_EDGE('',*,*,#593,.T.);
#771=ORIENTED_EDGE('',*,*,#592,.F.);
#772=ORIENTED_EDGE('',*,*,#594,.T.);
#773=ORIENTED_EDGE('',*,*,#585,.F.);
#774=ORIENTED_EDGE('',*,*,#595,.T.);
#775=ORIENTED_EDGE('',*,*,#577,.F.);
#776=ORIENTED_EDGE('',*,*,#588,.F.);
#777=ORIENTED_EDGE('',*,*,#596,.F.);
#778=ORIENTED_EDGE('',*,*,#597,.T.);
#779=ORIENTED_EDGE('',*,*,#598,.T.);
#780=ORIENTED_EDGE('',*,*,#599,.T.);
#781=ORIENTED_EDGE('',*,*,#600,.T.);
#782=ORIENTED_EDGE('',*,*,#601,.T.);
#783=ORIENTED_EDGE('',*,*,#602,.T.);
#784=ORIENTED_EDGE('',*,*,#603,.T.);
#785=ORIENTED_EDGE('',*,*,#604,.F.);
#786=ORIENTED_EDGE('',*,*,#605,.F.);
#787=ORIENTED_EDGE('',*,*,#606,.F.);
#788=ORIENTED_EDGE('',*,*,#607,.F.);
#789=ORIENTED_EDGE('',*,*,#608,.T.);
#790=ORIENTED_EDGE('',*,*,#609,.T.);
#791=ORIENTED_EDGE('',*,*,#610,.T.);
#792=ORIENTED_EDGE('',*,*,#611,.T.);
#793=ORIENTED_EDGE('',*,*,#612,.T.);
#794=ORIENTED_EDGE('',*,*,#613,.T.);
#795=ORIENTED_EDGE('',*,*,#614,.T.);
#796=ORIENTED_EDGE('',*,*,#615,.T.);
#797=ORIENTED_EDGE('',*,*,#616,.T.);
#798=ORIENTED_EDGE('',*,*,#617,.T.);
#799=ORIENTED_EDGE('',*,*,#618,.T.);
#800=ORIENTED_EDGE('',*,*,#619,.T.);
#801=ORIENTED_EDGE('',*,*,#620,.T.);
#802=ORIENTED_EDGE('',*,*,#621,.T.);
#803=ORIENTED_EDGE('',*,*,#622,.T.);
#804=ORIENTED_EDGE('',*,*,#623,.T.);
#805=ORIENTED_EDGE('',*,*,#624,.T.);
#806=ORIENTED_EDGE('',*,*,#625,.T.);
#807=ORIENTED_EDGE('',*,*,#626,.T.);
#808=ORIENTED_EDGE('',*,*,#627,.T.);
#809=ORIENTED_EDGE('',*,*,#628,.T.);
#810=ORIENTED_EDGE('',*,*,#629,.T.);
#811=ORIENTED_EDGE('',*,*,#630,.T.);
#812=ORIENTED_EDGE('',*,*,#631,.T.);
#813=ORIENTED_EDGE('',*,*,#632,.T.);
#814=ORIENTED_EDGE('',*,*,#581,.F.);
#815=ORIENTED_EDGE('',*,*,#633,.T.);
#816=ORIENTED_EDGE('',*,*,#634,.F.);
#817=ORIENTED_EDGE('',*,*,#604,.T.);
#818=ORIENTED_EDGE('',*,*,#635,.T.);
#819=ORIENTED_EDGE('',*,*,#636,.T.);
#820=ORIENTED_EDGE('',*,*,#637,.T.);
#821=ORIENTED_EDGE('',*,*,#596,.T.);
#822=ORIENTED_EDGE('',*,*,#583,.F.);
#823=ORIENTED_EDGE('',*,*,#638,.F.);
#824=ORIENTED_EDGE('',*,*,#639,.F.);
#825=ORIENTED_EDGE('',*,*,#633,.F.);
#826=ORIENTED_EDGE('',*,*,#586,.F.);
#827=ORIENTED_EDGE('',*,*,#640,.T.);
#828=ORIENTED_EDGE('',*,*,#641,.T.);
#829=ORIENTED_EDGE('',*,*,#642,.T.);
#830=ORIENTED_EDGE('',*,*,#643,.T.);
#831=ORIENTED_EDGE('',*,*,#644,.T.);
#832=ORIENTED_EDGE('',*,*,#645,.F.);
#833=ORIENTED_EDGE('',*,*,#638,.T.);
#834=ORIENTED_EDGE('',*,*,#594,.F.);
#835=ORIENTED_EDGE('',*,*,#591,.F.);
#836=ORIENTED_EDGE('',*,*,#646,.T.);
#837=ORIENTED_EDGE('',*,*,#647,.F.);
#838=ORIENTED_EDGE('',*,*,#648,.F.);
#839=ORIENTED_EDGE('',*,*,#644,.F.);
#840=ORIENTED_EDGE('',*,*,#649,.T.);
#841=ORIENTED_EDGE('',*,*,#650,.T.);
#842=ORIENTED_EDGE('',*,*,#651,.T.);
#843=ORIENTED_EDGE('',*,*,#652,.T.);
#844=ORIENTED_EDGE('',*,*,#653,.T.);
#845=ORIENTED_EDGE('',*,*,#654,.T.);
#846=ORIENTED_EDGE('',*,*,#655,.T.);
#847=ORIENTED_EDGE('',*,*,#640,.F.);
#848=ORIENTED_EDGE('',*,*,#656,.T.);
#849=ORIENTED_EDGE('',*,*,#657,.T.);
#850=ORIENTED_EDGE('',*,*,#658,.T.);
#851=ORIENTED_EDGE('',*,*,#659,.T.);
#852=ORIENTED_EDGE('',*,*,#660,.T.);
#853=ORIENTED_EDGE('',*,*,#661,.T.);
#854=ORIENTED_EDGE('',*,*,#662,.T.);
#855=ORIENTED_EDGE('',*,*,#663,.T.);
#856=ORIENTED_EDGE('',*,*,#664,.T.);
#857=ORIENTED_EDGE('',*,*,#665,.T.);
#858=ORIENTED_EDGE('',*,*,#666,.T.);
#859=ORIENTED_EDGE('',*,*,#667,.T.);
#860=ORIENTED_EDGE('',*,*,#668,.T.);
#861=ORIENTED_EDGE('',*,*,#669,.T.);
#862=ORIENTED_EDGE('',*,*,#670,.T.);
#863=ORIENTED_EDGE('',*,*,#671,.T.);
#864=ORIENTED_EDGE('',*,*,#672,.T.);
#865=ORIENTED_EDGE('',*,*,#673,.T.);
#866=ORIENTED_EDGE('',*,*,#674,.T.);
#867=ORIENTED_EDGE('',*,*,#675,.T.);
#868=ORIENTED_EDGE('',*,*,#676,.T.);
#869=ORIENTED_EDGE('',*,*,#677,.T.);
#870=ORIENTED_EDGE('',*,*,#678,.T.);
#871=ORIENTED_EDGE('',*,*,#679,.T.);
#872=ORIENTED_EDGE('',*,*,#680,.T.);
#873=ORIENTED_EDGE('',*,*,#681,.T.);
#874=ORIENTED_EDGE('',*,*,#606,.T.);
#875=ORIENTED_EDGE('',*,*,#682,.T.);
#876=ORIENTED_EDGE('',*,*,#683,.T.);
#877=ORIENTED_EDGE('',*,*,#684,.T.);
#878=ORIENTED_EDGE('',*,*,#634,.T.);
#879=ORIENTED_EDGE('',*,*,#685,.T.);
#880=ORIENTED_EDGE('',*,*,#686,.T.);
#881=ORIENTED_EDGE('',*,*,#687,.T.);
#882=ORIENTED_EDGE('',*,*,#688,.T.);
#883=ORIENTED_EDGE('',*,*,#685,.F.);
#884=ORIENTED_EDGE('',*,*,#639,.T.);
#885=ORIENTED_EDGE('',*,*,#689,.T.);
#886=ORIENTED_EDGE('',*,*,#690,.T.);
#887=ORIENTED_EDGE('',*,*,#687,.F.);
#888=ORIENTED_EDGE('',*,*,#645,.T.);
#889=ORIENTED_EDGE('',*,*,#684,.F.);
#890=ORIENTED_EDGE('',*,*,#691,.T.);
#891=ORIENTED_EDGE('',*,*,#682,.F.);
#892=ORIENTED_EDGE('',*,*,#605,.T.);
#893=ORIENTED_EDGE('',*,*,#692,.T.);
#894=ORIENTED_EDGE('',*,*,#693,.T.);
#895=ORIENTED_EDGE('',*,*,#694,.T.);
#896=ORIENTED_EDGE('',*,*,#647,.T.);
#897=ORIENTED_EDGE('',*,*,#694,.F.);
#898=ORIENTED_EDGE('',*,*,#695,.T.);
#899=ORIENTED_EDGE('',*,*,#689,.F.);
#900=ORIENTED_EDGE('',*,*,#648,.T.);
#901=ORIENTED_EDGE('',*,*,#683,.F.);
#902=ORIENTED_EDGE('',*,*,#691,.F.);
#903=ORIENTED_EDGE('',*,*,#686,.F.);
#904=ORIENTED_EDGE('',*,*,#688,.F.);
#905=ORIENTED_EDGE('',*,*,#690,.F.);
#906=ORIENTED_EDGE('',*,*,#695,.F.);
#907=ORIENTED_EDGE('',*,*,#693,.F.);
#908=ORIENTED_EDGE('',*,*,#696,.F.);
#909=ORIENTED_EDGE('',*,*,#574,.F.);
#910=ORIENTED_EDGE('',*,*,#607,.T.);
#911=ORIENTED_EDGE('',*,*,#681,.F.);
#912=ORIENTED_EDGE('',*,*,#696,.T.);
#913=ORIENTED_EDGE('',*,*,#692,.F.);
#914=ORIENTED_EDGE('',*,*,#646,.F.);
#915=ORIENTED_EDGE('',*,*,#590,.F.);
#916=ORIENTED_EDGE('',*,*,#697,.F.);
#917=ORIENTED_EDGE('',*,*,#562,.T.);
#918=ORIENTED_EDGE('',*,*,#565,.T.);
#919=ORIENTED_EDGE('',*,*,#568,.T.);
#920=ORIENTED_EDGE('',*,*,#571,.T.);
#921=ORIENTED_EDGE('',*,*,#643,.F.);
#922=ORIENTED_EDGE('',*,*,#698,.F.);
#923=ORIENTED_EDGE('',*,*,#635,.F.);
#924=ORIENTED_EDGE('',*,*,#603,.F.);
#925=ORIENTED_EDGE('',*,*,#699,.T.);
#926=ORIENTED_EDGE('',*,*,#649,.F.);
#927=ORIENTED_EDGE('',*,*,#642,.F.);
#928=ORIENTED_EDGE('',*,*,#700,.F.);
#929=ORIENTED_EDGE('',*,*,#636,.F.);
#930=ORIENTED_EDGE('',*,*,#698,.T.);
#931=ORIENTED_EDGE('',*,*,#641,.F.);
#932=ORIENTED_EDGE('',*,*,#655,.F.);
#933=ORIENTED_EDGE('',*,*,#701,.F.);
#934=ORIENTED_EDGE('',*,*,#597,.F.);
#935=ORIENTED_EDGE('',*,*,#637,.F.);
#936=ORIENTED_EDGE('',*,*,#700,.T.);
#937=ORIENTED_EDGE('',*,*,#575,.F.);
#938=ORIENTED_EDGE('',*,*,#697,.T.);
#939=ORIENTED_EDGE('',*,*,#593,.F.);
#940=ORIENTED_EDGE('',*,*,#595,.F.);
#941=ORIENTED_EDGE('',*,*,#587,.F.);
#942=ORIENTED_EDGE('',*,*,#584,.F.);
#943=ORIENTED_EDGE('',*,*,#579,.F.);
#944=ORIENTED_EDGE('',*,*,#589,.F.);
#945=ORIENTED_EDGE('',*,*,#660,.F.);
#946=ORIENTED_EDGE('',*,*,#702,.F.);
#947=ORIENTED_EDGE('',*,*,#612,.F.);
#948=ORIENTED_EDGE('',*,*,#703,.T.);
#949=ORIENTED_EDGE('',*,*,#661,.F.);
#950=ORIENTED_EDGE('',*,*,#703,.F.);
#951=ORIENTED_EDGE('',*,*,#611,.F.);
#952=ORIENTED_EDGE('',*,*,#704,.T.);
#953=ORIENTED_EDGE('',*,*,#662,.F.);
#954=ORIENTED_EDGE('',*,*,#704,.F.);
#955=ORIENTED_EDGE('',*,*,#610,.F.);
#956=ORIENTED_EDGE('',*,*,#705,.T.);
#957=ORIENTED_EDGE('',*,*,#663,.F.);
#958=ORIENTED_EDGE('',*,*,#705,.F.);
#959=ORIENTED_EDGE('',*,*,#609,.F.);
#960=ORIENTED_EDGE('',*,*,#706,.T.);
#961=ORIENTED_EDGE('',*,*,#656,.F.);
#962=ORIENTED_EDGE('',*,*,#706,.F.);
#963=ORIENTED_EDGE('',*,*,#608,.F.);
#964=ORIENTED_EDGE('',*,*,#707,.T.);
#965=ORIENTED_EDGE('',*,*,#657,.F.);
#966=ORIENTED_EDGE('',*,*,#707,.F.);
#967=ORIENTED_EDGE('',*,*,#615,.F.);
#968=ORIENTED_EDGE('',*,*,#708,.T.);
#969=ORIENTED_EDGE('',*,*,#658,.F.);
#970=ORIENTED_EDGE('',*,*,#708,.F.);
#971=ORIENTED_EDGE('',*,*,#614,.F.);
#972=ORIENTED_EDGE('',*,*,#709,.T.);
#973=ORIENTED_EDGE('',*,*,#659,.F.);
#974=ORIENTED_EDGE('',*,*,#709,.F.);
#975=ORIENTED_EDGE('',*,*,#613,.F.);
#976=ORIENTED_EDGE('',*,*,#702,.T.);
#977=ORIENTED_EDGE('',*,*,#668,.F.);
#978=ORIENTED_EDGE('',*,*,#710,.F.);
#979=ORIENTED_EDGE('',*,*,#620,.F.);
#980=ORIENTED_EDGE('',*,*,#711,.T.);
#981=ORIENTED_EDGE('',*,*,#669,.F.);
#982=ORIENTED_EDGE('',*,*,#711,.F.);
#983=ORIENTED_EDGE('',*,*,#619,.F.);
#984=ORIENTED_EDGE('',*,*,#712,.T.);
#985=ORIENTED_EDGE('',*,*,#670,.F.);
#986=ORIENTED_EDGE('',*,*,#712,.F.);
#987=ORIENTED_EDGE('',*,*,#618,.F.);
#988=ORIENTED_EDGE('',*,*,#713,.T.);
#989=ORIENTED_EDGE('',*,*,#671,.F.);
#990=ORIENTED_EDGE('',*,*,#713,.F.);
#991=ORIENTED_EDGE('',*,*,#617,.F.);
#992=ORIENTED_EDGE('',*,*,#714,.T.);
#993=ORIENTED_EDGE('',*,*,#664,.F.);
#994=ORIENTED_EDGE('',*,*,#714,.F.);
#995=ORIENTED_EDGE('',*,*,#616,.F.);
#996=ORIENTED_EDGE('',*,*,#715,.T.);
#997=ORIENTED_EDGE('',*,*,#665,.F.);
#998=ORIENTED_EDGE('',*,*,#715,.F.);
#999=ORIENTED_EDGE('',*,*,#623,.F.);
#1000=ORIENTED_EDGE('',*,*,#716,.T.);
#1001=ORIENTED_EDGE('',*,*,#666,.F.);
#1002=ORIENTED_EDGE('',*,*,#716,.F.);
#1003=ORIENTED_EDGE('',*,*,#622,.F.);
#1004=ORIENTED_EDGE('',*,*,#717,.T.);
#1005=ORIENTED_EDGE('',*,*,#667,.F.);
#1006=ORIENTED_EDGE('',*,*,#717,.F.);
#1007=ORIENTED_EDGE('',*,*,#621,.F.);
#1008=ORIENTED_EDGE('',*,*,#710,.T.);
#1009=ORIENTED_EDGE('',*,*,#677,.F.);
#1010=ORIENTED_EDGE('',*,*,#718,.F.);
#1011=ORIENTED_EDGE('',*,*,#628,.F.);
#1012=ORIENTED_EDGE('',*,*,#719,.T.);
#1013=ORIENTED_EDGE('',*,*,#678,.F.);
#1014=ORIENTED_EDGE('',*,*,#719,.F.);
#1015=ORIENTED_EDGE('',*,*,#627,.F.);
#1016=ORIENTED_EDGE('',*,*,#720,.T.);
#1017=ORIENTED_EDGE('',*,*,#679,.F.);
#1018=ORIENTED_EDGE('',*,*,#720,.F.);
#1019=ORIENTED_EDGE('',*,*,#626,.F.);
#1020=ORIENTED_EDGE('',*,*,#721,.T.);
#1021=ORIENTED_EDGE('',*,*,#680,.F.);
#1022=ORIENTED_EDGE('',*,*,#721,.F.);
#1023=ORIENTED_EDGE('',*,*,#625,.F.);
#1024=ORIENTED_EDGE('',*,*,#722,.T.);
#1025=ORIENTED_EDGE('',*,*,#672,.F.);
#1026=ORIENTED_EDGE('',*,*,#722,.F.);
#1027=ORIENTED_EDGE('',*,*,#624,.F.);
#1028=ORIENTED_EDGE('',*,*,#723,.T.);
#1029=ORIENTED_EDGE('',*,*,#564,.T.);
#1030=ORIENTED_EDGE('',*,*,#567,.T.);
#1031=ORIENTED_EDGE('',*,*,#570,.T.);
#1032=ORIENTED_EDGE('',*,*,#573,.T.);
#1033=ORIENTED_EDGE('',*,*,#673,.F.);
#1034=ORIENTED_EDGE('',*,*,#723,.F.);
#1035=ORIENTED_EDGE('',*,*,#632,.F.);
#1036=ORIENTED_EDGE('',*,*,#724,.T.);
#1037=ORIENTED_EDGE('',*,*,#674,.F.);
#1038=ORIENTED_EDGE('',*,*,#724,.F.);
#1039=ORIENTED_EDGE('',*,*,#631,.F.);
#1040=ORIENTED_EDGE('',*,*,#725,.T.);
#1041=ORIENTED_EDGE('',*,*,#675,.F.);
#1042=ORIENTED_EDGE('',*,*,#725,.F.);
#1043=ORIENTED_EDGE('',*,*,#630,.F.);
#1044=ORIENTED_EDGE('',*,*,#726,.T.);
#1045=ORIENTED_EDGE('',*,*,#676,.F.);
#1046=ORIENTED_EDGE('',*,*,#726,.F.);
#1047=ORIENTED_EDGE('',*,*,#629,.F.);
#1048=ORIENTED_EDGE('',*,*,#718,.T.);
#1049=ORIENTED_EDGE('',*,*,#650,.F.);
#1050=ORIENTED_EDGE('',*,*,#699,.F.);
#1051=ORIENTED_EDGE('',*,*,#602,.F.);
#1052=ORIENTED_EDGE('',*,*,#727,.T.);
#1053=ORIENTED_EDGE('',*,*,#651,.F.);
#1054=ORIENTED_EDGE('',*,*,#727,.F.);
#1055=ORIENTED_EDGE('',*,*,#601,.F.);
#1056=ORIENTED_EDGE('',*,*,#728,.T.);
#1057=ORIENTED_EDGE('',*,*,#652,.F.);
#1058=ORIENTED_EDGE('',*,*,#728,.F.);
#1059=ORIENTED_EDGE('',*,*,#600,.F.);
#1060=ORIENTED_EDGE('',*,*,#729,.T.);
#1061=ORIENTED_EDGE('',*,*,#653,.F.);
#1062=ORIENTED_EDGE('',*,*,#729,.F.);
#1063=ORIENTED_EDGE('',*,*,#599,.F.);
#1064=ORIENTED_EDGE('',*,*,#730,.T.);
#1065=ORIENTED_EDGE('',*,*,#654,.F.);
#1066=ORIENTED_EDGE('',*,*,#730,.F.);
#1067=ORIENTED_EDGE('',*,*,#598,.F.);
#1068=ORIENTED_EDGE('',*,*,#701,.T.);
#1069=CYLINDRICAL_SURFACE('',#1163,1.6);
#1070=CYLINDRICAL_SURFACE('',#1166,1.6);
#1071=CYLINDRICAL_SURFACE('',#1169,1.6);
#1072=CYLINDRICAL_SURFACE('',#1172,1.6);
#1073=CYLINDRICAL_SURFACE('',#1190,20.);
#1074=CYLINDRICAL_SURFACE('',#1192,20.);
#1075=CYLINDRICAL_SURFACE('',#1211,5.00000000000001);
#1076=CYLINDRICAL_SURFACE('',#1212,1.99999999999999);
#1077=CYLINDRICAL_SURFACE('',#1214,5.99999999999998);
#1078=CYLINDRICAL_SURFACE('',#1215,2.00000000000001);
#1079=CYLINDRICAL_SURFACE('',#1217,10.);
#1080=CYLINDRICAL_SURFACE('',#1218,0.999999999999998);
#1081=CYLINDRICAL_SURFACE('',#1220,5.);
#1082=CYLINDRICAL_SURFACE('',#1221,1.00000000000001);
#1083=CYLINDRICAL_SURFACE('',#1223,5.);
#1084=CYLINDRICAL_SURFACE('',#1224,4.);
#1085=CYLINDRICAL_SURFACE('',#1226,3.99999999999999);
#1086=CYLINDRICAL_SURFACE('',#1227,3.);
#1087=CYLINDRICAL_SURFACE('',#1230,0.499999999999997);
#1088=CYLINDRICAL_SURFACE('',#1232,10.);
#1089=ADVANCED_FACE('',(#126),#1069,.F.);
#1090=ADVANCED_FACE('',(#127),#1070,.F.);
#1091=ADVANCED_FACE('',(#128),#1071,.F.);
#1092=ADVANCED_FACE('',(#129),#1072,.F.);
#1093=ADVANCED_FACE('',(#130),#107,.T.);
#1094=ADVANCED_FACE('',(#131),#108,.T.);
#1095=ADVANCED_FACE('',(#132),#109,.T.);
#1096=ADVANCED_FACE('',(#133),#110,.T.);
#1097=ADVANCED_FACE('',(#134),#111,.T.);
#1098=ADVANCED_FACE('',(#135),#112,.T.);
#1099=ADVANCED_FACE('',(#136),#113,.T.);
#1100=ADVANCED_FACE('',(#137,#25,#26,#27),#43,.T.);
#1101=ADVANCED_FACE('',(#138),#1073,.T.);
#1102=ADVANCED_FACE('',(#139),#44,.T.);
#1103=ADVANCED_FACE('',(#140),#1074,.T.);
#1104=ADVANCED_FACE('',(#141,#28,#29,#30),#45,.F.);
#1105=ADVANCED_FACE('',(#142),#114,.T.);
#1106=ADVANCED_FACE('',(#143),#115,.T.);
#1107=ADVANCED_FACE('',(#144),#116,.T.);
#1108=ADVANCED_FACE('',(#145),#117,.T.);
#1109=ADVANCED_FACE('',(#146),#118,.T.);
#1110=ADVANCED_FACE('',(#147),#119,.T.);
#1111=ADVANCED_FACE('',(#148),#120,.T.);
#1112=ADVANCED_FACE('',(#149),#19,.T.);
#1113=ADVANCED_FACE('',(#150,#31,#32,#33,#34),#46,.T.);
#1114=ADVANCED_FACE('',(#151),#20,.F.);
#1115=ADVANCED_FACE('',(#152),#47,.F.);
#1116=ADVANCED_FACE('',(#153),#121,.F.);
#1117=ADVANCED_FACE('',(#154),#21,.T.);
#1118=ADVANCED_FACE('',(#155),#48,.F.);
#1119=ADVANCED_FACE('',(#156),#1075,.F.);
#1120=ADVANCED_FACE('',(#157),#22,.F.);
#1121=ADVANCED_FACE('',(#158),#1076,.F.);
#1122=ADVANCED_FACE('',(#159),#49,.F.);
#1123=ADVANCED_FACE('',(#160),#1077,.F.);
#1124=ADVANCED_FACE('',(#161),#122,.F.);
#1125=ADVANCED_FACE('',(#162),#1078,.F.);
#1126=ADVANCED_FACE('',(#163),#50,.F.);
#1127=ADVANCED_FACE('',(#164),#1079,.F.);
#1128=ADVANCED_FACE('',(#165),#23,.F.);
#1129=ADVANCED_FACE('',(#166),#1080,.F.);
#1130=ADVANCED_FACE('',(#167),#51,.F.);
#1131=ADVANCED_FACE('',(#168),#1081,.F.);
#1132=ADVANCED_FACE('',(#169),#123,.F.);
#1133=ADVANCED_FACE('',(#170),#1082,.F.);
#1134=ADVANCED_FACE('',(#171),#52,.F.);
#1135=ADVANCED_FACE('',(#172),#1083,.F.);
#1136=ADVANCED_FACE('',(#173),#124,.F.);
#1137=ADVANCED_FACE('',(#174),#1084,.F.);
#1138=ADVANCED_FACE('',(#175,#35,#36,#37,#38),#53,.F.);
#1139=ADVANCED_FACE('',(#176),#1085,.F.);
#1140=ADVANCED_FACE('',(#177),#125,.F.);
#1141=ADVANCED_FACE('',(#178),#1086,.F.);
#1142=ADVANCED_FACE('',(#179),#54,.F.);
#1143=ADVANCED_FACE('',(#180),#55,.F.);
#1144=ADVANCED_FACE('',(#181),#24,.F.);
#1145=ADVANCED_FACE('',(#182),#1087,.F.);
#1146=ADVANCED_FACE('',(#183),#56,.F.);
#1147=ADVANCED_FACE('',(#184),#1088,.F.);
#1148=CLOSED_SHELL('',(#1089,#1090,#1091,#1092,#1093,#1094,#1095,#1096,
#1097,#1098,#1099,#1100,#1101,#1102,#1103,#1104,#1105,#1106,#1107,#1108,
#1109,#1110,#1111,#1112,#1113,#1114,#1115,#1116,#1117,#1118,#1119,#1120,
#1121,#1122,#1123,#1124,#1125,#1126,#1127,#1128,#1129,#1130,#1131,#1132,
#1133,#1134,#1135,#1136,#1137,#1138,#1139,#1140,#1141,#1142,#1143,#1144,
#1145,#1146,#1147));
#1149=DERIVED_UNIT_ELEMENT(#1151,1.);
#1150=DERIVED_UNIT_ELEMENT(#2841,-3.);
#1151=(
MASS_UNIT()
NAMED_UNIT(*)
SI_UNIT(.KILO.,.GRAM.)
);
#1152=DERIVED_UNIT((#1149,#1150));
#1153=MEASURE_REPRESENTATION_ITEM('density measure',
POSITIVE_RATIO_MEASURE(7850.),#1152);
#1154=PROPERTY_DEFINITION_REPRESENTATION(#1159,#1156);
#1155=PROPERTY_DEFINITION_REPRESENTATION(#1160,#1157);
#1156=REPRESENTATION('material name',(#1158),#2838);
#1157=REPRESENTATION('density',(#1153),#2838);
#1158=DESCRIPTIVE_REPRESENTATION_ITEM('Steel','Steel');
#1159=PROPERTY_DEFINITION('material property','material name',#2853);
#1160=PROPERTY_DEFINITION('material property','density of part',#2853);
#1161=AXIS2_PLACEMENT_3D('',#1459,#1234,#1235);
#1162=AXIS2_PLACEMENT_3D('',#1460,#1236,#1237);
#1163=AXIS2_PLACEMENT_3D('',#1461,#1238,#1239);
#1164=AXIS2_PLACEMENT_3D('',#1463,#1240,#1241);
#1165=AXIS2_PLACEMENT_3D('',#1466,#1243,#1244);
#1166=AXIS2_PLACEMENT_3D('',#1467,#1245,#1246);
#1167=AXIS2_PLACEMENT_3D('',#1469,#1247,#1248);
#1168=AXIS2_PLACEMENT_3D('',#1472,#1250,#1251);
#1169=AXIS2_PLACEMENT_3D('',#1473,#1252,#1253);
#1170=AXIS2_PLACEMENT_3D('',#1475,#1254,#1255);
#1171=AXIS2_PLACEMENT_3D('',#1478,#1257,#1258);
#1172=AXIS2_PLACEMENT_3D('',#1479,#1259,#1260);
#1173=AXIS2_PLACEMENT_3D('',#1481,#1261,#1262);
#1174=AXIS2_PLACEMENT_3D('',#1484,#1264,#1265);
#1175=AXIS2_PLACEMENT_3D('',#1823,#1272,#1273);
#1176=AXIS2_PLACEMENT_3D('',#1832,#1275,#1276);
#1177=AXIS2_PLACEMENT_3D('',#1836,#1278,#1279);
#1178=AXIS2_PLACEMENT_3D('',#1880,#1284,#1285);
#1179=AXIS2_PLACEMENT_3D('',#1898,#1286,#1287);
#1180=AXIS2_PLACEMENT_3D('',#1902,#1289,#1290);
#1181=AXIS2_PLACEMENT_3D('',#1911,#1291,#1292);
#1182=AXIS2_PLACEMENT_3D('',#1916,#1294,#1295);
#1183=AXIS2_PLACEMENT_3D('',#1934,#1296,#1297);
#1184=AXIS2_PLACEMENT_3D('',#1938,#1299,#1300);
#1185=AXIS2_PLACEMENT_3D('',#1944,#1301,#1302);
#1186=AXIS2_PLACEMENT_3D('',#1949,#1304,#1305);
#1187=AXIS2_PLACEMENT_3D('',#1956,#1306,#1307);
#1188=AXIS2_PLACEMENT_3D('',#1962,#1310,#1311);
#1189=AXIS2_PLACEMENT_3D('',#1968,#1312,#1313);
#1190=AXIS2_PLACEMENT_3D('',#1969,#1314,#1315);
#1191=AXIS2_PLACEMENT_3D('',#2004,#1318,#1319);
#1192=AXIS2_PLACEMENT_3D('',#2011,#1321,#1322);
#1193=AXIS2_PLACEMENT_3D('',#2044,#1326,#1327);
#1194=AXIS2_PLACEMENT_3D('',#2102,#1330,#1331);
#1195=AXIS2_PLACEMENT_3D('',#2106,#1333,#1334);
#1196=AXIS2_PLACEMENT_3D('',#2115,#1336,#1337);
#1197=AXIS2_PLACEMENT_3D('',#2125,#1338,#1339);
#1198=AXIS2_PLACEMENT_3D('',#2129,#1341,#1342);
#1199=AXIS2_PLACEMENT_3D('',#2198,#1343,#1344);
#1200=AXIS2_PLACEMENT_3D('',#2203,#1346,#1347);
#1201=AXIS2_PLACEMENT_3D('',#2210,#1348,#1349);
#1202=AXIS2_PLACEMENT_3D('',#2214,#1351,#1352);
#1203=AXIS2_PLACEMENT_3D('',#2259,#1353,#1354);
#1204=AXIS2_PLACEMENT_3D('',#2264,#1356,#1357);
#1205=AXIS2_PLACEMENT_3D('',#2271,#1358,#1359);
#1206=AXIS2_PLACEMENT_3D('',#2277,#1362,#1363);
#1207=AXIS2_PLACEMENT_3D('',#2285,#1364,#1365);
#1208=AXIS2_PLACEMENT_3D('',#2598,#1373,#1374);
#1209=AXIS2_PLACEMENT_3D('',#2622,#1378,#1379);
#1210=AXIS2_PLACEMENT_3D('',#2663,#1382,#1383);
#1211=AXIS2_PLACEMENT_3D('',#2666,#1386,#1387);
#1212=AXIS2_PLACEMENT_3D('',#2699,#1390,#1391);
#1213=AXIS2_PLACEMENT_3D('',#2701,#1393,#1394);
#1214=AXIS2_PLACEMENT_3D('',#2703,#1396,#1397);
#1215=AXIS2_PLACEMENT_3D('',#2720,#1400,#1401);
#1216=AXIS2_PLACEMENT_3D('',#2721,#1402,#1403);
#1217=AXIS2_PLACEMENT_3D('',#2724,#1406,#1407);
#1218=AXIS2_PLACEMENT_3D('',#2757,#1410,#1411);
#1219=AXIS2_PLACEMENT_3D('',#2759,#1413,#1414);
#1220=AXIS2_PLACEMENT_3D('',#2761,#1416,#1417);
#1221=AXIS2_PLACEMENT_3D('',#2772,#1420,#1421);
#1222=AXIS2_PLACEMENT_3D('',#2773,#1422,#1423);
#1223=AXIS2_PLACEMENT_3D('',#2776,#1426,#1427);
#1224=AXIS2_PLACEMENT_3D('',#2787,#1430,#1431);
#1225=AXIS2_PLACEMENT_3D('',#2789,#1433,#1434);
#1226=AXIS2_PLACEMENT_3D('',#2791,#1436,#1437);
#1227=AXIS2_PLACEMENT_3D('',#2802,#1440,#1441);
#1228=AXIS2_PLACEMENT_3D('',#2804,#1443,#1444);
#1229=AXIS2_PLACEMENT_3D('',#2805,#1445,#1446);
#1230=AXIS2_PLACEMENT_3D('',#2828,#1449,#1450);
#1231=AXIS2_PLACEMENT_3D('',#2830,#1452,#1453);
#1232=AXIS2_PLACEMENT_3D('',#2832,#1455,#1456);
#1233=AXIS2_PLACEMENT_3D('',#2833,#1457,#1458);
#1234=DIRECTION('axis',(0.,0.,1.));
#1235=DIRECTION('refdir',(1.,0.,0.));
#1236=DIRECTION('axis',(0.,0.,1.));
#1237=DIRECTION('refdir',(1.,0.,0.));
#1238=DIRECTION('center_axis',(-4.12630924301166E-15,-0.422618261740707,
0.906307787036646));
#1239=DIRECTION('ref_axis',(-1.,0.,-4.55287850554992E-15));
#1240=DIRECTION('center_axis',(-4.12630924301166E-15,-0.422618261740707,
0.906307787036646));
#1241=DIRECTION('ref_axis',(-1.,0.,-4.55287850554992E-15));
#1242=DIRECTION('',(-4.12630924301166E-15,-0.422618261740707,0.906307787036646));
#1243=DIRECTION('center_axis',(2.21226152355386E-13,0.422618261740709,-0.906307787036645));
#1244=DIRECTION('ref_axis',(-1.,0.,-4.55287850554992E-15));
#1245=DIRECTION('center_axis',(-4.12630924301166E-15,-0.422618261740707,
0.906307787036646));
#1246=DIRECTION('ref_axis',(-1.,0.,-4.55287850554992E-15));
#1247=DIRECTION('center_axis',(-4.12630924301166E-15,-0.422618261740707,
0.906307787036646));
#1248=DIRECTION('ref_axis',(-1.,0.,-4.55287850554992E-15));
#1249=DIRECTION('',(-4.12630924301166E-15,-0.422618261740707,0.906307787036646));
#1250=DIRECTION('center_axis',(2.21226152355386E-13,0.422618261740709,-0.906307787036645));
#1251=DIRECTION('ref_axis',(-1.,0.,-4.55287850554992E-15));
#1252=DIRECTION('center_axis',(-4.12630924301166E-15,-0.422618261740707,
0.906307787036646));
#1253=DIRECTION('ref_axis',(-1.,0.,-4.55287850554992E-15));
#1254=DIRECTION('center_axis',(-4.12630924301166E-15,-0.422618261740707,
0.906307787036646));
#1255=DIRECTION('ref_axis',(-1.,0.,-4.55287850554992E-15));
#1256=DIRECTION('',(-4.12630924301166E-15,-0.422618261740707,0.906307787036646));
#1257=DIRECTION('center_axis',(2.21226152355386E-13,0.422618261740709,-0.906307787036645));
#1258=DIRECTION('ref_axis',(-1.,0.,-4.55287850554992E-15));
#1259=DIRECTION('center_axis',(-4.12630924301166E-15,-0.422618261740707,
0.906307787036646));
#1260=DIRECTION('ref_axis',(-1.,0.,-4.55287850554992E-15));
#1261=DIRECTION('center_axis',(-4.12630924301166E-15,-0.422618261740707,
0.906307787036646));
#1262=DIRECTION('ref_axis',(-1.,0.,-4.55287850554992E-15));
#1263=DIRECTION('',(-4.12630924301166E-15,-0.422618261740707,0.906307787036646));
#1264=DIRECTION('center_axis',(2.21226152355386E-13,0.422618261740709,-0.906307787036645));
#1265=DIRECTION('ref_axis',(-1.,0.,-4.55287850554992E-15));
#1266=DIRECTION('',(-0.70710678118655,0.0129603341786149,0.706987998298397));
#1267=DIRECTION('',(0.707113388732903,-0.0105884990697346,-0.707020890187921));
#1268=DIRECTION('',(-3.85578947981157E-15,-0.717358909238045,0.696703807465413));
#1269=DIRECTION('',(-3.75619344158763E-15,-0.717358909238043,0.696703807465414));
#1270=DIRECTION('',(0.707113388727748,0.0105884989527853,0.707020890194828));
#1271=DIRECTION('',(-0.707106781186547,-0.0129603341786167,-0.706987998298401));
#1272=DIRECTION('center_axis',(-1.,-4.02455846426641E-16,-4.78783679369597E-15));
#1273=DIRECTION('ref_axis',(-4.78783679369597E-15,0.,1.));
#1274=DIRECTION('',(4.78783679369597E-15,-6.06381607693878E-16,-1.));
#1275=DIRECTION('center_axis',(1.,4.02455846426641E-16,4.78783679369597E-15));
#1276=DIRECTION('ref_axis',(2.14234212815317E-13,0.465130165405069,-0.885242299729432));
#1277=DIRECTION('',(-2.58323825881459E-15,0.885242299729428,0.465130165405075));
#1278=DIRECTION('center_axis',(1.,4.02455846426641E-16,4.78783679369597E-15));
#1279=DIRECTION('ref_axis',(-2.63294331565664E-13,0.0300452663529712,0.999548539076407));
#1280=DIRECTION('',(9.21640161561464E-16,-0.994048496555813,-0.108938452784714));
#1281=DIRECTION('',(4.78783679369597E-15,-6.06381607693878E-16,-1.));
#1282=DIRECTION('',(-2.38817613080488E-15,0.906307787036646,0.422618261740707));
#1283=DIRECTION('',(-2.58323824953387E-15,0.885242300794974,0.465130163377114));
#1284=DIRECTION('center_axis',(1.,4.02455846426641E-16,4.78783679369597E-15));
#1285=DIRECTION('ref_axis',(-2.23985157167315E-13,0.652137187400652,0.758100975338488));
#1286=DIRECTION('center_axis',(1.,4.02455846426641E-16,4.78783679369597E-15));
#1287=DIRECTION('ref_axis',(-2.14207219629762E-13,-0.465130163377109,0.885242300794977));
#1288=DIRECTION('',(2.58323824953402E-15,-0.885242300794957,-0.465130163377146));
#1289=DIRECTION('center_axis',(1.,4.02455846426641E-16,4.78783679369597E-15));
#1290=DIRECTION('ref_axis',(2.5787682748005E-13,-0.370705858573485,-0.928750325124732));
#1291=DIRECTION('center_axis',(1.,4.02455846426641E-16,4.78783679369597E-15));
#1292=DIRECTION('ref_axis',(2.1420721962976E-13,0.465130163377115,-0.885242300794973));
#1293=DIRECTION('',(-2.58323824952089E-15,0.885242300796465,0.465130163374276));
#1294=DIRECTION('center_axis',(1.,4.02455846426641E-16,4.78783679369597E-15));
#1295=DIRECTION('ref_axis',(-2.64331302098824E-13,0.218605556520135,0.975813307276818));
#1296=DIRECTION('center_axis',(1.,4.02455846426641E-16,4.78783679369597E-15));
#1297=DIRECTION('ref_axis',(-2.14244775863713E-13,-0.465130163377108,0.885242300794977));
#1298=DIRECTION('',(2.58323824953385E-15,-0.885242300794976,-0.46513016337711));
#1299=DIRECTION('center_axis',(1.,4.02455846426641E-16,4.78783679369597E-15));
#1300=DIRECTION('ref_axis',(2.65065456983383E-13,-0.14105159431971,-0.990002246330718));
#1301=DIRECTION('center_axis',(1.,4.02455846426641E-16,4.78783679369597E-15));
#1302=DIRECTION('ref_axis',(2.14244775864212E-13,0.465130163374278,-0.885242300796464));
#1303=DIRECTION('',(-2.38817613080489E-15,0.906307787036645,0.422618261740709));
#1304=DIRECTION('center_axis',(1.,4.02455846426641E-16,4.78783679369597E-15));
#1305=DIRECTION('ref_axis',(-1.63138667217483E-13,0.869207850071211,0.494446876190539));
#1306=DIRECTION('center_axis',(1.,4.02455846426641E-16,4.78783679369597E-15));
#1307=DIRECTION('ref_axis',(-2.14063215483231E-13,-0.465136113415521,0.885239174458916));
#1308=DIRECTION('',(2.58326547913449E-15,-0.885239174458913,-0.465136113415528));
#1309=DIRECTION('',(2.58326547992878E-15,-0.885239174367716,-0.465136113589092));
#1310=DIRECTION('center_axis',(1.,4.02455846426641E-16,4.78783679369597E-15));
#1311=DIRECTION('ref_axis',(2.08632446100316E-13,-0.724433607248608,-0.68934457906679));
#1312=DIRECTION('center_axis',(1.,4.02455846426641E-16,4.78783679369597E-15));
#1313=DIRECTION('ref_axis',(2.21226152355387E-13,0.422618261740704,-0.906307787036648));
#1314=DIRECTION('center_axis',(-4.78783679369597E-15,6.06381607693878E-16,
1.));
#1315=DIRECTION('ref_axis',(-0.707106781186547,-0.707106781186548,-5.02429586778808E-15));
#1316=DIRECTION('',(-4.78783679369597E-15,6.06381607693878E-16,1.));
#1317=DIRECTION('',(4.78783679369597E-15,-6.06381607693878E-16,-1.));
#1318=DIRECTION('center_axis',(3.94745964311164E-16,-1.,6.0638160769388E-16));
#1319=DIRECTION('ref_axis',(4.78783679369597E-15,-6.06381607693878E-16,
-1.));
#1320=DIRECTION('',(4.78783679369597E-15,-6.06381607693878E-16,-1.));
#1321=DIRECTION('center_axis',(4.78783679369597E-15,-6.06381607693878E-16,
-1.));
#1322=DIRECTION('ref_axis',(0.707106781186548,-0.707106781186547,2.51214793389404E-15));
#1323=DIRECTION('',(-4.78783679369597E-15,6.06381607693878E-16,1.));
#1324=DIRECTION('',(-4.78783679369597E-15,6.06381607693878E-16,1.));
#1325=DIRECTION('',(-4.78783679369597E-15,6.06381607693878E-16,1.));
#1326=DIRECTION('center_axis',(-1.,-4.02455846426641E-16,-4.78783679369597E-15));
#1327=DIRECTION('ref_axis',(-4.78783679369597E-15,0.,1.));
#1328=DIRECTION('',(-2.38817613080488E-15,0.906307787036646,0.422618261740707));
#1329=DIRECTION('',(-9.21640161561464E-16,0.994048496555813,0.108938452784714));
#1330=DIRECTION('center_axis',(-1.,-4.02455846426641E-16,-4.78783679369597E-15));
#1331=DIRECTION('ref_axis',(-2.63294331565664E-13,0.0300452663529712,0.999548539076407));
#1332=DIRECTION('',(2.58323825881459E-15,-0.885242299729428,-0.465130165405075));
#1333=DIRECTION('center_axis',(-1.,-4.02455846426641E-16,-4.78783679369597E-15));
#1334=DIRECTION('ref_axis',(2.14234212815317E-13,0.465130165405069,-0.885242299729432));
#1335=DIRECTION('',(2.58323824953387E-15,-0.885242300794974,-0.465130163377114));
#1336=DIRECTION('center_axis',(-1.,-4.02455846426641E-16,-4.78783679369597E-15));
#1337=DIRECTION('ref_axis',(2.1420721962976E-13,0.465130163377115,-0.885242300794973));
#1338=DIRECTION('center_axis',(-1.,-4.02455846426641E-16,-4.78783679369597E-15));
#1339=DIRECTION('ref_axis',(2.5787682748005E-13,-0.370705858573485,-0.928750325124732));
#1340=DIRECTION('',(-2.58323824953402E-15,0.885242300794957,0.465130163377146));
#1341=DIRECTION('center_axis',(-1.,-4.02455846426641E-16,-4.78783679369597E-15));
#1342=DIRECTION('ref_axis',(-2.14207219629762E-13,-0.465130163377109,0.885242300794977));
#1343=DIRECTION('center_axis',(-1.,-4.02455846426641E-16,-4.78783679369597E-15));
#1344=DIRECTION('ref_axis',(-2.23985157167315E-13,0.652137187400652,0.758100975338488));
#1345=DIRECTION('',(2.58323824952089E-15,-0.885242300796465,-0.465130163374276));
#1346=DIRECTION('center_axis',(-1.,-4.02455846426641E-16,-4.78783679369597E-15));
#1347=DIRECTION('ref_axis',(2.14244775864212E-13,0.465130163374278,-0.885242300796464));
#1348=DIRECTION('center_axis',(-1.,-4.02455846426641E-16,-4.78783679369597E-15));
#1349=DIRECTION('ref_axis',(2.65065456983383E-13,-0.14105159431971,-0.990002246330718));
#1350=DIRECTION('',(-2.58323824953385E-15,0.885242300794976,0.46513016337711));
#1351=DIRECTION('center_axis',(-1.,-4.02455846426641E-16,-4.78783679369597E-15));
#1352=DIRECTION('ref_axis',(-2.14244775863713E-13,-0.465130163377108,0.885242300794977));
#1353=DIRECTION('center_axis',(-1.,-4.02455846426641E-16,-4.78783679369597E-15));
#1354=DIRECTION('ref_axis',(-2.64331302098824E-13,0.218605556520135,0.975813307276818));
#1355=DIRECTION('',(2.38817613080489E-15,-0.906307787036645,-0.422618261740709));
#1356=DIRECTION('center_axis',(-1.,-4.02455846426641E-16,-4.78783679369597E-15));
#1357=DIRECTION('ref_axis',(2.21226152355387E-13,0.422618261740704,-0.906307787036648));
#1358=DIRECTION('center_axis',(-1.,-4.02455846426641E-16,-4.78783679369597E-15));
#1359=DIRECTION('ref_axis',(2.08632446100316E-13,-0.724433607248608,-0.68934457906679));
#1360=DIRECTION('',(-2.58326547992878E-15,0.885239174367716,0.465136113589092));
#1361=DIRECTION('',(-2.58326547913449E-15,0.885239174458913,0.465136113415528));
#1362=DIRECTION('center_axis',(-1.,-4.02455846426641E-16,-4.78783679369597E-15));
#1363=DIRECTION('ref_axis',(-2.14063215483231E-13,-0.465136113415521,0.885239174458916));
#1364=DIRECTION('center_axis',(-1.,-4.02455846426641E-16,-4.78783679369597E-15));
#1365=DIRECTION('ref_axis',(-1.63138667217483E-13,0.869207850071211,0.494446876190539));
#1366=DIRECTION('',(0.707106781186538,-0.119090642997467,0.697006039249634));
#1367=DIRECTION('',(-0.70770802666189,0.100397235031146,-0.699335215898952));
#1368=DIRECTION('',(-4.80841587999067E-15,0.605623218560671,0.795751542342341));
#1369=DIRECTION('',(-3.98625150672801E-15,0.605623218560665,0.795751542342345));
#1370=DIRECTION('',(-0.707708026661896,-0.100397235031145,0.699335215898946));
#1371=DIRECTION('',(0.707106781186555,0.119090642997432,-0.697006039249623));
#1372=DIRECTION('',(1.,3.94745964311167E-16,4.736951571734E-15));
#1373=DIRECTION('center_axis',(4.12630924301166E-15,0.422618261740707,-0.906307787036646));
#1374=DIRECTION('ref_axis',(-2.38817613080488E-15,0.906307787036646,0.422618261740707));
#1375=DIRECTION('',(1.,3.94745964311167E-16,4.736951571734E-15));
#1376=DIRECTION('',(1.,3.85373551252273E-14,2.62254864289637E-13));
#1377=DIRECTION('',(1.,3.85373551252273E-14,2.62254864289637E-13));
#1378=DIRECTION('center_axis',(3.85373551254324E-14,-1.,-7.81914154861807E-13));
#1379=DIRECTION('ref_axis',(7.33692287703515E-14,7.8191415486181E-13,-1.));
#1380=DIRECTION('',(1.,3.85373551252273E-14,2.62254864289637E-13));
#1381=DIRECTION('',(1.,3.85373551252273E-14,2.62254864289637E-13));
#1382=DIRECTION('center_axis',(-2.14207219629755E-13,-0.465130163377146,
0.885242300794957));
#1383=DIRECTION('ref_axis',(1.88592782391493E-13,-0.885242300794957,-0.465130163377146));
#1384=DIRECTION('',(1.,3.85953895106054E-14,2.62254864289637E-13));
#1385=DIRECTION('',(1.,3.85953895106054E-14,2.62254864289637E-13));
#1386=DIRECTION('center_axis',(1.,3.85953895106054E-14,2.62254864289637E-13));
#1387=DIRECTION('ref_axis',(-2.14207219629762E-13,-0.465130163377109,0.885242300794977));
#1388=DIRECTION('',(1.,3.85953895106054E-14,2.62254864289637E-13));
#1389=DIRECTION('',(1.,3.85953895106054E-14,2.62254864289637E-13));
#1390=DIRECTION('center_axis',(1.,3.85953895106054E-14,2.62254864289637E-13));
#1391=DIRECTION('ref_axis',(-2.23985157167315E-13,0.652137187400652,0.758100975338488));
#1392=DIRECTION('',(1.,3.85953895106054E-14,2.62254864289637E-13));
#1393=DIRECTION('center_axis',(2.14207219629761E-13,0.465130163377114,-0.885242300794974));
#1394=DIRECTION('ref_axis',(-8.28923740121429E-14,0.885242300794974,0.465130163377114));
#1395=DIRECTION('',(1.,3.85953895106054E-14,2.62254864289637E-13));
#1396=DIRECTION('center_axis',(1.,3.85953895106054E-14,2.62254864289637E-13));
#1397=DIRECTION('ref_axis',(2.1420721962976E-13,0.465130163377115,-0.885242300794973));
#1398=DIRECTION('',(1.,3.85953895106054E-14,2.62254864289637E-13));
#1399=DIRECTION('',(1.,3.85953895106054E-14,2.62254864289637E-13));
#1400=DIRECTION('center_axis',(1.,3.85953895106054E-14,2.62254864289637E-13));
#1401=DIRECTION('ref_axis',(2.5787682748005E-13,-0.370705858573485,-0.928750325124732));
#1402=DIRECTION('center_axis',(-2.14244775863713E-13,-0.46513016337711,
0.885242300794976));
#1403=DIRECTION('ref_axis',(-1.79023011391084E-14,-0.885242300794976,-0.46513016337711));
#1404=DIRECTION('',(1.,3.85146460179054E-14,2.62254864289637E-13));
#1405=DIRECTION('',(1.,3.85146460179054E-14,2.62254864289637E-13));
#1406=DIRECTION('center_axis',(1.,3.85146460179054E-14,2.62254864289637E-13));
#1407=DIRECTION('ref_axis',(-2.14244775863713E-13,-0.465130163377108,0.885242300794977));
#1408=DIRECTION('',(1.,3.85146460179054E-14,2.62254864289637E-13));
#1409=DIRECTION('',(1.,3.85146460179054E-14,2.62254864289637E-13));
#1410=DIRECTION('center_axis',(1.,3.85146460179054E-14,2.62254864289637E-13));
#1411=DIRECTION('ref_axis',(-2.64331302098824E-13,0.218605556520135,0.975813307276818));
#1412=DIRECTION('',(1.,3.85146460179054E-14,2.62254864289637E-13));
#1413=DIRECTION('center_axis',(2.14244775864212E-13,0.465130163374276,-0.885242300796465));
#1414=DIRECTION('ref_axis',(7.41858789177409E-15,0.885242300796465,0.465130163374276));
#1415=DIRECTION('',(1.,3.85146460179054E-14,2.62254864289637E-13));
#1416=DIRECTION('center_axis',(1.,3.85146460179054E-14,2.62254864289637E-13));
#1417=DIRECTION('ref_axis',(2.14244775864212E-13,0.465130163374278,-0.885242300796464));
#1418=DIRECTION('',(1.,3.85146460179054E-14,2.62254864289637E-13));
#1419=DIRECTION('',(1.,3.85146460179054E-14,2.62254864289637E-13));
#1420=DIRECTION('center_axis',(1.,3.85146460179054E-14,2.62254864289637E-13));
#1421=DIRECTION('ref_axis',(2.65065456983383E-13,-0.14105159431971,-0.990002246330718));
#1422=DIRECTION('center_axis',(-2.1406321548323E-13,-0.465136113415528,
0.885239174458913));
#1423=DIRECTION('ref_axis',(1.01326322488942E-13,-0.885239174458913,-0.465136113415528));
#1424=DIRECTION('',(1.,3.85953895106054E-14,2.62093377304237E-13));
#1425=DIRECTION('',(1.,3.85953895106054E-14,2.62093377304237E-13));
#1426=DIRECTION('center_axis',(1.,3.85953895106054E-14,2.62093377304237E-13));
#1427=DIRECTION('ref_axis',(-2.14063215483231E-13,-0.465136113415521,0.885239174458916));
#1428=DIRECTION('',(1.,3.85953895106054E-14,2.62093377304237E-13));
#1429=DIRECTION('',(1.,3.85953895106054E-14,2.62093377304237E-13));
#1430=DIRECTION('center_axis',(1.,3.85953895106054E-14,2.62093377304237E-13));
#1431=DIRECTION('ref_axis',(-1.63138667217483E-13,0.869207850071211,0.494446876190539));
#1432=DIRECTION('',(1.,3.85953895106054E-14,2.62093377304237E-13));
#1433=DIRECTION('center_axis',(2.21226152355386E-13,0.422618261740709,-0.906307787036645));
#1434=DIRECTION('ref_axis',(-2.16517634389028E-13,0.906307787036645,0.422618261740709));
#1435=DIRECTION('',(1.,3.85953895106054E-14,2.62093377304237E-13));
#1436=DIRECTION('center_axis',(1.,3.85953895106054E-14,2.62093377304237E-13));
#1437=DIRECTION('ref_axis',(2.21226152355387E-13,0.422618261740704,-0.906307787036648));
#1438=DIRECTION('',(1.,3.85953895106054E-14,2.62093377304237E-13));
#1439=DIRECTION('',(1.,3.85953895106054E-14,2.62093377304237E-13));
#1440=DIRECTION('center_axis',(1.,3.85953895106054E-14,2.62093377304237E-13));
#1441=DIRECTION('ref_axis',(2.08632446100316E-13,-0.724433607248608,-0.68934457906679));
#1442=DIRECTION('',(1.,3.85953895106054E-14,2.62093377304237E-13));
#1443=DIRECTION('center_axis',(-2.14063215452629E-13,-0.465136113589092,
0.885239174367716));
#1444=DIRECTION('ref_axis',(2.46900438494492E-13,-0.885239174367716,-0.465136113589092));
#1445=DIRECTION('center_axis',(-2.56495853719805E-13,-0.108938452784714,
0.994048496555813));
#1446=DIRECTION('ref_axis',(4.58518074291313E-15,-0.994048496555813,-0.108938452784714));
#1447=DIRECTION('',(1.,3.85373551252273E-14,2.62254864289637E-13));
#1448=DIRECTION('',(1.,3.85373551252273E-14,2.62254864289637E-13));
#1449=DIRECTION('center_axis',(1.,3.85373551252273E-14,2.62254864289637E-13));
#1450=DIRECTION('ref_axis',(-2.63294331565664E-13,0.0300452663529712,0.999548539076407));
#1451=DIRECTION('',(1.,3.85373551252273E-14,2.62254864289637E-13));
#1452=DIRECTION('center_axis',(2.14234212815316E-13,0.465130165405075,-0.885242299729429));
#1453=DIRECTION('ref_axis',(-7.33266167651549E-15,0.885242299729428,0.465130165405075));
#1454=DIRECTION('',(1.,3.85373551252273E-14,2.62254864289637E-13));
#1455=DIRECTION('center_axis',(1.,3.85373551252273E-14,2.62254864289637E-13));
#1456=DIRECTION('ref_axis',(2.14234212815317E-13,0.465130165405069,-0.885242299729432));
#1457=DIRECTION('',(0.,0.,1.));
#1458=DIRECTION('',(1.,0.,0.));
#1459=CARTESIAN_POINT('',(0.,0.,0.));
#1460=CARTESIAN_POINT('',(0.,0.,0.));
#1461=CARTESIAN_POINT('Origin',(-14.2497722953085,103.984513060423,134.366571583536));
#1462=CARTESIAN_POINT('',(-12.6497722953085,105.041058714775,132.100802115944));
#1463=CARTESIAN_POINT('Origin',(-14.2497722953085,105.041058714775,132.100802115944));
#1464=CARTESIAN_POINT('',(-12.6497722953085,102.927967406071,136.632341051127));
#1465=CARTESIAN_POINT('',(-12.6497722953085,103.984513060423,134.366571583536));
#1466=CARTESIAN_POINT('Origin',(-14.2497722953085,102.927967406071,136.632341051127));
#1467=CARTESIAN_POINT('Origin',(-14.2497722953106,112.760272345759,138.458775344412));
#1468=CARTESIAN_POINT('',(-12.6497722953106,113.81681800011,136.193005876821));
#1469=CARTESIAN_POINT('Origin',(-14.2497722953106,113.81681800011,136.193005876821));
#1470=CARTESIAN_POINT('',(-12.6497722953106,111.703726691407,140.724544812004));
#1471=CARTESIAN_POINT('',(-12.6497722953106,112.760272345759,138.458775344412));
#1472=CARTESIAN_POINT('Origin',(-14.2497722953106,111.703726691407,140.724544812004));
#1473=CARTESIAN_POINT('Origin',(18.7502277046901,112.760272345763,138.458775344415));
#1474=CARTESIAN_POINT('',(20.3502277046901,113.816818000115,136.193005876823));
#1475=CARTESIAN_POINT('Origin',(18.7502277046901,113.816818000115,136.193005876823));
#1476=CARTESIAN_POINT('',(20.35022770469,111.703726691411,140.724544812006));
#1477=CARTESIAN_POINT('',(20.3502277046901,112.760272345763,138.458775344415));
#1478=CARTESIAN_POINT('Origin',(18.75022770469,111.703726691411,140.724544812006));
#1479=CARTESIAN_POINT('Origin',(18.7502277046901,103.984513060427,134.366571583538));
#1480=CARTESIAN_POINT('',(20.3502277046901,105.041058714779,132.100802115946));
#1481=CARTESIAN_POINT('Origin',(18.7502277046901,105.041058714779,132.100802115946));
#1482=CARTESIAN_POINT('',(20.3502277046901,102.927967406076,136.632341051129));
#1483=CARTESIAN_POINT('',(20.3502277046901,103.984513060427,134.366571583538));
#1484=CARTESIAN_POINT('Origin',(18.7502277046901,102.927967406076,136.632341051129));
#1485=CARTESIAN_POINT('Ctrl Pts',(-20.2497722953099,95.5751288506121,127.686766528727));
#1486=CARTESIAN_POINT('Ctrl Pts',(-20.2497722953099,95.5174174273736,127.784517257758));
#1487=CARTESIAN_POINT('Ctrl Pts',(-20.2497722953099,95.459706004135,127.88226798679));
#1488=CARTESIAN_POINT('Ctrl Pts',(-20.2497722953099,95.4019945808964,127.980018715821));
#1489=CARTESIAN_POINT('Ctrl Pts',(-20.2497722953099,91.5666587155062,134.476252145601));
#1490=CARTESIAN_POINT('Ctrl Pts',(-20.2497722953099,85.2489517702297,143.617269127671));
#1491=CARTESIAN_POINT('Ctrl Pts',(-20.24977229531,75.6376004195436,154.546411695634));
#1492=CARTESIAN_POINT('Ctrl Pts',(-20.24977229531,65.1980314877677,164.591215227206));
#1493=CARTESIAN_POINT('Ctrl Pts',(-20.2497722953101,50.5276025652819,175.401728991641));
#1494=CARTESIAN_POINT('Ctrl Pts',(-20.2497722953101,30.175631823078,185.270501728462));
#1495=CARTESIAN_POINT('Ctrl Pts',(-20.2497722953101,7.22270636082334,192.033640336634));
#1496=CARTESIAN_POINT('Ctrl Pts',(-20.2497722953101,-18.0295820995126,196.040215158014));
#1497=CARTESIAN_POINT('Ctrl Pts',(-20.2497722953101,-36.2243553154143,197.109663948435));
#1498=CARTESIAN_POINT('Ctrl Pts',(-20.2497722953101,-45.6358496187109,197.282193201526));
#1499=CARTESIAN_POINT('Ctrl Pts',(-19.0831056286432,94.5704879021464,127.09363275311));
#1500=CARTESIAN_POINT('Ctrl Pts',(-19.0831056286432,94.5127764789078,127.191383482142));
#1501=CARTESIAN_POINT('Ctrl Pts',(-19.0831056286432,94.4550650556692,127.289134211173));
#1502=CARTESIAN_POINT('Ctrl Pts',(-19.0831056286432,94.3973536324307,127.386884940205));
#1503=CARTESIAN_POINT('Ctrl Pts',(-19.0831056286432,90.5899996423363,133.835865467642));
#1504=CARTESIAN_POINT('Ctrl Pts',(-19.0831056286433,84.3208357056938,142.905601486234));
#1505=CARTESIAN_POINT('Ctrl Pts',(-19.0831056286433,74.7927850459882,153.739891858828));
#1506=CARTESIAN_POINT('Ctrl Pts',(-19.0831056286434,64.4489384896732,163.692218949204));
#1507=CARTESIAN_POINT('Ctrl Pts',(-19.0831056286434,49.9230088413264,174.395903862486));
#1508=CARTESIAN_POINT('Ctrl Pts',(-19.0831056286434,29.7616990618474,184.173932579714));
#1509=CARTESIAN_POINT('Ctrl Pts',(-19.0831056286435,6.97451515799556,190.890509522179));
#1510=CARTESIAN_POINT('Ctrl Pts',(-19.0831056286435,-18.1487226697474,194.877796288353));
#1511=CARTESIAN_POINT('Ctrl Pts',(-19.0831056286435,-36.2763266702101,195.943778224916));
#1512=CARTESIAN_POINT('Ctrl Pts',(-19.0831056286435,-45.6572330791406,196.115722516626));
#1513=CARTESIAN_POINT('Ctrl Pts',(-17.9164389619765,93.5658469536806,126.500498977494));
#1514=CARTESIAN_POINT('Ctrl Pts',(-17.9164389619765,93.508135530442,126.598249706525));
#1515=CARTESIAN_POINT('Ctrl Pts',(-17.9164389619765,93.4504241072035,126.696000435557));
#1516=CARTESIAN_POINT('Ctrl Pts',(-17.9164389619765,93.3927126839649,126.793751164588));
#1517=CARTESIAN_POINT('Ctrl Pts',(-17.9164389619765,89.6131362270545,133.195397786654));
#1518=CARTESIAN_POINT('Ctrl Pts',(-17.9164389619766,83.3929627140957,142.193870651709));
#1519=CARTESIAN_POINT('Ctrl Pts',(-17.9164389619767,73.9478416239287,152.93342626881));
#1520=CARTESIAN_POINT('Ctrl Pts',(-17.9164389619767,63.7001458242483,162.793109725234));
#1521=CARTESIAN_POINT('Ctrl Pts',(-17.9164389619767,49.3180232447881,173.390213130362));
#1522=CARTESIAN_POINT('Ctrl Pts',(-17.9164389619768,29.3481178351697,183.077385165686));
#1523=CARTESIAN_POINT('Ctrl Pts',(-17.9164389619768,6.7260469785418,189.747365489773));
#1524=CARTESIAN_POINT('Ctrl Pts',(-17.9164389619768,-18.2677887537473,193.715386105452));
#1525=CARTESIAN_POINT('Ctrl Pts',(-17.9164389619768,-36.3283779247908,194.777821271756));
#1526=CARTESIAN_POINT('Ctrl Pts',(-17.9164389619768,-45.6786165395702,194.949251831726));
#1527=CARTESIAN_POINT('Ctrl Pts',(-16.7497722953098,92.5612060052148,125.907365201878));
#1528=CARTESIAN_POINT('Ctrl Pts',(-16.7497722953098,92.5034945819763,126.005115930909));
#1529=CARTESIAN_POINT('Ctrl Pts',(-16.7497722953099,92.4457831587377,126.102866659941));
#1530=CARTESIAN_POINT('Ctrl Pts',(-16.7497722953099,92.3880717354991,126.200617388972));
#1531=CARTESIAN_POINT('Ctrl Pts',(-16.7497722953099,88.6364771538846,132.555011108695));
#1532=CARTESIAN_POINT('Ctrl Pts',(-16.7497722953099,82.4648466495598,141.482203010272));
#1533=CARTESIAN_POINT('Ctrl Pts',(-16.74977229531,73.1030262503734,152.126906432004));
#1534=CARTESIAN_POINT('Ctrl Pts',(-16.74977229531,62.9510528261538,161.894113447233));
#1535=CARTESIAN_POINT('Ctrl Pts',(-16.7497722953101,48.7134295208326,172.384388001207));
#1536=CARTESIAN_POINT('Ctrl Pts',(-16.7497722953101,28.9341850739391,181.980816016938));
#1537=CARTESIAN_POINT('Ctrl Pts',(-16.7497722953101,6.47785577571403,188.604234675318));
#1538=CARTESIAN_POINT('Ctrl Pts',(-16.7497722953101,-18.3869293239822,192.55296723579));
#1539=CARTESIAN_POINT('Ctrl Pts',(-16.7497722953101,-36.3803492795866,193.611935548237));
#1540=CARTESIAN_POINT('Ctrl Pts',(-16.7497722953101,-45.6999999999999,193.782781146826));
#1541=CARTESIAN_POINT('',(-20.2497722953099,95.5751288506121,127.686766528727));
#1542=CARTESIAN_POINT('',(-16.7497722953099,92.3880717354991,126.200617388972));
#1543=CARTESIAN_POINT('Ctrl Pts',(-20.2497722953099,95.5751288506121,127.686766528727));
#1544=CARTESIAN_POINT('Ctrl Pts',(-19.0831056286432,94.5127764789078,127.191383482142));
#1545=CARTESIAN_POINT('Ctrl Pts',(-17.9164389619765,93.4504241072034,126.696000435557));
#1546=CARTESIAN_POINT('Ctrl Pts',(-16.7497722953099,92.3880717354991,126.200617388972));
#1547=CARTESIAN_POINT('',(-16.7497722953101,-45.6999999999998,193.782781146826));
#1548=CARTESIAN_POINT('Ctrl Pts',(-16.7497722953099,92.3880717354991,126.200617388972));
#1549=CARTESIAN_POINT('Ctrl Pts',(-16.7497722953099,88.6364771538846,132.555011108695));
#1550=CARTESIAN_POINT('Ctrl Pts',(-16.7497722953099,82.4648466495598,141.482203010272));
#1551=CARTESIAN_POINT('Ctrl Pts',(-16.74977229531,73.1030262503734,152.126906432004));
#1552=CARTESIAN_POINT('Ctrl Pts',(-16.74977229531,62.9510528261538,161.894113447233));
#1553=CARTESIAN_POINT('Ctrl Pts',(-16.7497722953101,48.7134295208326,172.384388001207));
#1554=CARTESIAN_POINT('Ctrl Pts',(-16.7497722953101,28.9341850739391,181.980816016938));
#1555=CARTESIAN_POINT('Ctrl Pts',(-16.7497722953101,6.47785577571403,188.604234675318));
#1556=CARTESIAN_POINT('Ctrl Pts',(-16.7497722953101,-18.3869293239822,192.55296723579));
#1557=CARTESIAN_POINT('Ctrl Pts',(-16.7497722953101,-36.3803492795866,193.611935548237));
#1558=CARTESIAN_POINT('Ctrl Pts',(-16.7497722953101,-45.6999999999999,193.782781146826));
#1559=CARTESIAN_POINT('',(-20.2497722953101,-45.6358496187108,197.282193201526));
#1560=CARTESIAN_POINT('',(-16.7497722953101,-45.6999999999998,193.782781146826));
#1561=CARTESIAN_POINT('Ctrl Pts',(-20.2497722953101,-45.6358496187109,197.282193201526));
#1562=CARTESIAN_POINT('Ctrl Pts',(-20.2497722953101,-36.2243553154143,197.109663948435));
#1563=CARTESIAN_POINT('Ctrl Pts',(-20.2497722953101,-18.0295820995126,196.040215158014));
#1564=CARTESIAN_POINT('Ctrl Pts',(-20.2497722953101,7.22270636082334,192.033640336634));
#1565=CARTESIAN_POINT('Ctrl Pts',(-20.2497722953101,30.175631823078,185.270501728462));
#1566=CARTESIAN_POINT('Ctrl Pts',(-20.2497722953101,50.5276025652819,175.401728991641));
#1567=CARTESIAN_POINT('Ctrl Pts',(-20.24977229531,65.1980314877677,164.591215227206));
#1568=CARTESIAN_POINT('Ctrl Pts',(-20.24977229531,75.6376004195436,154.546411695634));
#1569=CARTESIAN_POINT('Ctrl Pts',(-20.2497722953099,85.2489517702297,143.617269127671));
#1570=CARTESIAN_POINT('Ctrl Pts',(-20.2497722953099,91.5666587155062,134.476252145601));
#1571=CARTESIAN_POINT('Ctrl Pts',(-20.2497722953099,95.4019945808964,127.980018715821));
#1572=CARTESIAN_POINT('Ctrl Pts',(-20.2497722953099,95.459706004135,127.88226798679));
#1573=CARTESIAN_POINT('Ctrl Pts',(-20.2497722953099,95.5174174273736,127.784517257758));
#1574=CARTESIAN_POINT('Ctrl Pts',(-20.2497722953099,95.5751288506121,127.686766528727));
#1575=CARTESIAN_POINT('Ctrl Pts',(-20.2497722953101,-45.6999999965405,197.28336345057));
#1576=CARTESIAN_POINT('Ctrl Pts',(-20.2497722955715,-47.2112810072878,197.310797386105));
#1577=CARTESIAN_POINT('Ctrl Pts',(-19.7376323063559,-51.749143586,197.364775541629));
#1578=CARTESIAN_POINT('Ctrl Pts',(-16.3564246295539,-58.6811313600485,197.314385977529));
#1579=CARTESIAN_POINT('Ctrl Pts',(-9.14805421349587,-64.3617939131415,197.166027180636));
#1580=CARTESIAN_POINT('Ctrl Pts',(-3.21550315583248,-65.6999999999998,197.117682012987));
#1581=CARTESIAN_POINT('Ctrl Pts',(-0.249772295310116,-65.6999999999998,
197.117682012987));
#1582=CARTESIAN_POINT('Ctrl Pts',(-19.0830778837619,-45.7174703809067,196.116821656017));
#1583=CARTESIAN_POINT('Ctrl Pts',(-19.0817706401135,-47.1365620782951,196.142595015618));
#1584=CARTESIAN_POINT('Ctrl Pts',(-18.5982812994972,-51.3966301278104,196.194671856323));
#1585=CARTESIAN_POINT('Ctrl Pts',(-15.4251400994398,-57.9111955510303,196.155611716522));
#1586=CARTESIAN_POINT('Ctrl Pts',(-8.64290288456924,-63.2683645043265,196.027414858577));
#1587=CARTESIAN_POINT('Ctrl Pts',(-3.04720810619362,-64.5338310721006,195.985090890535));
#1588=CARTESIAN_POINT('Ctrl Pts',(-0.249772295310112,-64.5338310721006,
195.985090890535));
#1589=CARTESIAN_POINT('Ctrl Pts',(-17.9163834722137,-45.7349407652728,194.950279861464));
#1590=CARTESIAN_POINT('Ctrl Pts',(-17.9137689846554,-47.0618431493023,194.97439264513));
#1591=CARTESIAN_POINT('Ctrl Pts',(-17.4589302926385,-51.0441166696207,195.024568171016));
#1592=CARTESIAN_POINT('Ctrl Pts',(-14.4938555693256,-57.1412597420121,194.996837455515));
#1593=CARTESIAN_POINT('Ctrl Pts',(-8.1377515556426,-62.1749350955116,194.888802536519));
#1594=CARTESIAN_POINT('Ctrl Pts',(-2.87891305655475,-63.3676621442014,194.852499768082));
#1595=CARTESIAN_POINT('Ctrl Pts',(-0.249772295310108,-63.3676621442014,
194.852499768082));
#1596=CARTESIAN_POINT('Ctrl Pts',(-16.7496890606655,-45.752411149639,193.783738066911));
#1597=CARTESIAN_POINT('Ctrl Pts',(-16.7457673291973,-46.9871242203096,193.806190274643));
#1598=CARTESIAN_POINT('Ctrl Pts',(-16.3195792857797,-50.6916032114311,193.85446448571));
#1599=CARTESIAN_POINT('Ctrl Pts',(-13.5625710392115,-56.3713239329938,193.838063194507));
#1600=CARTESIAN_POINT('Ctrl Pts',(-7.63260022671596,-61.0815056866966,193.75019021446));
#1601=CARTESIAN_POINT('Ctrl Pts',(-2.71061800691589,-62.2014932163022,193.71990864563));
#1602=CARTESIAN_POINT('Ctrl Pts',(-0.249772295310104,-62.2014932163022,
193.71990864563));
#1603=CARTESIAN_POINT('',(-20.2497722953101,-45.6999999965417,197.283363450507));
#1604=CARTESIAN_POINT('',(-16.7496890606655,-45.752411149639,193.783738066911));
#1605=CARTESIAN_POINT('',(-20.2497722953101,-45.6999999965417,197.283363450507));
#1606=CARTESIAN_POINT('',(-0.249772295310108,-62.2014932163022,193.71990864563));
#1607=CARTESIAN_POINT('Ctrl Pts',(-16.7496890606655,-45.752411149639,193.783738066911));
#1608=CARTESIAN_POINT('Ctrl Pts',(-16.7457673291973,-46.9871242203096,193.806190274643));
#1609=CARTESIAN_POINT('Ctrl Pts',(-16.3195792857797,-50.6916032114311,193.85446448571));
#1610=CARTESIAN_POINT('Ctrl Pts',(-13.5625710392115,-56.3713239329938,193.838063194507));
#1611=CARTESIAN_POINT('Ctrl Pts',(-7.63260022671596,-61.0815056866966,193.75019021446));
#1612=CARTESIAN_POINT('Ctrl Pts',(-2.71061800691589,-62.2014932163022,193.71990864563));
#1613=CARTESIAN_POINT('Ctrl Pts',(-0.249772295310104,-62.2014932163022,
193.71990864563));
#1614=CARTESIAN_POINT('',(-0.249772295310127,-65.6999999999998,197.117682012987));
#1615=CARTESIAN_POINT('',(-0.249772295310108,-62.2014932163022,193.71990864563));
#1616=CARTESIAN_POINT('Ctrl Pts',(-0.249772295310116,-65.6999999999998,
197.117682012987));
#1617=CARTESIAN_POINT('Ctrl Pts',(-3.21550315583248,-65.6999999999998,197.117682012987));
#1618=CARTESIAN_POINT('Ctrl Pts',(-9.14805421349587,-64.3617939131415,197.166027180636));
#1619=CARTESIAN_POINT('Ctrl Pts',(-16.3564246295539,-58.6811313600485,197.314385977529));
#1620=CARTESIAN_POINT('Ctrl Pts',(-19.7376323063559,-51.749143586,197.364775541629));
#1621=CARTESIAN_POINT('Ctrl Pts',(-20.2497722955715,-47.2112810072878,197.310797386105));
#1622=CARTESIAN_POINT('Ctrl Pts',(-20.2497722953101,-45.6999999965405,197.28336345057));
#1623=CARTESIAN_POINT('Ctrl Pts',(-0.24977229531014,-65.6999999999998,197.117682012987));
#1624=CARTESIAN_POINT('Ctrl Pts',(1.41689437135653,-65.6999999999998,197.117682012987));
#1625=CARTESIAN_POINT('Ctrl Pts',(3.0835610380232,-65.6999999999998,197.117682012987));
#1626=CARTESIAN_POINT('Ctrl Pts',(4.75022770468987,-65.6999999999998,197.117682012987));
#1627=CARTESIAN_POINT('Ctrl Pts',(-0.249772295310134,-64.5338310721006,
195.985090890535));
#1628=CARTESIAN_POINT('Ctrl Pts',(1.41689437135653,-64.5338310721006,195.985090890535));
#1629=CARTESIAN_POINT('Ctrl Pts',(3.08356103802321,-64.5338310721006,195.985090890535));
#1630=CARTESIAN_POINT('Ctrl Pts',(4.75022770468987,-64.5338310721006,195.985090890535));
#1631=CARTESIAN_POINT('Ctrl Pts',(-0.249772295310128,-63.3676621442014,
194.852499768082));
#1632=CARTESIAN_POINT('Ctrl Pts',(1.41689437135654,-63.3676621442014,194.852499768082));
#1633=CARTESIAN_POINT('Ctrl Pts',(3.08356103802321,-63.3676621442014,194.852499768082));
#1634=CARTESIAN_POINT('Ctrl Pts',(4.75022770468988,-63.3676621442014,194.852499768082));
#1635=CARTESIAN_POINT('Ctrl Pts',(-0.249772295310123,-62.2014932163021,
193.71990864563));
#1636=CARTESIAN_POINT('Ctrl Pts',(1.41689437135655,-62.2014932163021,193.71990864563));
#1637=CARTESIAN_POINT('Ctrl Pts',(3.08356103802322,-62.2014932163021,193.71990864563));
#1638=CARTESIAN_POINT('Ctrl Pts',(4.75022770468989,-62.2014932163021,193.71990864563));
#1639=CARTESIAN_POINT('',(4.75022770468989,-62.2014932163021,193.71990864563));
#1640=CARTESIAN_POINT('',(4.75022770468987,-65.6999999999998,197.117682012987));
#1641=CARTESIAN_POINT('',(4.75022770468989,-62.2014932163021,193.71990864563));
#1642=CARTESIAN_POINT('Ctrl Pts',(4.75022770468987,-65.6999999999998,197.117682012987));
#1643=CARTESIAN_POINT('Ctrl Pts',(3.0835610380232,-65.6999999999998,197.117682012987));
#1644=CARTESIAN_POINT('Ctrl Pts',(1.41689437135653,-65.6999999999998,197.117682012987));
#1645=CARTESIAN_POINT('Ctrl Pts',(-0.24977229531014,-65.6999999999998,197.117682012987));
#1646=CARTESIAN_POINT('Ctrl Pts',(-0.249772295310123,-62.2014932163021,
193.71990864563));
#1647=CARTESIAN_POINT('Ctrl Pts',(1.41689437135655,-62.2014932163021,193.71990864563));
#1648=CARTESIAN_POINT('Ctrl Pts',(3.08356103802322,-62.2014932163021,193.71990864563));
#1649=CARTESIAN_POINT('Ctrl Pts',(4.75022770468989,-62.2014932163021,193.71990864563));
#1650=CARTESIAN_POINT('Ctrl Pts',(4.75022770468985,-65.6999999999998,197.117682012987));
#1651=CARTESIAN_POINT('Ctrl Pts',(7.723479455752,-65.6999999999998,197.117682012987));
#1652=CARTESIAN_POINT('Ctrl Pts',(12.1680727642426,-64.6896325499795,197.154237352807));
#1653=CARTESIAN_POINT('Ctrl Pts',(18.5333878313443,-60.72829586859,197.261394562959));
#1654=CARTESIAN_POINT('Ctrl Pts',(23.3543258530237,-54.7538611180027,197.365912902358));
#1655=CARTESIAN_POINT('Ctrl Pts',(24.7502277047341,-48.71917386607,197.338169817272));
#1656=CARTESIAN_POINT('Ctrl Pts',(24.7502277046899,-45.6999999997068,197.283363450628));
#1657=CARTESIAN_POINT('Ctrl Pts',(4.75022770468986,-64.5338310721006,195.985090890535));
#1658=CARTESIAN_POINT('Ctrl Pts',(7.55475762138243,-64.5338310721006,195.985090890535));
#1659=CARTESIAN_POINT('Ctrl Pts',(11.7467053381966,-63.5785587194089,196.017080976742));
#1660=CARTESIAN_POINT('Ctrl Pts',(17.7407453746286,-59.8413501648932,196.109864098935));
#1661=CARTESIAN_POINT('Ctrl Pts',(22.2699501983343,-54.2176461977658,196.198315796282));
#1662=CARTESIAN_POINT('Ctrl Pts',(23.5809217361162,-48.5524723036152,196.168310593711));
#1663=CARTESIAN_POINT('Ctrl Pts',(23.5835332931389,-45.7174703838798,196.116821656071));
#1664=CARTESIAN_POINT('Ctrl Pts',(4.75022770468987,-63.3676621442014,194.852499768082));
#1665=CARTESIAN_POINT('Ctrl Pts',(7.38603578701287,-63.3676621442014,194.852499768082));
#1666=CARTESIAN_POINT('Ctrl Pts',(11.3253379121507,-62.4674848888383,194.879924600678));
#1667=CARTESIAN_POINT('Ctrl Pts',(16.948102917913,-58.9544044611964,194.958333634911));
#1668=CARTESIAN_POINT('Ctrl Pts',(21.1855745436448,-53.6814312775289,195.030718690207));
#1669=CARTESIAN_POINT('Ctrl Pts',(22.4116157674984,-48.3857707411604,194.998451370149));
#1670=CARTESIAN_POINT('Ctrl Pts',(22.416838881588,-45.7349407680529,194.950279861515));
#1671=CARTESIAN_POINT('Ctrl Pts',(4.75022770468987,-62.2014932163022,193.71990864563));
#1672=CARTESIAN_POINT('Ctrl Pts',(7.2173139526433,-62.2014932163022,193.71990864563));
#1673=CARTESIAN_POINT('Ctrl Pts',(10.9039704861048,-61.3564110582677,193.742768224614));
#1674=CARTESIAN_POINT('Ctrl Pts',(16.1554604611973,-58.0674587574996,193.806803170887));
#1675=CARTESIAN_POINT('Ctrl Pts',(20.1011988889554,-53.145216357292,193.863121584131));
#1676=CARTESIAN_POINT('Ctrl Pts',(21.2423097988805,-48.2190691787056,193.828592146588));
#1677=CARTESIAN_POINT('Ctrl Pts',(21.2501444700371,-45.7524111522259,193.783738066959));
#1678=CARTESIAN_POINT('',(21.2501444700371,-45.7524111522259,193.783738066959));
#1679=CARTESIAN_POINT('',(24.7502277046899,-45.6999999997069,197.283363450622));
#1680=CARTESIAN_POINT('',(21.2501444700371,-45.7524111522259,193.783738066959));
#1681=CARTESIAN_POINT('Ctrl Pts',(24.7502277046899,-45.6999999997068,197.283363450628));
#1682=CARTESIAN_POINT('Ctrl Pts',(24.7502277047341,-48.71917386607,197.338169817272));
#1683=CARTESIAN_POINT('Ctrl Pts',(23.3543258530237,-54.7538611180027,197.365912902358));
#1684=CARTESIAN_POINT('Ctrl Pts',(18.5333878313443,-60.72829586859,197.261394562959));
#1685=CARTESIAN_POINT('Ctrl Pts',(12.1680727642426,-64.6896325499795,197.154237352807));
#1686=CARTESIAN_POINT('Ctrl Pts',(7.723479455752,-65.6999999999998,197.117682012987));
#1687=CARTESIAN_POINT('Ctrl Pts',(4.75022770468985,-65.6999999999998,197.117682012987));
#1688=CARTESIAN_POINT('Ctrl Pts',(4.75022770468987,-62.2014932163022,193.71990864563));
#1689=CARTESIAN_POINT('Ctrl Pts',(7.2173139526433,-62.2014932163022,193.71990864563));
#1690=CARTESIAN_POINT('Ctrl Pts',(10.9039704861048,-61.3564110582677,193.742768224614));
#1691=CARTESIAN_POINT('Ctrl Pts',(16.1554604611973,-58.0674587574996,193.806803170887));
#1692=CARTESIAN_POINT('Ctrl Pts',(20.1011988889554,-53.145216357292,193.863121584131));
#1693=CARTESIAN_POINT('Ctrl Pts',(21.2423097988805,-48.2190691787056,193.828592146588));
#1694=CARTESIAN_POINT('Ctrl Pts',(21.2501444700371,-45.7524111522259,193.783738066959));
#1695=CARTESIAN_POINT('Ctrl Pts',(-20.2497722953101,-45.635849618711,197.282193201526));
#1696=CARTESIAN_POINT('Ctrl Pts',(-20.2497722953101,-45.6572330586671,197.282585197611));
#1697=CARTESIAN_POINT('Ctrl Pts',(-20.2497722953101,-45.6786164380027,197.282975279765));
#1698=CARTESIAN_POINT('Ctrl Pts',(-20.2497722953101,-45.6999999965406,197.28336345057));
#1699=CARTESIAN_POINT('Ctrl Pts',(-19.0831056286435,-45.6572330791406,196.115722516626));
#1700=CARTESIAN_POINT('Ctrl Pts',(-19.0831056286435,-45.6773121814387,196.116090601906));
#1701=CARTESIAN_POINT('Ctrl Pts',(-19.0830963803384,-45.6973912360184,196.116456981188));
#1702=CARTESIAN_POINT('Ctrl Pts',(-19.0830778837619,-45.7174703809067,196.116821656017));
#1703=CARTESIAN_POINT('Ctrl Pts',(-17.9164389619768,-45.6786165395702,194.949251831726));
#1704=CARTESIAN_POINT('Ctrl Pts',(-17.9164389619768,-45.6973913042102,194.949596006202));
#1705=CARTESIAN_POINT('Ctrl Pts',(-17.9164204653667,-45.7161660340341,194.949938682612));
#1706=CARTESIAN_POINT('Ctrl Pts',(-17.9163834722137,-45.7349407652729,194.950279861464));
#1707=CARTESIAN_POINT('Ctrl Pts',(-16.7497722953101,-45.6999999999998,193.782781146826));
#1708=CARTESIAN_POINT('Ctrl Pts',(-16.7497722953101,-45.7174704269818,193.783101410497));
#1709=CARTESIAN_POINT('Ctrl Pts',(-16.749744550395,-45.7349408320498,193.783420384035));
#1710=CARTESIAN_POINT('Ctrl Pts',(-16.7496890606655,-45.752411149639,193.783738066911));
#1711=CARTESIAN_POINT('Ctrl Pts',(-20.2497722953101,-45.6999999965406,197.28336345057));
#1712=CARTESIAN_POINT('Ctrl Pts',(-20.2497722953101,-45.6786164380027,197.282975279765));
#1713=CARTESIAN_POINT('Ctrl Pts',(-20.2497722953101,-45.6572330586671,197.282585197611));
#1714=CARTESIAN_POINT('Ctrl Pts',(-20.2497722953101,-45.635849618711,197.282193201526));
#1715=CARTESIAN_POINT('Ctrl Pts',(-16.7497722953101,-45.6999999999998,193.782781146826));
#1716=CARTESIAN_POINT('Ctrl Pts',(-16.7497722953101,-45.7174704269818,193.783101410497));
#1717=CARTESIAN_POINT('Ctrl Pts',(-16.749744550395,-45.7349408320498,193.783420384035));
#1718=CARTESIAN_POINT('Ctrl Pts',(-16.7496890606655,-45.752411149639,193.783738066911));
#1719=CARTESIAN_POINT('Ctrl Pts',(24.7502277046899,-45.6358496187109,197.282193201526));
#1720=CARTESIAN_POINT('Ctrl Pts',(24.7502277046899,-26.8128610121182,196.937134695344));
#1721=CARTESIAN_POINT('Ctrl Pts',(24.7502277046899,-0.433251143654347,194.282394934136));
#1722=CARTESIAN_POINT('Ctrl Pts',(24.7502277046899,30.1786757663332,185.273623993718));
#1723=CARTESIAN_POINT('Ctrl Pts',(24.7502277046899,50.5275167602111,175.401982086526));
#1724=CARTESIAN_POINT('Ctrl Pts',(24.75022770469,68.1328526021566,162.429710981983));
#1725=CARTESIAN_POINT('Ctrl Pts',(24.75022770469,83.1428876171174,146.664201858712));
#1726=CARTESIAN_POINT('Ctrl Pts',(24.7502277046901,91.5666587155062,134.476252145601));
#1727=CARTESIAN_POINT('Ctrl Pts',(24.7502277046901,95.4019945808964,127.980018715821));
#1728=CARTESIAN_POINT('Ctrl Pts',(24.7502277046901,95.459706004135,127.88226798679));
#1729=CARTESIAN_POINT('Ctrl Pts',(24.7502277046901,95.5174174273736,127.784517257758));
#1730=CARTESIAN_POINT('Ctrl Pts',(24.7502277046901,95.5751288506122,127.686766528727));
#1731=CARTESIAN_POINT('Ctrl Pts',(23.5835610380232,-45.6572330791405,196.115722516626));
#1732=CARTESIAN_POINT('Ctrl Pts',(23.5835610380232,-26.8952276006437,195.772392394533));
#1733=CARTESIAN_POINT('Ctrl Pts',(23.5835610380232,-0.626148383186998,193.123944830512));
#1734=CARTESIAN_POINT('Ctrl Pts',(23.5835610380232,29.7647221406956,184.176988346657));
#1735=CARTESIAN_POINT('Ctrl Pts',(23.5835610380233,49.9229120989399,174.396189400055));
#1736=CARTESIAN_POINT('Ctrl Pts',(23.5835610380233,67.3548875328648,161.552068658498));
#1737=CARTESIAN_POINT('Ctrl Pts',(23.5835610380234,82.2311158239524,145.928787072908));
#1738=CARTESIAN_POINT('Ctrl Pts',(23.5835610380234,90.589922694905,133.835858077462));
#1739=CARTESIAN_POINT('Ctrl Pts',(23.5835610380235,94.3973536324307,127.386884940205));
#1740=CARTESIAN_POINT('Ctrl Pts',(23.5835610380235,94.4550650556693,127.289134211173));
#1741=CARTESIAN_POINT('Ctrl Pts',(23.5835610380235,94.5127764789078,127.191383482142));
#1742=CARTESIAN_POINT('Ctrl Pts',(23.5835610380235,94.5704879021464,127.09363275311));
#1743=CARTESIAN_POINT('Ctrl Pts',(22.4168943713565,-45.6786165395702,194.949251831726));
#1744=CARTESIAN_POINT('Ctrl Pts',(22.4168943713565,-26.9783319706489,194.605832250459));
#1745=CARTESIAN_POINT('Ctrl Pts',(22.4168943713565,-0.818988901244626,191.965716990809));
#1746=CARTESIAN_POINT('Ctrl Pts',(22.4168943713566,29.3505635820596,183.080144592581));
#1747=CARTESIAN_POINT('Ctrl Pts',(22.4168943713566,49.3181210457076,173.39027715317));
#1748=CARTESIAN_POINT('Ctrl Pts',(22.4168943713567,66.5770856462968,160.674303982763));
#1749=CARTESIAN_POINT('Ctrl Pts',(22.4168943713567,81.3193744222989,145.193310835588));
#1750=CARTESIAN_POINT('Ctrl Pts',(22.4168943713568,89.6132131744858,133.195405176834));
#1751=CARTESIAN_POINT('Ctrl Pts',(22.4168943713568,93.3927126839649,126.793751164589));
#1752=CARTESIAN_POINT('Ctrl Pts',(22.4168943713568,93.4504241072035,126.696000435557));
#1753=CARTESIAN_POINT('Ctrl Pts',(22.4168943713568,93.5081355304421,126.598249706526));
#1754=CARTESIAN_POINT('Ctrl Pts',(22.4168943713568,93.5658469536807,126.500498977494));
#1755=CARTESIAN_POINT('Ctrl Pts',(21.2502277046899,-45.6999999999999,193.782781146826));
#1756=CARTESIAN_POINT('Ctrl Pts',(21.2502277046899,-27.0606985591744,193.441089949649));
#1757=CARTESIAN_POINT('Ctrl Pts',(21.2502277046899,-1.01188614077728,190.807266887185));
#1758=CARTESIAN_POINT('Ctrl Pts',(21.2502277046899,28.936609956422,181.98350894552));
#1759=CARTESIAN_POINT('Ctrl Pts',(21.2502277046899,48.7135163844364,172.384484466699));
#1760=CARTESIAN_POINT('Ctrl Pts',(21.25022770469,65.799120577005,159.796661659278));
#1761=CARTESIAN_POINT('Ctrl Pts',(21.2502277046901,80.4076026291339,144.457896049784));
#1762=CARTESIAN_POINT('Ctrl Pts',(21.2502277046901,88.6364771538846,132.555011108695));
#1763=CARTESIAN_POINT('Ctrl Pts',(21.2502277046901,92.3880717354992,126.200617388972));
#1764=CARTESIAN_POINT('Ctrl Pts',(21.2502277046901,92.4457831587378,126.102866659941));
#1765=CARTESIAN_POINT('Ctrl Pts',(21.2502277046901,92.5034945819763,126.005115930909));
#1766=CARTESIAN_POINT('Ctrl Pts',(21.2502277046901,92.5612060052149,125.907365201878));
#1767=CARTESIAN_POINT('',(21.2502277046901,92.3880717354991,126.200617388972));
#1768=CARTESIAN_POINT('',(24.7502277046901,95.5751288506121,127.686766528727));
#1769=CARTESIAN_POINT('Ctrl Pts',(21.2502277046901,92.3880717354991,126.200617388972));
#1770=CARTESIAN_POINT('Ctrl Pts',(21.8335594293323,92.9192464564969,126.448308229192));
#1771=CARTESIAN_POINT('Ctrl Pts',(22.4168911539745,93.4504211774945,126.695999069411));
#1772=CARTESIAN_POINT('Ctrl Pts',(23.5835578206411,94.5127735491989,127.191382115996));
#1773=CARTESIAN_POINT('Ctrl Pts',(24.1668927626656,95.0439511999055,127.439074322362));
#1774=CARTESIAN_POINT('Ctrl Pts',(24.7502277046901,95.5751288506121,127.686766528727));
#1775=CARTESIAN_POINT('',(24.7502277046899,-45.6358496187108,197.282193201526));
#1776=CARTESIAN_POINT('Ctrl Pts',(24.7502277046901,95.5751288506122,127.686766528727));
#1777=CARTESIAN_POINT('Ctrl Pts',(24.7502277046901,95.5174174273736,127.784517257758));
#1778=CARTESIAN_POINT('Ctrl Pts',(24.7502277046901,95.459706004135,127.88226798679));
#1779=CARTESIAN_POINT('Ctrl Pts',(24.7502277046901,95.4019945808964,127.980018715821));
#1780=CARTESIAN_POINT('Ctrl Pts',(24.7502277046901,91.5666587155062,134.476252145601));
#1781=CARTESIAN_POINT('Ctrl Pts',(24.75022770469,83.1428876171174,146.664201858712));
#1782=CARTESIAN_POINT('Ctrl Pts',(24.75022770469,68.1328526021566,162.429710981983));
#1783=CARTESIAN_POINT('Ctrl Pts',(24.7502277046899,50.5275167602111,175.401982086526));
#1784=CARTESIAN_POINT('Ctrl Pts',(24.7502277046899,30.1786757663332,185.273623993718));
#1785=CARTESIAN_POINT('Ctrl Pts',(24.7502277046899,-0.433251143654347,194.282394934136));
#1786=CARTESIAN_POINT('Ctrl Pts',(24.7502277046899,-26.8128610121182,196.937134695344));
#1787=CARTESIAN_POINT('Ctrl Pts',(24.7502277046899,-45.6358496187109,197.282193201526));
#1788=CARTESIAN_POINT('',(21.2502277046899,-45.6999999999998,193.782781146826));
#1789=CARTESIAN_POINT('',(24.7502277046899,-45.6358496187108,197.282193201526));
#1790=CARTESIAN_POINT('Ctrl Pts',(21.2502277046899,-45.6999999999999,193.782781146826));
#1791=CARTESIAN_POINT('Ctrl Pts',(21.2502277046899,-27.0606985591744,193.441089949649));
#1792=CARTESIAN_POINT('Ctrl Pts',(21.2502277046899,-1.01188614077728,190.807266887185));
#1793=CARTESIAN_POINT('Ctrl Pts',(21.2502277046899,28.936609956422,181.98350894552));
#1794=CARTESIAN_POINT('Ctrl Pts',(21.2502277046899,48.7135163844364,172.384484466699));
#1795=CARTESIAN_POINT('Ctrl Pts',(21.25022770469,65.799120577005,159.796661659278));
#1796=CARTESIAN_POINT('Ctrl Pts',(21.2502277046901,80.4076026291339,144.457896049784));
#1797=CARTESIAN_POINT('Ctrl Pts',(21.2502277046901,88.6364771538846,132.555011108695));
#1798=CARTESIAN_POINT('Ctrl Pts',(21.2502277046901,92.3880717354992,126.200617388972));
#1799=CARTESIAN_POINT('Ctrl Pts',(24.7502277046899,-45.6999999997068,197.283363450628));
#1800=CARTESIAN_POINT('Ctrl Pts',(24.7502277046899,-45.678616611074,197.282975282907));
#1801=CARTESIAN_POINT('Ctrl Pts',(24.7502277046899,-45.6572332306836,197.282585200765));
#1802=CARTESIAN_POINT('Ctrl Pts',(24.7502277046899,-45.635849618711,197.282193201526));
#1803=CARTESIAN_POINT('Ctrl Pts',(23.5835332931389,-45.7174703838798,196.116821656071));
#1804=CARTESIAN_POINT('Ctrl Pts',(23.5835517895694,-45.6973913985323,196.11645698414));
#1805=CARTESIAN_POINT('Ctrl Pts',(23.5835610380232,-45.6773123429626,196.116090604868));
#1806=CARTESIAN_POINT('Ctrl Pts',(23.5835610380232,-45.6572330791406,196.115722516626));
#1807=CARTESIAN_POINT('Ctrl Pts',(22.416838881588,-45.7349407680529,194.950279861515));
#1808=CARTESIAN_POINT('Ctrl Pts',(22.4168758744489,-45.7161661859906,194.949938685373));
#1809=CARTESIAN_POINT('Ctrl Pts',(22.4168943713565,-45.6973914552416,194.949596008971));
#1810=CARTESIAN_POINT('Ctrl Pts',(22.4168943713565,-45.6786165395702,194.949251831726));
#1811=CARTESIAN_POINT('Ctrl Pts',(21.2501444700371,-45.7524111522259,193.783738066959));
#1812=CARTESIAN_POINT('Ctrl Pts',(21.2501999593284,-45.7349409734488,193.783420386607));
#1813=CARTESIAN_POINT('Ctrl Pts',(21.2502277046899,-45.7174705675206,193.783101413074));
#1814=CARTESIAN_POINT('Ctrl Pts',(21.2502277046899,-45.6999999999998,193.782781146826));
#1815=CARTESIAN_POINT('Ctrl Pts',(24.7502277046899,-45.635849618711,197.282193201526));
#1816=CARTESIAN_POINT('Ctrl Pts',(24.7502277046899,-45.6572332306836,197.282585200765));
#1817=CARTESIAN_POINT('Ctrl Pts',(24.7502277046899,-45.678616611074,197.282975282907));
#1818=CARTESIAN_POINT('Ctrl Pts',(24.7502277046899,-45.6999999997068,197.283363450628));
#1819=CARTESIAN_POINT('Ctrl Pts',(21.2501444700371,-45.7524111522259,193.783738066959));
#1820=CARTESIAN_POINT('Ctrl Pts',(21.2501999593284,-45.7349409734488,193.783420386607));
#1821=CARTESIAN_POINT('Ctrl Pts',(21.2502277046899,-45.7174705675206,193.783101413074));
#1822=CARTESIAN_POINT('Ctrl Pts',(21.2502277046899,-45.6999999999998,193.782781146826));
#1823=CARTESIAN_POINT('Origin',(-20.24977229531,31.0170377149642,169.003709402969));
#1824=CARTESIAN_POINT('',(-20.2497722953101,-45.6999999999998,198.782322502088));
#1825=CARTESIAN_POINT('',(-20.2497722953101,-45.6999999999998,186.367639084249));
#1826=CARTESIAN_POINT('',(-20.2497722953101,-20.6788262941286,197.380550494695));
#1827=CARTESIAN_POINT('Ctrl Pts',(-20.2497722953101,-45.6999999999998,198.782322502088));
#1828=CARTESIAN_POINT('Ctrl Pts',(-20.2497722953101,-37.0951203365434,198.627938776735));
#1829=CARTESIAN_POINT('Ctrl Pts',(-20.2497722953101,-28.7510997817329,198.168281850172));
#1830=CARTESIAN_POINT('Ctrl Pts',(-20.2497722953101,-20.6788262943338,197.380550494715));
#1831=CARTESIAN_POINT('',(-20.2497722953102,-15.0562899181411,198.48085089931));
#1832=CARTESIAN_POINT('Origin',(-20.2497722953181,-19.7075915721918,207.333273896604));
#1833=CARTESIAN_POINT('',(-20.2497722953103,-1.68812405718605,205.504845572823));
#1834=CARTESIAN_POINT('',(-20.2497722953102,-3.0721670095151,204.777632099697));
#1835=CARTESIAN_POINT('',(-20.2497722953102,-1.90566650671208,206.447240992226));
#1836=CARTESIAN_POINT('Origin',(-20.2497722953185,-1.92068913988856,205.947466722688));
#1837=CARTESIAN_POINT('',(-20.2497722953102,-20.0068104832691,206.101845657641));
#1838=CARTESIAN_POINT('Ctrl Pts',(-20.2497722953102,-1.90566650676779,206.447240992228));
#1839=CARTESIAN_POINT('Ctrl Pts',(-20.2497722953102,-2.26801479060833,206.458132760136));
#1840=CARTESIAN_POINT('Ctrl Pts',(-20.2497722953102,-3.37908313124502,206.488358165644));
#1841=CARTESIAN_POINT('Ctrl Pts',(-20.2497722953102,-5.26672084991704,206.523589368065));
#1842=CARTESIAN_POINT('Ctrl Pts',(-20.2497722953102,-7.98324364164766,206.5368344648));
#1843=CARTESIAN_POINT('Ctrl Pts',(-20.2497722953102,-11.5759835384578,206.487762324937));
#1844=CARTESIAN_POINT('Ctrl Pts',(-20.2497722953102,-14.899692648722,206.375523547907));
#1845=CARTESIAN_POINT('Ctrl Pts',(-20.2497722953102,-17.4484463770335,206.252640376954));
#1846=CARTESIAN_POINT('Ctrl Pts',(-20.2497722953102,-19.161295140456,206.154200511334));
#1847=CARTESIAN_POINT('Ctrl Pts',(-20.2497722953102,-20.0068104829685,206.10184565766));
#1848=CARTESIAN_POINT('',(-20.2497722953102,-44.0759931469759,203.464087512869));
#1849=CARTESIAN_POINT('',(-20.2497722953102,3.19366811092902,208.644401931982));
#1850=CARTESIAN_POINT('',(-20.2497722953102,-45.6999999999998,203.197262697122));
#1851=CARTESIAN_POINT('Ctrl Pts',(-20.2497722953102,-44.0759931471007,203.464087512849));
#1852=CARTESIAN_POINT('Ctrl Pts',(-20.2497722953102,-44.4040207844063,203.411548414344));
#1853=CARTESIAN_POINT('Ctrl Pts',(-20.2497722953102,-44.7304704192794,203.358590485905));
#1854=CARTESIAN_POINT('Ctrl Pts',(-20.2497722953102,-45.0553048084467,203.305219760588));
#1855=CARTESIAN_POINT('Ctrl Pts',(-20.2497722953102,-45.3784909519462,203.251442004378));
#1856=CARTESIAN_POINT('Ctrl Pts',(-20.2497722953102,-45.6999999999998,203.197262697122));
#1857=CARTESIAN_POINT('',(-20.2497722953102,-45.6999999999998,204.706532941744));
#1858=CARTESIAN_POINT('',(-20.2497722953101,-45.6999999999998,186.367639084249));
#1859=CARTESIAN_POINT('',(-20.2497722953102,-45.1105313913242,204.808134216652));
#1860=CARTESIAN_POINT('Ctrl Pts',(-20.2497722953102,-45.1105313913242,204.808134216652));
#1861=CARTESIAN_POINT('Ctrl Pts',(-20.2497722953102,-45.3070525344039,204.774556560256));
#1862=CARTESIAN_POINT('Ctrl Pts',(-20.2497722953102,-45.5034755584861,204.740693840716));
#1863=CARTESIAN_POINT('Ctrl Pts',(-20.2497722953102,-45.6999999999998,204.706532941744));
#1864=CARTESIAN_POINT('',(-20.2497722953099,124.5619981753,141.203565680767));
#1865=CARTESIAN_POINT('Ctrl Pts',(-20.2497722953099,124.5619981753,141.203565680767));
#1866=CARTESIAN_POINT('Ctrl Pts',(-20.24977229531,119.735914101785,151.553136375382));
#1867=CARTESIAN_POINT('Ctrl Pts',(-20.2497722953101,108.004205028418,169.180994201245));
#1868=CARTESIAN_POINT('Ctrl Pts',(-20.2497722953102,84.9159806284985,187.543836540533));
#1869=CARTESIAN_POINT('Ctrl Pts',(-20.2497722953102,58.0857011246645,199.281291142803));
#1870=CARTESIAN_POINT('Ctrl Pts',(-20.2497722953102,29.8686212745016,205.764151056156));
#1871=CARTESIAN_POINT('Ctrl Pts',(-20.2497722953102,2.47346551026388,208.274555976424));
#1872=CARTESIAN_POINT('Ctrl Pts',(-20.2497722953102,-22.790523052531,207.83795746769));
#1873=CARTESIAN_POINT('Ctrl Pts',(-20.2497722953102,-37.9547380726029,206.030775025332));
#1874=CARTESIAN_POINT('Ctrl Pts',(-20.2497722953102,-45.1105313913242,204.808134216652));
#1875=CARTESIAN_POINT('',(-20.2497722953099,92.3880717354991,126.200617388972));
#1876=CARTESIAN_POINT('',(-20.249772295309,74.7147088283255,162.920367664366));
#1877=CARTESIAN_POINT('',(-20.249772295311,95.0965971135213,173.629561090294));
#1878=CARTESIAN_POINT('',(-20.24977229531,58.8451997431135,154.582099885148));
#1879=CARTESIAN_POINT('',(-20.2497722953101,95.4706111615683,176.916247642561));
#1880=CARTESIAN_POINT('Origin',(-20.2497722953142,94.166336786767,175.400045691884));
#1881=CARTESIAN_POINT('',(-20.2497722953102,52.8301130780843,198.30786842429));
#1882=CARTESIAN_POINT('Ctrl Pts',(-20.2497722953101,95.4706111615377,176.916247642588));
#1883=CARTESIAN_POINT('Ctrl Pts',(-20.2497722953101,95.3097932954367,177.054587143913));
#1884=CARTESIAN_POINT('Ctrl Pts',(-20.2497722953101,94.5309007539597,177.718706684384));
#1885=CARTESIAN_POINT('Ctrl Pts',(-20.2497722953101,93.0842152652818,178.901612961461));
#1886=CARTESIAN_POINT('Ctrl Pts',(-20.2497722953101,90.8644317248068,180.588493906491));
#1887=CARTESIAN_POINT('Ctrl Pts',(-20.2497722953101,87.700860179451,182.755340509493));
#1888=CARTESIAN_POINT('Ctrl Pts',(-20.2497722953102,83.5853998881456,185.240053414129));
#1889=CARTESIAN_POINT('Ctrl Pts',(-20.2497722953102,79.046079003486,187.665146680619));
#1890=CARTESIAN_POINT('Ctrl Pts',(-20.2497722953102,74.0943913505773,190.032237014267));
#1891=CARTESIAN_POINT('Ctrl Pts',(-20.2497722953102,68.7643679138049,192.346111165691));
#1892=CARTESIAN_POINT('Ctrl Pts',(-20.2497722953102,63.4593271722433,194.465956123653));
#1893=CARTESIAN_POINT('Ctrl Pts',(-20.2497722953102,59.0802220225265,196.103324328214));
#1894=CARTESIAN_POINT('Ctrl Pts',(-20.2497722953102,55.788257770907,197.28089069232));
#1895=CARTESIAN_POINT('Ctrl Pts',(-20.2497722953102,53.6858041211126,198.013054395358));
#1896=CARTESIAN_POINT('Ctrl Pts',(-20.2497722953102,52.8301130780843,198.30786842429));
#1897=CARTESIAN_POINT('',(-20.2497722953109,48.8757523856219,198.006786395894));
#1898=CARTESIAN_POINT('Origin',(-20.2497722953173,51.2014032025075,193.580574891919));
#1899=CARTESIAN_POINT('',(-20.2497722953094,31.879700156765,189.076602487064));
#1900=CARTESIAN_POINT('',(-20.2497722953101,35.9071759351129,191.192746807211));
#1901=CARTESIAN_POINT('',(-20.2497722953101,32.0685487663724,185.448617235225));
#1902=CARTESIAN_POINT('Origin',(-20.2497722953149,32.8099604835193,187.306117885475));
#1903=CARTESIAN_POINT('',(-20.24977229531,67.9914385769885,163.700207172565));
#1904=CARTESIAN_POINT('Ctrl Pts',(-20.2497722953101,32.0685487663723,185.448617235225));
#1905=CARTESIAN_POINT('Ctrl Pts',(-20.2497722953101,33.7457400790419,184.779175051749));
#1906=CARTESIAN_POINT('Ctrl Pts',(-20.2497722953101,35.3998003216094,184.08132855605));
#1907=CARTESIAN_POINT('Ctrl Pts',(-20.2497722953101,37.0301427728474,183.354353118112));
#1908=CARTESIAN_POINT('Ctrl Pts',(-20.2497722953101,48.569782098074,178.208787322576));
#1909=CARTESIAN_POINT('Ctrl Pts',(-20.24977229531,58.8877098323896,171.600331338449));
#1910=CARTESIAN_POINT('Ctrl Pts',(-20.24977229531,67.9914385768603,163.700207172676));
#1911=CARTESIAN_POINT('Origin',(-20.2497722953114,71.9239278480628,168.231821469136));
#1912=CARTESIAN_POINT('',(-20.24977229531,24.6038065797187,189.772188804297));
#1913=CARTESIAN_POINT('',(-20.2497722953099,42.6708921347058,199.265122488473));
#1914=CARTESIAN_POINT('',(-20.2497722953101,22.8409427054175,188.845932613057));
#1915=CARTESIAN_POINT('',(-20.2497722953102,42.4243675278517,201.126178096546));
#1916=CARTESIAN_POINT('Origin',(-20.2497722953186,42.2057619713316,200.150364789269));
#1917=CARTESIAN_POINT('',(-20.2497722953102,8.8022306808463,205.970271021549));
#1918=CARTESIAN_POINT('Ctrl Pts',(-20.2497722953102,42.4243675278128,201.126178096555));
#1919=CARTESIAN_POINT('Ctrl Pts',(-20.2497722953102,42.1750317636475,201.182035280587));
#1920=CARTESIAN_POINT('Ctrl Pts',(-20.2497722953102,41.1486634148058,201.410633584859));
#1921=CARTESIAN_POINT('Ctrl Pts',(-20.2497722953102,39.3445249706643,201.802790161797));
#1922=CARTESIAN_POINT('Ctrl Pts',(-20.2497722953102,36.7610991043715,202.339612563278));
#1923=CARTESIAN_POINT('Ctrl Pts',(-20.2497722953102,33.3959282221038,202.990500946046));
#1924=CARTESIAN_POINT('Ctrl Pts',(-20.2497722953102,29.4960842674206,203.671410980167));
#1925=CARTESIAN_POINT('Ctrl Pts',(-20.2497722953102,25.5899590160609,204.27411171385));
#1926=CARTESIAN_POINT('Ctrl Pts',(-20.2497722953102,21.6772863385148,204.795289531477));
#1927=CARTESIAN_POINT('Ctrl Pts',(-20.2497722953102,17.7583180701971,205.238080070902));
#1928=CARTESIAN_POINT('Ctrl Pts',(-20.2497722953102,14.3989815226222,205.55501342932));
#1929=CARTESIAN_POINT('Ctrl Pts',(-20.2497722953102,11.8217273503935,205.762081314996));
#1930=CARTESIAN_POINT('Ctrl Pts',(-20.2497722953102,10.0289859463735,205.889544888221));
#1931=CARTESIAN_POINT('Ctrl Pts',(-20.2497722953102,9.02225026006727,205.955993071377));
#1932=CARTESIAN_POINT('Ctrl Pts',(-20.2497722953102,8.8022306808463,205.970271021549));
#1933=CARTESIAN_POINT('',(-20.2497722953097,3.50335118282023,204.843683912772));
#1934=CARTESIAN_POINT('Origin',(-20.2497722953162,8.15465281659132,195.991260904823));
#1935=CARTESIAN_POINT('',(-20.24977229531,-9.70016742598867,197.906199382093));
#1936=CARTESIAN_POINT('',(-20.2497722953102,6.90534883959821,206.63118517032));
#1937=CARTESIAN_POINT('',(-20.2497722953101,-9.37608885693127,196.030954834967));
#1938=CARTESIAN_POINT('Origin',(-20.2497722953158,-9.23503726261156,197.020957081298));
#1939=CARTESIAN_POINT('',(-20.2497722953101,20.8000732324537,189.421866833745));
#1940=CARTESIAN_POINT('Ctrl Pts',(-20.2497722953101,-9.37608885693129,196.030954834967));
#1941=CARTESIAN_POINT('Ctrl Pts',(-20.2497722953101,1.24491471562592,194.51771636229));
#1942=CARTESIAN_POINT('Ctrl Pts',(-20.2497722953101,11.333302792133,192.351327724499));
#1943=CARTESIAN_POINT('Ctrl Pts',(-20.2497722953101,20.8000732322768,189.4218668338));
#1944=CARTESIAN_POINT('Origin',(-20.2497722953163,22.2781557628473,194.198400308279));
#1945=CARTESIAN_POINT('',(-20.2497722953072,97.4901206838506,134.096631480683));
#1946=CARTESIAN_POINT('',(-20.2497722953119,117.141573413626,143.260254382448));
#1947=CARTESIAN_POINT('',(-20.2497722953098,76.8749246810852,124.483607710226));
#1948=CARTESIAN_POINT('',(-20.24977229531,118.927931766948,148.863273035357));
#1949=CARTESIAN_POINT('Origin',(-20.2497722953075,115.451100366663,146.885485530595));
#1950=CARTESIAN_POINT('',(-20.2497722953101,103.466208086738,169.485648822347));
#1951=CARTESIAN_POINT('Ctrl Pts',(-20.24977229531,118.92793176682,148.863273035581));
#1952=CARTESIAN_POINT('Ctrl Pts',(-20.24977229531,114.444362598776,156.745117789471));
#1953=CARTESIAN_POINT('Ctrl Pts',(-20.2497722953101,109.259993137632,163.573300625588));
#1954=CARTESIAN_POINT('Ctrl Pts',(-20.2497722953101,103.466208086738,169.485648822347));
#1955=CARTESIAN_POINT('',(-20.2497722953114,97.5693678551074,170.412299202686));
#1956=CARTESIAN_POINT('Origin',(-20.2497722953119,99.895048422185,165.986103330391));
#1957=CARTESIAN_POINT('',(-20.2497722953101,86.1871121868082,164.431657680929));
#1958=CARTESIAN_POINT('',(-20.24977229531,71.2025563228574,156.55823965232));
#1959=CARTESIAN_POINT('',(-20.2497722953077,77.6424827825922,159.94200581258));
#1960=CARTESIAN_POINT('',(-20.24977229531,65.511428493416,153.567918888743));
#1961=CARTESIAN_POINT('',(-20.24977229531,76.8645903016137,155.218254552276));
#1962=CARTESIAN_POINT('Origin',(-20.2497722953088,79.0378911233595,157.286288289477));
#1963=CARTESIAN_POINT('',(-20.2497722953099,92.4617178721068,135.517724501263));
#1964=CARTESIAN_POINT('Ctrl Pts',(-20.24977229531,76.8645903016137,155.218254552276));
#1965=CARTESIAN_POINT('Ctrl Pts',(-20.2497722953099,82.5887429241999,149.202731026385));
#1966=CARTESIAN_POINT('Ctrl Pts',(-20.2497722953099,87.7725199389984,142.619009651265));
#1967=CARTESIAN_POINT('Ctrl Pts',(-20.2497722953099,92.4617178720109,135.517724501409));
#1968=CARTESIAN_POINT('Origin',(-20.2497722953043,95.7996476368878,137.721862628829));
#1969=CARTESIAN_POINT('Origin',(-0.24977229531009,-45.6999999999998,186.367639084249));
#1970=CARTESIAN_POINT('',(-0.249772295310146,-65.6999999999998,200.231568765529));
#1971=CARTESIAN_POINT('',(-0.249772295310082,-65.6999999999998,186.367639084249));
#1972=CARTESIAN_POINT('Ctrl Pts',(-20.2497722953102,-45.6999999999998,204.706532941744));
#1973=CARTESIAN_POINT('Ctrl Pts',(-20.2497722953102,-46.22625578503,204.615056428353));
#1974=CARTESIAN_POINT('Ctrl Pts',(-20.2290186822811,-46.7526151870562,204.521518851743));
#1975=CARTESIAN_POINT('Ctrl Pts',(-20.1059999524432,-48.3097425419269,204.238821007633));
#1976=CARTESIAN_POINT('Ctrl Pts',(-19.9437211857187,-49.335870104852,204.044400198658));
#1977=CARTESIAN_POINT('Ctrl Pts',(-18.9086457708872,-53.6833417227578,203.189832716713));
#1978=CARTESIAN_POINT('Ctrl Pts',(-16.3912353817972,-58.419222848822,202.122257059891));
#1979=CARTESIAN_POINT('Ctrl Pts',(-10.8156752090461,-62.9705751233665,200.96721265922));
#1980=CARTESIAN_POINT('Ctrl Pts',(-5.77091311639457,-65.1861737266733,200.373547446732));
#1981=CARTESIAN_POINT('Ctrl Pts',(-2.09230672228513,-65.6999999999998,200.231568765529));
#1982=CARTESIAN_POINT('Ctrl Pts',(-0.249772295310139,-65.6999999999998,
200.231568765529));
#1983=CARTESIAN_POINT('',(-13.4785288506332,-60.6999999999997,199.922270755636));
#1984=CARTESIAN_POINT('Ctrl Pts',(-20.2497722953102,-45.6999999999998,203.197262697122));
#1985=CARTESIAN_POINT('Ctrl Pts',(-20.2497722953102,-47.0782780765301,202.965001266705));
#1986=CARTESIAN_POINT('Ctrl Pts',(-20.1073108531234,-48.4519450188227,202.71829934243));
#1987=CARTESIAN_POINT('Ctrl Pts',(-19.4459717322672,-51.6100193743209,202.11179339238));
#1988=CARTESIAN_POINT('Ctrl Pts',(-18.8179735209247,-53.3567306105605,201.745091403203));
#1989=CARTESIAN_POINT('Ctrl Pts',(-16.8289090149279,-57.1486425329439,200.878535711059));
#1990=CARTESIAN_POINT('Ctrl Pts',(-15.3106195896434,-59.0842478417578,200.378477486526));
#1991=CARTESIAN_POINT('Ctrl Pts',(-13.4785288506332,-60.6999999999997,199.922270755636));
#1992=CARTESIAN_POINT('',(-13.4785288506343,-60.6999999999988,198.752290948259));
#1993=CARTESIAN_POINT('',(-13.4785288506452,-60.6999999999891,186.367639084249));
#1994=CARTESIAN_POINT('Ctrl Pts',(-13.4785288506342,-60.6999999999988,198.752290948259));
#1995=CARTESIAN_POINT('Ctrl Pts',(-14.5472959779138,-59.7574359905911,198.772091637508));
#1996=CARTESIAN_POINT('Ctrl Pts',(-15.5122915199264,-58.7033208612971,198.791023976093));
#1997=CARTESIAN_POINT('Ctrl Pts',(-17.2458101359489,-56.3481274237149,198.822348141805));
#1998=CARTESIAN_POINT('Ctrl Pts',(-17.9960008982011,-55.0444924560364,198.834211022933));
#1999=CARTESIAN_POINT('Ctrl Pts',(-19.6485617172429,-51.2406277938089,198.847337480075));
#2000=CARTESIAN_POINT('Ctrl Pts',(-20.2108420820073,-48.626719829632,198.832662300058));
#2001=CARTESIAN_POINT('Ctrl Pts',(-20.2491222177225,-45.8862155255234,198.785627186937));
#2002=CARTESIAN_POINT('Ctrl Pts',(-20.2497722953101,-45.793100479862,198.783992856524));
#2003=CARTESIAN_POINT('Ctrl Pts',(-20.2497722953101,-45.6999999999998,198.782322502088));
#2004=CARTESIAN_POINT('Origin',(-20.2497722953102,-65.6999999999998,203.731568765528));
#2005=CARTESIAN_POINT('',(4.75022770468985,-65.6999999999998,200.231568765528));
#2006=CARTESIAN_POINT('',(4.75022770468992,-65.6999999999998,186.367639084249));
#2007=CARTESIAN_POINT('Ctrl Pts',(-0.249772295310152,-65.6999999999998,
200.231568765528));
#2008=CARTESIAN_POINT('Ctrl Pts',(1.41689437135652,-65.6999999999998,200.231568765528));
#2009=CARTESIAN_POINT('Ctrl Pts',(3.08356103802319,-65.6999999999998,200.231568765528));
#2010=CARTESIAN_POINT('Ctrl Pts',(4.75022770468985,-65.6999999999998,200.231568765528));
#2011=CARTESIAN_POINT('Origin',(4.75022770468991,-45.6999999999998,186.367639084249));
#2012=CARTESIAN_POINT('',(24.7502277046899,-45.6999999856647,198.782322501586));
#2013=CARTESIAN_POINT('',(24.7502277046899,-45.6999999999998,186.367639084249));
#2014=CARTESIAN_POINT('',(17.9789842600153,-60.6999999999976,198.752290948267));
#2015=CARTESIAN_POINT('Ctrl Pts',(24.7502277046899,-45.6999999856601,198.782322501843));
#2016=CARTESIAN_POINT('Ctrl Pts',(24.7502277050099,-46.1464212460272,198.790331931388));
#2017=CARTESIAN_POINT('Ctrl Pts',(24.7352808900984,-46.5929721409299,198.797508529443));
#2018=CARTESIAN_POINT('Ctrl Pts',(24.533078780775,-49.6066095953397,198.840391319086));
#2019=CARTESIAN_POINT('Ctrl Pts',(23.8668364462954,-52.1170777926512,198.848108275997));
#2020=CARTESIAN_POINT('Ctrl Pts',(21.585990167704,-56.8166858524253,198.822665017226));
#2021=CARTESIAN_POINT('Ctrl Pts',(19.9664622937865,-58.9472091288097,198.789112285614));
#2022=CARTESIAN_POINT('Ctrl Pts',(17.9789842600153,-60.6999999999976,198.752290948267));
#2023=CARTESIAN_POINT('',(17.9789842600143,-60.6999999999985,199.922270755645));
#2024=CARTESIAN_POINT('',(17.9789842600264,-60.6999999999879,186.367639084249));
#2025=CARTESIAN_POINT('',(24.7502277046898,-45.7000000430863,203.197262682612));
#2026=CARTESIAN_POINT('Ctrl Pts',(17.9789842600143,-60.6999999999985,199.922270755645));
#2027=CARTESIAN_POINT('Ctrl Pts',(19.4107515844487,-59.4372999080777,200.278793430296));
#2028=CARTESIAN_POINT('Ctrl Pts',(20.6523679835767,-57.9778847345298,200.663015613296));
#2029=CARTESIAN_POINT('Ctrl Pts',(22.6222001994713,-54.853923692769,201.412410099964));
#2030=CARTESIAN_POINT('Ctrl Pts',(23.3699976319505,-53.2177769270422,201.774866064137));
#2031=CARTESIAN_POINT('Ctrl Pts',(24.4599720360002,-49.6224133147336,202.504957121271));
#2032=CARTESIAN_POINT('Ctrl Pts',(24.7502277003343,-47.6674241905537,202.865720923995));
#2033=CARTESIAN_POINT('Ctrl Pts',(24.7502277046898,-45.7000000442761,203.197262689672));
#2034=CARTESIAN_POINT('',(24.7502277046898,-45.6999999999998,204.706532941744));
#2035=CARTESIAN_POINT('',(24.7502277046899,-45.6999999999998,186.367639084249));
#2036=CARTESIAN_POINT('Ctrl Pts',(4.75022770468985,-65.6999999999998,200.231568765529));
#2037=CARTESIAN_POINT('Ctrl Pts',(6.30386762826023,-65.6999999999998,200.231568765529));
#2038=CARTESIAN_POINT('Ctrl Pts',(9.42723339836507,-65.3315369512406,200.333069821288));
#2039=CARTESIAN_POINT('Ctrl Pts',(13.7890173508633,-63.7374703499657,200.762974548162));
#2040=CARTESIAN_POINT('Ctrl Pts',(18.9112178127578,-60.3864971290203,201.632331045856));
#2041=CARTESIAN_POINT('Ctrl Pts',(23.4887988262352,-54.3681776230484,203.069389219214));
#2042=CARTESIAN_POINT('Ctrl Pts',(24.7502277046898,-48.5860363487806,204.204867116461));
#2043=CARTESIAN_POINT('Ctrl Pts',(24.7502277046898,-45.6999999999998,204.706532941744));
#2044=CARTESIAN_POINT('Origin',(24.75022770469,31.0170377149643,169.003709402969));
#2045=CARTESIAN_POINT('',(24.7502277046901,124.5619981753,141.203565680767));
#2046=CARTESIAN_POINT('',(24.7502277046901,92.3880717354991,126.200617388972));
#2047=CARTESIAN_POINT('',(24.7502277046898,-45.1105313913244,204.808134216652));
#2048=CARTESIAN_POINT('Ctrl Pts',(24.7502277046898,-45.1105313913245,204.808134216652));
#2049=CARTESIAN_POINT('Ctrl Pts',(24.7502277046898,-37.9547380726032,206.030775025332));
#2050=CARTESIAN_POINT('Ctrl Pts',(24.7502277046898,-22.7903869693036,207.837902662248));
#2051=CARTESIAN_POINT('Ctrl Pts',(24.7502277046898,2.47357019604005,208.274502729671));
#2052=CARTESIAN_POINT('Ctrl Pts',(24.7502277046898,29.8692252045618,205.763908686158));
#2053=CARTESIAN_POINT('Ctrl Pts',(24.7502277046898,58.0859130739167,199.28116971617));
#2054=CARTESIAN_POINT('Ctrl Pts',(24.7502277046899,84.9193355367264,187.54249378173));
#2055=CARTESIAN_POINT('Ctrl Pts',(24.7502277046899,108.000912732503,169.182277945683));
#2056=CARTESIAN_POINT('Ctrl Pts',(24.75022770469,119.735914101785,151.553136375382));
#2057=CARTESIAN_POINT('Ctrl Pts',(24.7502277046901,124.5619981753,141.203565680767));
#2058=CARTESIAN_POINT('Ctrl Pts',(24.7502277046898,-45.6999999999998,204.706532941744));
#2059=CARTESIAN_POINT('Ctrl Pts',(24.7502277046898,-45.5034775892939,204.740693487711));
#2060=CARTESIAN_POINT('Ctrl Pts',(24.7502277046898,-45.3070437321469,204.774558064212));
#2061=CARTESIAN_POINT('Ctrl Pts',(24.7502277046898,-45.1105313913243,204.808134216652));
#2062=CARTESIAN_POINT('',(24.7502277046898,-44.0759931469742,203.464087512881));
#2063=CARTESIAN_POINT('Ctrl Pts',(24.7502277046898,-45.700000044276,203.197262689672));
#2064=CARTESIAN_POINT('Ctrl Pts',(24.7502277046898,-45.1581047996405,203.288580520938));
#2065=CARTESIAN_POINT('Ctrl Pts',(24.7502277046898,-44.6166042344468,203.377499628363));
#2066=CARTESIAN_POINT('Ctrl Pts',(24.7502277046898,-44.0759931470989,203.464087512861));
#2067=CARTESIAN_POINT('',(24.7502277046898,-20.0068104832674,206.101845657653));
#2068=CARTESIAN_POINT('',(24.7502277046898,3.1936681109278,208.644401931994));
#2069=CARTESIAN_POINT('',(24.7502277046898,-1.90566650671035,206.447240992238));
#2070=CARTESIAN_POINT('Ctrl Pts',(24.7502277046898,-20.0068104829668,206.101845657672));
#2071=CARTESIAN_POINT('Ctrl Pts',(24.7502277046898,-19.4888395919957,206.133918748295));
#2072=CARTESIAN_POINT('Ctrl Pts',(24.7502277046898,-18.9732437436104,206.164160715863));
#2073=CARTESIAN_POINT('Ctrl Pts',(24.7502277046898,-18.4602868295309,206.19255916113));
#2074=CARTESIAN_POINT('Ctrl Pts',(24.7502277046898,-17.9335106162689,206.221722673796));
#2075=CARTESIAN_POINT('Ctrl Pts',(24.7502277046898,-17.4095172821802,206.24894205784));
#2076=CARTESIAN_POINT('Ctrl Pts',(24.7502277046898,-16.8885374505929,206.274212522186));
#2077=CARTESIAN_POINT('Ctrl Pts',(24.7502277046898,-16.35145796905,206.300263910486));
#2078=CARTESIAN_POINT('Ctrl Pts',(24.7502277046898,-15.8175809313876,206.324244140245));
#2079=CARTESIAN_POINT('Ctrl Pts',(24.7502277046898,-15.2871037606781,206.346155958756));
#2080=CARTESIAN_POINT('Ctrl Pts',(24.7502277046898,-14.7378933550692,206.368841569741));
#2081=CARTESIAN_POINT('Ctrl Pts',(24.7502277046898,-14.1923269645866,206.389310186366));
#2082=CARTESIAN_POINT('Ctrl Pts',(24.7502277046898,-13.6505684438096,206.407572049338));
#2083=CARTESIAN_POINT('Ctrl Pts',(24.7502277046898,-13.0723191817647,206.427063960185));
#2084=CARTESIAN_POINT('Ctrl Pts',(24.7502277046898,-12.4984079626905,206.444041920956));
#2085=CARTESIAN_POINT('Ctrl Pts',(24.7502277046898,-11.9289740131922,206.45852511016));
#2086=CARTESIAN_POINT('Ctrl Pts',(24.7502277046898,-11.3305765622309,206.473744967545));
#2087=CARTESIAN_POINT('Ctrl Pts',(24.7502277046898,-10.737123033289,206.486209970179));
#2088=CARTESIAN_POINT('Ctrl Pts',(24.7502277046898,-10.1487147889755,206.495947513361));
#2089=CARTESIAN_POINT('Ctrl Pts',(24.7502277046898,-9.5233216928083,206.506297117294));
#2090=CARTESIAN_POINT('Ctrl Pts',(24.7502277046898,-8.90362759881396,206.513565809973));
#2091=CARTESIAN_POINT('Ctrl Pts',(24.7502277046898,-8.28969427917058,206.517789405736));
#2092=CARTESIAN_POINT('Ctrl Pts',(24.7502277046898,-7.58605799561506,206.522630119101));
#2093=CARTESIAN_POINT('Ctrl Pts',(24.7502277046898,-6.88998857062134,206.523471291583));
#2094=CARTESIAN_POINT('Ctrl Pts',(24.7502277046898,-6.20150786883164,206.520365610883));
#2095=CARTESIAN_POINT('Ctrl Pts',(24.7502277046898,-5.39094115358532,206.516709210063));
#2096=CARTESIAN_POINT('Ctrl Pts',(24.7502277046898,-4.59089135159422,206.507583152026));
#2097=CARTESIAN_POINT('Ctrl Pts',(24.7502277046898,-3.80131728718331,206.493059477834));
#2098=CARTESIAN_POINT('Ctrl Pts',(24.7502277046898,-3.16259145732327,206.481310553611));
#2099=CARTESIAN_POINT('Ctrl Pts',(24.7502277046898,-2.53071836943751,206.466029324136));
#2100=CARTESIAN_POINT('Ctrl Pts',(24.7502277046898,-1.90566650676606,206.44724099224));
#2101=CARTESIAN_POINT('',(24.7502277046898,-1.68812405718431,205.504845572835));
#2102=CARTESIAN_POINT('Origin',(24.7502277046815,-1.92068913988683,205.9474667227));
#2103=CARTESIAN_POINT('',(24.7502277046898,-15.0562899181393,198.480850899322));
#2104=CARTESIAN_POINT('',(24.7502277046898,-3.07216700951948,204.777632099706));
#2105=CARTESIAN_POINT('',(24.7502277046898,-20.6788262941269,197.380550494707));
#2106=CARTESIAN_POINT('Origin',(24.7502277046819,-19.70759157219,207.333273896616));
#2107=CARTESIAN_POINT('Ctrl Pts',(24.7502277046898,-20.6788262943321,197.380550494727));
#2108=CARTESIAN_POINT('Ctrl Pts',(24.7502277046898,-28.7510997772472,198.168281849746));
#2109=CARTESIAN_POINT('Ctrl Pts',(24.7502277046898,-37.095120327272,198.627938776236));
#2110=CARTESIAN_POINT('Ctrl Pts',(24.7502277046898,-45.6999999856588,198.782322501843));
#2111=CARTESIAN_POINT('',(24.7502277046899,95.096597113523,173.629561090306));
#2112=CARTESIAN_POINT('',(24.75022770469,74.7147088283272,162.920367664378));
#2113=CARTESIAN_POINT('',(24.75022770469,58.8451997431092,154.582099885157));
#2114=CARTESIAN_POINT('',(24.75022770469,67.9914385769902,163.700207172577));
#2115=CARTESIAN_POINT('Origin',(24.7502277046886,71.9239278480645,168.231821469148));
#2116=CARTESIAN_POINT('',(24.7502277046899,32.0685487663741,185.448617235237));
#2117=CARTESIAN_POINT('Ctrl Pts',(24.75022770469,67.991438576862,163.700207172688));
#2118=CARTESIAN_POINT('Ctrl Pts',(24.7502277046899,58.8877098323913,171.600331338461));
#2119=CARTESIAN_POINT('Ctrl Pts',(24.7502277046899,48.5697820980757,178.208787322587));
#2120=CARTESIAN_POINT('Ctrl Pts',(24.7502277046899,37.0301427728492,183.354353118124));
#2121=CARTESIAN_POINT('Ctrl Pts',(24.7502277046899,35.3998003216111,184.081328556062));
#2122=CARTESIAN_POINT('Ctrl Pts',(24.7502277046899,33.7457400790436,184.779175051761));
#2123=CARTESIAN_POINT('Ctrl Pts',(24.7502277046899,32.0685487663741,185.448617235237));
#2124=CARTESIAN_POINT('',(24.7502277046899,31.8797001567668,189.076602487076));
#2125=CARTESIAN_POINT('Origin',(24.7502277046851,32.8099604835211,187.306117885486));
#2126=CARTESIAN_POINT('',(24.7502277046898,48.8757523856237,198.006786395905));
#2127=CARTESIAN_POINT('',(24.7502277046899,35.9071759351086,191.192746807219));
#2128=CARTESIAN_POINT('',(24.7502277046898,52.830113078086,198.307868424302));
#2129=CARTESIAN_POINT('Origin',(24.7502277046827,51.2014032025092,193.580574891931));
#2130=CARTESIAN_POINT('',(24.7502277046899,95.4706111615701,176.916247642573));
#2131=CARTESIAN_POINT('Ctrl Pts',(24.7502277046898,52.830113078086,198.307868424302));
#2132=CARTESIAN_POINT('Ctrl Pts',(24.7502277046898,53.6400489525987,198.028818572971));
#2133=CARTESIAN_POINT('Ctrl Pts',(24.7502277046898,54.4430095727847,197.748787592121));
#2134=CARTESIAN_POINT('Ctrl Pts',(24.7502277046898,55.238926063529,197.467765793872));
#2135=CARTESIAN_POINT('Ctrl Pts',(24.7502277046898,56.0369271024653,197.186007984385));
#2136=CARTESIAN_POINT('Ctrl Pts',(24.7502277046898,56.8278470720075,196.903254161579));
#2137=CARTESIAN_POINT('Ctrl Pts',(24.7502277046898,57.6115645261912,196.619487243033));
#2138=CARTESIAN_POINT('Ctrl Pts',(24.7502277046898,58.4062127663607,196.331762526381));
#2139=CARTESIAN_POINT('Ctrl Pts',(24.7502277046898,59.1934561111842,196.042996247503));
#2140=CARTESIAN_POINT('Ctrl Pts',(24.7502277046898,59.9731145316556,195.753163083772));
#2141=CARTESIAN_POINT('Ctrl Pts',(24.7502277046898,60.766762755313,195.458129297806));
#2142=CARTESIAN_POINT('Ctrl Pts',(24.7502277046898,61.5525513100196,195.161989981795));
#2143=CARTESIAN_POINT('Ctrl Pts',(24.7502277046898,62.3302367368827,194.864710891153));
#2144=CARTESIAN_POINT('Ctrl Pts',(24.7502277046898,63.1326495860372,194.557979462382));
#2145=CARTESIAN_POINT('Ctrl Pts',(24.7502277046898,63.9264357013589,194.250034609292));
#2146=CARTESIAN_POINT('Ctrl Pts',(24.7502277046898,64.7112722290407,193.940830919721));
#2147=CARTESIAN_POINT('Ctrl Pts',(24.7502277046898,65.5965955936453,193.592038220675));
#2148=CARTESIAN_POINT('Ctrl Pts',(24.7502277046898,66.4705308976667,193.241643692953));
#2149=CARTESIAN_POINT('Ctrl Pts',(24.7502277046898,67.3325453329394,192.889572392503));
#2150=CARTESIAN_POINT('Ctrl Pts',(24.7502277046898,68.2992150729061,192.494756878366));
#2151=CARTESIAN_POINT('Ctrl Pts',(24.7502277046898,69.2508925223335,192.097832569608));
#2152=CARTESIAN_POINT('Ctrl Pts',(24.7502277046898,70.1867526436765,191.698683417602));
#2153=CARTESIAN_POINT('Ctrl Pts',(24.7502277046898,71.5340140705096,191.124069494231));
#2154=CARTESIAN_POINT('Ctrl Pts',(24.7502277046898,72.8484859775104,190.544843442857));
#2155=CARTESIAN_POINT('Ctrl Pts',(24.7502277046898,74.1276212185791,189.960646985475));
#2156=CARTESIAN_POINT('Ctrl Pts',(24.7502277046898,74.8395961208607,189.635479479879));
#2157=CARTESIAN_POINT('Ctrl Pts',(24.7502277046898,75.5406220650954,189.308771909157));
#2158=CARTESIAN_POINT('Ctrl Pts',(24.7502277046898,76.2302847889536,188.980466003751));
#2159=CARTESIAN_POINT('Ctrl Pts',(24.7502277046898,76.8327910051981,188.693649938456));
#2160=CARTESIAN_POINT('Ctrl Pts',(24.7502277046899,77.4266238186963,188.405613884462));
#2161=CARTESIAN_POINT('Ctrl Pts',(24.7502277046899,78.0115435984859,188.116324135613));
#2162=CARTESIAN_POINT('Ctrl Pts',(24.7502277046899,78.5591330443493,187.845497231242));
#2163=CARTESIAN_POINT('Ctrl Pts',(24.7502277046899,79.0989102807045,187.573571472407));
#2164=CARTESIAN_POINT('Ctrl Pts',(24.7502277046899,79.6307220786563,187.300525306149));
#2165=CARTESIAN_POINT('Ctrl Pts',(24.7502277046899,80.1474591142469,187.035218919425));
#2166=CARTESIAN_POINT('Ctrl Pts',(24.7502277046899,80.6566757026982,186.768854717126));
#2167=CARTESIAN_POINT('Ctrl Pts',(24.7502277046899,81.1582792104161,186.501419669539));
#2168=CARTESIAN_POINT('Ctrl Pts',(24.7502277046899,81.6483393937445,186.240139063578));
#2169=CARTESIAN_POINT('Ctrl Pts',(24.7502277046899,82.1311327225303,185.977836312022));
#2170=CARTESIAN_POINT('Ctrl Pts',(24.7502277046899,82.6066214648666,185.714506107554));
#2171=CARTESIAN_POINT('Ctrl Pts',(24.7502277046899,83.0784936152585,185.453178806228));
#2172=CARTESIAN_POINT('Ctrl Pts',(24.7502277046899,83.5431716537951,185.190839591192));
#2173=CARTESIAN_POINT('Ctrl Pts',(24.7502277046899,84.000670122917,184.927490507965));
#2174=CARTESIAN_POINT('Ctrl Pts',(24.7502277046899,84.486048401039,184.648093016632));
#2175=CARTESIAN_POINT('Ctrl Pts',(24.7502277046899,84.9633457857414,184.367558878134));
#2176=CARTESIAN_POINT('Ctrl Pts',(24.7502277046899,85.4326390894269,184.085898896798));
#2177=CARTESIAN_POINT('Ctrl Pts',(24.7502277046899,85.9575195733211,183.770876657749));
#2178=CARTESIAN_POINT('Ctrl Pts',(24.7502277046899,86.4723882104365,183.454446166338));
#2179=CARTESIAN_POINT('Ctrl Pts',(24.7502277046899,86.9774165549124,183.136631553131));
#2180=CARTESIAN_POINT('Ctrl Pts',(24.7502277046899,87.6343581120595,182.723217872161));
#2181=CARTESIAN_POINT('Ctrl Pts',(24.7502277046899,88.2746505480269,182.307462349097));
#2182=CARTESIAN_POINT('Ctrl Pts',(24.7502277046899,88.8987597660164,181.889430517234));
#2183=CARTESIAN_POINT('Ctrl Pts',(24.7502277046899,89.6897207937961,181.359640413445));
#2184=CARTESIAN_POINT('Ctrl Pts',(24.7502277046899,90.4546951321156,180.826195058273));
#2185=CARTESIAN_POINT('Ctrl Pts',(24.7502277046899,91.1946935590416,180.289236626352));
#2186=CARTESIAN_POINT('Ctrl Pts',(24.7502277046899,91.741873516026,179.892191334104));
#2187=CARTESIAN_POINT('Ctrl Pts',(24.7502277046899,92.2753999697467,179.493225559192));
#2188=CARTESIAN_POINT('Ctrl Pts',(24.7502277046899,92.7956542149466,179.092392934001));
#2189=CARTESIAN_POINT('Ctrl Pts',(24.7502277046899,93.2625554211247,178.73266643892));
#2190=CARTESIAN_POINT('Ctrl Pts',(24.7502277046899,93.7187677653504,178.371436463472));
#2191=CARTESIAN_POINT('Ctrl Pts',(24.7502277046899,94.1645252132698,178.008735916941));
#2192=CARTESIAN_POINT('Ctrl Pts',(24.7502277046899,94.5814803084214,177.669471050821));
#2193=CARTESIAN_POINT('Ctrl Pts',(24.7502277046899,94.9892883668986,177.328919575322));
#2194=CARTESIAN_POINT('Ctrl Pts',(24.7502277046899,95.3880941432587,176.987101851419));
#2195=CARTESIAN_POINT('Ctrl Pts',(24.7502277046899,95.4156427804864,176.963489825134));
#2196=CARTESIAN_POINT('Ctrl Pts',(24.7502277046899,95.4431484404523,176.939871753728));
#2197=CARTESIAN_POINT('Ctrl Pts',(24.7502277046899,95.4706111615394,176.916247642599));
#2198=CARTESIAN_POINT('Origin',(24.7502277046858,94.1663367867688,175.400045691896));
#2199=CARTESIAN_POINT('',(24.7502277046898,42.6708921347076,199.265122488485));
#2200=CARTESIAN_POINT('',(24.7502277046899,24.6038065797204,189.772188804309));
#2201=CARTESIAN_POINT('',(24.7502277046899,22.8409427054131,188.845932613065));
#2202=CARTESIAN_POINT('',(24.7502277046899,20.8000732324555,189.421866833757));
#2203=CARTESIAN_POINT('Origin',(24.7502277046837,22.278155762849,194.198400308291));
#2204=CARTESIAN_POINT('',(24.7502277046898,-9.37608885692954,196.030954834979));
#2205=CARTESIAN_POINT('Ctrl Pts',(24.7502277046899,20.8000732322786,189.421866833811));
#2206=CARTESIAN_POINT('Ctrl Pts',(24.7502277046899,11.3333027921347,192.351327724511));
#2207=CARTESIAN_POINT('Ctrl Pts',(24.7502277046899,1.24491471562766,194.517716362302));
#2208=CARTESIAN_POINT('Ctrl Pts',(24.7502277046898,-9.37608885692956,196.030954834979));
#2209=CARTESIAN_POINT('',(24.7502277046898,-9.70016742598694,197.906199382105));
#2210=CARTESIAN_POINT('Origin',(24.7502277046842,-9.23503726260982,197.02095708131));
#2211=CARTESIAN_POINT('',(24.7502277046898,3.50335118282197,204.843683912784));
#2212=CARTESIAN_POINT('',(24.7502277046898,6.90534883959383,206.631185170329));
#2213=CARTESIAN_POINT('',(24.7502277046898,8.80223068084803,205.970271021561));
#2214=CARTESIAN_POINT('Origin',(24.7502277046838,8.15465281659305,195.991260904834));
#2215=CARTESIAN_POINT('',(24.7502277046898,42.4243675278534,201.126178096558));
#2216=CARTESIAN_POINT('Ctrl Pts',(24.7502277046898,8.80223068084803,205.970271021561));
#2217=CARTESIAN_POINT('Ctrl Pts',(24.7502277046898,9.58691160979038,205.919349938794));
#2218=CARTESIAN_POINT('Ctrl Pts',(24.7502277046898,10.371295230421,205.864727028797));
#2219=CARTESIAN_POINT('Ctrl Pts',(24.7502277046898,11.1553731646882,205.806297975281));
#2220=CARTESIAN_POINT('Ctrl Pts',(24.7502277046898,11.9937456676922,205.743822920566));
#2221=CARTESIAN_POINT('Ctrl Pts',(24.7502277046898,12.8317686540722,205.676995985649));
#2222=CARTESIAN_POINT('Ctrl Pts',(24.7502277046898,13.6694267479545,205.605625723383));
#2223=CARTESIAN_POINT('Ctrl Pts',(24.7502277046898,14.6657194284484,205.520739454844));
#2224=CARTESIAN_POINT('Ctrl Pts',(24.7502277046898,15.6614958598125,205.429425296432));
#2225=CARTESIAN_POINT('Ctrl Pts',(24.7502277046898,16.6567234460711,205.331277391111));
#2226=CARTESIAN_POINT('Ctrl Pts',(24.7502277046898,17.7358997303299,205.224850586595));
#2227=CARTESIAN_POINT('Ctrl Pts',(24.7502277046898,18.8144301285319,205.110381764757));
#2228=CARTESIAN_POINT('Ctrl Pts',(24.7502277046898,19.8922708125727,204.987325215765));
#2229=CARTESIAN_POINT('Ctrl Pts',(24.7502277046898,20.6671034768853,204.898862945664));
#2230=CARTESIAN_POINT('Ctrl Pts',(24.7502277046898,21.4415795816292,204.805961102676));
#2231=CARTESIAN_POINT('Ctrl Pts',(24.7502277046898,22.2156854813162,204.708449784923));
#2232=CARTESIAN_POINT('Ctrl Pts',(24.7502277046898,22.8869132554725,204.623897652202));
#2233=CARTESIAN_POINT('Ctrl Pts',(24.7502277046898,23.5578626305084,204.53587913323));
#2234=CARTESIAN_POINT('Ctrl Pts',(24.7502277046898,24.2285279424855,204.444323705517));
#2235=CARTESIAN_POINT('Ctrl Pts',(24.7502277046898,24.850786545262,204.359376487423));
#2236=CARTESIAN_POINT('Ctrl Pts',(24.7502277046898,25.4728005678471,204.271383967277));
#2237=CARTESIAN_POINT('Ctrl Pts',(24.7502277046898,26.0945691757208,204.180335754351));
#2238=CARTESIAN_POINT('Ctrl Pts',(24.7502277046898,26.7475670613278,204.084714505906));
#2239=CARTESIAN_POINT('Ctrl Pts',(24.7502277046898,27.4002942855193,203.985723214452));
#2240=CARTESIAN_POINT('Ctrl Pts',(24.7502277046898,28.0527546235439,203.883408886132));
#2241=CARTESIAN_POINT('Ctrl Pts',(24.7502277046898,28.8309351401733,203.761379986857));
#2242=CARTESIAN_POINT('Ctrl Pts',(24.7502277046898,29.6087360456535,203.634624496251));
#2243=CARTESIAN_POINT('Ctrl Pts',(24.7502277046898,30.3861699188609,203.503299035659));
#2244=CARTESIAN_POINT('Ctrl Pts',(24.7502277046898,31.3979102772333,203.332394122531));
#2245=CARTESIAN_POINT('Ctrl Pts',(24.7502277046898,32.4090291882465,203.153751481712));
#2246=CARTESIAN_POINT('Ctrl Pts',(24.7502277046898,33.4195626300652,202.967819082348));
#2247=CARTESIAN_POINT('Ctrl Pts',(24.7502277046898,34.3891282108398,202.789424536147));
#2248=CARTESIAN_POINT('Ctrl Pts',(24.7502277046898,35.3581553148396,202.604325340565));
#2249=CARTESIAN_POINT('Ctrl Pts',(24.7502277046898,36.3266762281236,202.412923493826));
#2250=CARTESIAN_POINT('Ctrl Pts',(24.7502277046898,37.1574297869047,202.248747621983));
#2251=CARTESIAN_POINT('Ctrl Pts',(24.7502277046898,37.9878110398835,202.079936118702));
#2252=CARTESIAN_POINT('Ctrl Pts',(24.7502277046898,38.8178373623023,201.906705325545));
#2253=CARTESIAN_POINT('Ctrl Pts',(24.7502277046898,39.5850247880911,201.74658933563));
#2254=CARTESIAN_POINT('Ctrl Pts',(24.7502277046898,40.3519090137723,201.582698158913));
#2255=CARTESIAN_POINT('Ctrl Pts',(24.7502277046898,41.1185001785905,201.415158040541));
#2256=CARTESIAN_POINT('Ctrl Pts',(24.7502277046898,41.5538834797797,201.320004100389));
#2257=CARTESIAN_POINT('Ctrl Pts',(24.7502277046898,41.9891721807284,201.223672279455));
#2258=CARTESIAN_POINT('Ctrl Pts',(24.7502277046898,42.4243675278146,201.126178096566));
#2259=CARTESIAN_POINT('Origin',(24.7502277046814,42.2057619713333,200.150364789281));
#2260=CARTESIAN_POINT('',(24.75022770469,117.141573413628,143.26025438246));
#2261=CARTESIAN_POINT('',(24.7502277046901,97.4901206838523,134.096631480694));
#2262=CARTESIAN_POINT('',(24.7502277046902,76.8749246810811,124.483607710236));
#2263=CARTESIAN_POINT('',(24.7502277046901,92.4617178721085,135.517724501275));
#2264=CARTESIAN_POINT('Origin',(24.7502277046957,95.7996476368895,137.721862628841));
#2265=CARTESIAN_POINT('',(24.75022770469,76.8645903016154,155.218254552288));
#2266=CARTESIAN_POINT('Ctrl Pts',(24.7502277046901,92.4617178720126,135.51772450142));
#2267=CARTESIAN_POINT('Ctrl Pts',(24.7502277046901,87.7725199390001,142.619009651276));
#2268=CARTESIAN_POINT('Ctrl Pts',(24.75022770469,82.5887429242016,149.202731026397));
#2269=CARTESIAN_POINT('Ctrl Pts',(24.75022770469,76.8645903016154,155.218254552288));
#2270=CARTESIAN_POINT('',(24.75022770469,77.642482782594,159.942005812592));
#2271=CARTESIAN_POINT('Origin',(24.7502277046912,79.0378911233613,157.286288289489));
#2272=CARTESIAN_POINT('',(24.75022770469,86.18711218681,164.431657680941));
#2273=CARTESIAN_POINT('',(24.75022770469,65.5114284934116,153.567918888751));
#2274=CARTESIAN_POINT('',(24.7502277046899,97.5693678551091,170.412299202698));
#2275=CARTESIAN_POINT('',(24.75022770469,71.202556322853,156.558239652329));
#2276=CARTESIAN_POINT('',(24.7502277046899,103.46620808674,169.485648822359));
#2277=CARTESIAN_POINT('Origin',(24.7502277046881,99.8950484221868,165.986103330403));
#2278=CARTESIAN_POINT('',(24.75022770469,118.92793176695,148.863273035369));
#2279=CARTESIAN_POINT('Ctrl Pts',(24.7502277046899,103.46620808674,169.485648822359));
#2280=CARTESIAN_POINT('Ctrl Pts',(24.7502277046899,106.41696070241,166.474512448971));
#2281=CARTESIAN_POINT('Ctrl Pts',(24.75022770469,109.154368461715,163.282211894665));
#2282=CARTESIAN_POINT('Ctrl Pts',(24.75022770469,114.340210541001,156.387238543886));
#2283=CARTESIAN_POINT('Ctrl Pts',(24.75022770469,116.746665215029,152.697808354155));
#2284=CARTESIAN_POINT('Ctrl Pts',(24.75022770469,118.927931766822,148.863273035593));
#2285=CARTESIAN_POINT('Origin',(24.7502277046925,115.451100366665,146.885485530606));
#2286=CARTESIAN_POINT('Ctrl Pts',(-16.7497722953099,127.734075429928,142.68272959686));
#2287=CARTESIAN_POINT('Ctrl Pts',(-16.74977229531,122.772612427328,153.322621341788));
#2288=CARTESIAN_POINT('Ctrl Pts',(-16.7497722953101,110.631947374614,171.586751451909));
#2289=CARTESIAN_POINT('Ctrl Pts',(-16.7497722953102,86.70247706298,190.600591036437));
#2290=CARTESIAN_POINT('Ctrl Pts',(-16.7497722953102,59.1527129707568,202.633473062267));
#2291=CARTESIAN_POINT('Ctrl Pts',(-16.7497722953102,30.4074585367899,209.23267139123));
#2292=CARTESIAN_POINT('Ctrl Pts',(-16.7497722953102,2.60276672295242,211.778543747898));
#2293=CARTESIAN_POINT('Ctrl Pts',(-16.7497722953102,-23.0203479456861,211.336333939485));
#2294=CARTESIAN_POINT('Ctrl Pts',(-16.7497722953102,-38.4207618035665,209.501870729159));
#2295=CARTESIAN_POINT('Ctrl Pts',(-16.7497722953102,-45.6999999999998,208.258138094821));
#2296=CARTESIAN_POINT('Ctrl Pts',(-17.9164389619766,126.676716345052,142.189674958162));
#2297=CARTESIAN_POINT('Ctrl Pts',(-17.9164389619767,121.760379652147,152.732793019652));
#2298=CARTESIAN_POINT('Ctrl Pts',(-17.9164389619767,109.756033259215,170.784832368354));
#2299=CARTESIAN_POINT('Ctrl Pts',(-17.9164389619768,86.1069782514862,189.581672871136));
#2300=CARTESIAN_POINT('Ctrl Pts',(-17.9164389619769,58.7970423553927,201.516079089112));
#2301=CARTESIAN_POINT('Ctrl Pts',(-17.9164389619769,30.2278461160272,208.076497946205));
#2302=CARTESIAN_POINT('Ctrl Pts',(-17.9164389619769,2.55966631872293,210.610547824074));
#2303=CARTESIAN_POINT('Ctrl Pts',(-17.9164389619769,-22.9437396479678,210.170208448887));
#2304=CARTESIAN_POINT('Ctrl Pts',(-17.9164389619769,-38.265420559912,208.344838827883));
#2305=CARTESIAN_POINT('Ctrl Pts',(-17.9164389619769,-45.5035104637746,207.108136802098));
#2306=CARTESIAN_POINT('Ctrl Pts',(-19.0831056286433,125.619357260176,141.696620319465));
#2307=CARTESIAN_POINT('Ctrl Pts',(-19.0831056286433,120.748146876966,152.142964697517));
#2308=CARTESIAN_POINT('Ctrl Pts',(-19.0831056286434,108.880119143816,169.9829132848));
#2309=CARTESIAN_POINT('Ctrl Pts',(-19.0831056286435,85.5114794399923,188.562754705834));
#2310=CARTESIAN_POINT('Ctrl Pts',(-19.0831056286435,58.4413717400286,200.398685115958));
#2311=CARTESIAN_POINT('Ctrl Pts',(-19.0831056286436,30.0482336952644,206.920324501181));
#2312=CARTESIAN_POINT('Ctrl Pts',(-19.0831056286436,2.51656591449338,209.442551900249));
#2313=CARTESIAN_POINT('Ctrl Pts',(-19.0831056286435,-22.8671313502494,209.004082958288));
#2314=CARTESIAN_POINT('Ctrl Pts',(-19.0831056286435,-38.1100793162574,207.187806926608));
#2315=CARTESIAN_POINT('Ctrl Pts',(-19.0831056286435,-45.3070209275494,205.958135509375));
#2316=CARTESIAN_POINT('Ctrl Pts',(-20.2497722953099,124.5619981753,141.203565680767));
#2317=CARTESIAN_POINT('Ctrl Pts',(-20.24977229531,119.735914101785,151.553136375382));
#2318=CARTESIAN_POINT('Ctrl Pts',(-20.2497722953101,108.004205028418,169.180994201245));
#2319=CARTESIAN_POINT('Ctrl Pts',(-20.2497722953102,84.9159806284985,187.543836540533));
#2320=CARTESIAN_POINT('Ctrl Pts',(-20.2497722953102,58.0857011246645,199.281291142803));
#2321=CARTESIAN_POINT('Ctrl Pts',(-20.2497722953102,29.8686212745016,205.764151056156));
#2322=CARTESIAN_POINT('Ctrl Pts',(-20.2497722953102,2.47346551026388,208.274555976424));
#2323=CARTESIAN_POINT('Ctrl Pts',(-20.2497722953102,-22.790523052531,207.83795746769));
#2324=CARTESIAN_POINT('Ctrl Pts',(-20.2497722953102,-37.9547380726029,206.030775025332));
#2325=CARTESIAN_POINT('Ctrl Pts',(-20.2497722953102,-45.1105313913242,204.808134216652));
#2326=CARTESIAN_POINT('',(-16.7497722953099,127.734075429928,142.68272959686));
#2327=CARTESIAN_POINT('Ctrl Pts',(-16.7497722953099,127.734075429928,142.68272959686));
#2328=CARTESIAN_POINT('Ctrl Pts',(-17.3331056286433,127.20539588749,142.436202277511));
#2329=CARTESIAN_POINT('Ctrl Pts',(-17.9164389619766,126.676716345052,142.189674958162));
#2330=CARTESIAN_POINT('Ctrl Pts',(-19.0831056286433,125.619357260176,141.696620319465));
#2331=CARTESIAN_POINT('Ctrl Pts',(-19.6664389619766,125.090677717738,141.450093000116));
#2332=CARTESIAN_POINT('Ctrl Pts',(-20.2497722953099,124.5619981753,141.203565680767));
#2333=CARTESIAN_POINT('',(-16.7497722953102,-45.6999999999998,208.258138094821));
#2334=CARTESIAN_POINT('',(-20.2497722953102,-45.1105313913242,204.808134216652));
#2335=CARTESIAN_POINT('Ctrl Pts',(-16.7497722953102,-45.6999999999998,208.258138094821));
#2336=CARTESIAN_POINT('Ctrl Pts',(-16.7497722953102,-38.4207618035665,209.501870729159));
#2337=CARTESIAN_POINT('Ctrl Pts',(-16.7497722953102,-23.0203479456861,211.336333939485));
#2338=CARTESIAN_POINT('Ctrl Pts',(-16.7497722953102,2.60276672295242,211.778543747898));
#2339=CARTESIAN_POINT('Ctrl Pts',(-16.7497722953102,30.4074585367899,209.23267139123));
#2340=CARTESIAN_POINT('Ctrl Pts',(-16.7497722953102,59.1527129707568,202.633473062267));
#2341=CARTESIAN_POINT('Ctrl Pts',(-16.7497722953102,86.70247706298,190.600591036437));
#2342=CARTESIAN_POINT('Ctrl Pts',(-16.7497722953101,110.631947374614,171.586751451909));
#2343=CARTESIAN_POINT('Ctrl Pts',(-16.74977229531,122.772612427328,153.322621341788));
#2344=CARTESIAN_POINT('Ctrl Pts',(-16.7497722953099,127.734075429928,142.68272959686));
#2345=CARTESIAN_POINT('Ctrl Pts',(-0.249772295310139,-65.6999999999998,
200.231568765529));
#2346=CARTESIAN_POINT('Ctrl Pts',(-2.09230672228513,-65.6999999999998,200.231568765529));
#2347=CARTESIAN_POINT('Ctrl Pts',(-5.77091311639457,-65.1861737266733,200.373547446732));
#2348=CARTESIAN_POINT('Ctrl Pts',(-10.8156752090461,-62.9705751233665,200.96721265922));
#2349=CARTESIAN_POINT('Ctrl Pts',(-16.3912353817972,-58.419222848822,202.122257059891));
#2350=CARTESIAN_POINT('Ctrl Pts',(-18.9086457708872,-53.6833417227578,203.189832716713));
#2351=CARTESIAN_POINT('Ctrl Pts',(-19.9437211857187,-49.335870104852,204.044400198658));
#2352=CARTESIAN_POINT('Ctrl Pts',(-20.1059999524432,-48.3097425419269,204.238821007633));
#2353=CARTESIAN_POINT('Ctrl Pts',(-20.2290186822811,-46.7526151870562,204.521518851743));
#2354=CARTESIAN_POINT('Ctrl Pts',(-20.2497722953102,-46.22625578503,204.615056428353));
#2355=CARTESIAN_POINT('Ctrl Pts',(-20.2497722953102,-45.6999999999998,204.706532941744));
#2356=CARTESIAN_POINT('Ctrl Pts',(-0.249772295310149,-64.5755069094212,
201.709083305522));
#2357=CARTESIAN_POINT('Ctrl Pts',(-1.95684611844025,-64.5751877961916,201.709193455084));
#2358=CARTESIAN_POINT('Ctrl Pts',(-5.36345499456174,-64.1061112839135,201.837676764879));
#2359=CARTESIAN_POINT('Ctrl Pts',(-10.0651452965939,-62.0699508079052,202.378557925094));
#2360=CARTESIAN_POINT('Ctrl Pts',(-15.3143717334489,-57.8541639200489,203.439336192844));
#2361=CARTESIAN_POINT('Ctrl Pts',(-17.7396090404012,-53.4132635541378,204.433150966952));
#2362=CARTESIAN_POINT('Ctrl Pts',(-18.7588674470896,-49.3075058127587,205.236615917023));
#2363=CARTESIAN_POINT('Ctrl Pts',(-18.9217876190764,-48.3377236291653,205.419633460634));
#2364=CARTESIAN_POINT('Ctrl Pts',(-19.0519955065636,-46.8632323496567,205.686765334796));
#2365=CARTESIAN_POINT('Ctrl Pts',(-19.0761738789825,-46.3647323982341,205.775191263096));
#2366=CARTESIAN_POINT('Ctrl Pts',(-19.0806196633556,-45.8658589236739,205.861853465864));
#2367=CARTESIAN_POINT('Ctrl Pts',(-0.249772295310159,-63.4510138188425,
203.186597845516));
#2368=CARTESIAN_POINT('Ctrl Pts',(-1.81999546323108,-63.4513329320721,203.186487695954));
#2369=CARTESIAN_POINT('Ctrl Pts',(-4.95723761776966,-63.0255730883156,203.301957539806));
#2370=CARTESIAN_POINT('Ctrl Pts',(-9.31394998046152,-61.1695835525786,203.789802682165));
#2371=CARTESIAN_POINT('Ctrl Pts',(-14.2372915096459,-57.2889610584456,204.756474668493));
#2372=CARTESIAN_POINT('Ctrl Pts',(-16.5707827314082,-53.1411918484116,205.677169353815));
#2373=CARTESIAN_POINT('Ctrl Pts',(-17.5738612636701,-49.2799434218135,206.42855484097));
#2374=CARTESIAN_POINT('Ctrl Pts',(-17.7376440997413,-48.3652208937805,206.600616488033));
#2375=CARTESIAN_POINT('Ctrl Pts',(-17.8749273682435,-46.9741050095637,206.85192309623));
#2376=CARTESIAN_POINT('Ctrl Pts',(-17.9026035124221,-46.5030284115414,206.935389239018));
#2377=CARTESIAN_POINT('Ctrl Pts',(-17.911467031401,-46.0317178473479,207.017173989984));
#2378=CARTESIAN_POINT('Ctrl Pts',(-0.249772295310169,-62.3265207282639,
204.66411238551));
#2379=CARTESIAN_POINT('Ctrl Pts',(-1.6845348593862,-62.3265207282639,204.66411238551));
#2380=CARTESIAN_POINT('Ctrl Pts',(-4.54977949593683,-61.9455106455558,204.766086857953));
#2381=CARTESIAN_POINT('Ctrl Pts',(-8.56342006800933,-60.2689592371174,205.201147948038));
#2382=CARTESIAN_POINT('Ctrl Pts',(-13.1604278612976,-56.7239021296725,206.073553801446));
#2383=CARTESIAN_POINT('Ctrl Pts',(-15.4017460009223,-52.8711136797915,206.920487604054));
#2384=CARTESIAN_POINT('Ctrl Pts',(-16.389007525041,-49.2515791297201,207.620770559335));
#2385=CARTESIAN_POINT('Ctrl Pts',(-16.5534317663745,-48.3932019810189,207.781428941033));
#2386=CARTESIAN_POINT('Ctrl Pts',(-16.697904192526,-47.0847221721642,208.017169579283));
#2387=CARTESIAN_POINT('Ctrl Pts',(-16.7290050960943,-46.6415050247454,208.095524073762));
#2388=CARTESIAN_POINT('Ctrl Pts',(-16.7423143994464,-46.197576771022,208.172494514104));
#2389=CARTESIAN_POINT('',(-16.7423143994464,-46.197576771022,208.172494514104));
#2390=CARTESIAN_POINT('',(-16.7423143994464,-46.197576771022,208.172494514104));
#2391=CARTESIAN_POINT('',(-0.249772295310173,-62.3265207282639,204.66411238551));
#2392=CARTESIAN_POINT('',(-0.249772295310146,-65.6999999999998,200.231568765529));
#2393=CARTESIAN_POINT('Ctrl Pts',(-0.249772295310169,-62.3265207282639,
204.66411238551));
#2394=CARTESIAN_POINT('Ctrl Pts',(-1.6845348593862,-62.3265207282639,204.66411238551));
#2395=CARTESIAN_POINT('Ctrl Pts',(-4.54977949593683,-61.9455106455558,204.766086857953));
#2396=CARTESIAN_POINT('Ctrl Pts',(-8.56342006800933,-60.2689592371174,205.201147948038));
#2397=CARTESIAN_POINT('Ctrl Pts',(-13.1604278612976,-56.7239021296725,206.073553801446));
#2398=CARTESIAN_POINT('Ctrl Pts',(-15.4017460009223,-52.8711136797915,206.920487604054));
#2399=CARTESIAN_POINT('Ctrl Pts',(-16.389007525041,-49.2515791297201,207.620770559335));
#2400=CARTESIAN_POINT('Ctrl Pts',(-16.5534317663745,-48.3932019810189,207.781428941033));
#2401=CARTESIAN_POINT('Ctrl Pts',(-16.697904192526,-47.0847221721642,208.017169579283));
#2402=CARTESIAN_POINT('Ctrl Pts',(-16.7290050960943,-46.6415050247454,208.095524073762));
#2403=CARTESIAN_POINT('Ctrl Pts',(-16.7423143994464,-46.197576771022,208.172494514104));
#2404=CARTESIAN_POINT('Ctrl Pts',(-0.249772295310174,-62.3265207282639,
204.66411238551));
#2405=CARTESIAN_POINT('Ctrl Pts',(1.4168943713565,-62.3265207282639,204.66411238551));
#2406=CARTESIAN_POINT('Ctrl Pts',(3.08356103802316,-62.3265207282639,204.66411238551));
#2407=CARTESIAN_POINT('Ctrl Pts',(4.75022770468983,-62.3265207282639,204.66411238551));
#2408=CARTESIAN_POINT('Ctrl Pts',(-0.249772295310166,-63.4510138188426,
203.186597845516));
#2409=CARTESIAN_POINT('Ctrl Pts',(1.4168943713565,-63.4510138188426,203.186597845516));
#2410=CARTESIAN_POINT('Ctrl Pts',(3.08356103802317,-63.4510138188426,203.186597845516));
#2411=CARTESIAN_POINT('Ctrl Pts',(4.75022770468984,-63.4510138188426,203.186597845516));
#2412=CARTESIAN_POINT('Ctrl Pts',(-0.249772295310159,-64.5755069094212,
201.709083305522));
#2413=CARTESIAN_POINT('Ctrl Pts',(1.41689437135651,-64.5755069094212,201.709083305522));
#2414=CARTESIAN_POINT('Ctrl Pts',(3.08356103802318,-64.5755069094212,201.709083305522));
#2415=CARTESIAN_POINT('Ctrl Pts',(4.75022770468985,-64.5755069094212,201.709083305522));
#2416=CARTESIAN_POINT('Ctrl Pts',(-0.249772295310152,-65.6999999999998,
200.231568765528));
#2417=CARTESIAN_POINT('Ctrl Pts',(1.41689437135652,-65.6999999999998,200.231568765528));
#2418=CARTESIAN_POINT('Ctrl Pts',(3.08356103802319,-65.6999999999998,200.231568765528));
#2419=CARTESIAN_POINT('Ctrl Pts',(4.75022770468985,-65.6999999999998,200.231568765528));
#2420=CARTESIAN_POINT('',(4.75022770468983,-62.3265207282639,204.66411238551));
#2421=CARTESIAN_POINT('',(4.75022770468985,-65.6999999999998,200.231568765528));
#2422=CARTESIAN_POINT('Ctrl Pts',(4.75022770468983,-62.3265207282639,204.66411238551));
#2423=CARTESIAN_POINT('Ctrl Pts',(3.08356103802316,-62.3265207282639,204.66411238551));
#2424=CARTESIAN_POINT('Ctrl Pts',(1.4168943713565,-62.3265207282639,204.66411238551));
#2425=CARTESIAN_POINT('Ctrl Pts',(-0.249772295310174,-62.3265207282639,
204.66411238551));
#2426=CARTESIAN_POINT('Ctrl Pts',(24.7502277046898,-45.6999999999998,204.706532941744));
#2427=CARTESIAN_POINT('Ctrl Pts',(24.7502277046898,-48.5860363487806,204.204867116461));
#2428=CARTESIAN_POINT('Ctrl Pts',(23.4887988262352,-54.3681776230484,203.069389219214));
#2429=CARTESIAN_POINT('Ctrl Pts',(18.9112178127578,-60.3864971290203,201.632331045856));
#2430=CARTESIAN_POINT('Ctrl Pts',(13.7890173508633,-63.7374703499657,200.762974548162));
#2431=CARTESIAN_POINT('Ctrl Pts',(9.42723339836507,-65.3315369512406,200.333069821288));
#2432=CARTESIAN_POINT('Ctrl Pts',(6.30386762826023,-65.6999999999998,200.231568765529));
#2433=CARTESIAN_POINT('Ctrl Pts',(4.75022770468985,-65.6999999999998,200.231568765529));
#2434=CARTESIAN_POINT('Ctrl Pts',(23.5810750727352,-45.8658589236739,205.861853465864));
#2435=CARTESIAN_POINT('Ctrl Pts',(23.5567452478709,-48.601397957514,205.386705198069));
#2436=CARTESIAN_POINT('Ctrl Pts',(22.3043993628294,-54.0653577280994,204.318431984079));
#2437=CARTESIAN_POINT('Ctrl Pts',(17.9410384617073,-59.6812906266553,202.988088535673));
#2438=CARTESIAN_POINT('Ctrl Pts',(13.1399448357358,-62.7754638046266,202.192279609917));
#2439=CARTESIAN_POINT('Ctrl Pts',(9.08224863337347,-64.2387137266055,201.801063728928));
#2440=CARTESIAN_POINT('Ctrl Pts',(6.18925545120787,-64.5755069094212,201.709083305522));
#2441=CARTESIAN_POINT('Ctrl Pts',(4.75022770468984,-64.5755069094212,201.709083305522));
#2442=CARTESIAN_POINT('Ctrl Pts',(22.4119224407806,-46.0317178473479,207.017173989984));
#2443=CARTESIAN_POINT('Ctrl Pts',(22.3632627910519,-48.6167595662475,206.568543279676));
#2444=CARTESIAN_POINT('Ctrl Pts',(21.1199998994236,-53.7625378331504,205.567474748944));
#2445=CARTESIAN_POINT('Ctrl Pts',(16.9708591106569,-58.9760841242902,204.343846025489));
#2446=CARTESIAN_POINT('Ctrl Pts',(12.4908723206082,-61.8134572592875,203.621584671673));
#2447=CARTESIAN_POINT('Ctrl Pts',(8.73726386838186,-63.1458905019704,203.269057636569));
#2448=CARTESIAN_POINT('Ctrl Pts',(6.0746432741555,-63.4510138188426,203.186597845516));
#2449=CARTESIAN_POINT('Ctrl Pts',(4.75022770468983,-63.4510138188426,203.186597845516));
#2450=CARTESIAN_POINT('Ctrl Pts',(21.242769808826,-46.197576771022,208.172494514104));
#2451=CARTESIAN_POINT('Ctrl Pts',(21.1697803342329,-48.6321211749809,207.750381361284));
#2452=CARTESIAN_POINT('Ctrl Pts',(19.9356004360178,-53.4597179382014,206.816517513808));
#2453=CARTESIAN_POINT('Ctrl Pts',(16.0006797596065,-58.2708776219252,205.699603515306));
#2454=CARTESIAN_POINT('Ctrl Pts',(11.8417998054807,-60.8514507139484,205.050889733429));
#2455=CARTESIAN_POINT('Ctrl Pts',(8.39227910339026,-62.0530672773353,204.737051544209));
#2456=CARTESIAN_POINT('Ctrl Pts',(5.96003109710313,-62.3265207282639,204.66411238551));
#2457=CARTESIAN_POINT('Ctrl Pts',(4.75022770468983,-62.3265207282639,204.66411238551));
#2458=CARTESIAN_POINT('',(21.242769808826,-46.197576771022,208.172494514104));
#2459=CARTESIAN_POINT('',(24.7502277046898,-45.6999999999998,204.706532941744));
#2460=CARTESIAN_POINT('Ctrl Pts',(21.242769808826,-46.197576771022,208.172494514104));
#2461=CARTESIAN_POINT('Ctrl Pts',(21.1697803342329,-48.6321211749809,207.750381361284));
#2462=CARTESIAN_POINT('Ctrl Pts',(19.9356004360178,-53.4597179382014,206.816517513808));
#2463=CARTESIAN_POINT('Ctrl Pts',(16.0006797596065,-58.2708776219252,205.699603515306));
#2464=CARTESIAN_POINT('Ctrl Pts',(11.8417998054807,-60.8514507139484,205.050889733429));
#2465=CARTESIAN_POINT('Ctrl Pts',(8.39227910339026,-62.0530672773353,204.737051544209));
#2466=CARTESIAN_POINT('Ctrl Pts',(5.96003109710313,-62.3265207282639,204.66411238551));
#2467=CARTESIAN_POINT('Ctrl Pts',(4.75022770468983,-62.3265207282639,204.66411238551));
#2468=CARTESIAN_POINT('Ctrl Pts',(-16.7497722953102,-45.6999999999998,208.258138094821));
#2469=CARTESIAN_POINT('Ctrl Pts',(-16.7497722953102,-45.8659191937685,208.229789095876));
#2470=CARTESIAN_POINT('Ctrl Pts',(-16.7472846125682,-46.0317966416308,208.201238279458));
#2471=CARTESIAN_POINT('Ctrl Pts',(-16.7423143994464,-46.197576771022,208.172494514103));
#2472=CARTESIAN_POINT('Ctrl Pts',(-17.9164389619769,-45.5035104637746,207.108136802098));
#2473=CARTESIAN_POINT('Ctrl Pts',(-17.9164389619769,-45.6796303073137,207.078044917336));
#2474=CARTESIAN_POINT('Ctrl Pts',(-17.9147805068155,-45.8556896139159,207.047723466544));
#2475=CARTESIAN_POINT('Ctrl Pts',(-17.911467031401,-46.0317178473479,207.017173989984));
#2476=CARTESIAN_POINT('Ctrl Pts',(-19.0831056286435,-45.3070209275494,205.958135509375));
#2477=CARTESIAN_POINT('Ctrl Pts',(-19.0831056286435,-45.4933414208588,205.926300738796));
#2478=CARTESIAN_POINT('Ctrl Pts',(-19.0822764010629,-45.679582586201,205.89420865363));
#2479=CARTESIAN_POINT('Ctrl Pts',(-19.0806196633556,-45.8658589236739,205.861853465864));
#2480=CARTESIAN_POINT('Ctrl Pts',(-20.2497722953102,-45.1105313913242,204.808134216652));
#2481=CARTESIAN_POINT('Ctrl Pts',(-20.2497722953102,-45.3070525344039,204.774556560256));
#2482=CARTESIAN_POINT('Ctrl Pts',(-20.2497722953102,-45.5034755584861,204.740693840716));
#2483=CARTESIAN_POINT('Ctrl Pts',(-20.2497722953102,-45.6999999999998,204.706532941744));
#2484=CARTESIAN_POINT('Ctrl Pts',(-16.7423143994464,-46.197576771022,208.172494514103));
#2485=CARTESIAN_POINT('Ctrl Pts',(-16.7472846125682,-46.0317966416308,208.201238279458));
#2486=CARTESIAN_POINT('Ctrl Pts',(-16.7497722953102,-45.8659191937685,208.229789095876));
#2487=CARTESIAN_POINT('Ctrl Pts',(-16.7497722953102,-45.6999999999998,208.258138094821));
#2488=CARTESIAN_POINT('Ctrl Pts',(24.7502277046901,124.5619981753,141.203565680767));
#2489=CARTESIAN_POINT('Ctrl Pts',(24.75022770469,119.735914101785,151.553136375382));
#2490=CARTESIAN_POINT('Ctrl Pts',(24.7502277046899,108.000912732503,169.182277945683));
#2491=CARTESIAN_POINT('Ctrl Pts',(24.7502277046899,84.9193355367264,187.54249378173));
#2492=CARTESIAN_POINT('Ctrl Pts',(24.7502277046898,58.0859130739167,199.28116971617));
#2493=CARTESIAN_POINT('Ctrl Pts',(24.7502277046898,29.8692252045618,205.763908686158));
#2494=CARTESIAN_POINT('Ctrl Pts',(24.7502277046898,2.47357019604005,208.274502729671));
#2495=CARTESIAN_POINT('Ctrl Pts',(24.7502277046898,-22.7903869693036,207.837902662248));
#2496=CARTESIAN_POINT('Ctrl Pts',(24.7502277046898,-37.9547380726032,206.030775025332));
#2497=CARTESIAN_POINT('Ctrl Pts',(24.7502277046898,-45.1105313913245,204.808134216652));
#2498=CARTESIAN_POINT('Ctrl Pts',(23.5835610380234,125.619357260176,141.696620319465));
#2499=CARTESIAN_POINT('Ctrl Pts',(23.5835610380233,120.748146876966,152.142964697517));
#2500=CARTESIAN_POINT('Ctrl Pts',(23.5835610380233,108.877225028553,169.983443225292));
#2501=CARTESIAN_POINT('Ctrl Pts',(23.5835610380232,85.5144525671055,188.562211132541));
#2502=CARTESIAN_POINT('Ctrl Pts',(23.5835610380231,58.4415392581618,200.398608871753));
#2503=CARTESIAN_POINT('Ctrl Pts',(23.5835610380231,30.048768076028,206.920224881235));
#2504=CARTESIAN_POINT('Ctrl Pts',(23.5835610380231,2.51665283793123,209.442522299339));
#2505=CARTESIAN_POINT('Ctrl Pts',(23.5835610380231,-22.8670113061781,209.004060513357));
#2506=CARTESIAN_POINT('Ctrl Pts',(23.5835610380231,-38.1100793162576,207.187806926608));
#2507=CARTESIAN_POINT('Ctrl Pts',(23.5835610380232,-45.3070209275496,205.958135509375));
#2508=CARTESIAN_POINT('Ctrl Pts',(22.4168943713567,126.676716345052,142.189674958162));
#2509=CARTESIAN_POINT('Ctrl Pts',(22.4168943713567,121.760379652147,152.732793019653));
#2510=CARTESIAN_POINT('Ctrl Pts',(22.4168943713566,109.753537324603,170.784608504901));
#2511=CARTESIAN_POINT('Ctrl Pts',(22.4168943713565,86.1095695974845,189.581928483353));
#2512=CARTESIAN_POINT('Ctrl Pts',(22.4168943713564,58.7971654424068,201.516048027337));
#2513=CARTESIAN_POINT('Ctrl Pts',(22.4168943713564,30.2283109474941,208.076541076312));
#2514=CARTESIAN_POINT('Ctrl Pts',(22.4168943713564,2.55973547982245,210.610541869007));
#2515=CARTESIAN_POINT('Ctrl Pts',(22.4168943713565,-22.9436356430526,210.170218364465));
#2516=CARTESIAN_POINT('Ctrl Pts',(22.4168943713565,-38.2654205599121,208.344838827883));
#2517=CARTESIAN_POINT('Ctrl Pts',(22.4168943713565,-45.5035104637748,207.108136802098));
#2518=CARTESIAN_POINT('Ctrl Pts',(21.25022770469,127.734075429928,142.68272959686));
#2519=CARTESIAN_POINT('Ctrl Pts',(21.25022770469,122.772612427328,153.322621341788));
#2520=CARTESIAN_POINT('Ctrl Pts',(21.2502277046899,110.629849620653,171.58577378451));
#2521=CARTESIAN_POINT('Ctrl Pts',(21.2502277046898,86.7046866278636,190.601645834164));
#2522=CARTESIAN_POINT('Ctrl Pts',(21.2502277046898,59.1527916266519,202.63348718292));
#2523=CARTESIAN_POINT('Ctrl Pts',(21.2502277046898,30.4078538189603,209.232857271388));
#2524=CARTESIAN_POINT('Ctrl Pts',(21.2502277046898,2.60281812171364,211.778561438675));
#2525=CARTESIAN_POINT('Ctrl Pts',(21.2502277046898,-23.0202599799272,211.336376215574));
#2526=CARTESIAN_POINT('Ctrl Pts',(21.2502277046898,-38.4207618035666,209.501870729159));
#2527=CARTESIAN_POINT('Ctrl Pts',(21.2502277046898,-45.6999999999999,208.258138094822));
#2528=CARTESIAN_POINT('',(21.25022770469,127.734075429928,142.68272959686));
#2529=CARTESIAN_POINT('Ctrl Pts',(24.7502277046901,124.5619981753,141.203565680767));
#2530=CARTESIAN_POINT('Ctrl Pts',(24.1668943713567,125.090677717738,141.450093000116));
#2531=CARTESIAN_POINT('Ctrl Pts',(23.5835610380234,125.619357260176,141.696620319465));
#2532=CARTESIAN_POINT('Ctrl Pts',(22.4168943713567,126.676716345052,142.189674958162));
#2533=CARTESIAN_POINT('Ctrl Pts',(21.8335610380234,127.20539588749,142.436202277511));
#2534=CARTESIAN_POINT('Ctrl Pts',(21.25022770469,127.734075429928,142.68272959686));
#2535=CARTESIAN_POINT('',(21.2502277046898,-45.6999999999998,208.258138094822));
#2536=CARTESIAN_POINT('Ctrl Pts',(21.25022770469,127.734075429928,142.68272959686));
#2537=CARTESIAN_POINT('Ctrl Pts',(21.25022770469,122.772612427328,153.322621341788));
#2538=CARTESIAN_POINT('Ctrl Pts',(21.2502277046899,110.629849620653,171.58577378451));
#2539=CARTESIAN_POINT('Ctrl Pts',(21.2502277046898,86.7046866278636,190.601645834164));
#2540=CARTESIAN_POINT('Ctrl Pts',(21.2502277046898,59.1527916266519,202.63348718292));
#2541=CARTESIAN_POINT('Ctrl Pts',(21.2502277046898,30.4078538189603,209.232857271388));
#2542=CARTESIAN_POINT('Ctrl Pts',(21.2502277046898,2.60281812171364,211.778561438675));
#2543=CARTESIAN_POINT('Ctrl Pts',(21.2502277046898,-23.0202599799272,211.336376215574));
#2544=CARTESIAN_POINT('Ctrl Pts',(21.2502277046898,-38.4207618035666,209.501870729159));
#2545=CARTESIAN_POINT('Ctrl Pts',(21.2502277046898,-45.6999999999999,208.258138094822));
#2546=CARTESIAN_POINT('',(21.2502277046898,-45.6999999999998,208.258138094822));
#2547=CARTESIAN_POINT('Ctrl Pts',(21.242769808826,-46.197576771022,208.172494514104));
#2548=CARTESIAN_POINT('Ctrl Pts',(21.2477399705876,-46.0317983547387,208.201237982431));
#2549=CARTESIAN_POINT('Ctrl Pts',(21.2502277046898,-45.8659117621843,208.229790365639));
#2550=CARTESIAN_POINT('Ctrl Pts',(21.2502277046898,-45.6999999999998,208.258138094822));
#2551=CARTESIAN_POINT('Ctrl Pts',(22.4119224407806,-46.0317178473479,207.017173989984));
#2552=CARTESIAN_POINT('Ctrl Pts',(22.415235881955,-45.8556914329238,207.047723150858));
#2553=CARTESIAN_POINT('Ctrl Pts',(22.4168943713565,-45.6796224188385,207.078046265163));
#2554=CARTESIAN_POINT('Ctrl Pts',(22.4168943713565,-45.5035104637747,207.108136802098));
#2555=CARTESIAN_POINT('Ctrl Pts',(23.5810750727352,-45.8658589236739,205.861853465864));
#2556=CARTESIAN_POINT('Ctrl Pts',(23.5827317933224,-45.6795845111088,205.894208319284));
#2557=CARTESIAN_POINT('Ctrl Pts',(23.5835610380231,-45.4933330754927,205.926302164687));
#2558=CARTESIAN_POINT('Ctrl Pts',(23.5835610380231,-45.3070209275495,205.958135509375));
#2559=CARTESIAN_POINT('Ctrl Pts',(24.7502277046898,-45.6999999999998,204.706532941744));
#2560=CARTESIAN_POINT('Ctrl Pts',(24.7502277046898,-45.5034775892939,204.740693487711));
#2561=CARTESIAN_POINT('Ctrl Pts',(24.7502277046898,-45.3070437321469,204.774558064212));
#2562=CARTESIAN_POINT('Ctrl Pts',(24.7502277046898,-45.1105313913243,204.808134216652));
#2563=CARTESIAN_POINT('Ctrl Pts',(21.2502277046898,-45.6999999999998,208.258138094822));
#2564=CARTESIAN_POINT('Ctrl Pts',(21.2502277046898,-45.8659117621843,208.229790365639));
#2565=CARTESIAN_POINT('Ctrl Pts',(21.2477399705876,-46.0317983547387,208.201237982431));
#2566=CARTESIAN_POINT('Ctrl Pts',(21.242769808826,-46.197576771022,208.172494514104));
#2567=CARTESIAN_POINT('Ctrl Pts',(-20.2497722953099,127.734075429928,142.68272959686));
#2568=CARTESIAN_POINT('Ctrl Pts',(24.7502277046901,127.734075429928,142.68272959686));
#2569=CARTESIAN_POINT('Ctrl Pts',(-20.24977229531,125.354848711497,147.784997759998));
#2570=CARTESIAN_POINT('Ctrl Pts',(24.75022770469,125.354848711497,147.784997759998));
#2571=CARTESIAN_POINT('Ctrl Pts',(-20.24977229531,120.181076877947,157.418548136768));
#2572=CARTESIAN_POINT('Ctrl Pts',(24.75022770469,120.181076877947,157.418548136768));
#2573=CARTESIAN_POINT('Ctrl Pts',(-20.2497722953101,111.174525011773,170.156011065191));
#2574=CARTESIAN_POINT('Ctrl Pts',(24.7502277046899,111.174525011773,170.156011065192));
#2575=CARTESIAN_POINT('Ctrl Pts',(-20.2497722953101,96.847102115467,183.838665485324));
#2576=CARTESIAN_POINT('Ctrl Pts',(24.7502277046899,96.847102115467,183.838665485324));
#2577=CARTESIAN_POINT('Ctrl Pts',(-20.2497722953102,76.0274360854868,196.091925085772));
#2578=CARTESIAN_POINT('Ctrl Pts',(24.7502277046898,76.0274360854868,196.091925085772));
#2579=CARTESIAN_POINT('Ctrl Pts',(-20.2497722953102,53.5070475778186,204.280358512191));
#2580=CARTESIAN_POINT('Ctrl Pts',(24.7502277046898,53.5070475778186,204.280358512191));
#2581=CARTESIAN_POINT('Ctrl Pts',(-20.2497722953102,30.5215862134915,209.187318671634));
#2582=CARTESIAN_POINT('Ctrl Pts',(24.7502277046898,30.5215862134915,209.187318671634));
#2583=CARTESIAN_POINT('Ctrl Pts',(-20.2497722953102,8.15470850512623,211.509314516282));
#2584=CARTESIAN_POINT('Ctrl Pts',(24.7502277046898,8.15470850512625,211.509314516282));
#2585=CARTESIAN_POINT('Ctrl Pts',(-20.2497722953102,-12.9124512042745,211.806801416966));
#2586=CARTESIAN_POINT('Ctrl Pts',(24.7502277046898,-12.9124512042744,211.806801416966));
#2587=CARTESIAN_POINT('Ctrl Pts',(-20.2497722953102,-32.2961856069127,210.494332622061));
#2588=CARTESIAN_POINT('Ctrl Pts',(24.7502277046898,-32.2961856069127,210.494332622061));
#2589=CARTESIAN_POINT('Ctrl Pts',(-20.2497722953102,-46.4914900047836,208.375018731307));
#2590=CARTESIAN_POINT('Ctrl Pts',(24.7502277046898,-46.4914900047836,208.375018731307));
#2591=CARTESIAN_POINT('Ctrl Pts',(-20.2497722953102,-56.4083740924294,206.246742594399));
#2592=CARTESIAN_POINT('Ctrl Pts',(24.7502277046898,-56.4083740924294,206.246742594399));
#2593=CARTESIAN_POINT('Ctrl Pts',(-20.2497722953102,-62.682634146642,204.599939208882));
#2594=CARTESIAN_POINT('Ctrl Pts',(24.7502277046898,-62.682634146642,204.599939208883));
#2595=CARTESIAN_POINT('Ctrl Pts',(-20.2497722953102,-65.6999999999998,203.731568765528));
#2596=CARTESIAN_POINT('Ctrl Pts',(24.7502277046898,-65.6999999999998,203.731568765529));
#2597=CARTESIAN_POINT('',(-20.2497722953099,127.734075429928,142.68272959686));
#2598=CARTESIAN_POINT('Origin',(-20.2497722953099,92.3880717354991,126.200617388972));
#2599=CARTESIAN_POINT('',(-20.2497722953099,92.3880717354991,126.200617388972));
#2600=CARTESIAN_POINT('Ctrl Pts',(-20.2497722953102,-44.0759931471007,203.464087512849));
#2601=CARTESIAN_POINT('Ctrl Pts',(89.7502277046898,-44.0759931470964,203.464087512878));
#2602=CARTESIAN_POINT('Ctrl Pts',(-20.2497722953102,-44.5658862822199,203.385622954514));
#2603=CARTESIAN_POINT('Ctrl Pts',(89.7502277046898,-44.5658862822157,203.385622954543));
#2604=CARTESIAN_POINT('Ctrl Pts',(-20.2497722953102,-45.8749886462703,203.171916757643));
#2605=CARTESIAN_POINT('Ctrl Pts',(89.7502277046898,-45.8749886462661,203.171916757672));
#2606=CARTESIAN_POINT('Ctrl Pts',(-20.2497722953102,-47.9638344773747,202.813119539282));
#2607=CARTESIAN_POINT('Ctrl Pts',(89.7502277046898,-47.9638344773704,202.813119539311));
#2608=CARTESIAN_POINT('Ctrl Pts',(-20.2497722953102,-50.7544270345907,202.292860411297));
#2609=CARTESIAN_POINT('Ctrl Pts',(89.7502277046898,-50.7544270345864,202.292860411326));
#2610=CARTESIAN_POINT('Ctrl Pts',(-20.2497722953102,-54.1271968088146,201.590052268327));
#2611=CARTESIAN_POINT('Ctrl Pts',(89.7502277046898,-54.1271968088104,201.590052268356));
#2612=CARTESIAN_POINT('Ctrl Pts',(-20.2497722953102,-56.8742954666978,200.943502102349));
#2613=CARTESIAN_POINT('Ctrl Pts',(89.7502277046898,-56.8742954666935,200.943502102377));
#2614=CARTESIAN_POINT('Ctrl Pts',(-20.2497722953102,-58.8282282911079,200.440045595991));
#2615=CARTESIAN_POINT('Ctrl Pts',(89.7502277046898,-58.8282282911037,200.44004559602));
#2616=CARTESIAN_POINT('Ctrl Pts',(-20.2497722953102,-60.0839007746726,200.096226032164));
#2617=CARTESIAN_POINT('Ctrl Pts',(89.7502277046898,-60.0839007746683,200.096226032193));
#2618=CARTESIAN_POINT('Ctrl Pts',(-20.2497722953102,-60.7,199.922270755635));
#2619=CARTESIAN_POINT('Ctrl Pts',(89.7502277046898,-60.6999999999957,199.922270755663));
#2620=CARTESIAN_POINT('',(-20.2497722953102,-60.7,199.922270755635));
#2621=CARTESIAN_POINT('',(-20.2497722953102,-44.0759931469759,203.464087512869));
#2622=CARTESIAN_POINT('Origin',(-20.2497722953102,-60.7,199.922270755635));
#2623=CARTESIAN_POINT('',(-20.2497722953101,-60.6999999999991,198.752290948257));
#2624=CARTESIAN_POINT('Ctrl Pts',(-20.2497722953101,-60.6999999999991,198.752290948257));
#2625=CARTESIAN_POINT('Ctrl Pts',(89.7502277046899,-60.6999999999948,198.752290948286));
#2626=CARTESIAN_POINT('Ctrl Pts',(-20.2497722953101,-46.7168684510148,199.046038258553));
#2627=CARTESIAN_POINT('Ctrl Pts',(89.7502277046899,-46.7168684510106,199.046038258581));
#2628=CARTESIAN_POINT('Ctrl Pts',(-20.2497722953101,-33.3623985217847,198.618274607799));
#2629=CARTESIAN_POINT('Ctrl Pts',(89.7502277046899,-33.3623985217805,198.618274607828));
#2630=CARTESIAN_POINT('Ctrl Pts',(-20.2497722953101,-20.6788262943338,197.380550494715));
#2631=CARTESIAN_POINT('Ctrl Pts',(89.7502277046899,-20.6788262943296,197.380550494744));
#2632=CARTESIAN_POINT('',(-20.2497722953101,-20.6788262941286,197.380550494695));
#2633=CARTESIAN_POINT('Ctrl Pts',(-20.2497722953101,-65.6999999999998,193.617682012987));
#2634=CARTESIAN_POINT('Ctrl Pts',(24.7502277046899,-65.6999999999998,193.617682012987));
#2635=CARTESIAN_POINT('Ctrl Pts',(-20.2497722953101,-61.2684686296501,193.765897701008));
#2636=CARTESIAN_POINT('Ctrl Pts',(24.7502277046899,-61.2684686296501,193.765897701008));
#2637=CARTESIAN_POINT('Ctrl Pts',(-20.2497722953101,-52.4265852633997,193.942778659006));
#2638=CARTESIAN_POINT('Ctrl Pts',(24.7502277046899,-52.4265852633997,193.942778659006));
#2639=CARTESIAN_POINT('Ctrl Pts',(-20.2497722953101,-39.4552659654694,193.836356408572));
#2640=CARTESIAN_POINT('Ctrl Pts',(24.7502277046899,-39.4552659654694,193.836356408572));
#2641=CARTESIAN_POINT('Ctrl Pts',(-20.2497722953101,-22.8173542618496,192.932624778697));
#2642=CARTESIAN_POINT('Ctrl Pts',(24.7502277046899,-22.8173542618495,192.932624778698));
#2643=CARTESIAN_POINT('Ctrl Pts',(-20.2497722953101,-3.22662617762732,190.438907063337));
#2644=CARTESIAN_POINT('Ctrl Pts',(24.7502277046899,-3.22662617762731,190.438907063337));
#2645=CARTESIAN_POINT('Ctrl Pts',(-20.2497722953101,15.0786869632875,186.421654975371));
#2646=CARTESIAN_POINT('Ctrl Pts',(24.7502277046899,15.0786869632875,186.421654975371));
#2647=CARTESIAN_POINT('Ctrl Pts',(-20.2497722953101,31.8852097330915,180.739936482504));
#2648=CARTESIAN_POINT('Ctrl Pts',(24.7502277046899,31.8852097330915,180.739936482504));
#2649=CARTESIAN_POINT('Ctrl Pts',(-20.2497722953101,47.0810499174247,173.269490823995));
#2650=CARTESIAN_POINT('Ctrl Pts',(24.7502277046899,47.0810499174247,173.269490823995));
#2651=CARTESIAN_POINT('Ctrl Pts',(-20.24977229531,60.6643499131627,164.008255057629));
#2652=CARTESIAN_POINT('Ctrl Pts',(24.75022770469,60.6643499131627,164.00825505763));
#2653=CARTESIAN_POINT('Ctrl Pts',(-20.24977229531,72.7293547544004,153.060892047653));
#2654=CARTESIAN_POINT('Ctrl Pts',(24.75022770469,72.7293547544004,153.060892047653));
#2655=CARTESIAN_POINT('Ctrl Pts',(-20.2497722953099,81.2527172774911,143.049600466237));
#2656=CARTESIAN_POINT('Ctrl Pts',(24.7502277046901,81.2527172774911,143.049600466237));
#2657=CARTESIAN_POINT('Ctrl Pts',(-20.2497722953099,87.0486705776708,134.878618596989));
#2658=CARTESIAN_POINT('Ctrl Pts',(24.7502277046901,87.0486705776708,134.878618596989));
#2659=CARTESIAN_POINT('Ctrl Pts',(-20.2497722953099,90.6517512294458,129.141570596753));
#2660=CARTESIAN_POINT('Ctrl Pts',(24.7502277046901,90.6517512294459,129.141570596753));
#2661=CARTESIAN_POINT('Ctrl Pts',(-20.2497722953099,92.3880717354991,126.200617388972));
#2662=CARTESIAN_POINT('Ctrl Pts',(24.7502277046901,92.3880717354991,126.200617388972));
#2663=CARTESIAN_POINT('Origin',(-20.249772295313,48.8757523856216,198.006786395894));
#2664=CARTESIAN_POINT('',(-20.2497722953094,31.879700156765,189.076602487064));
#2665=CARTESIAN_POINT('',(-20.2497722953109,48.8757523856219,198.006786395894));
#2666=CARTESIAN_POINT('Origin',(-20.2497722953119,51.2014032025075,193.580574891919));
#2667=CARTESIAN_POINT('',(-20.2497722953102,52.8301130780843,198.30786842429));
#2668=CARTESIAN_POINT('Ctrl Pts',(-20.2497722953101,95.4706111615377,176.916247642588));
#2669=CARTESIAN_POINT('Ctrl Pts',(89.7502277046899,95.470611161542,176.916247642616));
#2670=CARTESIAN_POINT('Ctrl Pts',(-20.2497722953101,95.3097932954367,177.054587143913));
#2671=CARTESIAN_POINT('Ctrl Pts',(89.7502277046899,95.309793295441,177.054587143942));
#2672=CARTESIAN_POINT('Ctrl Pts',(-20.2497722953101,94.5309007539597,177.718706684384));
#2673=CARTESIAN_POINT('Ctrl Pts',(89.7502277046899,94.5309007539639,177.718706684413));
#2674=CARTESIAN_POINT('Ctrl Pts',(-20.2497722953101,93.0842152652818,178.901612961461));
#2675=CARTESIAN_POINT('Ctrl Pts',(89.7502277046898,93.084215265286,178.90161296149));
#2676=CARTESIAN_POINT('Ctrl Pts',(-20.2497722953101,90.8644317248068,180.588493906491));
#2677=CARTESIAN_POINT('Ctrl Pts',(89.7502277046898,90.864431724811,180.58849390652));
#2678=CARTESIAN_POINT('Ctrl Pts',(-20.2497722953101,87.700860179451,182.755340509493));
#2679=CARTESIAN_POINT('Ctrl Pts',(89.7502277046898,87.7008601794552,182.755340509522));
#2680=CARTESIAN_POINT('Ctrl Pts',(-20.2497722953102,83.5853998881456,185.240053414129));
#2681=CARTESIAN_POINT('Ctrl Pts',(89.7502277046898,83.5853998881499,185.240053414158));
#2682=CARTESIAN_POINT('Ctrl Pts',(-20.2497722953102,79.046079003486,187.665146680619));
#2683=CARTESIAN_POINT('Ctrl Pts',(89.7502277046898,79.0460790034902,187.665146680648));
#2684=CARTESIAN_POINT('Ctrl Pts',(-20.2497722953102,74.0943913505773,190.032237014267));
#2685=CARTESIAN_POINT('Ctrl Pts',(89.7502277046898,74.0943913505815,190.032237014295));
#2686=CARTESIAN_POINT('Ctrl Pts',(-20.2497722953102,68.7643679138049,192.346111165691));
#2687=CARTESIAN_POINT('Ctrl Pts',(89.7502277046898,68.7643679138091,192.34611116572));
#2688=CARTESIAN_POINT('Ctrl Pts',(-20.2497722953102,63.4593271722433,194.465956123653));
#2689=CARTESIAN_POINT('Ctrl Pts',(89.7502277046898,63.4593271722475,194.465956123682));
#2690=CARTESIAN_POINT('Ctrl Pts',(-20.2497722953102,59.0802220225265,196.103324328214));
#2691=CARTESIAN_POINT('Ctrl Pts',(89.7502277046898,59.0802220225308,196.103324328243));
#2692=CARTESIAN_POINT('Ctrl Pts',(-20.2497722953102,55.788257770907,197.28089069232));
#2693=CARTESIAN_POINT('Ctrl Pts',(89.7502277046898,55.7882577709113,197.280890692349));
#2694=CARTESIAN_POINT('Ctrl Pts',(-20.2497722953102,53.6858041211126,198.013054395358));
#2695=CARTESIAN_POINT('Ctrl Pts',(89.7502277046898,53.6858041211169,198.013054395387));
#2696=CARTESIAN_POINT('Ctrl Pts',(-20.2497722953102,52.8301130780843,198.30786842429));
#2697=CARTESIAN_POINT('Ctrl Pts',(89.7502277046898,52.8301130780885,198.307868424319));
#2698=CARTESIAN_POINT('',(-20.2497722953101,95.4706111615683,176.916247642561));
#2699=CARTESIAN_POINT('Origin',(-20.2497722953106,94.166336786767,175.400045691884));
#2700=CARTESIAN_POINT('',(-20.249772295311,95.0965971135213,173.629561090294));
#2701=CARTESIAN_POINT('Origin',(-20.249772295309,74.7147088283255,162.920367664366));
#2702=CARTESIAN_POINT('',(-20.249772295309,74.7147088283255,162.920367664366));
#2703=CARTESIAN_POINT('Origin',(-20.249772295308,71.9239278480628,168.231821469136));
#2704=CARTESIAN_POINT('',(-20.24977229531,67.9914385769885,163.700207172565));
#2705=CARTESIAN_POINT('Ctrl Pts',(-20.2497722953101,32.0685487663723,185.448617235225));
#2706=CARTESIAN_POINT('Ctrl Pts',(89.7502277046899,32.0685487663766,185.448617235254));
#2707=CARTESIAN_POINT('Ctrl Pts',(-20.2497722953101,33.7457400790419,184.779175051749));
#2708=CARTESIAN_POINT('Ctrl Pts',(89.7502277046899,33.7457400790461,184.779175051778));
#2709=CARTESIAN_POINT('Ctrl Pts',(-20.2497722953101,35.3998003216094,184.08132855605));
#2710=CARTESIAN_POINT('Ctrl Pts',(89.7502277046899,35.3998003216136,184.081328556079));
#2711=CARTESIAN_POINT('Ctrl Pts',(-20.2497722953101,37.0301427728474,183.354353118112));
#2712=CARTESIAN_POINT('Ctrl Pts',(89.7502277046899,37.0301427728517,183.354353118141));
#2713=CARTESIAN_POINT('Ctrl Pts',(-20.2497722953101,48.569782098074,178.208787322576));
#2714=CARTESIAN_POINT('Ctrl Pts',(89.7502277046899,48.5697820980782,178.208787322605));
#2715=CARTESIAN_POINT('Ctrl Pts',(-20.24977229531,58.8877098323896,171.600331338449));
#2716=CARTESIAN_POINT('Ctrl Pts',(89.75022770469,58.8877098323939,171.600331338478));
#2717=CARTESIAN_POINT('Ctrl Pts',(-20.24977229531,67.9914385768603,163.700207172676));
#2718=CARTESIAN_POINT('Ctrl Pts',(89.75022770469,67.9914385768645,163.700207172705));
#2719=CARTESIAN_POINT('',(-20.2497722953101,32.0685487663724,185.448617235225));
#2720=CARTESIAN_POINT('Origin',(-20.2497722953096,32.8099604835193,187.306117885475));
#2721=CARTESIAN_POINT('Origin',(-20.2497722953097,3.50335118282023,204.843683912772));
#2722=CARTESIAN_POINT('',(-20.24977229531,-9.70016742598867,197.906199382093));
#2723=CARTESIAN_POINT('',(-20.2497722953097,3.50335118282023,204.843683912772));
#2724=CARTESIAN_POINT('Origin',(-20.2497722953077,8.15465281659132,195.991260904823));
#2725=CARTESIAN_POINT('',(-20.2497722953102,8.8022306808463,205.970271021549));
#2726=CARTESIAN_POINT('Ctrl Pts',(-20.2497722953102,42.4243675278128,201.126178096555));
#2727=CARTESIAN_POINT('Ctrl Pts',(89.7502277046898,42.4243675278171,201.126178096584));
#2728=CARTESIAN_POINT('Ctrl Pts',(-20.2497722953102,42.1750317636475,201.182035280587));
#2729=CARTESIAN_POINT('Ctrl Pts',(89.7502277046898,42.1750317636517,201.182035280616));
#2730=CARTESIAN_POINT('Ctrl Pts',(-20.2497722953102,41.1486634148058,201.410633584859));
#2731=CARTESIAN_POINT('Ctrl Pts',(89.7502277046898,41.1486634148101,201.410633584888));
#2732=CARTESIAN_POINT('Ctrl Pts',(-20.2497722953102,39.3445249706643,201.802790161797));
#2733=CARTESIAN_POINT('Ctrl Pts',(89.7502277046898,39.3445249706685,201.802790161826));
#2734=CARTESIAN_POINT('Ctrl Pts',(-20.2497722953102,36.7610991043715,202.339612563278));
#2735=CARTESIAN_POINT('Ctrl Pts',(89.7502277046898,36.7610991043757,202.339612563307));
#2736=CARTESIAN_POINT('Ctrl Pts',(-20.2497722953102,33.3959282221038,202.990500946046));
#2737=CARTESIAN_POINT('Ctrl Pts',(89.7502277046898,33.3959282221081,202.990500946075));
#2738=CARTESIAN_POINT('Ctrl Pts',(-20.2497722953102,29.4960842674206,203.671410980167));
#2739=CARTESIAN_POINT('Ctrl Pts',(89.7502277046898,29.4960842674249,203.671410980195));
#2740=CARTESIAN_POINT('Ctrl Pts',(-20.2497722953102,25.5899590160609,204.27411171385));
#2741=CARTESIAN_POINT('Ctrl Pts',(89.7502277046898,25.5899590160652,204.274111713879));
#2742=CARTESIAN_POINT('Ctrl Pts',(-20.2497722953102,21.6772863385148,204.795289531477));
#2743=CARTESIAN_POINT('Ctrl Pts',(89.7502277046898,21.677286338519,204.795289531506));
#2744=CARTESIAN_POINT('Ctrl Pts',(-20.2497722953102,17.7583180701971,205.238080070902));
#2745=CARTESIAN_POINT('Ctrl Pts',(89.7502277046898,17.7583180702013,205.238080070931));
#2746=CARTESIAN_POINT('Ctrl Pts',(-20.2497722953102,14.3989815226222,205.55501342932));
#2747=CARTESIAN_POINT('Ctrl Pts',(89.7502277046898,14.3989815226264,205.555013429349));
#2748=CARTESIAN_POINT('Ctrl Pts',(-20.2497722953102,11.8217273503935,205.762081314996));
#2749=CARTESIAN_POINT('Ctrl Pts',(89.7502277046898,11.8217273503977,205.762081315024));
#2750=CARTESIAN_POINT('Ctrl Pts',(-20.2497722953102,10.0289859463735,205.889544888221));
#2751=CARTESIAN_POINT('Ctrl Pts',(89.7502277046898,10.0289859463778,205.88954488825));
#2752=CARTESIAN_POINT('Ctrl Pts',(-20.2497722953102,9.02225026006727,205.955993071377));
#2753=CARTESIAN_POINT('Ctrl Pts',(89.7502277046898,9.02225026007151,205.955993071406));
#2754=CARTESIAN_POINT('Ctrl Pts',(-20.2497722953102,8.8022306808463,205.970271021549));
#2755=CARTESIAN_POINT('Ctrl Pts',(89.7502277046898,8.80223068085053,205.970271021578));
#2756=CARTESIAN_POINT('',(-20.2497722953102,42.4243675278517,201.126178096546));
#2757=CARTESIAN_POINT('Origin',(-20.24977229531,42.2057619713316,200.150364789269));
#2758=CARTESIAN_POINT('',(-20.2497722953099,42.6708921347058,199.265122488473));
#2759=CARTESIAN_POINT('Origin',(-20.24977229531,24.6038065797187,189.772188804297));
#2760=CARTESIAN_POINT('',(-20.24977229531,24.6038065797187,189.772188804297));
#2761=CARTESIAN_POINT('Origin',(-20.2497722953098,22.2781557628473,194.198400308279));
#2762=CARTESIAN_POINT('',(-20.2497722953101,20.8000732324537,189.421866833745));
#2763=CARTESIAN_POINT('Ctrl Pts',(-20.2497722953101,-9.37608885693129,196.030954834967));
#2764=CARTESIAN_POINT('Ctrl Pts',(89.7502277046899,-9.37608885692705,196.030954834996));
#2765=CARTESIAN_POINT('Ctrl Pts',(-20.2497722953101,1.24491471562592,194.51771636229));
#2766=CARTESIAN_POINT('Ctrl Pts',(89.7502277046899,1.24491471563016,194.517716362319));
#2767=CARTESIAN_POINT('Ctrl Pts',(-20.2497722953101,11.333302792133,192.351327724499));
#2768=CARTESIAN_POINT('Ctrl Pts',(89.7502277046899,11.3333027921372,192.351327724528));
#2769=CARTESIAN_POINT('Ctrl Pts',(-20.2497722953101,20.8000732322768,189.4218668338));
#2770=CARTESIAN_POINT('Ctrl Pts',(89.7502277046899,20.8000732322811,189.421866833828));
#2771=CARTESIAN_POINT('',(-20.2497722953101,-9.37608885693127,196.030954834967));
#2772=CARTESIAN_POINT('Origin',(-20.2497722953101,-9.23503726261156,197.020957081298));
#2773=CARTESIAN_POINT('Origin',(-20.2497722953114,97.5693678551074,170.412299202686));
#2774=CARTESIAN_POINT('',(-20.2497722953101,86.1871121868082,164.431657680929));
#2775=CARTESIAN_POINT('',(-20.2497722953114,97.5693678551074,170.412299202686));
#2776=CARTESIAN_POINT('Origin',(-20.2497722953117,99.895048422185,165.986103330391));
#2777=CARTESIAN_POINT('',(-20.2497722953101,103.466208086738,169.485648822347));
#2778=CARTESIAN_POINT('Ctrl Pts',(-20.24977229531,118.92793176682,148.863273035581));
#2779=CARTESIAN_POINT('Ctrl Pts',(89.75022770469,118.927931766824,148.86327303561));
#2780=CARTESIAN_POINT('Ctrl Pts',(-20.24977229531,114.444362598776,156.745117789471));
#2781=CARTESIAN_POINT('Ctrl Pts',(89.75022770469,114.44436259878,156.7451177895));
#2782=CARTESIAN_POINT('Ctrl Pts',(-20.2497722953101,109.259993137632,163.573300625588));
#2783=CARTESIAN_POINT('Ctrl Pts',(89.7502277046899,109.259993137637,163.573300625616));
#2784=CARTESIAN_POINT('Ctrl Pts',(-20.2497722953101,103.466208086738,169.485648822347));
#2785=CARTESIAN_POINT('Ctrl Pts',(89.7502277046899,103.466208086742,169.485648822376));
#2786=CARTESIAN_POINT('',(-20.24977229531,118.927931766948,148.863273035357));
#2787=CARTESIAN_POINT('Origin',(-20.2497722953116,115.451100366663,146.885485530595));
#2788=CARTESIAN_POINT('',(-20.2497722953119,117.141573413626,143.260254382448));
#2789=CARTESIAN_POINT('Origin',(-20.2497722953072,97.4901206838506,134.096631480683));
#2790=CARTESIAN_POINT('',(-20.2497722953072,97.4901206838506,134.096631480683));
#2791=CARTESIAN_POINT('Origin',(-20.2497722953065,95.7996476368878,137.721862628829));
#2792=CARTESIAN_POINT('',(-20.2497722953099,92.4617178721068,135.517724501263));
#2793=CARTESIAN_POINT('Ctrl Pts',(-20.24977229531,76.8645903016137,155.218254552276));
#2794=CARTESIAN_POINT('Ctrl Pts',(89.75022770469,76.8645903016179,155.218254552305));
#2795=CARTESIAN_POINT('Ctrl Pts',(-20.2497722953099,82.5887429241999,149.202731026385));
#2796=CARTESIAN_POINT('Ctrl Pts',(89.75022770469,82.5887429242041,149.202731026414));
#2797=CARTESIAN_POINT('Ctrl Pts',(-20.2497722953099,87.7725199389984,142.619009651265));
#2798=CARTESIAN_POINT('Ctrl Pts',(89.7502277046901,87.7725199390026,142.619009651293));
#2799=CARTESIAN_POINT('Ctrl Pts',(-20.2497722953099,92.4617178720109,135.517724501409));
#2800=CARTESIAN_POINT('Ctrl Pts',(89.7502277046901,92.4617178720151,135.517724501437));
#2801=CARTESIAN_POINT('',(-20.24977229531,76.8645903016137,155.218254552276));
#2802=CARTESIAN_POINT('Origin',(-20.2497722953081,79.0378911233595,157.286288289477));
#2803=CARTESIAN_POINT('',(-20.2497722953077,77.6424827825922,159.94200581258));
#2804=CARTESIAN_POINT('Origin',(-20.2497722953101,86.1871121868082,164.431657680929));
#2805=CARTESIAN_POINT('Origin',(-20.2497722953102,-20.0068104832691,206.101845657641));
#2806=CARTESIAN_POINT('',(-20.2497722953102,-20.0068104832691,206.101845657641));
#2807=CARTESIAN_POINT('Ctrl Pts',(-20.2497722953102,-1.90566650676779,206.447240992228));
#2808=CARTESIAN_POINT('Ctrl Pts',(89.7502277046898,-1.90566650676355,206.447240992257));
#2809=CARTESIAN_POINT('Ctrl Pts',(-20.2497722953102,-2.26801479060833,206.458132760136));
#2810=CARTESIAN_POINT('Ctrl Pts',(89.7502277046898,-2.26801479060409,206.458132760165));
#2811=CARTESIAN_POINT('Ctrl Pts',(-20.2497722953102,-3.37908313124502,206.488358165644));
#2812=CARTESIAN_POINT('Ctrl Pts',(89.7502277046898,-3.37908313124079,206.488358165673));
#2813=CARTESIAN_POINT('Ctrl Pts',(-20.2497722953102,-5.26672084991704,206.523589368065));
#2814=CARTESIAN_POINT('Ctrl Pts',(89.7502277046898,-5.2667208499128,206.523589368094));
#2815=CARTESIAN_POINT('Ctrl Pts',(-20.2497722953102,-7.98324364164766,206.5368344648));
#2816=CARTESIAN_POINT('Ctrl Pts',(89.7502277046898,-7.98324364164342,206.536834464829));
#2817=CARTESIAN_POINT('Ctrl Pts',(-20.2497722953102,-11.5759835384578,206.487762324937));
#2818=CARTESIAN_POINT('Ctrl Pts',(89.7502277046898,-11.5759835384535,206.487762324966));
#2819=CARTESIAN_POINT('Ctrl Pts',(-20.2497722953102,-14.899692648722,206.375523547907));
#2820=CARTESIAN_POINT('Ctrl Pts',(89.7502277046898,-14.8996926487178,206.375523547936));
#2821=CARTESIAN_POINT('Ctrl Pts',(-20.2497722953102,-17.4484463770335,206.252640376954));
#2822=CARTESIAN_POINT('Ctrl Pts',(89.7502277046898,-17.4484463770293,206.252640376983));
#2823=CARTESIAN_POINT('Ctrl Pts',(-20.2497722953102,-19.161295140456,206.154200511334));
#2824=CARTESIAN_POINT('Ctrl Pts',(89.7502277046898,-19.1612951404517,206.154200511363));
#2825=CARTESIAN_POINT('Ctrl Pts',(-20.2497722953102,-20.0068104829685,206.10184565766));
#2826=CARTESIAN_POINT('Ctrl Pts',(89.7502277046898,-20.0068104829643,206.101845657689));
#2827=CARTESIAN_POINT('',(-20.2497722953102,-1.90566650671208,206.447240992226));
#2828=CARTESIAN_POINT('Origin',(-20.2497722953102,-1.92068913988856,205.947466722688));
#2829=CARTESIAN_POINT('',(-20.2497722953103,-1.68812405718605,205.504845572823));
#2830=CARTESIAN_POINT('Origin',(-20.2497722953102,-15.0562899181411,198.48085089931));
#2831=CARTESIAN_POINT('',(-20.2497722953102,-15.0562899181411,198.48085089931));
#2832=CARTESIAN_POINT('Origin',(-20.2497722953103,-19.7075915721918,207.333273896604));
#2833=CARTESIAN_POINT('',(0.,0.,0.));
#2834=UNCERTAINTY_MEASURE_WITH_UNIT(LENGTH_MEASURE(0.01),#2840,
'DISTANCE_ACCURACY_VALUE',
'Maximum model space distance between geometric entities at asserted c
onnectivities');
#2835=UNCERTAINTY_MEASURE_WITH_UNIT(LENGTH_MEASURE(0.01),#2840,
'DISTANCE_ACCURACY_VALUE',
'Maximum model space distance between geometric entities at asserted c
onnectivities');
#2836=UNCERTAINTY_MEASURE_WITH_UNIT(LENGTH_MEASURE(0.01),#2840,
'DISTANCE_ACCURACY_VALUE',
'Maximum model space distance between geometric entities at asserted c
onnectivities');
#2837=(
GEOMETRIC_REPRESENTATION_CONTEXT(3)
GLOBAL_UNCERTAINTY_ASSIGNED_CONTEXT((#2834))
GLOBAL_UNIT_ASSIGNED_CONTEXT((#2840,#2842,#2843))
REPRESENTATION_CONTEXT('','3D')
);
#2838=(
GEOMETRIC_REPRESENTATION_CONTEXT(3)
GLOBAL_UNCERTAINTY_ASSIGNED_CONTEXT((#2835))
GLOBAL_UNIT_ASSIGNED_CONTEXT((#2840,#2842,#2843))
REPRESENTATION_CONTEXT('','3D')
);
#2839=(
GEOMETRIC_REPRESENTATION_CONTEXT(3)
GLOBAL_UNCERTAINTY_ASSIGNED_CONTEXT((#2836))
GLOBAL_UNIT_ASSIGNED_CONTEXT((#2840,#2842,#2843))
REPRESENTATION_CONTEXT('','3D')
);
#2840=(
LENGTH_UNIT()
NAMED_UNIT(*)
SI_UNIT(.MILLI.,.METRE.)
);
#2841=(
LENGTH_UNIT()
NAMED_UNIT(*)
SI_UNIT($,.METRE.)
);
#2842=(
NAMED_UNIT(*)
PLANE_ANGLE_UNIT()
SI_UNIT($,.RADIAN.)
);
#2843=(
NAMED_UNIT(*)
SI_UNIT($,.STERADIAN.)
SOLID_ANGLE_UNIT()
);
#2844=SHAPE_DEFINITION_REPRESENTATION(#2846,#2849);
#2845=SHAPE_DEFINITION_REPRESENTATION(#2847,#2850);
#2846=PRODUCT_DEFINITION_SHAPE('',$,#2852);
#2847=PRODUCT_DEFINITION_SHAPE('',$,#2853);
#2848=PRODUCT_DEFINITION_SHAPE($,$,#14);
#2849=SHAPE_REPRESENTATION('',(#1161,#1233),#2837);
#2850=SHAPE_REPRESENTATION('',(#1162),#2838);
#2851=PRODUCT_DEFINITION_CONTEXT('part definition',#2859,'design');
#2852=PRODUCT_DEFINITION('tibia','tibia v3',#2854,#2851);
#2853=PRODUCT_DEFINITION('Component2','Component2',#2855,#2851);
#2854=PRODUCT_DEFINITION_FORMATION('',$,#2861);
#2855=PRODUCT_DEFINITION_FORMATION('',$,#2862);
#2856=PRODUCT_RELATED_PRODUCT_CATEGORY('tibia v3','tibia v3',(#2861));
#2857=PRODUCT_RELATED_PRODUCT_CATEGORY('Component2','Component2',(#2862));
#2858=APPLICATION_PROTOCOL_DEFINITION('international standard',
'automotive_design',2009,#2859);
#2859=APPLICATION_CONTEXT(
'Core Data for Automotive Mechanical Design Process');
#2860=PRODUCT_CONTEXT('part definition',#2859,'mechanical');
#2861=PRODUCT('tibia','tibia v3',$,(#2860));
#2862=PRODUCT('Component2','Component2',$,(#2860));
#2863=PRESENTATION_STYLE_ASSIGNMENT((#2864));
#2864=SURFACE_STYLE_USAGE(.BOTH.,#2865);
#2865=SURFACE_SIDE_STYLE('',(#2866));
#2866=SURFACE_STYLE_FILL_AREA(#2867);
#2867=FILL_AREA_STYLE('Steel - Satin',(#2868));
#2868=FILL_AREA_STYLE_COLOUR('Steel - Satin',#2869);
#2869=COLOUR_RGB('Steel - Satin',0.627450980392157,0.627450980392157,0.627450980392157);
ENDSEC;
END-ISO-10303-21;
