ISO-10303-21;
HEADER;
/* Generated by software containing ST-Developer
 * from STEP Tools, Inc. (www.steptools.com) 
 */

FILE_DESCRIPTION(
/* description */ (''),
/* implementation_level */ '2;1');

FILE_NAME(
/* name */ 'Servo Mount Tibia Top.step',
/* time_stamp */ '2026-09-01T13:57:17+04:00',
/* author */ (''),
/* organization */ (''),
/* preprocessor_version */ 'ST-DEVELOPER v20.1',
/* originating_system */ 'Autodesk Translation Framework v15.8.0.0',
/* authorisation */ '');

FILE_SCHEMA (('AUTOMOTIVE_DESIGN { 1 0 10303 214 3 1 1 }'));
ENDSEC;

DATA;
#10=MECHANICAL_DESIGN_GEOMETRIC_PRESENTATION_REPRESENTATION('',(#17),#2836);
#11=ITEM_DEFINED_TRANSFORMATION($,$,#1665,#1834);
#12=(
REPRESENTATION_RELATIONSHIP($,$,#2847,#2846)
REPRESENTATION_RELATIONSHIP_WITH_TRANSFORMATION(#11)
SHAPE_REPRESENTATION_RELATIONSHIP()
);
#13=CONTEXT_DEPENDENT_SHAPE_REPRESENTATION(#12,#2845);
#14=NEXT_ASSEMBLY_USAGE_OCCURRENCE('Component3:1','Component3:1',
'Component3:1',#2849,#2850,'Component3:1');
#15=SHAPE_REPRESENTATION_RELATIONSHIP('SRR','None',#2847,#16);
#16=ADVANCED_BREP_SHAPE_REPRESENTATION('',(#18),#2835);
#17=STYLED_ITEM('',(#2861),#18);
#18=MANIFOLD_SOLID_BREP('Body1',#1651);
#19=TOROIDAL_SURFACE('',#1758,5.41562499999994,0.1);
#20=B_SPLINE_CURVE_WITH_KNOTS('',3,(#2438,#2439,#2440,#2441,#2442,#2443,
#2444,#2445,#2446,#2447),.UNSPECIFIED.,.F.,.F.,(4,2,2,2,4),(0.0517193648447548,
0.0569962728706949,0.0615876429153016,0.0654832376091844,0.0688773080373676),
 .UNSPECIFIED.);
#21=B_SPLINE_CURVE_WITH_KNOTS('',3,(#2450,#2451,#2452,#2453,#2454,#2455,
#2456,#2457,#2458,#2459),.UNSPECIFIED.,.F.,.F.,(4,2,2,2,4),(0.,0.00339407042818318,
0.00728966512206594,0.0118810351666727,0.0171579431926127),
 .UNSPECIFIED.);
#22=FACE_BOUND('',#189,.T.);
#23=FACE_BOUND('',#190,.T.);
#24=FACE_BOUND('',#191,.T.);
#25=FACE_BOUND('',#192,.T.);
#26=FACE_BOUND('',#193,.T.);
#27=FACE_BOUND('',#195,.T.);
#28=FACE_BOUND('',#196,.T.);
#29=FACE_BOUND('',#270,.T.);
#30=FACE_BOUND('',#271,.T.);
#31=FACE_BOUND('',#272,.T.);
#32=FACE_BOUND('',#273,.T.);
#33=FACE_BOUND('',#274,.T.);
#34=CONICAL_SURFACE('',#1674,2.2,0.785398163397448);
#35=CONICAL_SURFACE('',#1679,2.2,0.785398163397448);
#36=CONICAL_SURFACE('',#1684,2.2,0.785398163397448);
#37=CONICAL_SURFACE('',#1689,2.2,0.785398163397448);
#38=PLANE('',#1669);
#39=PLANE('',#1673);
#40=PLANE('',#1694);
#41=PLANE('',#1695);
#42=PLANE('',#1700);
#43=PLANE('',#1701);
#44=PLANE('',#1702);
#45=PLANE('',#1703);
#46=PLANE('',#1706);
#47=PLANE('',#1710);
#48=PLANE('',#1711);
#49=PLANE('',#1715);
#50=PLANE('',#1716);
#51=PLANE('',#1717);
#52=PLANE('',#1736);
#53=PLANE('',#1739);
#54=PLANE('',#1741);
#55=PLANE('',#1743);
#56=PLANE('',#1746);
#57=PLANE('',#1747);
#58=PLANE('',#1748);
#59=PLANE('',#1749);
#60=PLANE('',#1752);
#61=PLANE('',#1759);
#62=PLANE('',#1760);
#63=PLANE('',#1767);
#64=PLANE('',#1774);
#65=PLANE('',#1775);
#66=PLANE('',#1776);
#67=PLANE('',#1777);
#68=PLANE('',#1784);
#69=PLANE('',#1791);
#70=PLANE('',#1792);
#71=PLANE('',#1793);
#72=PLANE('',#1794);
#73=PLANE('',#1801);
#74=PLANE('',#1808);
#75=PLANE('',#1809);
#76=PLANE('',#1810);
#77=PLANE('',#1811);
#78=PLANE('',#1818);
#79=PLANE('',#1825);
#80=PLANE('',#1826);
#81=PLANE('',#1827);
#82=PLANE('',#1829);
#83=PLANE('',#1830);
#84=PLANE('',#1831);
#85=PLANE('',#1832);
#86=PLANE('',#1833);
#87=FACE_OUTER_BOUND('',#175,.T.);
#88=FACE_OUTER_BOUND('',#176,.T.);
#89=FACE_OUTER_BOUND('',#177,.T.);
#90=FACE_OUTER_BOUND('',#178,.T.);
#91=FACE_OUTER_BOUND('',#179,.T.);
#92=FACE_OUTER_BOUND('',#180,.T.);
#93=FACE_OUTER_BOUND('',#181,.T.);
#94=FACE_OUTER_BOUND('',#182,.T.);
#95=FACE_OUTER_BOUND('',#183,.T.);
#96=FACE_OUTER_BOUND('',#184,.T.);
#97=FACE_OUTER_BOUND('',#185,.T.);
#98=FACE_OUTER_BOUND('',#186,.T.);
#99=FACE_OUTER_BOUND('',#187,.T.);
#100=FACE_OUTER_BOUND('',#188,.T.);
#101=FACE_OUTER_BOUND('',#194,.T.);
#102=FACE_OUTER_BOUND('',#197,.T.);
#103=FACE_OUTER_BOUND('',#198,.T.);
#104=FACE_OUTER_BOUND('',#199,.T.);
#105=FACE_OUTER_BOUND('',#200,.T.);
#106=FACE_OUTER_BOUND('',#201,.T.);
#107=FACE_OUTER_BOUND('',#202,.T.);
#108=FACE_OUTER_BOUND('',#203,.T.);
#109=FACE_OUTER_BOUND('',#204,.T.);
#110=FACE_OUTER_BOUND('',#205,.T.);
#111=FACE_OUTER_BOUND('',#206,.T.);
#112=FACE_OUTER_BOUND('',#207,.T.);
#113=FACE_OUTER_BOUND('',#208,.T.);
#114=FACE_OUTER_BOUND('',#209,.T.);
#115=FACE_OUTER_BOUND('',#210,.T.);
#116=FACE_OUTER_BOUND('',#211,.T.);
#117=FACE_OUTER_BOUND('',#212,.T.);
#118=FACE_OUTER_BOUND('',#213,.T.);
#119=FACE_OUTER_BOUND('',#214,.T.);
#120=FACE_OUTER_BOUND('',#215,.T.);
#121=FACE_OUTER_BOUND('',#216,.T.);
#122=FACE_OUTER_BOUND('',#217,.T.);
#123=FACE_OUTER_BOUND('',#218,.T.);
#124=FACE_OUTER_BOUND('',#219,.T.);
#125=FACE_OUTER_BOUND('',#220,.T.);
#126=FACE_OUTER_BOUND('',#221,.T.);
#127=FACE_OUTER_BOUND('',#222,.T.);
#128=FACE_OUTER_BOUND('',#223,.T.);
#129=FACE_OUTER_BOUND('',#224,.T.);
#130=FACE_OUTER_BOUND('',#225,.T.);
#131=FACE_OUTER_BOUND('',#226,.T.);
#132=FACE_OUTER_BOUND('',#227,.T.);
#133=FACE_OUTER_BOUND('',#228,.T.);
#134=FACE_OUTER_BOUND('',#229,.T.);
#135=FACE_OUTER_BOUND('',#230,.T.);
#136=FACE_OUTER_BOUND('',#231,.T.);
#137=FACE_OUTER_BOUND('',#232,.T.);
#138=FACE_OUTER_BOUND('',#233,.T.);
#139=FACE_OUTER_BOUND('',#234,.T.);
#140=FACE_OUTER_BOUND('',#235,.T.);
#141=FACE_OUTER_BOUND('',#236,.T.);
#142=FACE_OUTER_BOUND('',#237,.T.);
#143=FACE_OUTER_BOUND('',#238,.T.);
#144=FACE_OUTER_BOUND('',#239,.T.);
#145=FACE_OUTER_BOUND('',#240,.T.);
#146=FACE_OUTER_BOUND('',#241,.T.);
#147=FACE_OUTER_BOUND('',#242,.T.);
#148=FACE_OUTER_BOUND('',#243,.T.);
#149=FACE_OUTER_BOUND('',#244,.T.);
#150=FACE_OUTER_BOUND('',#245,.T.);
#151=FACE_OUTER_BOUND('',#246,.T.);
#152=FACE_OUTER_BOUND('',#247,.T.);
#153=FACE_OUTER_BOUND('',#248,.T.);
#154=FACE_OUTER_BOUND('',#249,.T.);
#155=FACE_OUTER_BOUND('',#250,.T.);
#156=FACE_OUTER_BOUND('',#251,.T.);
#157=FACE_OUTER_BOUND('',#252,.T.);
#158=FACE_OUTER_BOUND('',#253,.T.);
#159=FACE_OUTER_BOUND('',#254,.T.);
#160=FACE_OUTER_BOUND('',#255,.T.);
#161=FACE_OUTER_BOUND('',#256,.T.);
#162=FACE_OUTER_BOUND('',#257,.T.);
#163=FACE_OUTER_BOUND('',#258,.T.);
#164=FACE_OUTER_BOUND('',#259,.T.);
#165=FACE_OUTER_BOUND('',#260,.T.);
#166=FACE_OUTER_BOUND('',#261,.T.);
#167=FACE_OUTER_BOUND('',#262,.T.);
#168=FACE_OUTER_BOUND('',#263,.T.);
#169=FACE_OUTER_BOUND('',#264,.T.);
#170=FACE_OUTER_BOUND('',#265,.T.);
#171=FACE_OUTER_BOUND('',#266,.T.);
#172=FACE_OUTER_BOUND('',#267,.T.);
#173=FACE_OUTER_BOUND('',#268,.T.);
#174=FACE_OUTER_BOUND('',#269,.T.);
#175=EDGE_LOOP('',(#1055,#1056,#1057,#1058));
#176=EDGE_LOOP('',(#1059));
#177=EDGE_LOOP('',(#1060,#1061,#1062,#1063));
#178=EDGE_LOOP('',(#1064));
#179=EDGE_LOOP('',(#1065,#1066,#1067,#1068));
#180=EDGE_LOOP('',(#1069,#1070,#1071,#1072));
#181=EDGE_LOOP('',(#1073,#1074,#1075,#1076));
#182=EDGE_LOOP('',(#1077,#1078,#1079,#1080));
#183=EDGE_LOOP('',(#1081,#1082,#1083,#1084));
#184=EDGE_LOOP('',(#1085,#1086,#1087,#1088));
#185=EDGE_LOOP('',(#1089,#1090,#1091,#1092));
#186=EDGE_LOOP('',(#1093,#1094,#1095,#1096));
#187=EDGE_LOOP('',(#1097,#1098,#1099,#1100));
#188=EDGE_LOOP('',(#1101,#1102,#1103,#1104));
#189=EDGE_LOOP('',(#1105,#1106,#1107,#1108,#1109,#1110,#1111,#1112));
#190=EDGE_LOOP('',(#1113));
#191=EDGE_LOOP('',(#1114));
#192=EDGE_LOOP('',(#1115));
#193=EDGE_LOOP('',(#1116));
#194=EDGE_LOOP('',(#1117,#1118,#1119,#1120,#1121,#1122));
#195=EDGE_LOOP('',(#1123));
#196=EDGE_LOOP('',(#1124));
#197=EDGE_LOOP('',(#1125,#1126,#1127,#1128));
#198=EDGE_LOOP('',(#1129,#1130,#1131,#1132,#1133));
#199=EDGE_LOOP('',(#1134,#1135,#1136,#1137,#1138));
#200=EDGE_LOOP('',(#1139,#1140,#1141,#1142));
#201=EDGE_LOOP('',(#1143,#1144,#1145,#1146,#1147));
#202=EDGE_LOOP('',(#1148,#1149,#1150,#1151,#1152));
#203=EDGE_LOOP('',(#1153,#1154,#1155,#1156,#1157));
#204=EDGE_LOOP('',(#1158,#1159,#1160,#1161,#1162));
#205=EDGE_LOOP('',(#1163,#1164,#1165,#1166,#1167));
#206=EDGE_LOOP('',(#1168,#1169,#1170,#1171,#1172,#1173,#1174,#1175));
#207=EDGE_LOOP('',(#1176,#1177,#1178,#1179,#1180,#1181,#1182,#1183));
#208=EDGE_LOOP('',(#1184,#1185,#1186,#1187,#1188,#1189,#1190,#1191,#1192,
#1193,#1194,#1195));
#209=EDGE_LOOP('',(#1196,#1197,#1198,#1199,#1200));
#210=EDGE_LOOP('',(#1201,#1202,#1203,#1204,#1205));
#211=EDGE_LOOP('',(#1206,#1207,#1208,#1209));
#212=EDGE_LOOP('',(#1210,#1211,#1212,#1213));
#213=EDGE_LOOP('',(#1214,#1215,#1216,#1217));
#214=EDGE_LOOP('',(#1218,#1219,#1220,#1221));
#215=EDGE_LOOP('',(#1222,#1223,#1224,#1225));
#216=EDGE_LOOP('',(#1226,#1227,#1228,#1229));
#217=EDGE_LOOP('',(#1230,#1231,#1232,#1233));
#218=EDGE_LOOP('',(#1234,#1235,#1236,#1237,#1238,#1239,#1240,#1241,#1242,
#1243,#1244,#1245));
#219=EDGE_LOOP('',(#1246,#1247,#1248,#1249));
#220=EDGE_LOOP('',(#1250,#1251,#1252,#1253));
#221=EDGE_LOOP('',(#1254,#1255,#1256,#1257));
#222=EDGE_LOOP('',(#1258,#1259,#1260,#1261));
#223=EDGE_LOOP('',(#1262,#1263,#1264,#1265));
#224=EDGE_LOOP('',(#1266,#1267,#1268,#1269,#1270,#1271,#1272,#1273,#1274,
#1275,#1276,#1277,#1278,#1279));
#225=EDGE_LOOP('',(#1280,#1281,#1282,#1283));
#226=EDGE_LOOP('',(#1284,#1285,#1286,#1287));
#227=EDGE_LOOP('',(#1288,#1289,#1290));
#228=EDGE_LOOP('',(#1291,#1292,#1293,#1294,#1295,#1296,#1297,#1298,#1299));
#229=EDGE_LOOP('',(#1300,#1301,#1302,#1303));
#230=EDGE_LOOP('',(#1304,#1305,#1306,#1307));
#231=EDGE_LOOP('',(#1308,#1309,#1310,#1311));
#232=EDGE_LOOP('',(#1312,#1313,#1314,#1315));
#233=EDGE_LOOP('',(#1316,#1317,#1318,#1319));
#234=EDGE_LOOP('',(#1320,#1321,#1322,#1323));
#235=EDGE_LOOP('',(#1324,#1325,#1326,#1327));
#236=EDGE_LOOP('',(#1328,#1329,#1330));
#237=EDGE_LOOP('',(#1331,#1332,#1333,#1334,#1335,#1336,#1337,#1338,#1339));
#238=EDGE_LOOP('',(#1340,#1341,#1342,#1343));
#239=EDGE_LOOP('',(#1344,#1345,#1346,#1347));
#240=EDGE_LOOP('',(#1348,#1349,#1350,#1351));
#241=EDGE_LOOP('',(#1352,#1353,#1354,#1355));
#242=EDGE_LOOP('',(#1356,#1357,#1358,#1359));
#243=EDGE_LOOP('',(#1360,#1361,#1362,#1363,#1364,#1365));
#244=EDGE_LOOP('',(#1366,#1367,#1368,#1369));
#245=EDGE_LOOP('',(#1370,#1371,#1372));
#246=EDGE_LOOP('',(#1373,#1374,#1375,#1376,#1377,#1378,#1379,#1380,#1381));
#247=EDGE_LOOP('',(#1382,#1383,#1384,#1385));
#248=EDGE_LOOP('',(#1386,#1387,#1388,#1389));
#249=EDGE_LOOP('',(#1390,#1391,#1392,#1393));
#250=EDGE_LOOP('',(#1394,#1395,#1396,#1397));
#251=EDGE_LOOP('',(#1398,#1399,#1400,#1401));
#252=EDGE_LOOP('',(#1402,#1403,#1404,#1405));
#253=EDGE_LOOP('',(#1406,#1407,#1408,#1409));
#254=EDGE_LOOP('',(#1410,#1411,#1412));
#255=EDGE_LOOP('',(#1413,#1414,#1415,#1416,#1417,#1418,#1419,#1420,#1421));
#256=EDGE_LOOP('',(#1422,#1423,#1424,#1425));
#257=EDGE_LOOP('',(#1426,#1427,#1428,#1429));
#258=EDGE_LOOP('',(#1430,#1431,#1432,#1433));
#259=EDGE_LOOP('',(#1434,#1435,#1436,#1437));
#260=EDGE_LOOP('',(#1438,#1439,#1440,#1441));
#261=EDGE_LOOP('',(#1442,#1443,#1444,#1445,#1446,#1447));
#262=EDGE_LOOP('',(#1448,#1449,#1450,#1451));
#263=EDGE_LOOP('',(#1452,#1453,#1454,#1455));
#264=EDGE_LOOP('',(#1456,#1457,#1458,#1459,#1460,#1461,#1462,#1463,#1464,
#1465,#1466,#1467,#1468,#1469,#1470));
#265=EDGE_LOOP('',(#1471,#1472,#1473,#1474));
#266=EDGE_LOOP('',(#1475,#1476,#1477,#1478));
#267=EDGE_LOOP('',(#1479,#1480,#1481,#1482,#1483,#1484));
#268=EDGE_LOOP('',(#1485,#1486,#1487,#1488));
#269=EDGE_LOOP('',(#1489,#1490,#1491,#1492));
#270=EDGE_LOOP('',(#1493,#1494,#1495,#1496,#1497,#1498,#1499,#1500,#1501,
#1502,#1503,#1504,#1505,#1506,#1507,#1508,#1509,#1510,#1511,#1512,#1513,
#1514,#1515,#1516,#1517,#1518,#1519,#1520,#1521,#1522,#1523,#1524));
#271=EDGE_LOOP('',(#1525));
#272=EDGE_LOOP('',(#1526));
#273=EDGE_LOOP('',(#1527));
#274=EDGE_LOOP('',(#1528));
#275=LINE('',#2338,#430);
#276=LINE('',#2345,#431);
#277=LINE('',#2352,#432);
#278=LINE('',#2356,#433);
#279=LINE('',#2362,#434);
#280=LINE('',#2366,#435);
#281=LINE('',#2372,#436);
#282=LINE('',#2376,#437);
#283=LINE('',#2382,#438);
#284=LINE('',#2386,#439);
#285=LINE('',#2391,#440);
#286=LINE('',#2393,#441);
#287=LINE('',#2395,#442);
#288=LINE('',#2396,#443);
#289=LINE('',#2399,#444);
#290=LINE('',#2401,#445);
#291=LINE('',#2402,#446);
#292=LINE('',#2405,#447);
#293=LINE('',#2409,#448);
#294=LINE('',#2413,#449);
#295=LINE('',#2417,#450);
#296=LINE('',#2421,#451);
#297=LINE('',#2423,#452);
#298=LINE('',#2425,#453);
#299=LINE('',#2426,#454);
#300=LINE('',#2429,#455);
#301=LINE('',#2430,#456);
#302=LINE('',#2433,#457);
#303=LINE('',#2435,#458);
#304=LINE('',#2437,#459);
#305=LINE('',#2461,#460);
#306=LINE('',#2463,#461);
#307=LINE('',#2464,#462);
#308=LINE('',#2468,#463);
#309=LINE('',#2472,#464);
#310=LINE('',#2474,#465);
#311=LINE('',#2476,#466);
#312=LINE('',#2478,#467);
#313=LINE('',#2479,#468);
#314=LINE('',#2485,#469);
#315=LINE('',#2487,#470);
#316=LINE('',#2490,#471);
#317=LINE('',#2494,#472);
#318=LINE('',#2496,#473);
#319=LINE('',#2498,#474);
#320=LINE('',#2500,#475);
#321=LINE('',#2501,#476);
#322=LINE('',#2504,#477);
#323=LINE('',#2506,#478);
#324=LINE('',#2508,#479);
#325=LINE('',#2509,#480);
#326=LINE('',#2516,#481);
#327=LINE('',#2517,#482);
#328=LINE('',#2520,#483);
#329=LINE('',#2522,#484);
#330=LINE('',#2524,#485);
#331=LINE('',#2526,#486);
#332=LINE('',#2528,#487);
#333=LINE('',#2530,#488);
#334=LINE('',#2531,#489);
#335=LINE('',#2535,#490);
#336=LINE('',#2537,#491);
#337=LINE('',#2538,#492);
#338=LINE('',#2540,#493);
#339=LINE('',#2542,#494);
#340=LINE('',#2544,#495);
#341=LINE('',#2545,#496);
#342=LINE('',#2553,#497);
#343=LINE('',#2557,#498);
#344=LINE('',#2560,#499);
#345=LINE('',#2564,#500);
#346=LINE('',#2569,#501);
#347=LINE('',#2574,#502);
#348=LINE('',#2581,#503);
#349=LINE('',#2584,#504);
#350=LINE('',#2587,#505);
#351=LINE('',#2590,#506);
#352=LINE('',#2591,#507);
#353=LINE('',#2595,#508);
#354=LINE('',#2599,#509);
#355=LINE('',#2603,#510);
#356=LINE('',#2607,#511);
#357=LINE('',#2609,#512);
#358=LINE('',#2613,#513);
#359=LINE('',#2614,#514);
#360=LINE('',#2616,#515);
#361=LINE('',#2619,#516);
#362=LINE('',#2620,#517);
#363=LINE('',#2622,#518);
#364=LINE('',#2625,#519);
#365=LINE('',#2630,#520);
#366=LINE('',#2634,#521);
#367=LINE('',#2640,#522);
#368=LINE('',#2641,#523);
#369=LINE('',#2644,#524);
#370=LINE('',#2648,#525);
#371=LINE('',#2655,#526);
#372=LINE('',#2660,#527);
#373=LINE('',#2661,#528);
#374=LINE('',#2664,#529);
#375=LINE('',#2665,#530);
#376=LINE('',#2669,#531);
#377=LINE('',#2673,#532);
#378=LINE('',#2677,#533);
#379=LINE('',#2679,#534);
#380=LINE('',#2682,#535);
#381=LINE('',#2683,#536);
#382=LINE('',#2685,#537);
#383=LINE('',#2688,#538);
#384=LINE('',#2696,#539);
#385=LINE('',#2699,#540);
#386=LINE('',#2704,#541);
#387=LINE('',#2705,#542);
#388=LINE('',#2708,#543);
#389=LINE('',#2709,#544);
#390=LINE('',#2713,#545);
#391=LINE('',#2716,#546);
#392=LINE('',#2720,#547);
#393=LINE('',#2723,#548);
#394=LINE('',#2725,#549);
#395=LINE('',#2728,#550);
#396=LINE('',#2729,#551);
#397=LINE('',#2732,#552);
#398=LINE('',#2736,#553);
#399=LINE('',#2743,#554);
#400=LINE('',#2748,#555);
#401=LINE('',#2749,#556);
#402=LINE('',#2752,#557);
#403=LINE('',#2753,#558);
#404=LINE('',#2757,#559);
#405=LINE('',#2761,#560);
#406=LINE('',#2765,#561);
#407=LINE('',#2767,#562);
#408=LINE('',#2770,#563);
#409=LINE('',#2771,#564);
#410=LINE('',#2773,#565);
#411=LINE('',#2776,#566);
#412=LINE('',#2784,#567);
#413=LINE('',#2787,#568);
#414=LINE('',#2792,#569);
#415=LINE('',#2793,#570);
#416=LINE('',#2796,#571);
#417=LINE('',#2797,#572);
#418=LINE('',#2801,#573);
#419=LINE('',#2804,#574);
#420=LINE('',#2808,#575);
#421=LINE('',#2811,#576);
#422=LINE('',#2813,#577);
#423=LINE('',#2815,#578);
#424=LINE('',#2817,#579);
#425=LINE('',#2821,#580);
#426=LINE('',#2822,#581);
#427=LINE('',#2825,#582);
#428=LINE('',#2826,#583);
#429=LINE('',#2828,#584);
#430=VECTOR('',#1843,1.59999999999998);
#431=VECTOR('',#1852,1.59999999999996);
#432=VECTOR('',#1861,2.2);
#433=VECTOR('',#1866,1.6);
#434=VECTOR('',#1873,2.2);
#435=VECTOR('',#1878,1.6);
#436=VECTOR('',#1885,2.2);
#437=VECTOR('',#1890,1.6);
#438=VECTOR('',#1897,2.2);
#439=VECTOR('',#1902,1.6);
#440=VECTOR('',#1907,10.);
#441=VECTOR('',#1908,10.);
#442=VECTOR('',#1909,10.);
#443=VECTOR('',#1910,10.);
#444=VECTOR('',#1913,10.);
#445=VECTOR('',#1914,10.);
#446=VECTOR('',#1915,10.);
#447=VECTOR('',#1916,10.);
#448=VECTOR('',#1919,10.);
#449=VECTOR('',#1922,10.);
#450=VECTOR('',#1925,10.);
#451=VECTOR('',#1930,10.);
#452=VECTOR('',#1931,10.);
#453=VECTOR('',#1932,10.);
#454=VECTOR('',#1933,10.);
#455=VECTOR('',#1936,10.);
#456=VECTOR('',#1937,10.);
#457=VECTOR('',#1940,10.);
#458=VECTOR('',#1941,10.);
#459=VECTOR('',#1942,10.);
#460=VECTOR('',#1945,10.);
#461=VECTOR('',#1946,10.);
#462=VECTOR('',#1947,10.);
#463=VECTOR('',#1952,10.);
#464=VECTOR('',#1955,10.);
#465=VECTOR('',#1956,10.);
#466=VECTOR('',#1957,10.);
#467=VECTOR('',#1958,10.);
#468=VECTOR('',#1959,10.);
#469=VECTOR('',#1964,10.);
#470=VECTOR('',#1965,10.);
#471=VECTOR('',#1968,10.);
#472=VECTOR('',#1971,10.);
#473=VECTOR('',#1972,10.);
#474=VECTOR('',#1973,10.);
#475=VECTOR('',#1974,10.);
#476=VECTOR('',#1975,10.);
#477=VECTOR('',#1978,10.);
#478=VECTOR('',#1979,10.);
#479=VECTOR('',#1980,10.);
#480=VECTOR('',#1981,10.);
#481=VECTOR('',#1988,10.);
#482=VECTOR('',#1989,10.);
#483=VECTOR('',#1992,10.);
#484=VECTOR('',#1993,10.);
#485=VECTOR('',#1994,10.);
#486=VECTOR('',#1995,10.);
#487=VECTOR('',#1996,10.);
#488=VECTOR('',#1997,10.);
#489=VECTOR('',#1998,10.);
#490=VECTOR('',#2001,10.);
#491=VECTOR('',#2002,10.);
#492=VECTOR('',#2003,10.);
#493=VECTOR('',#2004,10.);
#494=VECTOR('',#2005,10.);
#495=VECTOR('',#2006,10.);
#496=VECTOR('',#2007,10.);
#497=VECTOR('',#2016,10.);
#498=VECTOR('',#2019,10.);
#499=VECTOR('',#2022,10.);
#500=VECTOR('',#2027,10.);
#501=VECTOR('',#2034,10.);
#502=VECTOR('',#2039,10.);
#503=VECTOR('',#2048,10.);
#504=VECTOR('',#2051,10.);
#505=VECTOR('',#2054,10.);
#506=VECTOR('',#2057,10.);
#507=VECTOR('',#2058,10.);
#508=VECTOR('',#2063,10.);
#509=VECTOR('',#2068,10.);
#510=VECTOR('',#2073,10.);
#511=VECTOR('',#2078,10.);
#512=VECTOR('',#2079,10.);
#513=VECTOR('',#2084,10.);
#514=VECTOR('',#2085,10.);
#515=VECTOR('',#2088,10.);
#516=VECTOR('',#2091,10.);
#517=VECTOR('',#2092,10.);
#518=VECTOR('',#2095,10.);
#519=VECTOR('',#2098,10.);
#520=VECTOR('',#2105,10.);
#521=VECTOR('',#2110,10.);
#522=VECTOR('',#2119,10.);
#523=VECTOR('',#2120,10.);
#524=VECTOR('',#2123,10.);
#525=VECTOR('',#2126,10.);
#526=VECTOR('',#2133,10.);
#527=VECTOR('',#2138,10.);
#528=VECTOR('',#2139,10.);
#529=VECTOR('',#2142,10.);
#530=VECTOR('',#2143,1.);
#531=VECTOR('',#2148,1.);
#532=VECTOR('',#2153,1.);
#533=VECTOR('',#2158,1.);
#534=VECTOR('',#2161,10.);
#535=VECTOR('',#2164,10.);
#536=VECTOR('',#2165,10.);
#537=VECTOR('',#2168,10.);
#538=VECTOR('',#2171,10.);
#539=VECTOR('',#2178,10.);
#540=VECTOR('',#2181,10.);
#541=VECTOR('',#2186,10.);
#542=VECTOR('',#2187,10.);
#543=VECTOR('',#2190,1.);
#544=VECTOR('',#2191,10.);
#545=VECTOR('',#2196,1.);
#546=VECTOR('',#2199,1.);
#547=VECTOR('',#2204,1.);
#548=VECTOR('',#2209,10.);
#549=VECTOR('',#2212,10.);
#550=VECTOR('',#2215,10.);
#551=VECTOR('',#2216,10.);
#552=VECTOR('',#2219,10.);
#553=VECTOR('',#2222,10.);
#554=VECTOR('',#2229,10.);
#555=VECTOR('',#2234,10.);
#556=VECTOR('',#2235,10.);
#557=VECTOR('',#2238,10.);
#558=VECTOR('',#2239,1.);
#559=VECTOR('',#2244,1.);
#560=VECTOR('',#2249,1.);
#561=VECTOR('',#2254,1.);
#562=VECTOR('',#2257,10.);
#563=VECTOR('',#2260,10.);
#564=VECTOR('',#2261,10.);
#565=VECTOR('',#2264,10.);
#566=VECTOR('',#2267,10.);
#567=VECTOR('',#2274,10.);
#568=VECTOR('',#2277,10.);
#569=VECTOR('',#2282,10.);
#570=VECTOR('',#2283,10.);
#571=VECTOR('',#2286,1.);
#572=VECTOR('',#2287,10.);
#573=VECTOR('',#2292,1.);
#574=VECTOR('',#2295,1.);
#575=VECTOR('',#2300,1.);
#576=VECTOR('',#2305,10.);
#577=VECTOR('',#2308,10.);
#578=VECTOR('',#2311,10.);
#579=VECTOR('',#2314,10.);
#580=VECTOR('',#2319,10.);
#581=VECTOR('',#2320,10.);
#582=VECTOR('',#2323,10.);
#583=VECTOR('',#2324,10.);
#584=VECTOR('',#2327,10.);
#585=CIRCLE('',#1667,1.59999999999998);
#586=CIRCLE('',#1668,1.59999999999998);
#587=CIRCLE('',#1671,1.59999999999996);
#588=CIRCLE('',#1672,1.59999999999996);
#589=CIRCLE('',#1675,2.8);
#590=CIRCLE('',#1676,1.6);
#591=CIRCLE('',#1678,1.6);
#592=CIRCLE('',#1680,2.8);
#593=CIRCLE('',#1681,1.6);
#594=CIRCLE('',#1683,1.6);
#595=CIRCLE('',#1685,2.8);
#596=CIRCLE('',#1686,1.6);
#597=CIRCLE('',#1688,1.6);
#598=CIRCLE('',#1690,2.8);
#599=CIRCLE('',#1691,1.6);
#600=CIRCLE('',#1693,1.6);
#601=CIRCLE('',#1696,9.5);
#602=CIRCLE('',#1697,1.);
#603=CIRCLE('',#1698,5.41562499999994);
#604=CIRCLE('',#1699,1.);
#605=CIRCLE('',#1705,1.);
#606=CIRCLE('',#1708,1.);
#607=CIRCLE('',#1709,1.);
#608=CIRCLE('',#1713,1.);
#609=CIRCLE('',#1714,1.);
#610=CIRCLE('',#1718,9.5);
#611=CIRCLE('',#1719,1.);
#612=CIRCLE('',#1720,9.5);
#613=CIRCLE('',#1721,0.700000000000002);
#614=CIRCLE('',#1722,0.700000000000001);
#615=CIRCLE('',#1724,1.);
#616=CIRCLE('',#1725,1.);
#617=CIRCLE('',#1727,1.);
#618=CIRCLE('',#1729,0.700000000000002);
#619=CIRCLE('',#1730,0.700000000000002);
#620=CIRCLE('',#1732,0.700000000000001);
#621=CIRCLE('',#1733,0.700000000000001);
#622=CIRCLE('',#1735,0.700000000000002);
#623=CIRCLE('',#1738,0.700000000000001);
#624=CIRCLE('',#1740,9.5);
#625=CIRCLE('',#1742,9.5);
#626=CIRCLE('',#1744,9.5);
#627=CIRCLE('',#1745,9.5);
#628=CIRCLE('',#1751,1.);
#629=CIRCLE('',#1753,5.51562499999994);
#630=CIRCLE('',#1754,9.5);
#631=CIRCLE('',#1755,9.5);
#632=CIRCLE('',#1757,5.51562499999994);
#633=CIRCLE('',#1761,1.);
#634=CIRCLE('',#1762,1.);
#635=CIRCLE('',#1763,2.);
#636=CIRCLE('',#1764,1.);
#637=CIRCLE('',#1766,1.);
#638=CIRCLE('',#1769,1.);
#639=CIRCLE('',#1771,2.);
#640=CIRCLE('',#1773,1.);
#641=CIRCLE('',#1778,1.);
#642=CIRCLE('',#1779,2.);
#643=CIRCLE('',#1780,1.);
#644=CIRCLE('',#1781,1.);
#645=CIRCLE('',#1783,1.);
#646=CIRCLE('',#1786,1.);
#647=CIRCLE('',#1788,2.);
#648=CIRCLE('',#1790,1.);
#649=CIRCLE('',#1795,1.);
#650=CIRCLE('',#1796,1.);
#651=CIRCLE('',#1797,2.);
#652=CIRCLE('',#1798,1.);
#653=CIRCLE('',#1800,1.);
#654=CIRCLE('',#1803,1.);
#655=CIRCLE('',#1805,2.);
#656=CIRCLE('',#1807,1.);
#657=CIRCLE('',#1812,1.);
#658=CIRCLE('',#1813,2.);
#659=CIRCLE('',#1814,1.);
#660=CIRCLE('',#1815,1.);
#661=CIRCLE('',#1817,1.);
#662=CIRCLE('',#1820,1.);
#663=CIRCLE('',#1822,2.);
#664=CIRCLE('',#1824,1.);
#665=VERTEX_POINT('',#2335);
#666=VERTEX_POINT('',#2337);
#667=VERTEX_POINT('',#2342);
#668=VERTEX_POINT('',#2344);
#669=VERTEX_POINT('',#2349);
#670=VERTEX_POINT('',#2351);
#671=VERTEX_POINT('',#2355);
#672=VERTEX_POINT('',#2359);
#673=VERTEX_POINT('',#2361);
#674=VERTEX_POINT('',#2365);
#675=VERTEX_POINT('',#2369);
#676=VERTEX_POINT('',#2371);
#677=VERTEX_POINT('',#2375);
#678=VERTEX_POINT('',#2379);
#679=VERTEX_POINT('',#2381);
#680=VERTEX_POINT('',#2385);
#681=VERTEX_POINT('',#2389);
#682=VERTEX_POINT('',#2390);
#683=VERTEX_POINT('',#2392);
#684=VERTEX_POINT('',#2394);
#685=VERTEX_POINT('',#2398);
#686=VERTEX_POINT('',#2400);
#687=VERTEX_POINT('',#2403);
#688=VERTEX_POINT('',#2404);
#689=VERTEX_POINT('',#2406);
#690=VERTEX_POINT('',#2408);
#691=VERTEX_POINT('',#2410);
#692=VERTEX_POINT('',#2412);
#693=VERTEX_POINT('',#2414);
#694=VERTEX_POINT('',#2416);
#695=VERTEX_POINT('',#2420);
#696=VERTEX_POINT('',#2422);
#697=VERTEX_POINT('',#2424);
#698=VERTEX_POINT('',#2428);
#699=VERTEX_POINT('',#2432);
#700=VERTEX_POINT('',#2434);
#701=VERTEX_POINT('',#2436);
#702=VERTEX_POINT('',#2449);
#703=VERTEX_POINT('',#2460);
#704=VERTEX_POINT('',#2462);
#705=VERTEX_POINT('',#2466);
#706=VERTEX_POINT('',#2470);
#707=VERTEX_POINT('',#2471);
#708=VERTEX_POINT('',#2473);
#709=VERTEX_POINT('',#2475);
#710=VERTEX_POINT('',#2477);
#711=VERTEX_POINT('',#2481);
#712=VERTEX_POINT('',#2482);
#713=VERTEX_POINT('',#2484);
#714=VERTEX_POINT('',#2486);
#715=VERTEX_POINT('',#2488);
#716=VERTEX_POINT('',#2492);
#717=VERTEX_POINT('',#2493);
#718=VERTEX_POINT('',#2495);
#719=VERTEX_POINT('',#2497);
#720=VERTEX_POINT('',#2499);
#721=VERTEX_POINT('',#2503);
#722=VERTEX_POINT('',#2505);
#723=VERTEX_POINT('',#2507);
#724=VERTEX_POINT('',#2511);
#725=VERTEX_POINT('',#2513);
#726=VERTEX_POINT('',#2515);
#727=VERTEX_POINT('',#2519);
#728=VERTEX_POINT('',#2521);
#729=VERTEX_POINT('',#2523);
#730=VERTEX_POINT('',#2525);
#731=VERTEX_POINT('',#2527);
#732=VERTEX_POINT('',#2529);
#733=VERTEX_POINT('',#2533);
#734=VERTEX_POINT('',#2534);
#735=VERTEX_POINT('',#2536);
#736=VERTEX_POINT('',#2539);
#737=VERTEX_POINT('',#2541);
#738=VERTEX_POINT('',#2543);
#739=VERTEX_POINT('',#2547);
#740=VERTEX_POINT('',#2550);
#741=VERTEX_POINT('',#2552);
#742=VERTEX_POINT('',#2554);
#743=VERTEX_POINT('',#2556);
#744=VERTEX_POINT('',#2558);
#745=VERTEX_POINT('',#2562);
#746=VERTEX_POINT('',#2567);
#747=VERTEX_POINT('',#2571);
#748=VERTEX_POINT('',#2573);
#749=VERTEX_POINT('',#2577);
#750=VERTEX_POINT('',#2579);
#751=VERTEX_POINT('',#2583);
#752=VERTEX_POINT('',#2585);
#753=VERTEX_POINT('',#2589);
#754=VERTEX_POINT('',#2593);
#755=VERTEX_POINT('',#2597);
#756=VERTEX_POINT('',#2601);
#757=VERTEX_POINT('',#2605);
#758=VERTEX_POINT('',#2608);
#759=VERTEX_POINT('',#2612);
#760=VERTEX_POINT('',#2618);
#761=VERTEX_POINT('',#2624);
#762=VERTEX_POINT('',#2629);
#763=VERTEX_POINT('',#2632);
#764=VERTEX_POINT('',#2639);
#765=VERTEX_POINT('',#2643);
#766=VERTEX_POINT('',#2645);
#767=VERTEX_POINT('',#2647);
#768=VERTEX_POINT('',#2649);
#769=VERTEX_POINT('',#2651);
#770=VERTEX_POINT('',#2653);
#771=VERTEX_POINT('',#2657);
#772=VERTEX_POINT('',#2658);
#773=VERTEX_POINT('',#2663);
#774=VERTEX_POINT('',#2667);
#775=VERTEX_POINT('',#2671);
#776=VERTEX_POINT('',#2675);
#777=VERTEX_POINT('',#2681);
#778=VERTEX_POINT('',#2687);
#779=VERTEX_POINT('',#2689);
#780=VERTEX_POINT('',#2691);
#781=VERTEX_POINT('',#2693);
#782=VERTEX_POINT('',#2695);
#783=VERTEX_POINT('',#2697);
#784=VERTEX_POINT('',#2701);
#785=VERTEX_POINT('',#2702);
#786=VERTEX_POINT('',#2707);
#787=VERTEX_POINT('',#2711);
#788=VERTEX_POINT('',#2715);
#789=VERTEX_POINT('',#2719);
#790=VERTEX_POINT('',#2727);
#791=VERTEX_POINT('',#2731);
#792=VERTEX_POINT('',#2733);
#793=VERTEX_POINT('',#2735);
#794=VERTEX_POINT('',#2737);
#795=VERTEX_POINT('',#2739);
#796=VERTEX_POINT('',#2741);
#797=VERTEX_POINT('',#2745);
#798=VERTEX_POINT('',#2746);
#799=VERTEX_POINT('',#2751);
#800=VERTEX_POINT('',#2755);
#801=VERTEX_POINT('',#2759);
#802=VERTEX_POINT('',#2763);
#803=VERTEX_POINT('',#2769);
#804=VERTEX_POINT('',#2775);
#805=VERTEX_POINT('',#2777);
#806=VERTEX_POINT('',#2779);
#807=VERTEX_POINT('',#2781);
#808=VERTEX_POINT('',#2783);
#809=VERTEX_POINT('',#2785);
#810=VERTEX_POINT('',#2789);
#811=VERTEX_POINT('',#2790);
#812=VERTEX_POINT('',#2795);
#813=VERTEX_POINT('',#2799);
#814=VERTEX_POINT('',#2803);
#815=VERTEX_POINT('',#2807);
#816=VERTEX_POINT('',#2820);
#817=VERTEX_POINT('',#2824);
#818=EDGE_CURVE('',#665,#665,#585,.T.);
#819=EDGE_CURVE('',#665,#666,#275,.T.);
#820=EDGE_CURVE('',#666,#666,#586,.T.);
#821=EDGE_CURVE('',#667,#667,#587,.T.);
#822=EDGE_CURVE('',#667,#668,#276,.T.);
#823=EDGE_CURVE('',#668,#668,#588,.T.);
#824=EDGE_CURVE('',#669,#669,#589,.T.);
#825=EDGE_CURVE('',#669,#670,#277,.T.);
#826=EDGE_CURVE('',#670,#670,#590,.T.);
#827=EDGE_CURVE('',#670,#671,#278,.T.);
#828=EDGE_CURVE('',#671,#671,#591,.T.);
#829=EDGE_CURVE('',#672,#672,#592,.T.);
#830=EDGE_CURVE('',#672,#673,#279,.T.);
#831=EDGE_CURVE('',#673,#673,#593,.T.);
#832=EDGE_CURVE('',#673,#674,#280,.T.);
#833=EDGE_CURVE('',#674,#674,#594,.T.);
#834=EDGE_CURVE('',#675,#675,#595,.T.);
#835=EDGE_CURVE('',#675,#676,#281,.T.);
#836=EDGE_CURVE('',#676,#676,#596,.T.);
#837=EDGE_CURVE('',#676,#677,#282,.T.);
#838=EDGE_CURVE('',#677,#677,#597,.T.);
#839=EDGE_CURVE('',#678,#678,#598,.T.);
#840=EDGE_CURVE('',#678,#679,#283,.T.);
#841=EDGE_CURVE('',#679,#679,#599,.T.);
#842=EDGE_CURVE('',#679,#680,#284,.T.);
#843=EDGE_CURVE('',#680,#680,#600,.T.);
#844=EDGE_CURVE('',#681,#682,#285,.T.);
#845=EDGE_CURVE('',#682,#683,#286,.T.);
#846=EDGE_CURVE('',#683,#684,#287,.T.);
#847=EDGE_CURVE('',#684,#681,#288,.T.);
#848=EDGE_CURVE('',#682,#685,#289,.T.);
#849=EDGE_CURVE('',#686,#685,#290,.T.);
#850=EDGE_CURVE('',#686,#683,#291,.T.);
#851=EDGE_CURVE('',#687,#688,#292,.T.);
#852=EDGE_CURVE('',#688,#689,#601,.T.);
#853=EDGE_CURVE('',#689,#690,#293,.T.);
#854=EDGE_CURVE('',#690,#691,#602,.T.);
#855=EDGE_CURVE('',#691,#692,#294,.T.);
#856=EDGE_CURVE('',#693,#692,#603,.T.);
#857=EDGE_CURVE('',#693,#694,#295,.T.);
#858=EDGE_CURVE('',#694,#687,#604,.T.);
#859=EDGE_CURVE('',#681,#695,#296,.T.);
#860=EDGE_CURVE('',#696,#695,#297,.T.);
#861=EDGE_CURVE('',#697,#696,#298,.T.);
#862=EDGE_CURVE('',#685,#697,#299,.T.);
#863=EDGE_CURVE('',#698,#686,#300,.T.);
#864=EDGE_CURVE('',#697,#698,#301,.T.);
#865=EDGE_CURVE('',#691,#699,#302,.T.);
#866=EDGE_CURVE('',#699,#700,#303,.T.);
#867=EDGE_CURVE('',#701,#700,#304,.T.);
#868=EDGE_CURVE('',#701,#692,#20,.F.);
#869=EDGE_CURVE('',#693,#702,#21,.F.);
#870=EDGE_CURVE('',#703,#702,#305,.T.);
#871=EDGE_CURVE('',#703,#704,#306,.T.);
#872=EDGE_CURVE('',#704,#694,#307,.T.);
#873=EDGE_CURVE('',#705,#704,#605,.F.);
#874=EDGE_CURVE('',#687,#705,#308,.T.);
#875=EDGE_CURVE('',#706,#707,#309,.T.);
#876=EDGE_CURVE('',#707,#708,#310,.T.);
#877=EDGE_CURVE('',#708,#709,#311,.T.);
#878=EDGE_CURVE('',#709,#710,#312,.T.);
#879=EDGE_CURVE('',#706,#710,#313,.T.);
#880=EDGE_CURVE('',#711,#712,#606,.T.);
#881=EDGE_CURVE('',#711,#713,#314,.T.);
#882=EDGE_CURVE('',#714,#713,#315,.T.);
#883=EDGE_CURVE('',#715,#714,#607,.T.);
#884=EDGE_CURVE('',#712,#715,#316,.T.);
#885=EDGE_CURVE('',#716,#717,#317,.T.);
#886=EDGE_CURVE('',#716,#718,#318,.T.);
#887=EDGE_CURVE('',#718,#719,#319,.T.);
#888=EDGE_CURVE('',#719,#720,#320,.T.);
#889=EDGE_CURVE('',#720,#717,#321,.T.);
#890=EDGE_CURVE('',#712,#721,#322,.T.);
#891=EDGE_CURVE('',#715,#722,#323,.T.);
#892=EDGE_CURVE('',#722,#723,#324,.T.);
#893=EDGE_CURVE('',#723,#721,#325,.T.);
#894=EDGE_CURVE('',#721,#724,#608,.T.);
#895=EDGE_CURVE('',#725,#723,#609,.T.);
#896=EDGE_CURVE('',#726,#725,#326,.T.);
#897=EDGE_CURVE('',#724,#726,#327,.T.);
#898=EDGE_CURVE('',#726,#727,#328,.T.);
#899=EDGE_CURVE('',#725,#728,#329,.T.);
#900=EDGE_CURVE('',#728,#729,#330,.T.);
#901=EDGE_CURVE('',#729,#730,#331,.T.);
#902=EDGE_CURVE('',#730,#731,#332,.T.);
#903=EDGE_CURVE('',#732,#731,#333,.T.);
#904=EDGE_CURVE('',#727,#732,#334,.T.);
#905=EDGE_CURVE('',#733,#734,#335,.T.);
#906=EDGE_CURVE('',#733,#735,#336,.T.);
#907=EDGE_CURVE('',#735,#714,#337,.T.);
#908=EDGE_CURVE('',#713,#736,#338,.T.);
#909=EDGE_CURVE('',#736,#737,#339,.T.);
#910=EDGE_CURVE('',#738,#737,#340,.T.);
#911=EDGE_CURVE('',#734,#738,#341,.T.);
#912=EDGE_CURVE('',#722,#739,#610,.T.);
#913=EDGE_CURVE('',#735,#720,#611,.T.);
#914=EDGE_CURVE('',#740,#719,#612,.T.);
#915=EDGE_CURVE('',#741,#740,#342,.T.);
#916=EDGE_CURVE('',#742,#741,#613,.T.);
#917=EDGE_CURVE('',#743,#742,#343,.T.);
#918=EDGE_CURVE('',#744,#743,#614,.T.);
#919=EDGE_CURVE('',#739,#744,#344,.T.);
#920=EDGE_CURVE('',#745,#716,#615,.T.);
#921=EDGE_CURVE('',#745,#729,#345,.T.);
#922=EDGE_CURVE('',#718,#728,#616,.T.);
#923=EDGE_CURVE('',#717,#746,#617,.T.);
#924=EDGE_CURVE('',#746,#733,#346,.T.);
#925=EDGE_CURVE('',#707,#747,#618,.T.);
#926=EDGE_CURVE('',#747,#748,#347,.T.);
#927=EDGE_CURVE('',#748,#708,#619,.T.);
#928=EDGE_CURVE('',#749,#706,#620,.T.);
#929=EDGE_CURVE('',#710,#750,#621,.T.);
#930=EDGE_CURVE('',#749,#750,#348,.T.);
#931=EDGE_CURVE('',#741,#751,#349,.T.);
#932=EDGE_CURVE('',#751,#752,#622,.T.);
#933=EDGE_CURVE('',#742,#752,#350,.T.);
#934=EDGE_CURVE('',#752,#753,#351,.T.);
#935=EDGE_CURVE('',#743,#753,#352,.T.);
#936=EDGE_CURVE('',#753,#754,#623,.T.);
#937=EDGE_CURVE('',#744,#754,#353,.T.);
#938=EDGE_CURVE('',#709,#755,#624,.T.);
#939=EDGE_CURVE('',#755,#748,#354,.T.);
#940=EDGE_CURVE('',#756,#709,#625,.T.);
#941=EDGE_CURVE('',#750,#756,#355,.T.);
#942=EDGE_CURVE('',#757,#722,#626,.T.);
#943=EDGE_CURVE('',#747,#757,#356,.T.);
#944=EDGE_CURVE('',#758,#749,#357,.T.);
#945=EDGE_CURVE('',#719,#758,#627,.T.);
#946=EDGE_CURVE('',#759,#740,#358,.T.);
#947=EDGE_CURVE('',#759,#751,#359,.T.);
#948=EDGE_CURVE('',#758,#756,#360,.T.);
#949=EDGE_CURVE('',#739,#760,#361,.T.);
#950=EDGE_CURVE('',#754,#760,#362,.T.);
#951=EDGE_CURVE('',#755,#757,#363,.T.);
#952=EDGE_CURVE('',#761,#690,#364,.T.);
#953=EDGE_CURVE('',#699,#761,#628,.F.);
#954=EDGE_CURVE('',#700,#703,#629,.T.);
#955=EDGE_CURVE('',#762,#761,#365,.T.);
#956=EDGE_CURVE('',#760,#762,#630,.T.);
#957=EDGE_CURVE('',#763,#759,#631,.T.);
#958=EDGE_CURVE('',#705,#763,#366,.T.);
#959=EDGE_CURVE('',#702,#701,#632,.T.);
#960=EDGE_CURVE('',#764,#736,#367,.T.);
#961=EDGE_CURVE('',#764,#737,#368,.T.);
#962=EDGE_CURVE('',#713,#765,#369,.T.);
#963=EDGE_CURVE('',#766,#765,#633,.T.);
#964=EDGE_CURVE('',#767,#766,#370,.T.);
#965=EDGE_CURVE('',#768,#767,#634,.T.);
#966=EDGE_CURVE('',#768,#769,#635,.T.);
#967=EDGE_CURVE('',#770,#769,#636,.T.);
#968=EDGE_CURVE('',#764,#770,#371,.T.);
#969=EDGE_CURVE('',#771,#772,#637,.T.);
#970=EDGE_CURVE('',#771,#766,#372,.T.);
#971=EDGE_CURVE('',#765,#772,#373,.T.);
#972=EDGE_CURVE('',#773,#771,#374,.T.);
#973=EDGE_CURVE('',#767,#773,#375,.T.);
#974=EDGE_CURVE('',#774,#773,#638,.T.);
#975=EDGE_CURVE('',#774,#768,#376,.T.);
#976=EDGE_CURVE('',#775,#774,#639,.T.);
#977=EDGE_CURVE('',#769,#775,#377,.T.);
#978=EDGE_CURVE('',#776,#775,#640,.T.);
#979=EDGE_CURVE('',#776,#770,#378,.T.);
#980=EDGE_CURVE('',#772,#711,#379,.T.);
#981=EDGE_CURVE('',#777,#738,#380,.T.);
#982=EDGE_CURVE('',#764,#777,#381,.T.);
#983=EDGE_CURVE('',#777,#734,#382,.T.);
#984=EDGE_CURVE('',#777,#778,#383,.T.);
#985=EDGE_CURVE('',#778,#779,#641,.T.);
#986=EDGE_CURVE('',#780,#779,#642,.T.);
#987=EDGE_CURVE('',#780,#781,#643,.T.);
#988=EDGE_CURVE('',#781,#782,#384,.T.);
#989=EDGE_CURVE('',#782,#783,#644,.T.);
#990=EDGE_CURVE('',#733,#783,#385,.T.);
#991=EDGE_CURVE('',#784,#785,#645,.T.);
#992=EDGE_CURVE('',#783,#784,#386,.T.);
#993=EDGE_CURVE('',#785,#782,#387,.T.);
#994=EDGE_CURVE('',#781,#786,#388,.T.);
#995=EDGE_CURVE('',#785,#786,#389,.T.);
#996=EDGE_CURVE('',#786,#787,#646,.T.);
#997=EDGE_CURVE('',#787,#780,#390,.T.);
#998=EDGE_CURVE('',#779,#788,#391,.T.);
#999=EDGE_CURVE('',#787,#788,#647,.T.);
#1000=EDGE_CURVE('',#789,#778,#392,.T.);
#1001=EDGE_CURVE('',#788,#789,#648,.T.);
#1002=EDGE_CURVE('',#789,#776,#393,.T.);
#1003=EDGE_CURVE('',#746,#784,#394,.T.);
#1004=EDGE_CURVE('',#790,#730,#395,.T.);
#1005=EDGE_CURVE('',#790,#731,#396,.T.);
#1006=EDGE_CURVE('',#729,#791,#397,.T.);
#1007=EDGE_CURVE('',#792,#791,#649,.T.);
#1008=EDGE_CURVE('',#793,#792,#398,.T.);
#1009=EDGE_CURVE('',#794,#793,#650,.T.);
#1010=EDGE_CURVE('',#794,#795,#651,.T.);
#1011=EDGE_CURVE('',#796,#795,#652,.T.);
#1012=EDGE_CURVE('',#790,#796,#399,.T.);
#1013=EDGE_CURVE('',#797,#798,#653,.T.);
#1014=EDGE_CURVE('',#797,#792,#400,.T.);
#1015=EDGE_CURVE('',#791,#798,#401,.T.);
#1016=EDGE_CURVE('',#799,#797,#402,.T.);
#1017=EDGE_CURVE('',#793,#799,#403,.T.);
#1018=EDGE_CURVE('',#800,#799,#654,.T.);
#1019=EDGE_CURVE('',#800,#794,#404,.T.);
#1020=EDGE_CURVE('',#801,#800,#655,.T.);
#1021=EDGE_CURVE('',#795,#801,#405,.T.);
#1022=EDGE_CURVE('',#802,#801,#656,.T.);
#1023=EDGE_CURVE('',#802,#796,#406,.T.);
#1024=EDGE_CURVE('',#798,#745,#407,.T.);
#1025=EDGE_CURVE('',#803,#732,#408,.T.);
#1026=EDGE_CURVE('',#790,#803,#409,.T.);
#1027=EDGE_CURVE('',#803,#727,#410,.T.);
#1028=EDGE_CURVE('',#803,#804,#411,.T.);
#1029=EDGE_CURVE('',#804,#805,#657,.T.);
#1030=EDGE_CURVE('',#806,#805,#658,.T.);
#1031=EDGE_CURVE('',#806,#807,#659,.T.);
#1032=EDGE_CURVE('',#807,#808,#412,.T.);
#1033=EDGE_CURVE('',#808,#809,#660,.T.);
#1034=EDGE_CURVE('',#726,#809,#413,.T.);
#1035=EDGE_CURVE('',#810,#811,#661,.T.);
#1036=EDGE_CURVE('',#809,#810,#414,.T.);
#1037=EDGE_CURVE('',#811,#808,#415,.T.);
#1038=EDGE_CURVE('',#807,#812,#416,.T.);
#1039=EDGE_CURVE('',#811,#812,#417,.T.);
#1040=EDGE_CURVE('',#812,#813,#662,.T.);
#1041=EDGE_CURVE('',#813,#806,#418,.T.);
#1042=EDGE_CURVE('',#805,#814,#419,.T.);
#1043=EDGE_CURVE('',#813,#814,#663,.T.);
#1044=EDGE_CURVE('',#815,#804,#420,.T.);
#1045=EDGE_CURVE('',#814,#815,#664,.T.);
#1046=EDGE_CURVE('',#815,#802,#421,.T.);
#1047=EDGE_CURVE('',#724,#810,#422,.T.);
#1048=EDGE_CURVE('',#688,#763,#423,.T.);
#1049=EDGE_CURVE('',#689,#762,#424,.T.);
#1050=EDGE_CURVE('',#816,#696,#425,.T.);
#1051=EDGE_CURVE('',#698,#816,#426,.T.);
#1052=EDGE_CURVE('',#817,#816,#427,.T.);
#1053=EDGE_CURVE('',#684,#817,#428,.T.);
#1054=EDGE_CURVE('',#695,#817,#429,.T.);
#1055=ORIENTED_EDGE('',*,*,#818,.F.);
#1056=ORIENTED_EDGE('',*,*,#819,.T.);
#1057=ORIENTED_EDGE('',*,*,#820,.T.);
#1058=ORIENTED_EDGE('',*,*,#819,.F.);
#1059=ORIENTED_EDGE('',*,*,#820,.F.);
#1060=ORIENTED_EDGE('',*,*,#821,.F.);
#1061=ORIENTED_EDGE('',*,*,#822,.T.);
#1062=ORIENTED_EDGE('',*,*,#823,.T.);
#1063=ORIENTED_EDGE('',*,*,#822,.F.);
#1064=ORIENTED_EDGE('',*,*,#823,.F.);
#1065=ORIENTED_EDGE('',*,*,#824,.F.);
#1066=ORIENTED_EDGE('',*,*,#825,.T.);
#1067=ORIENTED_EDGE('',*,*,#826,.T.);
#1068=ORIENTED_EDGE('',*,*,#825,.F.);
#1069=ORIENTED_EDGE('',*,*,#826,.F.);
#1070=ORIENTED_EDGE('',*,*,#827,.T.);
#1071=ORIENTED_EDGE('',*,*,#828,.F.);
#1072=ORIENTED_EDGE('',*,*,#827,.F.);
#1073=ORIENTED_EDGE('',*,*,#829,.F.);
#1074=ORIENTED_EDGE('',*,*,#830,.T.);
#1075=ORIENTED_EDGE('',*,*,#831,.T.);
#1076=ORIENTED_EDGE('',*,*,#830,.F.);
#1077=ORIENTED_EDGE('',*,*,#831,.F.);
#1078=ORIENTED_EDGE('',*,*,#832,.T.);
#1079=ORIENTED_EDGE('',*,*,#833,.F.);
#1080=ORIENTED_EDGE('',*,*,#832,.F.);
#1081=ORIENTED_EDGE('',*,*,#834,.F.);
#1082=ORIENTED_EDGE('',*,*,#835,.T.);
#1083=ORIENTED_EDGE('',*,*,#836,.T.);
#1084=ORIENTED_EDGE('',*,*,#835,.F.);
#1085=ORIENTED_EDGE('',*,*,#836,.F.);
#1086=ORIENTED_EDGE('',*,*,#837,.T.);
#1087=ORIENTED_EDGE('',*,*,#838,.F.);
#1088=ORIENTED_EDGE('',*,*,#837,.F.);
#1089=ORIENTED_EDGE('',*,*,#839,.F.);
#1090=ORIENTED_EDGE('',*,*,#840,.T.);
#1091=ORIENTED_EDGE('',*,*,#841,.T.);
#1092=ORIENTED_EDGE('',*,*,#840,.F.);
#1093=ORIENTED_EDGE('',*,*,#841,.F.);
#1094=ORIENTED_EDGE('',*,*,#842,.T.);
#1095=ORIENTED_EDGE('',*,*,#843,.F.);
#1096=ORIENTED_EDGE('',*,*,#842,.F.);
#1097=ORIENTED_EDGE('',*,*,#844,.T.);
#1098=ORIENTED_EDGE('',*,*,#845,.T.);
#1099=ORIENTED_EDGE('',*,*,#846,.T.);
#1100=ORIENTED_EDGE('',*,*,#847,.T.);
#1101=ORIENTED_EDGE('',*,*,#845,.F.);
#1102=ORIENTED_EDGE('',*,*,#848,.T.);
#1103=ORIENTED_EDGE('',*,*,#849,.F.);
#1104=ORIENTED_EDGE('',*,*,#850,.T.);
#1105=ORIENTED_EDGE('',*,*,#851,.T.);
#1106=ORIENTED_EDGE('',*,*,#852,.T.);
#1107=ORIENTED_EDGE('',*,*,#853,.T.);
#1108=ORIENTED_EDGE('',*,*,#854,.T.);
#1109=ORIENTED_EDGE('',*,*,#855,.T.);
#1110=ORIENTED_EDGE('',*,*,#856,.F.);
#1111=ORIENTED_EDGE('',*,*,#857,.T.);
#1112=ORIENTED_EDGE('',*,*,#858,.T.);
#1113=ORIENTED_EDGE('',*,*,#839,.T.);
#1114=ORIENTED_EDGE('',*,*,#834,.T.);
#1115=ORIENTED_EDGE('',*,*,#829,.T.);
#1116=ORIENTED_EDGE('',*,*,#824,.T.);
#1117=ORIENTED_EDGE('',*,*,#844,.F.);
#1118=ORIENTED_EDGE('',*,*,#859,.T.);
#1119=ORIENTED_EDGE('',*,*,#860,.F.);
#1120=ORIENTED_EDGE('',*,*,#861,.F.);
#1121=ORIENTED_EDGE('',*,*,#862,.F.);
#1122=ORIENTED_EDGE('',*,*,#848,.F.);
#1123=ORIENTED_EDGE('',*,*,#818,.T.);
#1124=ORIENTED_EDGE('',*,*,#821,.T.);
#1125=ORIENTED_EDGE('',*,*,#863,.T.);
#1126=ORIENTED_EDGE('',*,*,#849,.T.);
#1127=ORIENTED_EDGE('',*,*,#862,.T.);
#1128=ORIENTED_EDGE('',*,*,#864,.T.);
#1129=ORIENTED_EDGE('',*,*,#855,.F.);
#1130=ORIENTED_EDGE('',*,*,#865,.T.);
#1131=ORIENTED_EDGE('',*,*,#866,.T.);
#1132=ORIENTED_EDGE('',*,*,#867,.F.);
#1133=ORIENTED_EDGE('',*,*,#868,.T.);
#1134=ORIENTED_EDGE('',*,*,#857,.F.);
#1135=ORIENTED_EDGE('',*,*,#869,.T.);
#1136=ORIENTED_EDGE('',*,*,#870,.F.);
#1137=ORIENTED_EDGE('',*,*,#871,.T.);
#1138=ORIENTED_EDGE('',*,*,#872,.T.);
#1139=ORIENTED_EDGE('',*,*,#858,.F.);
#1140=ORIENTED_EDGE('',*,*,#872,.F.);
#1141=ORIENTED_EDGE('',*,*,#873,.F.);
#1142=ORIENTED_EDGE('',*,*,#874,.F.);
#1143=ORIENTED_EDGE('',*,*,#875,.T.);
#1144=ORIENTED_EDGE('',*,*,#876,.T.);
#1145=ORIENTED_EDGE('',*,*,#877,.T.);
#1146=ORIENTED_EDGE('',*,*,#878,.T.);
#1147=ORIENTED_EDGE('',*,*,#879,.F.);
#1148=ORIENTED_EDGE('',*,*,#880,.F.);
#1149=ORIENTED_EDGE('',*,*,#881,.T.);
#1150=ORIENTED_EDGE('',*,*,#882,.F.);
#1151=ORIENTED_EDGE('',*,*,#883,.F.);
#1152=ORIENTED_EDGE('',*,*,#884,.F.);
#1153=ORIENTED_EDGE('',*,*,#885,.F.);
#1154=ORIENTED_EDGE('',*,*,#886,.T.);
#1155=ORIENTED_EDGE('',*,*,#887,.T.);
#1156=ORIENTED_EDGE('',*,*,#888,.T.);
#1157=ORIENTED_EDGE('',*,*,#889,.T.);
#1158=ORIENTED_EDGE('',*,*,#890,.F.);
#1159=ORIENTED_EDGE('',*,*,#884,.T.);
#1160=ORIENTED_EDGE('',*,*,#891,.T.);
#1161=ORIENTED_EDGE('',*,*,#892,.T.);
#1162=ORIENTED_EDGE('',*,*,#893,.T.);
#1163=ORIENTED_EDGE('',*,*,#894,.F.);
#1164=ORIENTED_EDGE('',*,*,#893,.F.);
#1165=ORIENTED_EDGE('',*,*,#895,.F.);
#1166=ORIENTED_EDGE('',*,*,#896,.F.);
#1167=ORIENTED_EDGE('',*,*,#897,.F.);
#1168=ORIENTED_EDGE('',*,*,#898,.F.);
#1169=ORIENTED_EDGE('',*,*,#896,.T.);
#1170=ORIENTED_EDGE('',*,*,#899,.T.);
#1171=ORIENTED_EDGE('',*,*,#900,.T.);
#1172=ORIENTED_EDGE('',*,*,#901,.T.);
#1173=ORIENTED_EDGE('',*,*,#902,.T.);
#1174=ORIENTED_EDGE('',*,*,#903,.F.);
#1175=ORIENTED_EDGE('',*,*,#904,.F.);
#1176=ORIENTED_EDGE('',*,*,#905,.F.);
#1177=ORIENTED_EDGE('',*,*,#906,.T.);
#1178=ORIENTED_EDGE('',*,*,#907,.T.);
#1179=ORIENTED_EDGE('',*,*,#882,.T.);
#1180=ORIENTED_EDGE('',*,*,#908,.T.);
#1181=ORIENTED_EDGE('',*,*,#909,.T.);
#1182=ORIENTED_EDGE('',*,*,#910,.F.);
#1183=ORIENTED_EDGE('',*,*,#911,.F.);
#1184=ORIENTED_EDGE('',*,*,#912,.F.);
#1185=ORIENTED_EDGE('',*,*,#891,.F.);
#1186=ORIENTED_EDGE('',*,*,#883,.T.);
#1187=ORIENTED_EDGE('',*,*,#907,.F.);
#1188=ORIENTED_EDGE('',*,*,#913,.T.);
#1189=ORIENTED_EDGE('',*,*,#888,.F.);
#1190=ORIENTED_EDGE('',*,*,#914,.F.);
#1191=ORIENTED_EDGE('',*,*,#915,.F.);
#1192=ORIENTED_EDGE('',*,*,#916,.F.);
#1193=ORIENTED_EDGE('',*,*,#917,.F.);
#1194=ORIENTED_EDGE('',*,*,#918,.F.);
#1195=ORIENTED_EDGE('',*,*,#919,.F.);
#1196=ORIENTED_EDGE('',*,*,#920,.F.);
#1197=ORIENTED_EDGE('',*,*,#921,.T.);
#1198=ORIENTED_EDGE('',*,*,#900,.F.);
#1199=ORIENTED_EDGE('',*,*,#922,.F.);
#1200=ORIENTED_EDGE('',*,*,#886,.F.);
#1201=ORIENTED_EDGE('',*,*,#923,.F.);
#1202=ORIENTED_EDGE('',*,*,#889,.F.);
#1203=ORIENTED_EDGE('',*,*,#913,.F.);
#1204=ORIENTED_EDGE('',*,*,#906,.F.);
#1205=ORIENTED_EDGE('',*,*,#924,.F.);
#1206=ORIENTED_EDGE('',*,*,#925,.T.);
#1207=ORIENTED_EDGE('',*,*,#926,.T.);
#1208=ORIENTED_EDGE('',*,*,#927,.T.);
#1209=ORIENTED_EDGE('',*,*,#876,.F.);
#1210=ORIENTED_EDGE('',*,*,#928,.T.);
#1211=ORIENTED_EDGE('',*,*,#879,.T.);
#1212=ORIENTED_EDGE('',*,*,#929,.T.);
#1213=ORIENTED_EDGE('',*,*,#930,.F.);
#1214=ORIENTED_EDGE('',*,*,#916,.T.);
#1215=ORIENTED_EDGE('',*,*,#931,.T.);
#1216=ORIENTED_EDGE('',*,*,#932,.T.);
#1217=ORIENTED_EDGE('',*,*,#933,.F.);
#1218=ORIENTED_EDGE('',*,*,#917,.T.);
#1219=ORIENTED_EDGE('',*,*,#933,.T.);
#1220=ORIENTED_EDGE('',*,*,#934,.T.);
#1221=ORIENTED_EDGE('',*,*,#935,.F.);
#1222=ORIENTED_EDGE('',*,*,#918,.T.);
#1223=ORIENTED_EDGE('',*,*,#935,.T.);
#1224=ORIENTED_EDGE('',*,*,#936,.T.);
#1225=ORIENTED_EDGE('',*,*,#937,.F.);
#1226=ORIENTED_EDGE('',*,*,#938,.F.);
#1227=ORIENTED_EDGE('',*,*,#877,.F.);
#1228=ORIENTED_EDGE('',*,*,#927,.F.);
#1229=ORIENTED_EDGE('',*,*,#939,.F.);
#1230=ORIENTED_EDGE('',*,*,#940,.F.);
#1231=ORIENTED_EDGE('',*,*,#941,.F.);
#1232=ORIENTED_EDGE('',*,*,#929,.F.);
#1233=ORIENTED_EDGE('',*,*,#878,.F.);
#1234=ORIENTED_EDGE('',*,*,#942,.F.);
#1235=ORIENTED_EDGE('',*,*,#943,.F.);
#1236=ORIENTED_EDGE('',*,*,#925,.F.);
#1237=ORIENTED_EDGE('',*,*,#875,.F.);
#1238=ORIENTED_EDGE('',*,*,#928,.F.);
#1239=ORIENTED_EDGE('',*,*,#944,.F.);
#1240=ORIENTED_EDGE('',*,*,#945,.F.);
#1241=ORIENTED_EDGE('',*,*,#887,.F.);
#1242=ORIENTED_EDGE('',*,*,#922,.T.);
#1243=ORIENTED_EDGE('',*,*,#899,.F.);
#1244=ORIENTED_EDGE('',*,*,#895,.T.);
#1245=ORIENTED_EDGE('',*,*,#892,.F.);
#1246=ORIENTED_EDGE('',*,*,#946,.F.);
#1247=ORIENTED_EDGE('',*,*,#947,.T.);
#1248=ORIENTED_EDGE('',*,*,#931,.F.);
#1249=ORIENTED_EDGE('',*,*,#915,.T.);
#1250=ORIENTED_EDGE('',*,*,#948,.F.);
#1251=ORIENTED_EDGE('',*,*,#944,.T.);
#1252=ORIENTED_EDGE('',*,*,#930,.T.);
#1253=ORIENTED_EDGE('',*,*,#941,.T.);
#1254=ORIENTED_EDGE('',*,*,#949,.F.);
#1255=ORIENTED_EDGE('',*,*,#919,.T.);
#1256=ORIENTED_EDGE('',*,*,#937,.T.);
#1257=ORIENTED_EDGE('',*,*,#950,.T.);
#1258=ORIENTED_EDGE('',*,*,#951,.F.);
#1259=ORIENTED_EDGE('',*,*,#939,.T.);
#1260=ORIENTED_EDGE('',*,*,#926,.F.);
#1261=ORIENTED_EDGE('',*,*,#943,.T.);
#1262=ORIENTED_EDGE('',*,*,#854,.F.);
#1263=ORIENTED_EDGE('',*,*,#952,.F.);
#1264=ORIENTED_EDGE('',*,*,#953,.F.);
#1265=ORIENTED_EDGE('',*,*,#865,.F.);
#1266=ORIENTED_EDGE('',*,*,#954,.F.);
#1267=ORIENTED_EDGE('',*,*,#866,.F.);
#1268=ORIENTED_EDGE('',*,*,#953,.T.);
#1269=ORIENTED_EDGE('',*,*,#955,.F.);
#1270=ORIENTED_EDGE('',*,*,#956,.F.);
#1271=ORIENTED_EDGE('',*,*,#950,.F.);
#1272=ORIENTED_EDGE('',*,*,#936,.F.);
#1273=ORIENTED_EDGE('',*,*,#934,.F.);
#1274=ORIENTED_EDGE('',*,*,#932,.F.);
#1275=ORIENTED_EDGE('',*,*,#947,.F.);
#1276=ORIENTED_EDGE('',*,*,#957,.F.);
#1277=ORIENTED_EDGE('',*,*,#958,.F.);
#1278=ORIENTED_EDGE('',*,*,#873,.T.);
#1279=ORIENTED_EDGE('',*,*,#871,.F.);
#1280=ORIENTED_EDGE('',*,*,#959,.T.);
#1281=ORIENTED_EDGE('',*,*,#867,.T.);
#1282=ORIENTED_EDGE('',*,*,#954,.T.);
#1283=ORIENTED_EDGE('',*,*,#870,.T.);
#1284=ORIENTED_EDGE('',*,*,#869,.F.);
#1285=ORIENTED_EDGE('',*,*,#856,.T.);
#1286=ORIENTED_EDGE('',*,*,#868,.F.);
#1287=ORIENTED_EDGE('',*,*,#959,.F.);
#1288=ORIENTED_EDGE('',*,*,#909,.F.);
#1289=ORIENTED_EDGE('',*,*,#960,.F.);
#1290=ORIENTED_EDGE('',*,*,#961,.T.);
#1291=ORIENTED_EDGE('',*,*,#960,.T.);
#1292=ORIENTED_EDGE('',*,*,#908,.F.);
#1293=ORIENTED_EDGE('',*,*,#962,.T.);
#1294=ORIENTED_EDGE('',*,*,#963,.F.);
#1295=ORIENTED_EDGE('',*,*,#964,.F.);
#1296=ORIENTED_EDGE('',*,*,#965,.F.);
#1297=ORIENTED_EDGE('',*,*,#966,.T.);
#1298=ORIENTED_EDGE('',*,*,#967,.F.);
#1299=ORIENTED_EDGE('',*,*,#968,.F.);
#1300=ORIENTED_EDGE('',*,*,#969,.F.);
#1301=ORIENTED_EDGE('',*,*,#970,.T.);
#1302=ORIENTED_EDGE('',*,*,#963,.T.);
#1303=ORIENTED_EDGE('',*,*,#971,.T.);
#1304=ORIENTED_EDGE('',*,*,#970,.F.);
#1305=ORIENTED_EDGE('',*,*,#972,.F.);
#1306=ORIENTED_EDGE('',*,*,#973,.F.);
#1307=ORIENTED_EDGE('',*,*,#964,.T.);
#1308=ORIENTED_EDGE('',*,*,#974,.F.);
#1309=ORIENTED_EDGE('',*,*,#975,.T.);
#1310=ORIENTED_EDGE('',*,*,#965,.T.);
#1311=ORIENTED_EDGE('',*,*,#973,.T.);
#1312=ORIENTED_EDGE('',*,*,#975,.F.);
#1313=ORIENTED_EDGE('',*,*,#976,.F.);
#1314=ORIENTED_EDGE('',*,*,#977,.F.);
#1315=ORIENTED_EDGE('',*,*,#966,.F.);
#1316=ORIENTED_EDGE('',*,*,#967,.T.);
#1317=ORIENTED_EDGE('',*,*,#977,.T.);
#1318=ORIENTED_EDGE('',*,*,#978,.F.);
#1319=ORIENTED_EDGE('',*,*,#979,.T.);
#1320=ORIENTED_EDGE('',*,*,#971,.F.);
#1321=ORIENTED_EDGE('',*,*,#962,.F.);
#1322=ORIENTED_EDGE('',*,*,#881,.F.);
#1323=ORIENTED_EDGE('',*,*,#980,.F.);
#1324=ORIENTED_EDGE('',*,*,#981,.T.);
#1325=ORIENTED_EDGE('',*,*,#910,.T.);
#1326=ORIENTED_EDGE('',*,*,#961,.F.);
#1327=ORIENTED_EDGE('',*,*,#982,.T.);
#1328=ORIENTED_EDGE('',*,*,#911,.T.);
#1329=ORIENTED_EDGE('',*,*,#981,.F.);
#1330=ORIENTED_EDGE('',*,*,#983,.T.);
#1331=ORIENTED_EDGE('',*,*,#983,.F.);
#1332=ORIENTED_EDGE('',*,*,#984,.T.);
#1333=ORIENTED_EDGE('',*,*,#985,.T.);
#1334=ORIENTED_EDGE('',*,*,#986,.F.);
#1335=ORIENTED_EDGE('',*,*,#987,.T.);
#1336=ORIENTED_EDGE('',*,*,#988,.T.);
#1337=ORIENTED_EDGE('',*,*,#989,.T.);
#1338=ORIENTED_EDGE('',*,*,#990,.F.);
#1339=ORIENTED_EDGE('',*,*,#905,.T.);
#1340=ORIENTED_EDGE('',*,*,#991,.F.);
#1341=ORIENTED_EDGE('',*,*,#992,.F.);
#1342=ORIENTED_EDGE('',*,*,#989,.F.);
#1343=ORIENTED_EDGE('',*,*,#993,.F.);
#1344=ORIENTED_EDGE('',*,*,#993,.T.);
#1345=ORIENTED_EDGE('',*,*,#988,.F.);
#1346=ORIENTED_EDGE('',*,*,#994,.T.);
#1347=ORIENTED_EDGE('',*,*,#995,.F.);
#1348=ORIENTED_EDGE('',*,*,#996,.F.);
#1349=ORIENTED_EDGE('',*,*,#994,.F.);
#1350=ORIENTED_EDGE('',*,*,#987,.F.);
#1351=ORIENTED_EDGE('',*,*,#997,.F.);
#1352=ORIENTED_EDGE('',*,*,#997,.T.);
#1353=ORIENTED_EDGE('',*,*,#986,.T.);
#1354=ORIENTED_EDGE('',*,*,#998,.T.);
#1355=ORIENTED_EDGE('',*,*,#999,.F.);
#1356=ORIENTED_EDGE('',*,*,#985,.F.);
#1357=ORIENTED_EDGE('',*,*,#1000,.F.);
#1358=ORIENTED_EDGE('',*,*,#1001,.F.);
#1359=ORIENTED_EDGE('',*,*,#998,.F.);
#1360=ORIENTED_EDGE('',*,*,#1000,.T.);
#1361=ORIENTED_EDGE('',*,*,#984,.F.);
#1362=ORIENTED_EDGE('',*,*,#982,.F.);
#1363=ORIENTED_EDGE('',*,*,#968,.T.);
#1364=ORIENTED_EDGE('',*,*,#979,.F.);
#1365=ORIENTED_EDGE('',*,*,#1002,.F.);
#1366=ORIENTED_EDGE('',*,*,#992,.T.);
#1367=ORIENTED_EDGE('',*,*,#1003,.F.);
#1368=ORIENTED_EDGE('',*,*,#924,.T.);
#1369=ORIENTED_EDGE('',*,*,#990,.T.);
#1370=ORIENTED_EDGE('',*,*,#902,.F.);
#1371=ORIENTED_EDGE('',*,*,#1004,.F.);
#1372=ORIENTED_EDGE('',*,*,#1005,.T.);
#1373=ORIENTED_EDGE('',*,*,#1004,.T.);
#1374=ORIENTED_EDGE('',*,*,#901,.F.);
#1375=ORIENTED_EDGE('',*,*,#1006,.T.);
#1376=ORIENTED_EDGE('',*,*,#1007,.F.);
#1377=ORIENTED_EDGE('',*,*,#1008,.F.);
#1378=ORIENTED_EDGE('',*,*,#1009,.F.);
#1379=ORIENTED_EDGE('',*,*,#1010,.T.);
#1380=ORIENTED_EDGE('',*,*,#1011,.F.);
#1381=ORIENTED_EDGE('',*,*,#1012,.F.);
#1382=ORIENTED_EDGE('',*,*,#1013,.F.);
#1383=ORIENTED_EDGE('',*,*,#1014,.T.);
#1384=ORIENTED_EDGE('',*,*,#1007,.T.);
#1385=ORIENTED_EDGE('',*,*,#1015,.T.);
#1386=ORIENTED_EDGE('',*,*,#1014,.F.);
#1387=ORIENTED_EDGE('',*,*,#1016,.F.);
#1388=ORIENTED_EDGE('',*,*,#1017,.F.);
#1389=ORIENTED_EDGE('',*,*,#1008,.T.);
#1390=ORIENTED_EDGE('',*,*,#1018,.F.);
#1391=ORIENTED_EDGE('',*,*,#1019,.T.);
#1392=ORIENTED_EDGE('',*,*,#1009,.T.);
#1393=ORIENTED_EDGE('',*,*,#1017,.T.);
#1394=ORIENTED_EDGE('',*,*,#1019,.F.);
#1395=ORIENTED_EDGE('',*,*,#1020,.F.);
#1396=ORIENTED_EDGE('',*,*,#1021,.F.);
#1397=ORIENTED_EDGE('',*,*,#1010,.F.);
#1398=ORIENTED_EDGE('',*,*,#1011,.T.);
#1399=ORIENTED_EDGE('',*,*,#1021,.T.);
#1400=ORIENTED_EDGE('',*,*,#1022,.F.);
#1401=ORIENTED_EDGE('',*,*,#1023,.T.);
#1402=ORIENTED_EDGE('',*,*,#1015,.F.);
#1403=ORIENTED_EDGE('',*,*,#1006,.F.);
#1404=ORIENTED_EDGE('',*,*,#921,.F.);
#1405=ORIENTED_EDGE('',*,*,#1024,.F.);
#1406=ORIENTED_EDGE('',*,*,#1025,.T.);
#1407=ORIENTED_EDGE('',*,*,#903,.T.);
#1408=ORIENTED_EDGE('',*,*,#1005,.F.);
#1409=ORIENTED_EDGE('',*,*,#1026,.T.);
#1410=ORIENTED_EDGE('',*,*,#904,.T.);
#1411=ORIENTED_EDGE('',*,*,#1025,.F.);
#1412=ORIENTED_EDGE('',*,*,#1027,.T.);
#1413=ORIENTED_EDGE('',*,*,#1027,.F.);
#1414=ORIENTED_EDGE('',*,*,#1028,.T.);
#1415=ORIENTED_EDGE('',*,*,#1029,.T.);
#1416=ORIENTED_EDGE('',*,*,#1030,.F.);
#1417=ORIENTED_EDGE('',*,*,#1031,.T.);
#1418=ORIENTED_EDGE('',*,*,#1032,.T.);
#1419=ORIENTED_EDGE('',*,*,#1033,.T.);
#1420=ORIENTED_EDGE('',*,*,#1034,.F.);
#1421=ORIENTED_EDGE('',*,*,#898,.T.);
#1422=ORIENTED_EDGE('',*,*,#1035,.F.);
#1423=ORIENTED_EDGE('',*,*,#1036,.F.);
#1424=ORIENTED_EDGE('',*,*,#1033,.F.);
#1425=ORIENTED_EDGE('',*,*,#1037,.F.);
#1426=ORIENTED_EDGE('',*,*,#1037,.T.);
#1427=ORIENTED_EDGE('',*,*,#1032,.F.);
#1428=ORIENTED_EDGE('',*,*,#1038,.T.);
#1429=ORIENTED_EDGE('',*,*,#1039,.F.);
#1430=ORIENTED_EDGE('',*,*,#1040,.F.);
#1431=ORIENTED_EDGE('',*,*,#1038,.F.);
#1432=ORIENTED_EDGE('',*,*,#1031,.F.);
#1433=ORIENTED_EDGE('',*,*,#1041,.F.);
#1434=ORIENTED_EDGE('',*,*,#1041,.T.);
#1435=ORIENTED_EDGE('',*,*,#1030,.T.);
#1436=ORIENTED_EDGE('',*,*,#1042,.T.);
#1437=ORIENTED_EDGE('',*,*,#1043,.F.);
#1438=ORIENTED_EDGE('',*,*,#1029,.F.);
#1439=ORIENTED_EDGE('',*,*,#1044,.F.);
#1440=ORIENTED_EDGE('',*,*,#1045,.F.);
#1441=ORIENTED_EDGE('',*,*,#1042,.F.);
#1442=ORIENTED_EDGE('',*,*,#1044,.T.);
#1443=ORIENTED_EDGE('',*,*,#1028,.F.);
#1444=ORIENTED_EDGE('',*,*,#1026,.F.);
#1445=ORIENTED_EDGE('',*,*,#1012,.T.);
#1446=ORIENTED_EDGE('',*,*,#1023,.F.);
#1447=ORIENTED_EDGE('',*,*,#1046,.F.);
#1448=ORIENTED_EDGE('',*,*,#1036,.T.);
#1449=ORIENTED_EDGE('',*,*,#1047,.F.);
#1450=ORIENTED_EDGE('',*,*,#897,.T.);
#1451=ORIENTED_EDGE('',*,*,#1034,.T.);
#1452=ORIENTED_EDGE('',*,*,#958,.T.);
#1453=ORIENTED_EDGE('',*,*,#1048,.F.);
#1454=ORIENTED_EDGE('',*,*,#851,.F.);
#1455=ORIENTED_EDGE('',*,*,#874,.T.);
#1456=ORIENTED_EDGE('',*,*,#957,.T.);
#1457=ORIENTED_EDGE('',*,*,#946,.T.);
#1458=ORIENTED_EDGE('',*,*,#914,.T.);
#1459=ORIENTED_EDGE('',*,*,#945,.T.);
#1460=ORIENTED_EDGE('',*,*,#948,.T.);
#1461=ORIENTED_EDGE('',*,*,#940,.T.);
#1462=ORIENTED_EDGE('',*,*,#938,.T.);
#1463=ORIENTED_EDGE('',*,*,#951,.T.);
#1464=ORIENTED_EDGE('',*,*,#942,.T.);
#1465=ORIENTED_EDGE('',*,*,#912,.T.);
#1466=ORIENTED_EDGE('',*,*,#949,.T.);
#1467=ORIENTED_EDGE('',*,*,#956,.T.);
#1468=ORIENTED_EDGE('',*,*,#1049,.F.);
#1469=ORIENTED_EDGE('',*,*,#852,.F.);
#1470=ORIENTED_EDGE('',*,*,#1048,.T.);
#1471=ORIENTED_EDGE('',*,*,#955,.T.);
#1472=ORIENTED_EDGE('',*,*,#952,.T.);
#1473=ORIENTED_EDGE('',*,*,#853,.F.);
#1474=ORIENTED_EDGE('',*,*,#1049,.T.);
#1475=ORIENTED_EDGE('',*,*,#864,.F.);
#1476=ORIENTED_EDGE('',*,*,#861,.T.);
#1477=ORIENTED_EDGE('',*,*,#1050,.F.);
#1478=ORIENTED_EDGE('',*,*,#1051,.F.);
#1479=ORIENTED_EDGE('',*,*,#846,.F.);
#1480=ORIENTED_EDGE('',*,*,#850,.F.);
#1481=ORIENTED_EDGE('',*,*,#863,.F.);
#1482=ORIENTED_EDGE('',*,*,#1051,.T.);
#1483=ORIENTED_EDGE('',*,*,#1052,.F.);
#1484=ORIENTED_EDGE('',*,*,#1053,.F.);
#1485=ORIENTED_EDGE('',*,*,#847,.F.);
#1486=ORIENTED_EDGE('',*,*,#1053,.T.);
#1487=ORIENTED_EDGE('',*,*,#1054,.F.);
#1488=ORIENTED_EDGE('',*,*,#859,.F.);
#1489=ORIENTED_EDGE('',*,*,#1054,.T.);
#1490=ORIENTED_EDGE('',*,*,#1052,.T.);
#1491=ORIENTED_EDGE('',*,*,#1050,.T.);
#1492=ORIENTED_EDGE('',*,*,#860,.T.);
#1493=ORIENTED_EDGE('',*,*,#890,.T.);
#1494=ORIENTED_EDGE('',*,*,#894,.T.);
#1495=ORIENTED_EDGE('',*,*,#1047,.T.);
#1496=ORIENTED_EDGE('',*,*,#1035,.T.);
#1497=ORIENTED_EDGE('',*,*,#1039,.T.);
#1498=ORIENTED_EDGE('',*,*,#1040,.T.);
#1499=ORIENTED_EDGE('',*,*,#1043,.T.);
#1500=ORIENTED_EDGE('',*,*,#1045,.T.);
#1501=ORIENTED_EDGE('',*,*,#1046,.T.);
#1502=ORIENTED_EDGE('',*,*,#1022,.T.);
#1503=ORIENTED_EDGE('',*,*,#1020,.T.);
#1504=ORIENTED_EDGE('',*,*,#1018,.T.);
#1505=ORIENTED_EDGE('',*,*,#1016,.T.);
#1506=ORIENTED_EDGE('',*,*,#1013,.T.);
#1507=ORIENTED_EDGE('',*,*,#1024,.T.);
#1508=ORIENTED_EDGE('',*,*,#920,.T.);
#1509=ORIENTED_EDGE('',*,*,#885,.T.);
#1510=ORIENTED_EDGE('',*,*,#923,.T.);
#1511=ORIENTED_EDGE('',*,*,#1003,.T.);
#1512=ORIENTED_EDGE('',*,*,#991,.T.);
#1513=ORIENTED_EDGE('',*,*,#995,.T.);
#1514=ORIENTED_EDGE('',*,*,#996,.T.);
#1515=ORIENTED_EDGE('',*,*,#999,.T.);
#1516=ORIENTED_EDGE('',*,*,#1001,.T.);
#1517=ORIENTED_EDGE('',*,*,#1002,.T.);
#1518=ORIENTED_EDGE('',*,*,#978,.T.);
#1519=ORIENTED_EDGE('',*,*,#976,.T.);
#1520=ORIENTED_EDGE('',*,*,#974,.T.);
#1521=ORIENTED_EDGE('',*,*,#972,.T.);
#1522=ORIENTED_EDGE('',*,*,#969,.T.);
#1523=ORIENTED_EDGE('',*,*,#980,.T.);
#1524=ORIENTED_EDGE('',*,*,#880,.T.);
#1525=ORIENTED_EDGE('',*,*,#843,.T.);
#1526=ORIENTED_EDGE('',*,*,#838,.T.);
#1527=ORIENTED_EDGE('',*,*,#833,.T.);
#1528=ORIENTED_EDGE('',*,*,#828,.T.);
#1529=CYLINDRICAL_SURFACE('',#1666,1.59999999999998);
#1530=CYLINDRICAL_SURFACE('',#1670,1.59999999999996);
#1531=CYLINDRICAL_SURFACE('',#1677,1.6);
#1532=CYLINDRICAL_SURFACE('',#1682,1.6);
#1533=CYLINDRICAL_SURFACE('',#1687,1.6);
#1534=CYLINDRICAL_SURFACE('',#1692,1.6);
#1535=CYLINDRICAL_SURFACE('',#1704,1.);
#1536=CYLINDRICAL_SURFACE('',#1707,1.);
#1537=CYLINDRICAL_SURFACE('',#1712,1.);
#1538=CYLINDRICAL_SURFACE('',#1723,1.);
#1539=CYLINDRICAL_SURFACE('',#1726,1.);
#1540=CYLINDRICAL_SURFACE('',#1728,0.700000000000002);
#1541=CYLINDRICAL_SURFACE('',#1731,0.700000000000001);
#1542=CYLINDRICAL_SURFACE('',#1734,0.700000000000002);
#1543=CYLINDRICAL_SURFACE('',#1737,0.700000000000001);
#1544=CYLINDRICAL_SURFACE('',#1750,1.);
#1545=CYLINDRICAL_SURFACE('',#1756,5.51562499999994);
#1546=CYLINDRICAL_SURFACE('',#1765,1.);
#1547=CYLINDRICAL_SURFACE('',#1768,1.);
#1548=CYLINDRICAL_SURFACE('',#1770,2.);
#1549=CYLINDRICAL_SURFACE('',#1772,1.);
#1550=CYLINDRICAL_SURFACE('',#1782,1.);
#1551=CYLINDRICAL_SURFACE('',#1785,1.);
#1552=CYLINDRICAL_SURFACE('',#1787,2.);
#1553=CYLINDRICAL_SURFACE('',#1789,1.);
#1554=CYLINDRICAL_SURFACE('',#1799,1.);
#1555=CYLINDRICAL_SURFACE('',#1802,1.);
#1556=CYLINDRICAL_SURFACE('',#1804,2.);
#1557=CYLINDRICAL_SURFACE('',#1806,1.);
#1558=CYLINDRICAL_SURFACE('',#1816,1.);
#1559=CYLINDRICAL_SURFACE('',#1819,1.);
#1560=CYLINDRICAL_SURFACE('',#1821,2.);
#1561=CYLINDRICAL_SURFACE('',#1823,1.);
#1562=CYLINDRICAL_SURFACE('',#1828,9.5);
#1563=ADVANCED_FACE('',(#87),#1529,.F.);
#1564=ADVANCED_FACE('',(#88),#38,.T.);
#1565=ADVANCED_FACE('',(#89),#1530,.F.);
#1566=ADVANCED_FACE('',(#90),#39,.T.);
#1567=ADVANCED_FACE('',(#91),#34,.F.);
#1568=ADVANCED_FACE('',(#92),#1531,.F.);
#1569=ADVANCED_FACE('',(#93),#35,.F.);
#1570=ADVANCED_FACE('',(#94),#1532,.F.);
#1571=ADVANCED_FACE('',(#95),#36,.F.);
#1572=ADVANCED_FACE('',(#96),#1533,.F.);
#1573=ADVANCED_FACE('',(#97),#37,.F.);
#1574=ADVANCED_FACE('',(#98),#1534,.F.);
#1575=ADVANCED_FACE('',(#99),#40,.T.);
#1576=ADVANCED_FACE('',(#100,#22,#23,#24,#25,#26),#41,.T.);
#1577=ADVANCED_FACE('',(#101,#27,#28),#42,.T.);
#1578=ADVANCED_FACE('',(#102),#43,.T.);
#1579=ADVANCED_FACE('',(#103),#44,.F.);
#1580=ADVANCED_FACE('',(#104),#45,.F.);
#1581=ADVANCED_FACE('',(#105),#1535,.F.);
#1582=ADVANCED_FACE('',(#106),#46,.F.);
#1583=ADVANCED_FACE('',(#107),#1536,.F.);
#1584=ADVANCED_FACE('',(#108),#47,.F.);
#1585=ADVANCED_FACE('',(#109),#48,.F.);
#1586=ADVANCED_FACE('',(#110),#1537,.F.);
#1587=ADVANCED_FACE('',(#111),#49,.F.);
#1588=ADVANCED_FACE('',(#112),#50,.F.);
#1589=ADVANCED_FACE('',(#113),#51,.F.);
#1590=ADVANCED_FACE('',(#114),#1538,.F.);
#1591=ADVANCED_FACE('',(#115),#1539,.F.);
#1592=ADVANCED_FACE('',(#116),#1540,.F.);
#1593=ADVANCED_FACE('',(#117),#1541,.F.);
#1594=ADVANCED_FACE('',(#118),#1542,.F.);
#1595=ADVANCED_FACE('',(#119),#52,.F.);
#1596=ADVANCED_FACE('',(#120),#1543,.F.);
#1597=ADVANCED_FACE('',(#121),#53,.F.);
#1598=ADVANCED_FACE('',(#122),#54,.F.);
#1599=ADVANCED_FACE('',(#123),#55,.F.);
#1600=ADVANCED_FACE('',(#124),#56,.F.);
#1601=ADVANCED_FACE('',(#125),#57,.F.);
#1602=ADVANCED_FACE('',(#126),#58,.F.);
#1603=ADVANCED_FACE('',(#127),#59,.F.);
#1604=ADVANCED_FACE('',(#128),#1544,.F.);
#1605=ADVANCED_FACE('',(#129),#60,.F.);
#1606=ADVANCED_FACE('',(#130),#1545,.F.);
#1607=ADVANCED_FACE('',(#131),#19,.F.);
#1608=ADVANCED_FACE('',(#132),#61,.F.);
#1609=ADVANCED_FACE('',(#133),#62,.T.);
#1610=ADVANCED_FACE('',(#134),#1546,.F.);
#1611=ADVANCED_FACE('',(#135),#63,.T.);
#1612=ADVANCED_FACE('',(#136),#1547,.F.);
#1613=ADVANCED_FACE('',(#137),#1548,.T.);
#1614=ADVANCED_FACE('',(#138),#1549,.F.);
#1615=ADVANCED_FACE('',(#139),#64,.T.);
#1616=ADVANCED_FACE('',(#140),#65,.F.);
#1617=ADVANCED_FACE('',(#141),#66,.T.);
#1618=ADVANCED_FACE('',(#142),#67,.F.);
#1619=ADVANCED_FACE('',(#143),#1550,.F.);
#1620=ADVANCED_FACE('',(#144),#68,.F.);
#1621=ADVANCED_FACE('',(#145),#1551,.F.);
#1622=ADVANCED_FACE('',(#146),#1552,.T.);
#1623=ADVANCED_FACE('',(#147),#1553,.F.);
#1624=ADVANCED_FACE('',(#148),#69,.F.);
#1625=ADVANCED_FACE('',(#149),#70,.F.);
#1626=ADVANCED_FACE('',(#150),#71,.F.);
#1627=ADVANCED_FACE('',(#151),#72,.T.);
#1628=ADVANCED_FACE('',(#152),#1554,.F.);
#1629=ADVANCED_FACE('',(#153),#73,.T.);
#1630=ADVANCED_FACE('',(#154),#1555,.F.);
#1631=ADVANCED_FACE('',(#155),#1556,.T.);
#1632=ADVANCED_FACE('',(#156),#1557,.F.);
#1633=ADVANCED_FACE('',(#157),#74,.T.);
#1634=ADVANCED_FACE('',(#158),#75,.F.);
#1635=ADVANCED_FACE('',(#159),#76,.T.);
#1636=ADVANCED_FACE('',(#160),#77,.F.);
#1637=ADVANCED_FACE('',(#161),#1558,.F.);
#1638=ADVANCED_FACE('',(#162),#78,.F.);
#1639=ADVANCED_FACE('',(#163),#1559,.F.);
#1640=ADVANCED_FACE('',(#164),#1560,.T.);
#1641=ADVANCED_FACE('',(#165),#1561,.F.);
#1642=ADVANCED_FACE('',(#166),#79,.F.);
#1643=ADVANCED_FACE('',(#167),#80,.F.);
#1644=ADVANCED_FACE('',(#168),#81,.T.);
#1645=ADVANCED_FACE('',(#169),#1562,.F.);
#1646=ADVANCED_FACE('',(#170),#82,.T.);
#1647=ADVANCED_FACE('',(#171),#83,.T.);
#1648=ADVANCED_FACE('',(#172),#84,.T.);
#1649=ADVANCED_FACE('',(#173),#85,.T.);
#1650=ADVANCED_FACE('',(#174,#29,#30,#31,#32,#33),#86,.F.);
#1651=CLOSED_SHELL('',(#1563,#1564,#1565,#1566,#1567,#1568,#1569,#1570,
#1571,#1572,#1573,#1574,#1575,#1576,#1577,#1578,#1579,#1580,#1581,#1582,
#1583,#1584,#1585,#1586,#1587,#1588,#1589,#1590,#1591,#1592,#1593,#1594,
#1595,#1596,#1597,#1598,#1599,#1600,#1601,#1602,#1603,#1604,#1605,#1606,
#1607,#1608,#1609,#1610,#1611,#1612,#1613,#1614,#1615,#1616,#1617,#1618,
#1619,#1620,#1621,#1622,#1623,#1624,#1625,#1626,#1627,#1628,#1629,#1630,
#1631,#1632,#1633,#1634,#1635,#1636,#1637,#1638,#1639,#1640,#1641,#1642,
#1643,#1644,#1645,#1646,#1647,#1648,#1649,#1650));
#1652=DERIVED_UNIT_ELEMENT(#1654,1.);
#1653=DERIVED_UNIT_ELEMENT(#2838,-3.);
#1654=(
MASS_UNIT()
NAMED_UNIT(*)
SI_UNIT(.KILO.,.GRAM.)
);
#1655=DERIVED_UNIT((#1652,#1653));
#1656=MEASURE_REPRESENTATION_ITEM('density measure',
POSITIVE_RATIO_MEASURE(7850.),#1655);
#1657=PROPERTY_DEFINITION_REPRESENTATION(#1662,#1659);
#1658=PROPERTY_DEFINITION_REPRESENTATION(#1663,#1660);
#1659=REPRESENTATION('material name',(#1661),#2835);
#1660=REPRESENTATION('density',(#1656),#2835);
#1661=DESCRIPTIVE_REPRESENTATION_ITEM('Steel','Steel');
#1662=PROPERTY_DEFINITION('material property','material name',#2850);
#1663=PROPERTY_DEFINITION('material property','density of part',#2850);
#1664=AXIS2_PLACEMENT_3D('',#2332,#1835,#1836);
#1665=AXIS2_PLACEMENT_3D('',#2333,#1837,#1838);
#1666=AXIS2_PLACEMENT_3D('',#2334,#1839,#1840);
#1667=AXIS2_PLACEMENT_3D('',#2336,#1841,#1842);
#1668=AXIS2_PLACEMENT_3D('',#2339,#1844,#1845);
#1669=AXIS2_PLACEMENT_3D('',#2340,#1846,#1847);
#1670=AXIS2_PLACEMENT_3D('',#2341,#1848,#1849);
#1671=AXIS2_PLACEMENT_3D('',#2343,#1850,#1851);
#1672=AXIS2_PLACEMENT_3D('',#2346,#1853,#1854);
#1673=AXIS2_PLACEMENT_3D('',#2347,#1855,#1856);
#1674=AXIS2_PLACEMENT_3D('',#2348,#1857,#1858);
#1675=AXIS2_PLACEMENT_3D('',#2350,#1859,#1860);
#1676=AXIS2_PLACEMENT_3D('',#2353,#1862,#1863);
#1677=AXIS2_PLACEMENT_3D('',#2354,#1864,#1865);
#1678=AXIS2_PLACEMENT_3D('',#2357,#1867,#1868);
#1679=AXIS2_PLACEMENT_3D('',#2358,#1869,#1870);
#1680=AXIS2_PLACEMENT_3D('',#2360,#1871,#1872);
#1681=AXIS2_PLACEMENT_3D('',#2363,#1874,#1875);
#1682=AXIS2_PLACEMENT_3D('',#2364,#1876,#1877);
#1683=AXIS2_PLACEMENT_3D('',#2367,#1879,#1880);
#1684=AXIS2_PLACEMENT_3D('',#2368,#1881,#1882);
#1685=AXIS2_PLACEMENT_3D('',#2370,#1883,#1884);
#1686=AXIS2_PLACEMENT_3D('',#2373,#1886,#1887);
#1687=AXIS2_PLACEMENT_3D('',#2374,#1888,#1889);
#1688=AXIS2_PLACEMENT_3D('',#2377,#1891,#1892);
#1689=AXIS2_PLACEMENT_3D('',#2378,#1893,#1894);
#1690=AXIS2_PLACEMENT_3D('',#2380,#1895,#1896);
#1691=AXIS2_PLACEMENT_3D('',#2383,#1898,#1899);
#1692=AXIS2_PLACEMENT_3D('',#2384,#1900,#1901);
#1693=AXIS2_PLACEMENT_3D('',#2387,#1903,#1904);
#1694=AXIS2_PLACEMENT_3D('',#2388,#1905,#1906);
#1695=AXIS2_PLACEMENT_3D('',#2397,#1911,#1912);
#1696=AXIS2_PLACEMENT_3D('',#2407,#1917,#1918);
#1697=AXIS2_PLACEMENT_3D('',#2411,#1920,#1921);
#1698=AXIS2_PLACEMENT_3D('',#2415,#1923,#1924);
#1699=AXIS2_PLACEMENT_3D('',#2418,#1926,#1927);
#1700=AXIS2_PLACEMENT_3D('',#2419,#1928,#1929);
#1701=AXIS2_PLACEMENT_3D('',#2427,#1934,#1935);
#1702=AXIS2_PLACEMENT_3D('',#2431,#1938,#1939);
#1703=AXIS2_PLACEMENT_3D('',#2448,#1943,#1944);
#1704=AXIS2_PLACEMENT_3D('',#2465,#1948,#1949);
#1705=AXIS2_PLACEMENT_3D('',#2467,#1950,#1951);
#1706=AXIS2_PLACEMENT_3D('',#2469,#1953,#1954);
#1707=AXIS2_PLACEMENT_3D('',#2480,#1960,#1961);
#1708=AXIS2_PLACEMENT_3D('',#2483,#1962,#1963);
#1709=AXIS2_PLACEMENT_3D('',#2489,#1966,#1967);
#1710=AXIS2_PLACEMENT_3D('',#2491,#1969,#1970);
#1711=AXIS2_PLACEMENT_3D('',#2502,#1976,#1977);
#1712=AXIS2_PLACEMENT_3D('',#2510,#1982,#1983);
#1713=AXIS2_PLACEMENT_3D('',#2512,#1984,#1985);
#1714=AXIS2_PLACEMENT_3D('',#2514,#1986,#1987);
#1715=AXIS2_PLACEMENT_3D('',#2518,#1990,#1991);
#1716=AXIS2_PLACEMENT_3D('',#2532,#1999,#2000);
#1717=AXIS2_PLACEMENT_3D('',#2546,#2008,#2009);
#1718=AXIS2_PLACEMENT_3D('',#2548,#2010,#2011);
#1719=AXIS2_PLACEMENT_3D('',#2549,#2012,#2013);
#1720=AXIS2_PLACEMENT_3D('',#2551,#2014,#2015);
#1721=AXIS2_PLACEMENT_3D('',#2555,#2017,#2018);
#1722=AXIS2_PLACEMENT_3D('',#2559,#2020,#2021);
#1723=AXIS2_PLACEMENT_3D('',#2561,#2023,#2024);
#1724=AXIS2_PLACEMENT_3D('',#2563,#2025,#2026);
#1725=AXIS2_PLACEMENT_3D('',#2565,#2028,#2029);
#1726=AXIS2_PLACEMENT_3D('',#2566,#2030,#2031);
#1727=AXIS2_PLACEMENT_3D('',#2568,#2032,#2033);
#1728=AXIS2_PLACEMENT_3D('',#2570,#2035,#2036);
#1729=AXIS2_PLACEMENT_3D('',#2572,#2037,#2038);
#1730=AXIS2_PLACEMENT_3D('',#2575,#2040,#2041);
#1731=AXIS2_PLACEMENT_3D('',#2576,#2042,#2043);
#1732=AXIS2_PLACEMENT_3D('',#2578,#2044,#2045);
#1733=AXIS2_PLACEMENT_3D('',#2580,#2046,#2047);
#1734=AXIS2_PLACEMENT_3D('',#2582,#2049,#2050);
#1735=AXIS2_PLACEMENT_3D('',#2586,#2052,#2053);
#1736=AXIS2_PLACEMENT_3D('',#2588,#2055,#2056);
#1737=AXIS2_PLACEMENT_3D('',#2592,#2059,#2060);
#1738=AXIS2_PLACEMENT_3D('',#2594,#2061,#2062);
#1739=AXIS2_PLACEMENT_3D('',#2596,#2064,#2065);
#1740=AXIS2_PLACEMENT_3D('',#2598,#2066,#2067);
#1741=AXIS2_PLACEMENT_3D('',#2600,#2069,#2070);
#1742=AXIS2_PLACEMENT_3D('',#2602,#2071,#2072);
#1743=AXIS2_PLACEMENT_3D('',#2604,#2074,#2075);
#1744=AXIS2_PLACEMENT_3D('',#2606,#2076,#2077);
#1745=AXIS2_PLACEMENT_3D('',#2610,#2080,#2081);
#1746=AXIS2_PLACEMENT_3D('',#2611,#2082,#2083);
#1747=AXIS2_PLACEMENT_3D('',#2615,#2086,#2087);
#1748=AXIS2_PLACEMENT_3D('',#2617,#2089,#2090);
#1749=AXIS2_PLACEMENT_3D('',#2621,#2093,#2094);
#1750=AXIS2_PLACEMENT_3D('',#2623,#2096,#2097);
#1751=AXIS2_PLACEMENT_3D('',#2626,#2099,#2100);
#1752=AXIS2_PLACEMENT_3D('',#2627,#2101,#2102);
#1753=AXIS2_PLACEMENT_3D('',#2628,#2103,#2104);
#1754=AXIS2_PLACEMENT_3D('',#2631,#2106,#2107);
#1755=AXIS2_PLACEMENT_3D('',#2633,#2108,#2109);
#1756=AXIS2_PLACEMENT_3D('',#2635,#2111,#2112);
#1757=AXIS2_PLACEMENT_3D('',#2636,#2113,#2114);
#1758=AXIS2_PLACEMENT_3D('',#2637,#2115,#2116);
#1759=AXIS2_PLACEMENT_3D('',#2638,#2117,#2118);
#1760=AXIS2_PLACEMENT_3D('',#2642,#2121,#2122);
#1761=AXIS2_PLACEMENT_3D('',#2646,#2124,#2125);
#1762=AXIS2_PLACEMENT_3D('',#2650,#2127,#2128);
#1763=AXIS2_PLACEMENT_3D('',#2652,#2129,#2130);
#1764=AXIS2_PLACEMENT_3D('',#2654,#2131,#2132);
#1765=AXIS2_PLACEMENT_3D('',#2656,#2134,#2135);
#1766=AXIS2_PLACEMENT_3D('',#2659,#2136,#2137);
#1767=AXIS2_PLACEMENT_3D('',#2662,#2140,#2141);
#1768=AXIS2_PLACEMENT_3D('',#2666,#2144,#2145);
#1769=AXIS2_PLACEMENT_3D('',#2668,#2146,#2147);
#1770=AXIS2_PLACEMENT_3D('',#2670,#2149,#2150);
#1771=AXIS2_PLACEMENT_3D('',#2672,#2151,#2152);
#1772=AXIS2_PLACEMENT_3D('',#2674,#2154,#2155);
#1773=AXIS2_PLACEMENT_3D('',#2676,#2156,#2157);
#1774=AXIS2_PLACEMENT_3D('',#2678,#2159,#2160);
#1775=AXIS2_PLACEMENT_3D('',#2680,#2162,#2163);
#1776=AXIS2_PLACEMENT_3D('',#2684,#2166,#2167);
#1777=AXIS2_PLACEMENT_3D('',#2686,#2169,#2170);
#1778=AXIS2_PLACEMENT_3D('',#2690,#2172,#2173);
#1779=AXIS2_PLACEMENT_3D('',#2692,#2174,#2175);
#1780=AXIS2_PLACEMENT_3D('',#2694,#2176,#2177);
#1781=AXIS2_PLACEMENT_3D('',#2698,#2179,#2180);
#1782=AXIS2_PLACEMENT_3D('',#2700,#2182,#2183);
#1783=AXIS2_PLACEMENT_3D('',#2703,#2184,#2185);
#1784=AXIS2_PLACEMENT_3D('',#2706,#2188,#2189);
#1785=AXIS2_PLACEMENT_3D('',#2710,#2192,#2193);
#1786=AXIS2_PLACEMENT_3D('',#2712,#2194,#2195);
#1787=AXIS2_PLACEMENT_3D('',#2714,#2197,#2198);
#1788=AXIS2_PLACEMENT_3D('',#2717,#2200,#2201);
#1789=AXIS2_PLACEMENT_3D('',#2718,#2202,#2203);
#1790=AXIS2_PLACEMENT_3D('',#2721,#2205,#2206);
#1791=AXIS2_PLACEMENT_3D('',#2722,#2207,#2208);
#1792=AXIS2_PLACEMENT_3D('',#2724,#2210,#2211);
#1793=AXIS2_PLACEMENT_3D('',#2726,#2213,#2214);
#1794=AXIS2_PLACEMENT_3D('',#2730,#2217,#2218);
#1795=AXIS2_PLACEMENT_3D('',#2734,#2220,#2221);
#1796=AXIS2_PLACEMENT_3D('',#2738,#2223,#2224);
#1797=AXIS2_PLACEMENT_3D('',#2740,#2225,#2226);
#1798=AXIS2_PLACEMENT_3D('',#2742,#2227,#2228);
#1799=AXIS2_PLACEMENT_3D('',#2744,#2230,#2231);
#1800=AXIS2_PLACEMENT_3D('',#2747,#2232,#2233);
#1801=AXIS2_PLACEMENT_3D('',#2750,#2236,#2237);
#1802=AXIS2_PLACEMENT_3D('',#2754,#2240,#2241);
#1803=AXIS2_PLACEMENT_3D('',#2756,#2242,#2243);
#1804=AXIS2_PLACEMENT_3D('',#2758,#2245,#2246);
#1805=AXIS2_PLACEMENT_3D('',#2760,#2247,#2248);
#1806=AXIS2_PLACEMENT_3D('',#2762,#2250,#2251);
#1807=AXIS2_PLACEMENT_3D('',#2764,#2252,#2253);
#1808=AXIS2_PLACEMENT_3D('',#2766,#2255,#2256);
#1809=AXIS2_PLACEMENT_3D('',#2768,#2258,#2259);
#1810=AXIS2_PLACEMENT_3D('',#2772,#2262,#2263);
#1811=AXIS2_PLACEMENT_3D('',#2774,#2265,#2266);
#1812=AXIS2_PLACEMENT_3D('',#2778,#2268,#2269);
#1813=AXIS2_PLACEMENT_3D('',#2780,#2270,#2271);
#1814=AXIS2_PLACEMENT_3D('',#2782,#2272,#2273);
#1815=AXIS2_PLACEMENT_3D('',#2786,#2275,#2276);
#1816=AXIS2_PLACEMENT_3D('',#2788,#2278,#2279);
#1817=AXIS2_PLACEMENT_3D('',#2791,#2280,#2281);
#1818=AXIS2_PLACEMENT_3D('',#2794,#2284,#2285);
#1819=AXIS2_PLACEMENT_3D('',#2798,#2288,#2289);
#1820=AXIS2_PLACEMENT_3D('',#2800,#2290,#2291);
#1821=AXIS2_PLACEMENT_3D('',#2802,#2293,#2294);
#1822=AXIS2_PLACEMENT_3D('',#2805,#2296,#2297);
#1823=AXIS2_PLACEMENT_3D('',#2806,#2298,#2299);
#1824=AXIS2_PLACEMENT_3D('',#2809,#2301,#2302);
#1825=AXIS2_PLACEMENT_3D('',#2810,#2303,#2304);
#1826=AXIS2_PLACEMENT_3D('',#2812,#2306,#2307);
#1827=AXIS2_PLACEMENT_3D('',#2814,#2309,#2310);
#1828=AXIS2_PLACEMENT_3D('',#2816,#2312,#2313);
#1829=AXIS2_PLACEMENT_3D('',#2818,#2315,#2316);
#1830=AXIS2_PLACEMENT_3D('',#2819,#2317,#2318);
#1831=AXIS2_PLACEMENT_3D('',#2823,#2321,#2322);
#1832=AXIS2_PLACEMENT_3D('',#2827,#2325,#2326);
#1833=AXIS2_PLACEMENT_3D('',#2829,#2328,#2329);
#1834=AXIS2_PLACEMENT_3D('',#2830,#2330,#2331);
#1835=DIRECTION('axis',(0.,0.,1.));
#1836=DIRECTION('refdir',(1.,0.,0.));
#1837=DIRECTION('axis',(0.,0.,1.));
#1838=DIRECTION('refdir',(1.,0.,0.));
#1839=DIRECTION('center_axis',(-2.22044604925031E-15,0.,1.));
#1840=DIRECTION('ref_axis',(-1.,-1.23259516440783E-32,-2.22044604925031E-15));
#1841=DIRECTION('center_axis',(0.,0.,1.));
#1842=DIRECTION('ref_axis',(-1.,-1.23259516440783E-32,-2.22044604925031E-15));
#1843=DIRECTION('',(-2.22044604925031E-15,0.,1.));
#1844=DIRECTION('center_axis',(-2.22044604925031E-15,-3.94430452610506E-31,
1.));
#1845=DIRECTION('ref_axis',(-1.,-1.23259516440783E-32,-2.22044604925031E-15));
#1846=DIRECTION('center_axis',(2.22044604925031E-15,3.94430452610506E-31,
-1.));
#1847=DIRECTION('ref_axis',(-1.,-1.23259516440783E-32,-2.22044604925031E-15));
#1848=DIRECTION('center_axis',(-2.22044604925031E-15,0.,1.));
#1849=DIRECTION('ref_axis',(-1.,-1.23259516440783E-32,-2.22044604925031E-15));
#1850=DIRECTION('center_axis',(0.,0.,1.));
#1851=DIRECTION('ref_axis',(-1.,-1.23259516440783E-32,-2.22044604925031E-15));
#1852=DIRECTION('',(-2.22044604925031E-15,0.,1.));
#1853=DIRECTION('center_axis',(-2.22044604925031E-15,-3.94430452610505E-31,
1.));
#1854=DIRECTION('ref_axis',(-1.,-1.23259516440783E-32,-2.22044604925031E-15));
#1855=DIRECTION('center_axis',(2.22044604925031E-15,3.94430452610505E-31,
-1.));
#1856=DIRECTION('ref_axis',(-1.,-1.23259516440783E-32,-2.22044604925031E-15));
#1857=DIRECTION('center_axis',(0.,1.,0.));
#1858=DIRECTION('ref_axis',(0.,0.,1.));
#1859=DIRECTION('center_axis',(0.,-1.,0.));
#1860=DIRECTION('ref_axis',(0.,0.,1.));
#1861=DIRECTION('',(-8.65956056235493E-17,-0.707106781186548,0.707106781186548));
#1862=DIRECTION('center_axis',(0.,-1.,0.));
#1863=DIRECTION('ref_axis',(0.,0.,1.));
#1864=DIRECTION('center_axis',(0.,-1.,0.));
#1865=DIRECTION('ref_axis',(0.,0.,1.));
#1866=DIRECTION('',(0.,-1.,0.));
#1867=DIRECTION('center_axis',(0.,1.,0.));
#1868=DIRECTION('ref_axis',(0.,0.,1.));
#1869=DIRECTION('center_axis',(0.,1.,0.));
#1870=DIRECTION('ref_axis',(0.,0.,1.));
#1871=DIRECTION('center_axis',(0.,-1.,0.));
#1872=DIRECTION('ref_axis',(0.,0.,1.));
#1873=DIRECTION('',(-8.65956056235493E-17,-0.707106781186548,0.707106781186548));
#1874=DIRECTION('center_axis',(0.,-1.,0.));
#1875=DIRECTION('ref_axis',(0.,0.,1.));
#1876=DIRECTION('center_axis',(0.,-1.,0.));
#1877=DIRECTION('ref_axis',(0.,0.,1.));
#1878=DIRECTION('',(0.,-1.,0.));
#1879=DIRECTION('center_axis',(0.,1.,0.));
#1880=DIRECTION('ref_axis',(0.,0.,1.));
#1881=DIRECTION('center_axis',(0.,1.,0.));
#1882=DIRECTION('ref_axis',(0.,0.,1.));
#1883=DIRECTION('center_axis',(0.,-1.,0.));
#1884=DIRECTION('ref_axis',(0.,0.,1.));
#1885=DIRECTION('',(-8.65956056235493E-17,-0.707106781186548,0.707106781186548));
#1886=DIRECTION('center_axis',(0.,-1.,0.));
#1887=DIRECTION('ref_axis',(0.,0.,1.));
#1888=DIRECTION('center_axis',(0.,-1.,0.));
#1889=DIRECTION('ref_axis',(0.,0.,1.));
#1890=DIRECTION('',(0.,-1.,0.));
#1891=DIRECTION('center_axis',(0.,1.,0.));
#1892=DIRECTION('ref_axis',(0.,0.,1.));
#1893=DIRECTION('center_axis',(0.,1.,0.));
#1894=DIRECTION('ref_axis',(0.,0.,1.));
#1895=DIRECTION('center_axis',(0.,-1.,0.));
#1896=DIRECTION('ref_axis',(0.,0.,1.));
#1897=DIRECTION('',(-8.65956056235493E-17,-0.707106781186548,0.707106781186548));
#1898=DIRECTION('center_axis',(0.,-1.,0.));
#1899=DIRECTION('ref_axis',(0.,0.,1.));
#1900=DIRECTION('center_axis',(0.,-1.,0.));
#1901=DIRECTION('ref_axis',(0.,0.,1.));
#1902=DIRECTION('',(0.,-1.,0.));
#1903=DIRECTION('center_axis',(0.,1.,0.));
#1904=DIRECTION('ref_axis',(0.,0.,1.));
#1905=DIRECTION('center_axis',(0.707106781186547,0.707106781186548,0.));
#1906=DIRECTION('ref_axis',(0.,0.,-1.));
#1907=DIRECTION('',(-0.707106781186548,0.707106781186547,0.));
#1908=DIRECTION('',(0.,0.,1.));
#1909=DIRECTION('',(0.707106781186548,-0.707106781186547,0.));
#1910=DIRECTION('',(0.,0.,-1.));
#1911=DIRECTION('center_axis',(0.,1.,0.));
#1912=DIRECTION('ref_axis',(-1.,0.,0.));
#1913=DIRECTION('',(-1.,0.,0.));
#1914=DIRECTION('',(0.,0.,-1.));
#1915=DIRECTION('',(1.,0.,0.));
#1916=DIRECTION('',(-5.19178076369528E-17,0.,1.));
#1917=DIRECTION('center_axis',(0.,-1.,0.));
#1918=DIRECTION('ref_axis',(-0.91578947368421,0.,-0.401658611122925));
#1919=DIRECTION('',(1.15838361163634E-16,0.,-1.));
#1920=DIRECTION('center_axis',(0.,-1.,0.));
#1921=DIRECTION('ref_axis',(-0.707106781186548,0.,-0.707106781186548));
#1922=DIRECTION('',(1.,0.,0.));
#1923=DIRECTION('center_axis',(0.,1.,0.));
#1924=DIRECTION('ref_axis',(0.,0.,1.));
#1925=DIRECTION('',(1.,0.,0.));
#1926=DIRECTION('center_axis',(0.,-1.,0.));
#1927=DIRECTION('ref_axis',(0.707106781186548,0.,-0.707106781186548));
#1928=DIRECTION('center_axis',(0.,0.,-1.));
#1929=DIRECTION('ref_axis',(1.,0.,0.));
#1930=DIRECTION('',(0.,-1.,0.));
#1931=DIRECTION('',(1.,0.,0.));
#1932=DIRECTION('',(0.,-1.,0.));
#1933=DIRECTION('',(-0.707106781186548,-0.707106781186547,0.));
#1934=DIRECTION('center_axis',(-0.707106781186547,0.707106781186548,0.));
#1935=DIRECTION('ref_axis',(0.,0.,1.));
#1936=DIRECTION('',(0.707106781186548,0.707106781186547,0.));
#1937=DIRECTION('',(0.,0.,1.));
#1938=DIRECTION('center_axis',(0.,0.,-1.));
#1939=DIRECTION('ref_axis',(-1.,0.,0.));
#1940=DIRECTION('',(0.,-1.,0.));
#1941=DIRECTION('',(1.,0.,0.));
#1942=DIRECTION('',(0.,-1.,0.));
#1943=DIRECTION('center_axis',(0.,0.,-1.));
#1944=DIRECTION('ref_axis',(-1.,0.,0.));
#1945=DIRECTION('',(0.,1.,0.));
#1946=DIRECTION('',(1.,0.,0.));
#1947=DIRECTION('',(0.,1.,0.));
#1948=DIRECTION('center_axis',(0.,1.,0.));
#1949=DIRECTION('ref_axis',(0.707106781186548,0.,-0.707106781186548));
#1950=DIRECTION('center_axis',(0.,-1.,0.));
#1951=DIRECTION('ref_axis',(0.707106781186548,0.,-0.707106781186548));
#1952=DIRECTION('',(0.,-1.,0.));
#1953=DIRECTION('center_axis',(1.30614473485313E-16,0.,1.));
#1954=DIRECTION('ref_axis',(1.,0.,-1.30614473485313E-16));
#1955=DIRECTION('',(-1.,0.,1.30614473485313E-16));
#1956=DIRECTION('',(0.,1.,0.));
#1957=DIRECTION('',(1.,0.,-1.30614473485313E-16));
#1958=DIRECTION('',(1.,0.,-1.30614473485313E-16));
#1959=DIRECTION('',(0.,1.,0.));
#1960=DIRECTION('center_axis',(0.,1.,0.));
#1961=DIRECTION('ref_axis',(-0.707106781186548,0.,-0.707106781186548));
#1962=DIRECTION('center_axis',(0.,1.,0.));
#1963=DIRECTION('ref_axis',(-0.707106781186548,0.,-0.707106781186548));
#1964=DIRECTION('',(0.,1.,0.));
#1965=DIRECTION('',(0.,-1.,0.));
#1966=DIRECTION('center_axis',(0.,-1.,0.));
#1967=DIRECTION('ref_axis',(-0.707106781186548,0.,-0.707106781186548));
#1968=DIRECTION('',(0.,1.,0.));
#1969=DIRECTION('center_axis',(1.,0.,0.));
#1970=DIRECTION('ref_axis',(0.,0.,-1.));
#1971=DIRECTION('',(0.,0.,-1.));
#1972=DIRECTION('',(0.,1.,0.));
#1973=DIRECTION('',(0.,0.,-1.));
#1974=DIRECTION('',(0.,0.,-1.));
#1975=DIRECTION('',(0.,-1.,0.));
#1976=DIRECTION('center_axis',(-1.,0.,0.));
#1977=DIRECTION('ref_axis',(0.,0.,1.));
#1978=DIRECTION('',(0.,0.,1.));
#1979=DIRECTION('',(0.,0.,1.));
#1980=DIRECTION('',(0.,0.,1.));
#1981=DIRECTION('',(0.,-1.,0.));
#1982=DIRECTION('center_axis',(0.,1.,0.));
#1983=DIRECTION('ref_axis',(-0.707106781186548,0.,0.707106781186548));
#1984=DIRECTION('center_axis',(0.,1.,0.));
#1985=DIRECTION('ref_axis',(-0.707106781186548,0.,0.707106781186548));
#1986=DIRECTION('center_axis',(0.,-1.,0.));
#1987=DIRECTION('ref_axis',(-0.707106781186548,0.,0.707106781186548));
#1988=DIRECTION('',(0.,1.,0.));
#1989=DIRECTION('',(0.,1.,0.));
#1990=DIRECTION('center_axis',(0.,0.,1.));
#1991=DIRECTION('ref_axis',(1.,0.,0.));
#1992=DIRECTION('',(1.,0.,0.));
#1993=DIRECTION('',(1.,0.,0.));
#1994=DIRECTION('',(0.,-1.,0.));
#1995=DIRECTION('',(-1.,0.,0.));
#1996=DIRECTION('',(0.,1.,0.));
#1997=DIRECTION('',(1.,0.,0.));
#1998=DIRECTION('',(0.,1.,0.));
#1999=DIRECTION('center_axis',(0.,0.,-1.));
#2000=DIRECTION('ref_axis',(-1.,0.,0.));
#2001=DIRECTION('',(-1.,0.,0.));
#2002=DIRECTION('',(0.,1.,0.));
#2003=DIRECTION('',(-1.,0.,0.));
#2004=DIRECTION('',(1.,0.,0.));
#2005=DIRECTION('',(0.,1.,0.));
#2006=DIRECTION('',(-1.,0.,0.));
#2007=DIRECTION('',(0.,1.,0.));
#2008=DIRECTION('center_axis',(0.,1.,0.));
#2009=DIRECTION('ref_axis',(0.,0.,1.));
#2010=DIRECTION('center_axis',(0.,-1.,0.));
#2011=DIRECTION('ref_axis',(-0.91578947368421,0.,-0.401658611122925));
#2012=DIRECTION('center_axis',(0.,-1.,0.));
#2013=DIRECTION('ref_axis',(0.707106781186548,0.,-0.707106781186548));
#2014=DIRECTION('center_axis',(0.,-1.,0.));
#2015=DIRECTION('ref_axis',(-0.91578947368421,0.,-0.401658611122925));
#2016=DIRECTION('',(-2.92163953848725E-17,0.,1.));
#2017=DIRECTION('center_axis',(0.,-1.,0.));
#2018=DIRECTION('ref_axis',(1.,0.,0.));
#2019=DIRECTION('',(1.,0.,-1.30614473485313E-16));
#2020=DIRECTION('center_axis',(0.,-1.,0.));
#2021=DIRECTION('ref_axis',(-4.75809867696495E-15,0.,-1.));
#2022=DIRECTION('',(2.92163953848725E-17,0.,-1.));
#2023=DIRECTION('center_axis',(0.,1.,0.));
#2024=DIRECTION('ref_axis',(0.707106781186548,0.,0.707106781186548));
#2025=DIRECTION('center_axis',(0.,1.,0.));
#2026=DIRECTION('ref_axis',(0.707106781186548,0.,0.707106781186548));
#2027=DIRECTION('',(0.,1.,0.));
#2028=DIRECTION('center_axis',(0.,-1.,0.));
#2029=DIRECTION('ref_axis',(0.707106781186548,0.,0.707106781186548));
#2030=DIRECTION('center_axis',(0.,1.,0.));
#2031=DIRECTION('ref_axis',(0.707106781186548,0.,-0.707106781186548));
#2032=DIRECTION('center_axis',(0.,1.,0.));
#2033=DIRECTION('ref_axis',(0.707106781186548,0.,-0.707106781186548));
#2034=DIRECTION('',(0.,1.,0.));
#2035=DIRECTION('center_axis',(0.,1.,0.));
#2036=DIRECTION('ref_axis',(-1.,0.,0.));
#2037=DIRECTION('center_axis',(0.,-1.,0.));
#2038=DIRECTION('ref_axis',(-1.,0.,0.));
#2039=DIRECTION('',(0.,1.,0.));
#2040=DIRECTION('center_axis',(0.,1.,0.));
#2041=DIRECTION('ref_axis',(-1.,0.,0.));
#2042=DIRECTION('center_axis',(0.,1.,0.));
#2043=DIRECTION('ref_axis',(4.75809867696495E-15,0.,1.));
#2044=DIRECTION('center_axis',(0.,-1.,0.));
#2045=DIRECTION('ref_axis',(4.75809867696495E-15,0.,1.));
#2046=DIRECTION('center_axis',(0.,1.,0.));
#2047=DIRECTION('ref_axis',(4.75809867696495E-15,0.,1.));
#2048=DIRECTION('',(0.,1.,0.));
#2049=DIRECTION('center_axis',(0.,1.,0.));
#2050=DIRECTION('ref_axis',(1.,0.,0.));
#2051=DIRECTION('',(0.,1.,0.));
#2052=DIRECTION('center_axis',(0.,1.,0.));
#2053=DIRECTION('ref_axis',(1.,0.,0.));
#2054=DIRECTION('',(0.,1.,0.));
#2055=DIRECTION('center_axis',(-1.30614473485313E-16,0.,-1.));
#2056=DIRECTION('ref_axis',(-1.,0.,1.30614473485313E-16));
#2057=DIRECTION('',(-1.,0.,1.30614473485313E-16));
#2058=DIRECTION('',(0.,1.,0.));
#2059=DIRECTION('center_axis',(0.,1.,0.));
#2060=DIRECTION('ref_axis',(-4.75809867696495E-15,0.,-1.));
#2061=DIRECTION('center_axis',(0.,1.,0.));
#2062=DIRECTION('ref_axis',(-4.75809867696495E-15,0.,-1.));
#2063=DIRECTION('',(0.,1.,0.));
#2064=DIRECTION('center_axis',(0.,1.,0.));
#2065=DIRECTION('ref_axis',(-1.,0.,0.));
#2066=DIRECTION('center_axis',(0.,-1.,0.));
#2067=DIRECTION('ref_axis',(-0.91578947368421,0.,-0.401658611122925));
#2068=DIRECTION('',(-2.92163953848725E-17,0.,1.));
#2069=DIRECTION('center_axis',(0.,1.,0.));
#2070=DIRECTION('ref_axis',(-1.,0.,0.));
#2071=DIRECTION('center_axis',(0.,-1.,0.));
#2072=DIRECTION('ref_axis',(-0.91578947368421,0.,-0.401658611122925));
#2073=DIRECTION('',(2.92163953848725E-17,0.,-1.));
#2074=DIRECTION('center_axis',(0.,1.,0.));
#2075=DIRECTION('ref_axis',(0.,0.,1.));
#2076=DIRECTION('center_axis',(0.,-1.,0.));
#2077=DIRECTION('ref_axis',(-0.91578947368421,0.,-0.401658611122925));
#2078=DIRECTION('',(2.92163953848725E-17,0.,-1.));
#2079=DIRECTION('',(-2.92163953848725E-17,0.,1.));
#2080=DIRECTION('center_axis',(0.,-1.,0.));
#2081=DIRECTION('ref_axis',(-0.91578947368421,0.,-0.401658611122925));
#2082=DIRECTION('center_axis',(1.,0.,2.92163953848725E-17));
#2083=DIRECTION('ref_axis',(2.92163953848725E-17,0.,-1.));
#2084=DIRECTION('',(0.,-1.,0.));
#2085=DIRECTION('',(2.92163953848725E-17,0.,-1.));
#2086=DIRECTION('center_axis',(1.,0.,2.92163953848725E-17));
#2087=DIRECTION('ref_axis',(2.92163953848725E-17,0.,-1.));
#2088=DIRECTION('',(0.,1.,0.));
#2089=DIRECTION('center_axis',(-1.,0.,-2.92163953848725E-17));
#2090=DIRECTION('ref_axis',(-2.92163953848725E-17,0.,1.));
#2091=DIRECTION('',(0.,1.,0.));
#2092=DIRECTION('',(-2.92163953848725E-17,0.,1.));
#2093=DIRECTION('center_axis',(-1.,0.,-2.92163953848725E-17));
#2094=DIRECTION('ref_axis',(-2.92163953848725E-17,0.,1.));
#2095=DIRECTION('',(0.,-1.,0.));
#2096=DIRECTION('center_axis',(0.,1.,0.));
#2097=DIRECTION('ref_axis',(-0.707106781186548,0.,-0.707106781186548));
#2098=DIRECTION('',(0.,1.,0.));
#2099=DIRECTION('center_axis',(0.,-1.,0.));
#2100=DIRECTION('ref_axis',(-0.707106781186548,0.,-0.707106781186548));
#2101=DIRECTION('center_axis',(0.,1.,0.));
#2102=DIRECTION('ref_axis',(-1.,0.,0.));
#2103=DIRECTION('center_axis',(0.,-1.,0.));
#2104=DIRECTION('ref_axis',(0.770538243626071,0.,-0.637393767705372));
#2105=DIRECTION('',(1.15838361163634E-16,0.,-1.));
#2106=DIRECTION('center_axis',(0.,-1.,0.));
#2107=DIRECTION('ref_axis',(-0.91578947368421,0.,-0.401658611122925));
#2108=DIRECTION('center_axis',(0.,-1.,0.));
#2109=DIRECTION('ref_axis',(-0.91578947368421,0.,-0.401658611122925));
#2110=DIRECTION('',(-2.31676722327268E-16,0.,1.));
#2111=DIRECTION('center_axis',(0.,1.,0.));
#2112=DIRECTION('ref_axis',(0.770538243626071,0.,-0.637393767705372));
#2113=DIRECTION('center_axis',(0.,1.,0.));
#2114=DIRECTION('ref_axis',(2.43735121535791E-17,0.,-1.));
#2115=DIRECTION('center_axis',(0.,1.,0.));
#2116=DIRECTION('ref_axis',(1.22464679914735E-16,0.,-1.));
#2117=DIRECTION('center_axis',(-1.,0.,0.));
#2118=DIRECTION('ref_axis',(0.,0.,-1.));
#2119=DIRECTION('',(0.,0.,1.));
#2120=DIRECTION('',(0.,0.14142135623731,0.989949493661167));
#2121=DIRECTION('center_axis',(0.,-1.,0.));
#2122=DIRECTION('ref_axis',(-1.,0.,0.));
#2123=DIRECTION('',(0.,0.,-1.));
#2124=DIRECTION('center_axis',(0.,1.,0.));
#2125=DIRECTION('ref_axis',(-0.707106781186548,0.,-0.707106781186547));
#2126=DIRECTION('',(-1.,0.,0.));
#2127=DIRECTION('center_axis',(0.,1.,0.));
#2128=DIRECTION('ref_axis',(0.,0.,1.));
#2129=DIRECTION('center_axis',(0.,1.,0.));
#2130=DIRECTION('ref_axis',(1.,0.,0.));
#2131=DIRECTION('center_axis',(0.,1.,0.));
#2132=DIRECTION('ref_axis',(0.,0.,1.));
#2133=DIRECTION('',(-1.,0.,0.));
#2134=DIRECTION('center_axis',(0.,1.,0.));
#2135=DIRECTION('ref_axis',(-0.707106781186548,0.,-0.707106781186547));
#2136=DIRECTION('center_axis',(0.,1.,0.));
#2137=DIRECTION('ref_axis',(-0.707106781186548,0.,-0.707106781186547));
#2138=DIRECTION('',(0.,1.,0.));
#2139=DIRECTION('',(0.,-1.,0.));
#2140=DIRECTION('center_axis',(0.,0.,1.));
#2141=DIRECTION('ref_axis',(-1.,0.,0.));
#2142=DIRECTION('',(-1.,0.,0.));
#2143=DIRECTION('',(0.,-1.,0.));
#2144=DIRECTION('center_axis',(0.,-1.,0.));
#2145=DIRECTION('ref_axis',(0.,0.,1.));
#2146=DIRECTION('center_axis',(0.,1.,0.));
#2147=DIRECTION('ref_axis',(0.,0.,1.));
#2148=DIRECTION('',(0.,1.,0.));
#2149=DIRECTION('center_axis',(0.,1.,0.));
#2150=DIRECTION('ref_axis',(-1.83697019872103E-16,0.,1.));
#2151=DIRECTION('center_axis',(0.,-1.,0.));
#2152=DIRECTION('ref_axis',(1.,0.,0.));
#2153=DIRECTION('',(0.,-1.,0.));
#2154=DIRECTION('center_axis',(0.,1.,0.));
#2155=DIRECTION('ref_axis',(0.,0.,1.));
#2156=DIRECTION('center_axis',(0.,1.,0.));
#2157=DIRECTION('ref_axis',(0.,0.,1.));
#2158=DIRECTION('',(0.,1.,0.));
#2159=DIRECTION('center_axis',(1.,0.,0.));
#2160=DIRECTION('ref_axis',(0.,0.,1.));
#2161=DIRECTION('',(0.,0.,1.));
#2162=DIRECTION('center_axis',(0.,0.989949493661167,-0.14142135623731));
#2163=DIRECTION('ref_axis',(0.,-0.14142135623731,-0.989949493661167));
#2164=DIRECTION('',(0.,0.14142135623731,0.989949493661167));
#2165=DIRECTION('',(1.,0.,0.));
#2166=DIRECTION('center_axis',(-1.,0.,0.));
#2167=DIRECTION('ref_axis',(0.,0.,-1.));
#2168=DIRECTION('',(0.,0.,1.));
#2169=DIRECTION('center_axis',(0.,1.,0.));
#2170=DIRECTION('ref_axis',(1.,0.,0.));
#2171=DIRECTION('',(1.,0.,0.));
#2172=DIRECTION('center_axis',(0.,-1.,0.));
#2173=DIRECTION('ref_axis',(0.,0.,1.));
#2174=DIRECTION('center_axis',(0.,-1.,0.));
#2175=DIRECTION('ref_axis',(-1.,0.,0.));
#2176=DIRECTION('center_axis',(0.,-1.,0.));
#2177=DIRECTION('ref_axis',(0.,0.,1.));
#2178=DIRECTION('',(1.,0.,0.));
#2179=DIRECTION('center_axis',(0.,-1.,0.));
#2180=DIRECTION('ref_axis',(0.707106781186548,0.,-0.707106781186547));
#2181=DIRECTION('',(0.,0.,-1.));
#2182=DIRECTION('center_axis',(0.,-1.,0.));
#2183=DIRECTION('ref_axis',(0.707106781186548,0.,-0.707106781186547));
#2184=DIRECTION('center_axis',(0.,1.,0.));
#2185=DIRECTION('ref_axis',(0.707106781186548,0.,-0.707106781186547));
#2186=DIRECTION('',(0.,-1.,0.));
#2187=DIRECTION('',(0.,1.,0.));
#2188=DIRECTION('center_axis',(0.,0.,-1.));
#2189=DIRECTION('ref_axis',(1.,0.,0.));
#2190=DIRECTION('',(0.,-1.,0.));
#2191=DIRECTION('',(-1.,0.,0.));
#2192=DIRECTION('center_axis',(0.,1.,0.));
#2193=DIRECTION('ref_axis',(0.,0.,1.));
#2194=DIRECTION('center_axis',(0.,1.,0.));
#2195=DIRECTION('ref_axis',(0.,0.,1.));
#2196=DIRECTION('',(0.,1.,0.));
#2197=DIRECTION('center_axis',(0.,-1.,0.));
#2198=DIRECTION('ref_axis',(1.83697019872103E-16,0.,1.));
#2199=DIRECTION('',(0.,-1.,0.));
#2200=DIRECTION('center_axis',(0.,-1.,0.));
#2201=DIRECTION('ref_axis',(-1.,0.,0.));
#2202=DIRECTION('center_axis',(0.,-1.,0.));
#2203=DIRECTION('ref_axis',(0.,0.,1.));
#2204=DIRECTION('',(0.,1.,0.));
#2205=DIRECTION('center_axis',(0.,1.,0.));
#2206=DIRECTION('ref_axis',(0.,0.,1.));
#2207=DIRECTION('center_axis',(0.,0.,-1.));
#2208=DIRECTION('ref_axis',(1.,0.,0.));
#2209=DIRECTION('',(-1.,0.,0.));
#2210=DIRECTION('center_axis',(1.,0.,0.));
#2211=DIRECTION('ref_axis',(0.,0.,1.));
#2212=DIRECTION('',(0.,0.,-1.));
#2213=DIRECTION('center_axis',(1.,0.,0.));
#2214=DIRECTION('ref_axis',(0.,0.,1.));
#2215=DIRECTION('',(0.,0.,-1.));
#2216=DIRECTION('',(0.,0.14142135623731,-0.989949493661167));
#2217=DIRECTION('center_axis',(0.,-1.,0.));
#2218=DIRECTION('ref_axis',(1.,0.,0.));
#2219=DIRECTION('',(0.,0.,1.));
#2220=DIRECTION('center_axis',(0.,1.,0.));
#2221=DIRECTION('ref_axis',(0.707106781186548,0.,0.707106781186547));
#2222=DIRECTION('',(1.,0.,0.));
#2223=DIRECTION('center_axis',(0.,1.,0.));
#2224=DIRECTION('ref_axis',(0.,0.,-1.));
#2225=DIRECTION('center_axis',(0.,1.,0.));
#2226=DIRECTION('ref_axis',(-1.,0.,0.));
#2227=DIRECTION('center_axis',(0.,1.,0.));
#2228=DIRECTION('ref_axis',(0.,0.,-1.));
#2229=DIRECTION('',(1.,0.,0.));
#2230=DIRECTION('center_axis',(0.,1.,0.));
#2231=DIRECTION('ref_axis',(0.707106781186548,0.,0.707106781186547));
#2232=DIRECTION('center_axis',(0.,1.,0.));
#2233=DIRECTION('ref_axis',(0.707106781186548,0.,0.707106781186547));
#2234=DIRECTION('',(0.,1.,0.));
#2235=DIRECTION('',(0.,-1.,0.));
#2236=DIRECTION('center_axis',(0.,0.,-1.));
#2237=DIRECTION('ref_axis',(1.,0.,0.));
#2238=DIRECTION('',(1.,0.,0.));
#2239=DIRECTION('',(0.,-1.,0.));
#2240=DIRECTION('center_axis',(0.,-1.,0.));
#2241=DIRECTION('ref_axis',(0.,0.,-1.));
#2242=DIRECTION('center_axis',(0.,1.,0.));
#2243=DIRECTION('ref_axis',(0.,0.,-1.));
#2244=DIRECTION('',(0.,1.,0.));
#2245=DIRECTION('center_axis',(0.,1.,0.));
#2246=DIRECTION('ref_axis',(1.83697019872103E-16,0.,-1.));
#2247=DIRECTION('center_axis',(0.,-1.,0.));
#2248=DIRECTION('ref_axis',(-1.,0.,0.));
#2249=DIRECTION('',(0.,-1.,0.));
#2250=DIRECTION('center_axis',(0.,1.,0.));
#2251=DIRECTION('ref_axis',(0.,0.,-1.));
#2252=DIRECTION('center_axis',(0.,1.,0.));
#2253=DIRECTION('ref_axis',(0.,0.,-1.));
#2254=DIRECTION('',(0.,1.,0.));
#2255=DIRECTION('center_axis',(-1.,0.,0.));
#2256=DIRECTION('ref_axis',(0.,0.,-1.));
#2257=DIRECTION('',(0.,0.,-1.));
#2258=DIRECTION('center_axis',(0.,0.989949493661167,0.14142135623731));
#2259=DIRECTION('ref_axis',(0.,-0.14142135623731,0.989949493661167));
#2260=DIRECTION('',(0.,0.14142135623731,-0.989949493661167));
#2261=DIRECTION('',(-1.,0.,0.));
#2262=DIRECTION('center_axis',(1.,0.,0.));
#2263=DIRECTION('ref_axis',(0.,0.,1.));
#2264=DIRECTION('',(0.,0.,-1.));
#2265=DIRECTION('center_axis',(0.,1.,0.));
#2266=DIRECTION('ref_axis',(-1.,0.,0.));
#2267=DIRECTION('',(-1.,0.,0.));
#2268=DIRECTION('center_axis',(0.,-1.,0.));
#2269=DIRECTION('ref_axis',(0.,0.,-1.));
#2270=DIRECTION('center_axis',(0.,-1.,0.));
#2271=DIRECTION('ref_axis',(1.,0.,0.));
#2272=DIRECTION('center_axis',(0.,-1.,0.));
#2273=DIRECTION('ref_axis',(0.,0.,-1.));
#2274=DIRECTION('',(-1.,0.,0.));
#2275=DIRECTION('center_axis',(0.,-1.,0.));
#2276=DIRECTION('ref_axis',(-0.707106781186548,0.,0.707106781186547));
#2277=DIRECTION('',(0.,0.,1.));
#2278=DIRECTION('center_axis',(0.,-1.,0.));
#2279=DIRECTION('ref_axis',(-0.707106781186548,0.,0.707106781186547));
#2280=DIRECTION('center_axis',(0.,1.,0.));
#2281=DIRECTION('ref_axis',(-0.707106781186548,0.,0.707106781186547));
#2282=DIRECTION('',(0.,-1.,0.));
#2283=DIRECTION('',(0.,1.,0.));
#2284=DIRECTION('center_axis',(0.,0.,1.));
#2285=DIRECTION('ref_axis',(-1.,0.,0.));
#2286=DIRECTION('',(0.,-1.,0.));
#2287=DIRECTION('',(1.,0.,0.));
#2288=DIRECTION('center_axis',(0.,1.,0.));
#2289=DIRECTION('ref_axis',(0.,0.,-1.));
#2290=DIRECTION('center_axis',(0.,1.,0.));
#2291=DIRECTION('ref_axis',(0.,0.,-1.));
#2292=DIRECTION('',(0.,1.,0.));
#2293=DIRECTION('center_axis',(0.,-1.,0.));
#2294=DIRECTION('ref_axis',(-1.83697019872103E-16,0.,-1.));
#2295=DIRECTION('',(0.,-1.,0.));
#2296=DIRECTION('center_axis',(0.,-1.,0.));
#2297=DIRECTION('ref_axis',(1.,0.,0.));
#2298=DIRECTION('center_axis',(0.,-1.,0.));
#2299=DIRECTION('ref_axis',(0.,0.,-1.));
#2300=DIRECTION('',(0.,1.,0.));
#2301=DIRECTION('center_axis',(0.,1.,0.));
#2302=DIRECTION('ref_axis',(0.,0.,-1.));
#2303=DIRECTION('center_axis',(0.,0.,1.));
#2304=DIRECTION('ref_axis',(-1.,0.,0.));
#2305=DIRECTION('',(1.,0.,0.));
#2306=DIRECTION('center_axis',(-1.,0.,0.));
#2307=DIRECTION('ref_axis',(0.,0.,-1.));
#2308=DIRECTION('',(0.,0.,1.));
#2309=DIRECTION('center_axis',(-1.,0.,-2.31676722327268E-16));
#2310=DIRECTION('ref_axis',(2.31676722327268E-16,0.,-1.));
#2311=DIRECTION('',(0.,-1.,0.));
#2312=DIRECTION('center_axis',(0.,-1.,0.));
#2313=DIRECTION('ref_axis',(8.18059070776431E-16,0.,1.));
#2314=DIRECTION('',(0.,-1.,0.));
#2315=DIRECTION('center_axis',(1.,0.,1.15838361163634E-16));
#2316=DIRECTION('ref_axis',(-1.15838361163634E-16,0.,1.));
#2317=DIRECTION('center_axis',(-1.,0.,0.));
#2318=DIRECTION('ref_axis',(0.,0.,-1.));
#2319=DIRECTION('',(0.,0.,-1.));
#2320=DIRECTION('',(0.,-1.,0.));
#2321=DIRECTION('center_axis',(0.,0.,1.));
#2322=DIRECTION('ref_axis',(-1.,0.,0.));
#2323=DIRECTION('',(-1.,0.,0.));
#2324=DIRECTION('',(0.,-1.,0.));
#2325=DIRECTION('center_axis',(1.,0.,0.));
#2326=DIRECTION('ref_axis',(0.,0.,1.));
#2327=DIRECTION('',(0.,0.,1.));
#2328=DIRECTION('center_axis',(0.,1.,0.));
#2329=DIRECTION('ref_axis',(-1.,0.,0.));
#2330=DIRECTION('',(0.,0.,1.));
#2331=DIRECTION('',(1.,0.,0.));
#2332=CARTESIAN_POINT('',(0.,0.,0.));
#2333=CARTESIAN_POINT('',(0.,0.,0.));
#2334=CARTESIAN_POINT('Origin',(-4.14400545942227,31.299999999993,-35.000000000005));
#2335=CARTESIAN_POINT('',(-2.5440054594223,31.299999999993,-30.));
#2336=CARTESIAN_POINT('Origin',(-4.14400545942228,31.299999999993,-30.));
#2337=CARTESIAN_POINT('',(-2.54400545942231,31.299999999993,-25.000000000005));
#2338=CARTESIAN_POINT('',(-2.54400545942229,31.299999999993,-35.000000000005));
#2339=CARTESIAN_POINT('Origin',(-4.14400545942229,31.299999999993,-25.000000000005));
#2340=CARTESIAN_POINT('Origin',(-4.14400545942229,31.299999999993,-25.000000000005));
#2341=CARTESIAN_POINT('Origin',(5.53897355814717,31.2999999999909,-35.000000000005));
#2342=CARTESIAN_POINT('',(7.13897355814712,31.2999999999909,-29.9999999999999));
#2343=CARTESIAN_POINT('Origin',(5.53897355814716,31.2999999999909,-29.9999999999999));
#2344=CARTESIAN_POINT('',(7.13897355814711,31.2999999999909,-25.000000000005));
#2345=CARTESIAN_POINT('',(7.13897355814713,31.2999999999909,-35.000000000005));
#2346=CARTESIAN_POINT('Origin',(5.53897355814715,31.2999999999909,-25.000000000005));
#2347=CARTESIAN_POINT('Origin',(5.53897355814715,31.2999999999909,-25.000000000005));
#2348=CARTESIAN_POINT('Origin',(11.,36.7,-25.));
#2349=CARTESIAN_POINT('',(11.,37.3,-27.8));
#2350=CARTESIAN_POINT('Origin',(11.,37.3,-25.));
#2351=CARTESIAN_POINT('',(11.,36.1,-26.6));
#2352=CARTESIAN_POINT('',(11.,36.7,-27.2));
#2353=CARTESIAN_POINT('Origin',(11.,36.1,-25.));
#2354=CARTESIAN_POINT('Origin',(11.,14.8,-25.));
#2355=CARTESIAN_POINT('',(11.,27.3,-26.6));
#2356=CARTESIAN_POINT('',(11.,14.8,-26.6));
#2357=CARTESIAN_POINT('Origin',(11.,27.3,-25.));
#2358=CARTESIAN_POINT('Origin',(-11.,36.7,25.));
#2359=CARTESIAN_POINT('',(-11.,37.3,22.2));
#2360=CARTESIAN_POINT('Origin',(-11.,37.3,25.));
#2361=CARTESIAN_POINT('',(-11.,36.1,23.4));
#2362=CARTESIAN_POINT('',(-11.,36.7,22.8));
#2363=CARTESIAN_POINT('Origin',(-11.,36.1,25.));
#2364=CARTESIAN_POINT('Origin',(-11.,14.8,25.));
#2365=CARTESIAN_POINT('',(-11.,27.3,23.4));
#2366=CARTESIAN_POINT('',(-11.,14.8,23.4));
#2367=CARTESIAN_POINT('Origin',(-11.,27.3,25.));
#2368=CARTESIAN_POINT('Origin',(11.,36.7,25.));
#2369=CARTESIAN_POINT('',(11.,37.3,22.2));
#2370=CARTESIAN_POINT('Origin',(11.,37.3,25.));
#2371=CARTESIAN_POINT('',(11.,36.1,23.4));
#2372=CARTESIAN_POINT('',(11.,36.7,22.8));
#2373=CARTESIAN_POINT('Origin',(11.,36.1,25.));
#2374=CARTESIAN_POINT('Origin',(11.,14.8,25.));
#2375=CARTESIAN_POINT('',(11.,27.3,23.4));
#2376=CARTESIAN_POINT('',(11.,14.8,23.4));
#2377=CARTESIAN_POINT('Origin',(11.,27.3,25.));
#2378=CARTESIAN_POINT('Origin',(-11.,36.7,-25.));
#2379=CARTESIAN_POINT('',(-11.,37.3,-27.8));
#2380=CARTESIAN_POINT('Origin',(-11.,37.3,-25.));
#2381=CARTESIAN_POINT('',(-11.,36.1,-26.6));
#2382=CARTESIAN_POINT('',(-11.,36.7,-27.2));
#2383=CARTESIAN_POINT('Origin',(-11.,36.1,-25.));
#2384=CARTESIAN_POINT('Origin',(-11.,14.8,-25.));
#2385=CARTESIAN_POINT('',(-11.,27.3,-26.6));
#2386=CARTESIAN_POINT('',(-11.,14.8,-26.6));
#2387=CARTESIAN_POINT('Origin',(-11.,27.3,-25.));
#2388=CARTESIAN_POINT('Origin',(17.75,35.55,-15.));
#2389=CARTESIAN_POINT('',(19.5,33.8,-30.));
#2390=CARTESIAN_POINT('',(16.,37.3,-30.));
#2391=CARTESIAN_POINT('',(7.99999999999999,45.3,-30.));
#2392=CARTESIAN_POINT('',(16.,37.3,30.));
#2393=CARTESIAN_POINT('',(16.,37.3,-15.));
#2394=CARTESIAN_POINT('',(19.5,33.8,30.));
#2395=CARTESIAN_POINT('',(17.75,35.55,30.));
#2396=CARTESIAN_POINT('',(19.5,33.8,-15.));
#2397=CARTESIAN_POINT('Origin',(0.,37.3,0.));
#2398=CARTESIAN_POINT('',(-16.,37.3,-30.));
#2399=CARTESIAN_POINT('',(19.5,37.3,-30.));
#2400=CARTESIAN_POINT('',(-16.,37.3,30.));
#2401=CARTESIAN_POINT('',(-16.,37.3,15.));
#2402=CARTESIAN_POINT('',(-19.5,37.3,30.));
#2403=CARTESIAN_POINT('',(8.7,37.3,-14.));
#2404=CARTESIAN_POINT('',(8.69999999999999,37.3,6.38424319433221));
#2405=CARTESIAN_POINT('',(8.7,37.3,3.1921215971661));
#2406=CARTESIAN_POINT('',(-8.7,37.3,6.38424319433221));
#2407=CARTESIAN_POINT('Origin',(0.,37.3,10.2));
#2408=CARTESIAN_POINT('',(-8.7,37.3,-14.));
#2409=CARTESIAN_POINT('',(-8.7,37.3,-3.2));
#2410=CARTESIAN_POINT('',(-7.7,37.3,-15.));
#2411=CARTESIAN_POINT('Origin',(-7.7,37.3,-14.));
#2412=CARTESIAN_POINT('',(-4.11939012476362,37.3,-15.));
#2413=CARTESIAN_POINT('',(4.35,37.3,-15.));
#2414=CARTESIAN_POINT('',(4.11939012476362,37.3,-15.));
#2415=CARTESIAN_POINT('Origin',(4.20676359340495E-16,37.3,-11.4843750000001));
#2416=CARTESIAN_POINT('',(7.7,37.3,-15.));
#2417=CARTESIAN_POINT('',(4.35,37.3,-15.));
#2418=CARTESIAN_POINT('Origin',(7.7,37.3,-14.));
#2419=CARTESIAN_POINT('Origin',(-19.5,37.3,-30.));
#2420=CARTESIAN_POINT('',(19.5,27.3,-30.));
#2421=CARTESIAN_POINT('',(19.5,37.3,-30.));
#2422=CARTESIAN_POINT('',(-19.5,27.3,-30.));
#2423=CARTESIAN_POINT('',(19.5,27.3,-30.));
#2424=CARTESIAN_POINT('',(-19.5,33.8,-30.));
#2425=CARTESIAN_POINT('',(-19.5,37.3,-30.));
#2426=CARTESIAN_POINT('',(-17.75,35.55,-30.));
#2427=CARTESIAN_POINT('Origin',(-17.75,35.55,15.));
#2428=CARTESIAN_POINT('',(-19.5,33.8,30.));
#2429=CARTESIAN_POINT('',(-7.99999999999999,45.3,30.));
#2430=CARTESIAN_POINT('',(-19.5,33.8,15.));
#2431=CARTESIAN_POINT('Origin',(8.7,35.8,-15.));
#2432=CARTESIAN_POINT('',(-7.7,35.8,-15.));
#2433=CARTESIAN_POINT('',(-7.7,35.8,-15.));
#2434=CARTESIAN_POINT('',(-4.25,35.8,-15.));
#2435=CARTESIAN_POINT('',(4.35,35.8,-15.));
#2436=CARTESIAN_POINT('',(-4.25,37.2,-15.));
#2437=CARTESIAN_POINT('',(-4.25,35.8,-15.));
#2438=CARTESIAN_POINT('Ctrl Pts',(-4.11939012476362,37.3,-15.));
#2439=CARTESIAN_POINT('Ctrl Pts',(-4.13697981818342,37.3,-15.));
#2440=CARTESIAN_POINT('Ctrl Pts',(-4.15781737446311,37.296634233918,-15.));
#2441=CARTESIAN_POINT('Ctrl Pts',(-4.18883008735189,37.2856686515944,-15.));
#2442=CARTESIAN_POINT('Ctrl Pts',(-4.20494534775756,37.2768601758896,-15.));
#2443=CARTESIAN_POINT('Ctrl Pts',(-4.22647272962629,37.2585056320497,-15.));
#2444=CARTESIAN_POINT('Ctrl Pts',(-4.23630180926775,37.2464143243576,-15.));
#2445=CARTESIAN_POINT('Ctrl Pts',(-4.24682941467939,37.2245144322273,-15.));
#2446=CARTESIAN_POINT('Ctrl Pts',(-4.25,37.2113135680939,-15.));
#2447=CARTESIAN_POINT('Ctrl Pts',(-4.25,37.2,-15.));
#2448=CARTESIAN_POINT('Origin',(8.7,35.8,-15.));
#2449=CARTESIAN_POINT('',(4.25,37.2,-15.));
#2450=CARTESIAN_POINT('Ctrl Pts',(4.25,37.2,-15.));
#2451=CARTESIAN_POINT('Ctrl Pts',(4.25,37.2113135680939,-15.));
#2452=CARTESIAN_POINT('Ctrl Pts',(4.24682941467939,37.2245144322273,-15.));
#2453=CARTESIAN_POINT('Ctrl Pts',(4.23630180926775,37.2464143243576,-15.));
#2454=CARTESIAN_POINT('Ctrl Pts',(4.22647272962629,37.2585056320497,-15.));
#2455=CARTESIAN_POINT('Ctrl Pts',(4.20494534775756,37.2768601758896,-15.));
#2456=CARTESIAN_POINT('Ctrl Pts',(4.18883008735189,37.2856686515944,-15.));
#2457=CARTESIAN_POINT('Ctrl Pts',(4.15781737446311,37.296634233918,-15.));
#2458=CARTESIAN_POINT('Ctrl Pts',(4.13697981818342,37.3,-15.));
#2459=CARTESIAN_POINT('Ctrl Pts',(4.11939012476362,37.3,-15.));
#2460=CARTESIAN_POINT('',(4.25,35.8,-15.));
#2461=CARTESIAN_POINT('',(4.25,35.8,-15.));
#2462=CARTESIAN_POINT('',(7.7,35.8,-15.));
#2463=CARTESIAN_POINT('',(4.35,35.8,-15.));
#2464=CARTESIAN_POINT('',(7.7,35.8,-15.));
#2465=CARTESIAN_POINT('Origin',(7.7,35.8,-14.));
#2466=CARTESIAN_POINT('',(8.7,35.8,-14.));
#2467=CARTESIAN_POINT('Origin',(7.7,35.8,-14.));
#2468=CARTESIAN_POINT('',(8.7,35.8,-14.));
#2469=CARTESIAN_POINT('Origin',(-8.5,35.5,19.7));
#2470=CARTESIAN_POINT('',(8.5,35.5,19.7));
#2471=CARTESIAN_POINT('',(-8.5,35.5,19.7));
#2472=CARTESIAN_POINT('',(-4.25,35.5,19.7));
#2473=CARTESIAN_POINT('',(-8.5,35.8,19.7));
#2474=CARTESIAN_POINT('',(-8.5,35.5,19.7));
#2475=CARTESIAN_POINT('',(1.11022302462516E-15,35.8,19.7));
#2476=CARTESIAN_POINT('',(-8.5,35.8,19.7));
#2477=CARTESIAN_POINT('',(8.5,35.8,19.7));
#2478=CARTESIAN_POINT('',(-8.5,35.8,19.7));
#2479=CARTESIAN_POINT('',(8.5,35.5,19.7));
#2480=CARTESIAN_POINT('Origin',(-8.5,3.,-19.));
#2481=CARTESIAN_POINT('',(-8.5,27.3,-20.));
#2482=CARTESIAN_POINT('',(-9.5,27.3,-19.));
#2483=CARTESIAN_POINT('Origin',(-8.5,27.3,-19.));
#2484=CARTESIAN_POINT('',(-8.5,29.3,-20.));
#2485=CARTESIAN_POINT('',(-8.5,3.,-20.));
#2486=CARTESIAN_POINT('',(-8.5,35.5,-20.));
#2487=CARTESIAN_POINT('',(-8.5,3.,-20.));
#2488=CARTESIAN_POINT('',(-9.5,35.5,-19.));
#2489=CARTESIAN_POINT('Origin',(-8.5,35.5,-19.));
#2490=CARTESIAN_POINT('',(-9.5,3.,-19.));
#2491=CARTESIAN_POINT('Origin',(9.5,3.,20.));
#2492=CARTESIAN_POINT('',(9.5,27.3,19.));
#2493=CARTESIAN_POINT('',(9.5,27.3,-19.));
#2494=CARTESIAN_POINT('',(9.5,27.3,10.));
#2495=CARTESIAN_POINT('',(9.5,35.5,19.));
#2496=CARTESIAN_POINT('',(9.5,3.,19.));
#2497=CARTESIAN_POINT('',(9.5,35.5,10.2));
#2498=CARTESIAN_POINT('',(9.5,35.5,20.));
#2499=CARTESIAN_POINT('',(9.5,35.5,-19.));
#2500=CARTESIAN_POINT('',(9.5,35.5,20.));
#2501=CARTESIAN_POINT('',(9.5,3.,-19.));
#2502=CARTESIAN_POINT('Origin',(-9.5,3.,-20.));
#2503=CARTESIAN_POINT('',(-9.5,27.3,19.));
#2504=CARTESIAN_POINT('',(-9.5,27.3,-10.));
#2505=CARTESIAN_POINT('',(-9.5,35.5,10.2));
#2506=CARTESIAN_POINT('',(-9.5,35.5,-20.));
#2507=CARTESIAN_POINT('',(-9.5,35.5,19.));
#2508=CARTESIAN_POINT('',(-9.5,35.5,-20.));
#2509=CARTESIAN_POINT('',(-9.5,3.,19.));
#2510=CARTESIAN_POINT('Origin',(-8.5,3.,19.));
#2511=CARTESIAN_POINT('',(-8.5,27.3,20.));
#2512=CARTESIAN_POINT('Origin',(-8.5,27.3,19.));
#2513=CARTESIAN_POINT('',(-8.5,35.5,20.));
#2514=CARTESIAN_POINT('Origin',(-8.5,35.5,19.));
#2515=CARTESIAN_POINT('',(-8.5,29.3,20.));
#2516=CARTESIAN_POINT('',(-8.5,3.,20.));
#2517=CARTESIAN_POINT('',(-8.5,3.,20.));
#2518=CARTESIAN_POINT('Origin',(-9.5,3.,20.));
#2519=CARTESIAN_POINT('',(-0.5,29.3,20.));
#2520=CARTESIAN_POINT('',(-6.875,29.3,20.));
#2521=CARTESIAN_POINT('',(8.5,35.5,20.));
#2522=CARTESIAN_POINT('',(-9.5,35.5,20.));
#2523=CARTESIAN_POINT('',(8.5,29.3,20.));
#2524=CARTESIAN_POINT('',(8.5,3.,20.));
#2525=CARTESIAN_POINT('',(0.5,29.3,20.));
#2526=CARTESIAN_POINT('',(6.875,29.3,20.));
#2527=CARTESIAN_POINT('',(0.5,30.3,20.));
#2528=CARTESIAN_POINT('',(0.5,16.4,20.));
#2529=CARTESIAN_POINT('',(-0.5,30.3,20.));
#2530=CARTESIAN_POINT('',(-5.,30.3,20.));
#2531=CARTESIAN_POINT('',(-0.5,16.4,20.));
#2532=CARTESIAN_POINT('Origin',(9.5,3.,-20.));
#2533=CARTESIAN_POINT('',(8.5,29.3,-20.));
#2534=CARTESIAN_POINT('',(0.5,29.3,-20.));
#2535=CARTESIAN_POINT('',(6.875,29.3,-20.));
#2536=CARTESIAN_POINT('',(8.5,35.5,-20.));
#2537=CARTESIAN_POINT('',(8.5,3.,-20.));
#2538=CARTESIAN_POINT('',(9.5,35.5,-20.));
#2539=CARTESIAN_POINT('',(-0.5,29.3,-20.));
#2540=CARTESIAN_POINT('',(-6.875,29.3,-20.));
#2541=CARTESIAN_POINT('',(-0.5,30.3,-20.));
#2542=CARTESIAN_POINT('',(-0.5,16.4,-20.));
#2543=CARTESIAN_POINT('',(0.5,30.3,-20.));
#2544=CARTESIAN_POINT('',(5.,30.3,-20.));
#2545=CARTESIAN_POINT('',(0.5,16.4,-20.));
#2546=CARTESIAN_POINT('Origin',(0.,35.5,0.));
#2547=CARTESIAN_POINT('',(-9.2,35.5,7.83145614353459));
#2548=CARTESIAN_POINT('Origin',(0.,35.5,10.2));
#2549=CARTESIAN_POINT('Origin',(8.5,35.5,-19.));
#2550=CARTESIAN_POINT('',(9.2,35.5,7.83145614353459));
#2551=CARTESIAN_POINT('Origin',(0.,35.5,10.2));
#2552=CARTESIAN_POINT('',(9.2,35.5,-19.));
#2553=CARTESIAN_POINT('',(9.2,35.5,9.5));
#2554=CARTESIAN_POINT('',(8.5,35.5,-19.7));
#2555=CARTESIAN_POINT('Origin',(8.5,35.5,-19.));
#2556=CARTESIAN_POINT('',(-8.5,35.5,-19.7));
#2557=CARTESIAN_POINT('',(4.25,35.5,-19.7));
#2558=CARTESIAN_POINT('',(-9.2,35.5,-19.));
#2559=CARTESIAN_POINT('Origin',(-8.5,35.5,-19.));
#2560=CARTESIAN_POINT('',(-9.2,35.5,-9.5));
#2561=CARTESIAN_POINT('Origin',(8.5,3.,19.));
#2562=CARTESIAN_POINT('',(8.5,27.3,20.));
#2563=CARTESIAN_POINT('Origin',(8.5,27.3,19.));
#2564=CARTESIAN_POINT('',(8.5,3.,20.));
#2565=CARTESIAN_POINT('Origin',(8.5,35.5,19.));
#2566=CARTESIAN_POINT('Origin',(8.5,3.,-19.));
#2567=CARTESIAN_POINT('',(8.5,27.3,-20.));
#2568=CARTESIAN_POINT('Origin',(8.5,27.3,-19.));
#2569=CARTESIAN_POINT('',(8.5,3.,-20.));
#2570=CARTESIAN_POINT('Origin',(-8.5,35.5,19.));
#2571=CARTESIAN_POINT('',(-9.2,35.5,19.));
#2572=CARTESIAN_POINT('Origin',(-8.5,35.5,19.));
#2573=CARTESIAN_POINT('',(-9.2,35.8,19.));
#2574=CARTESIAN_POINT('',(-9.2,35.5,19.));
#2575=CARTESIAN_POINT('Origin',(-8.5,35.8,19.));
#2576=CARTESIAN_POINT('Origin',(8.5,35.5,19.));
#2577=CARTESIAN_POINT('',(9.2,35.5,19.));
#2578=CARTESIAN_POINT('Origin',(8.5,35.5,19.));
#2579=CARTESIAN_POINT('',(9.2,35.8,19.));
#2580=CARTESIAN_POINT('Origin',(8.5,35.8,19.));
#2581=CARTESIAN_POINT('',(9.2,35.5,19.));
#2582=CARTESIAN_POINT('Origin',(8.5,35.5,-19.));
#2583=CARTESIAN_POINT('',(9.2,35.8,-19.));
#2584=CARTESIAN_POINT('',(9.2,35.5,-19.));
#2585=CARTESIAN_POINT('',(8.5,35.8,-19.7));
#2586=CARTESIAN_POINT('Origin',(8.5,35.8,-19.));
#2587=CARTESIAN_POINT('',(8.5,35.5,-19.7));
#2588=CARTESIAN_POINT('Origin',(8.5,35.5,-19.7));
#2589=CARTESIAN_POINT('',(-8.5,35.8,-19.7));
#2590=CARTESIAN_POINT('',(8.5,35.8,-19.7));
#2591=CARTESIAN_POINT('',(-8.5,35.5,-19.7));
#2592=CARTESIAN_POINT('Origin',(-8.5,35.5,-19.));
#2593=CARTESIAN_POINT('',(-9.2,35.8,-19.));
#2594=CARTESIAN_POINT('Origin',(-8.5,35.8,-19.));
#2595=CARTESIAN_POINT('',(-9.2,35.5,-19.));
#2596=CARTESIAN_POINT('Origin',(0.,35.8,0.));
#2597=CARTESIAN_POINT('',(-9.2,35.8,12.5685438564654));
#2598=CARTESIAN_POINT('Origin',(0.,35.8,10.2));
#2599=CARTESIAN_POINT('',(-9.2,35.8,-19.));
#2600=CARTESIAN_POINT('Origin',(0.,35.8,0.));
#2601=CARTESIAN_POINT('',(9.2,35.8,12.5685438564654));
#2602=CARTESIAN_POINT('Origin',(0.,35.8,10.2));
#2603=CARTESIAN_POINT('',(9.2,35.8,19.));
#2604=CARTESIAN_POINT('Origin',(0.,35.5,0.));
#2605=CARTESIAN_POINT('',(-9.2,35.5,12.5685438564654));
#2606=CARTESIAN_POINT('Origin',(0.,35.5,10.2));
#2607=CARTESIAN_POINT('',(-9.2,35.5,-9.5));
#2608=CARTESIAN_POINT('',(9.2,35.5,12.5685438564654));
#2609=CARTESIAN_POINT('',(9.2,35.5,9.5));
#2610=CARTESIAN_POINT('Origin',(0.,35.5,10.2));
#2611=CARTESIAN_POINT('Origin',(9.2,35.5,19.));
#2612=CARTESIAN_POINT('',(9.2,35.8,7.83145614353459));
#2613=CARTESIAN_POINT('',(9.2,37.3,7.83145614353459));
#2614=CARTESIAN_POINT('',(9.2,35.8,19.));
#2615=CARTESIAN_POINT('Origin',(9.2,35.5,19.));
#2616=CARTESIAN_POINT('',(9.2,37.3,12.5685438564654));
#2617=CARTESIAN_POINT('Origin',(-9.2,35.5,-19.));
#2618=CARTESIAN_POINT('',(-9.2,35.8,7.83145614353459));
#2619=CARTESIAN_POINT('',(-9.2,37.3,7.83145614353459));
#2620=CARTESIAN_POINT('',(-9.2,35.8,-19.));
#2621=CARTESIAN_POINT('Origin',(-9.2,35.5,-19.));
#2622=CARTESIAN_POINT('',(-9.2,37.3,12.5685438564654));
#2623=CARTESIAN_POINT('Origin',(-7.7,35.8,-14.));
#2624=CARTESIAN_POINT('',(-8.7,35.8,-14.));
#2625=CARTESIAN_POINT('',(-8.7,35.8,-14.));
#2626=CARTESIAN_POINT('Origin',(-7.7,35.8,-14.));
#2627=CARTESIAN_POINT('Origin',(0.,35.8,0.));
#2628=CARTESIAN_POINT('Origin',(4.20676359340495E-16,35.8,-11.4843750000001));
#2629=CARTESIAN_POINT('',(-8.7,35.8,6.38424319433221));
#2630=CARTESIAN_POINT('',(-8.7,35.8,-1.6));
#2631=CARTESIAN_POINT('Origin',(0.,35.8,10.2));
#2632=CARTESIAN_POINT('',(8.7,35.8,6.3842431943322));
#2633=CARTESIAN_POINT('Origin',(0.,35.8,10.2));
#2634=CARTESIAN_POINT('',(8.69999999999999,35.8,3.1921215971661));
#2635=CARTESIAN_POINT('Origin',(4.20676359340495E-16,35.8,-11.4843750000001));
#2636=CARTESIAN_POINT('Origin',(4.20676359340495E-16,37.2,-11.4843750000001));
#2637=CARTESIAN_POINT('Origin',(4.20676359340495E-16,37.2,-11.4843750000001));
#2638=CARTESIAN_POINT('Origin',(-0.5,29.8,-23.5));
#2639=CARTESIAN_POINT('',(-0.5,29.3,-27.));
#2640=CARTESIAN_POINT('',(-0.5,29.3,-23.5));
#2641=CARTESIAN_POINT('',(-0.5,29.3,-27.));
#2642=CARTESIAN_POINT('Origin',(-4.25,29.3,-23.5));
#2643=CARTESIAN_POINT('',(-8.5,29.3,-26.));
#2644=CARTESIAN_POINT('',(-8.5,29.3,-20.));
#2645=CARTESIAN_POINT('',(-7.5,29.3,-27.));
#2646=CARTESIAN_POINT('Origin',(-7.5,29.3,-26.));
#2647=CARTESIAN_POINT('',(-6.48606797749979,29.3,-27.));
#2648=CARTESIAN_POINT('',(0.,29.3,-27.));
#2649=CARTESIAN_POINT('',(-5.74071198499986,29.3,-25.3333333333333));
#2650=CARTESIAN_POINT('Origin',(-6.48606797749979,29.3,-26.));
#2651=CARTESIAN_POINT('',(-2.75928801500014,29.3,-25.3333333333333));
#2652=CARTESIAN_POINT('Origin',(-4.25,29.3,-24.));
#2653=CARTESIAN_POINT('',(-2.01393202250021,29.3,-27.));
#2654=CARTESIAN_POINT('Origin',(-2.01393202250021,29.3,-26.));
#2655=CARTESIAN_POINT('',(0.,29.3,-27.));
#2656=CARTESIAN_POINT('Origin',(-7.5,29.3,-26.));
#2657=CARTESIAN_POINT('',(-7.5,27.3,-27.));
#2658=CARTESIAN_POINT('',(-8.5,27.3,-26.));
#2659=CARTESIAN_POINT('Origin',(-7.5,27.3,-26.));
#2660=CARTESIAN_POINT('',(-7.5,29.3,-27.));
#2661=CARTESIAN_POINT('',(-8.5,29.3,-26.));
#2662=CARTESIAN_POINT('Origin',(0.,29.3,-27.));
#2663=CARTESIAN_POINT('',(-6.48606797749979,27.3,-27.));
#2664=CARTESIAN_POINT('',(0.,27.3,-27.));
#2665=CARTESIAN_POINT('',(-6.48606797749979,29.3,-27.));
#2666=CARTESIAN_POINT('Origin',(-6.48606797749979,29.3,-26.));
#2667=CARTESIAN_POINT('',(-5.74071198499986,27.3,-25.3333333333333));
#2668=CARTESIAN_POINT('Origin',(-6.48606797749979,27.3,-26.));
#2669=CARTESIAN_POINT('',(-5.74071198499986,29.3,-25.3333333333333));
#2670=CARTESIAN_POINT('Origin',(-4.25,29.3,-24.));
#2671=CARTESIAN_POINT('',(-2.75928801500014,27.3,-25.3333333333333));
#2672=CARTESIAN_POINT('Origin',(-4.25,27.3,-24.));
#2673=CARTESIAN_POINT('',(-2.75928801500014,29.3,-25.3333333333333));
#2674=CARTESIAN_POINT('Origin',(-2.01393202250021,29.3,-26.));
#2675=CARTESIAN_POINT('',(-2.01393202250021,27.3,-27.));
#2676=CARTESIAN_POINT('Origin',(-2.01393202250021,27.3,-26.));
#2677=CARTESIAN_POINT('',(-2.01393202250021,29.3,-27.));
#2678=CARTESIAN_POINT('Origin',(-8.5,29.3,-27.));
#2679=CARTESIAN_POINT('',(-8.5,27.3,-13.5));
#2680=CARTESIAN_POINT('Origin',(0.5,30.3,-20.));
#2681=CARTESIAN_POINT('',(0.5,29.3,-27.));
#2682=CARTESIAN_POINT('',(0.5,29.3,-27.));
#2683=CARTESIAN_POINT('',(0.,29.3,-27.));
#2684=CARTESIAN_POINT('Origin',(0.5,29.8,-23.5));
#2685=CARTESIAN_POINT('',(0.5,29.3,-23.5));
#2686=CARTESIAN_POINT('Origin',(4.25,29.3,-23.5));
#2687=CARTESIAN_POINT('',(2.01393202250021,29.3,-27.));
#2688=CARTESIAN_POINT('',(0.,29.3,-27.));
#2689=CARTESIAN_POINT('',(2.75928801500014,29.3,-25.3333333333333));
#2690=CARTESIAN_POINT('Origin',(2.01393202250021,29.3,-26.));
#2691=CARTESIAN_POINT('',(5.74071198499986,29.3,-25.3333333333333));
#2692=CARTESIAN_POINT('Origin',(4.25,29.3,-24.));
#2693=CARTESIAN_POINT('',(6.48606797749979,29.3,-27.));
#2694=CARTESIAN_POINT('Origin',(6.48606797749979,29.3,-26.));
#2695=CARTESIAN_POINT('',(7.5,29.3,-27.));
#2696=CARTESIAN_POINT('',(0.,29.3,-27.));
#2697=CARTESIAN_POINT('',(8.5,29.3,-26.));
#2698=CARTESIAN_POINT('Origin',(7.5,29.3,-26.));
#2699=CARTESIAN_POINT('',(8.5,29.3,-20.));
#2700=CARTESIAN_POINT('Origin',(7.5,29.3,-26.));
#2701=CARTESIAN_POINT('',(8.5,27.3,-26.));
#2702=CARTESIAN_POINT('',(7.5,27.3,-27.));
#2703=CARTESIAN_POINT('Origin',(7.5,27.3,-26.));
#2704=CARTESIAN_POINT('',(8.5,29.3,-26.));
#2705=CARTESIAN_POINT('',(7.5,29.3,-27.));
#2706=CARTESIAN_POINT('Origin',(0.,29.3,-27.));
#2707=CARTESIAN_POINT('',(6.48606797749979,27.3,-27.));
#2708=CARTESIAN_POINT('',(6.48606797749979,29.3,-27.));
#2709=CARTESIAN_POINT('',(0.,27.3,-27.));
#2710=CARTESIAN_POINT('Origin',(6.48606797749979,29.3,-26.));
#2711=CARTESIAN_POINT('',(5.74071198499986,27.3,-25.3333333333333));
#2712=CARTESIAN_POINT('Origin',(6.48606797749979,27.3,-26.));
#2713=CARTESIAN_POINT('',(5.74071198499986,29.3,-25.3333333333333));
#2714=CARTESIAN_POINT('Origin',(4.25,29.3,-24.));
#2715=CARTESIAN_POINT('',(2.75928801500014,27.3,-25.3333333333333));
#2716=CARTESIAN_POINT('',(2.75928801500014,29.3,-25.3333333333333));
#2717=CARTESIAN_POINT('Origin',(4.25,27.3,-24.));
#2718=CARTESIAN_POINT('Origin',(2.01393202250021,29.3,-26.));
#2719=CARTESIAN_POINT('',(2.01393202250021,27.3,-27.));
#2720=CARTESIAN_POINT('',(2.01393202250021,29.3,-27.));
#2721=CARTESIAN_POINT('Origin',(2.01393202250021,27.3,-26.));
#2722=CARTESIAN_POINT('Origin',(0.,29.3,-27.));
#2723=CARTESIAN_POINT('',(0.,27.3,-27.));
#2724=CARTESIAN_POINT('Origin',(8.5,29.3,-27.));
#2725=CARTESIAN_POINT('',(8.5,27.3,-13.5));
#2726=CARTESIAN_POINT('Origin',(0.5,29.8,23.5));
#2727=CARTESIAN_POINT('',(0.5,29.3,27.));
#2728=CARTESIAN_POINT('',(0.5,29.3,23.5));
#2729=CARTESIAN_POINT('',(0.5,29.3,27.));
#2730=CARTESIAN_POINT('Origin',(4.25,29.3,23.5));
#2731=CARTESIAN_POINT('',(8.5,29.3,26.));
#2732=CARTESIAN_POINT('',(8.5,29.3,20.));
#2733=CARTESIAN_POINT('',(7.5,29.3,27.));
#2734=CARTESIAN_POINT('Origin',(7.5,29.3,26.));
#2735=CARTESIAN_POINT('',(6.48606797749979,29.3,27.));
#2736=CARTESIAN_POINT('',(0.,29.3,27.));
#2737=CARTESIAN_POINT('',(5.74071198499986,29.3,25.3333333333333));
#2738=CARTESIAN_POINT('Origin',(6.48606797749979,29.3,26.));
#2739=CARTESIAN_POINT('',(2.75928801500014,29.3,25.3333333333333));
#2740=CARTESIAN_POINT('Origin',(4.25,29.3,24.));
#2741=CARTESIAN_POINT('',(2.01393202250021,29.3,27.));
#2742=CARTESIAN_POINT('Origin',(2.01393202250021,29.3,26.));
#2743=CARTESIAN_POINT('',(0.,29.3,27.));
#2744=CARTESIAN_POINT('Origin',(7.5,29.3,26.));
#2745=CARTESIAN_POINT('',(7.5,27.3,27.));
#2746=CARTESIAN_POINT('',(8.5,27.3,26.));
#2747=CARTESIAN_POINT('Origin',(7.5,27.3,26.));
#2748=CARTESIAN_POINT('',(7.5,29.3,27.));
#2749=CARTESIAN_POINT('',(8.5,29.3,26.));
#2750=CARTESIAN_POINT('Origin',(0.,29.3,27.));
#2751=CARTESIAN_POINT('',(6.48606797749979,27.3,27.));
#2752=CARTESIAN_POINT('',(0.,27.3,27.));
#2753=CARTESIAN_POINT('',(6.48606797749979,29.3,27.));
#2754=CARTESIAN_POINT('Origin',(6.48606797749979,29.3,26.));
#2755=CARTESIAN_POINT('',(5.74071198499986,27.3,25.3333333333333));
#2756=CARTESIAN_POINT('Origin',(6.48606797749979,27.3,26.));
#2757=CARTESIAN_POINT('',(5.74071198499986,29.3,25.3333333333333));
#2758=CARTESIAN_POINT('Origin',(4.25,29.3,24.));
#2759=CARTESIAN_POINT('',(2.75928801500014,27.3,25.3333333333333));
#2760=CARTESIAN_POINT('Origin',(4.25,27.3,24.));
#2761=CARTESIAN_POINT('',(2.75928801500014,29.3,25.3333333333333));
#2762=CARTESIAN_POINT('Origin',(2.01393202250021,29.3,26.));
#2763=CARTESIAN_POINT('',(2.01393202250021,27.3,27.));
#2764=CARTESIAN_POINT('Origin',(2.01393202250021,27.3,26.));
#2765=CARTESIAN_POINT('',(2.01393202250021,29.3,27.));
#2766=CARTESIAN_POINT('Origin',(8.5,29.3,27.));
#2767=CARTESIAN_POINT('',(8.5,27.3,13.5));
#2768=CARTESIAN_POINT('Origin',(-0.5,30.3,20.));
#2769=CARTESIAN_POINT('',(-0.5,29.3,27.));
#2770=CARTESIAN_POINT('',(-0.5,29.3,27.));
#2771=CARTESIAN_POINT('',(0.,29.3,27.));
#2772=CARTESIAN_POINT('Origin',(-0.5,29.8,23.5));
#2773=CARTESIAN_POINT('',(-0.5,29.3,23.5));
#2774=CARTESIAN_POINT('Origin',(-4.25,29.3,23.5));
#2775=CARTESIAN_POINT('',(-2.01393202250021,29.3,27.));
#2776=CARTESIAN_POINT('',(0.,29.3,27.));
#2777=CARTESIAN_POINT('',(-2.75928801500014,29.3,25.3333333333333));
#2778=CARTESIAN_POINT('Origin',(-2.01393202250021,29.3,26.));
#2779=CARTESIAN_POINT('',(-5.74071198499986,29.3,25.3333333333333));
#2780=CARTESIAN_POINT('Origin',(-4.25,29.3,24.));
#2781=CARTESIAN_POINT('',(-6.48606797749979,29.3,27.));
#2782=CARTESIAN_POINT('Origin',(-6.48606797749979,29.3,26.));
#2783=CARTESIAN_POINT('',(-7.5,29.3,27.));
#2784=CARTESIAN_POINT('',(0.,29.3,27.));
#2785=CARTESIAN_POINT('',(-8.5,29.3,26.));
#2786=CARTESIAN_POINT('Origin',(-7.5,29.3,26.));
#2787=CARTESIAN_POINT('',(-8.5,29.3,20.));
#2788=CARTESIAN_POINT('Origin',(-7.5,29.3,26.));
#2789=CARTESIAN_POINT('',(-8.5,27.3,26.));
#2790=CARTESIAN_POINT('',(-7.5,27.3,27.));
#2791=CARTESIAN_POINT('Origin',(-7.5,27.3,26.));
#2792=CARTESIAN_POINT('',(-8.5,29.3,26.));
#2793=CARTESIAN_POINT('',(-7.5,29.3,27.));
#2794=CARTESIAN_POINT('Origin',(0.,29.3,27.));
#2795=CARTESIAN_POINT('',(-6.48606797749979,27.3,27.));
#2796=CARTESIAN_POINT('',(-6.48606797749979,29.3,27.));
#2797=CARTESIAN_POINT('',(0.,27.3,27.));
#2798=CARTESIAN_POINT('Origin',(-6.48606797749979,29.3,26.));
#2799=CARTESIAN_POINT('',(-5.74071198499986,27.3,25.3333333333333));
#2800=CARTESIAN_POINT('Origin',(-6.48606797749979,27.3,26.));
#2801=CARTESIAN_POINT('',(-5.74071198499986,29.3,25.3333333333333));
#2802=CARTESIAN_POINT('Origin',(-4.25,29.3,24.));
#2803=CARTESIAN_POINT('',(-2.75928801500014,27.3,25.3333333333333));
#2804=CARTESIAN_POINT('',(-2.75928801500014,29.3,25.3333333333333));
#2805=CARTESIAN_POINT('Origin',(-4.25,27.3,24.));
#2806=CARTESIAN_POINT('Origin',(-2.01393202250021,29.3,26.));
#2807=CARTESIAN_POINT('',(-2.01393202250021,27.3,27.));
#2808=CARTESIAN_POINT('',(-2.01393202250021,29.3,27.));
#2809=CARTESIAN_POINT('Origin',(-2.01393202250021,27.3,26.));
#2810=CARTESIAN_POINT('Origin',(0.,29.3,27.));
#2811=CARTESIAN_POINT('',(0.,27.3,27.));
#2812=CARTESIAN_POINT('Origin',(-8.5,29.3,27.));
#2813=CARTESIAN_POINT('',(-8.5,27.3,13.5));
#2814=CARTESIAN_POINT('Origin',(8.69999999999999,37.3,6.38424319433221));
#2815=CARTESIAN_POINT('',(8.69999999999999,37.3,6.38424319433221));
#2816=CARTESIAN_POINT('Origin',(0.,37.3,10.2));
#2817=CARTESIAN_POINT('',(-8.7,37.3,6.38424319433221));
#2818=CARTESIAN_POINT('Origin',(-8.7,37.3,-3.2));
#2819=CARTESIAN_POINT('Origin',(-19.5,37.3,30.));
#2820=CARTESIAN_POINT('',(-19.5,27.3,30.));
#2821=CARTESIAN_POINT('',(-19.5,27.3,-30.));
#2822=CARTESIAN_POINT('',(-19.5,37.3,30.));
#2823=CARTESIAN_POINT('Origin',(19.5,37.3,30.));
#2824=CARTESIAN_POINT('',(19.5,27.3,30.));
#2825=CARTESIAN_POINT('',(-19.5,27.3,30.));
#2826=CARTESIAN_POINT('',(19.5,37.3,30.));
#2827=CARTESIAN_POINT('Origin',(19.5,37.3,-30.));
#2828=CARTESIAN_POINT('',(19.5,27.3,30.));
#2829=CARTESIAN_POINT('Origin',(0.,27.3,0.));
#2830=CARTESIAN_POINT('',(0.,0.,0.));
#2831=UNCERTAINTY_MEASURE_WITH_UNIT(LENGTH_MEASURE(0.01),#2837,
'DISTANCE_ACCURACY_VALUE',
'Maximum model space distance between geometric entities at asserted c
onnectivities');
#2832=UNCERTAINTY_MEASURE_WITH_UNIT(LENGTH_MEASURE(0.01),#2837,
'DISTANCE_ACCURACY_VALUE',
'Maximum model space distance between geometric entities at asserted c
onnectivities');
#2833=UNCERTAINTY_MEASURE_WITH_UNIT(LENGTH_MEASURE(0.01),#2837,
'DISTANCE_ACCURACY_VALUE',
'Maximum model space distance between geometric entities at asserted c
onnectivities');
#2834=(
GEOMETRIC_REPRESENTATION_CONTEXT(3)
GLOBAL_UNCERTAINTY_ASSIGNED_CONTEXT((#2831))
GLOBAL_UNIT_ASSIGNED_CONTEXT((#2837,#2839,#2840))
REPRESENTATION_CONTEXT('','3D')
);
#2835=(
GEOMETRIC_REPRESENTATION_CONTEXT(3)
GLOBAL_UNCERTAINTY_ASSIGNED_CONTEXT((#2832))
GLOBAL_UNIT_ASSIGNED_CONTEXT((#2837,#2839,#2840))
REPRESENTATION_CONTEXT('','3D')
);
#2836=(
GEOMETRIC_REPRESENTATION_CONTEXT(3)
GLOBAL_UNCERTAINTY_ASSIGNED_CONTEXT((#2833))
GLOBAL_UNIT_ASSIGNED_CONTEXT((#2837,#2839,#2840))
REPRESENTATION_CONTEXT('','3D')
);
#2837=(
LENGTH_UNIT()
NAMED_UNIT(*)
SI_UNIT(.MILLI.,.METRE.)
);
#2838=(
LENGTH_UNIT()
NAMED_UNIT(*)
SI_UNIT($,.METRE.)
);
#2839=(
NAMED_UNIT(*)
PLANE_ANGLE_UNIT()
SI_UNIT($,.RADIAN.)
);
#2840=(
NAMED_UNIT(*)
SI_UNIT($,.STERADIAN.)
SOLID_ANGLE_UNIT()
);
#2841=SHAPE_DEFINITION_REPRESENTATION(#2843,#2846);
#2842=SHAPE_DEFINITION_REPRESENTATION(#2844,#2847);
#2843=PRODUCT_DEFINITION_SHAPE('',$,#2849);
#2844=PRODUCT_DEFINITION_SHAPE('',$,#2850);
#2845=PRODUCT_DEFINITION_SHAPE($,$,#14);
#2846=SHAPE_REPRESENTATION('',(#1664,#1834),#2834);
#2847=SHAPE_REPRESENTATION('',(#1665),#2835);
#2848=PRODUCT_DEFINITION_CONTEXT('part definition',#2856,'design');
#2849=PRODUCT_DEFINITION('Servo Mount Tibia Joint Top',
'Servo Mount Tibia Joint Top v2',#2851,#2848);
#2850=PRODUCT_DEFINITION('Component3','Component3',#2852,#2848);
#2851=PRODUCT_DEFINITION_FORMATION('',$,#2858);
#2852=PRODUCT_DEFINITION_FORMATION('',$,#2859);
#2853=PRODUCT_RELATED_PRODUCT_CATEGORY('Servo Mount Tibia Joint Top v2',
'Servo Mount Tibia Joint Top v2',(#2858));
#2854=PRODUCT_RELATED_PRODUCT_CATEGORY('Component3','Component3',(#2859));
#2855=APPLICATION_PROTOCOL_DEFINITION('international standard',
'automotive_design',2009,#2856);
#2856=APPLICATION_CONTEXT(
'Core Data for Automotive Mechanical Design Process');
#2857=PRODUCT_CONTEXT('part definition',#2856,'mechanical');
#2858=PRODUCT('Servo Mount Tibia Joint Top',
'Servo Mount Tibia Joint Top v2',$,(#2857));
#2859=PRODUCT('Component3','Component3',$,(#2857));
#2860=PRESENTATION_STYLE_ASSIGNMENT((#2862));
#2861=PRESENTATION_STYLE_ASSIGNMENT((#2863));
#2862=SURFACE_STYLE_USAGE(.BOTH.,#2864);
#2863=SURFACE_STYLE_USAGE(.BOTH.,#2865);
#2864=SURFACE_SIDE_STYLE('',(#2866));
#2865=SURFACE_SIDE_STYLE('',(#2867));
#2866=SURFACE_STYLE_FILL_AREA(#2868);
#2867=SURFACE_STYLE_FILL_AREA(#2869);
#2868=FILL_AREA_STYLE('Steel - Satin',(#2870));
#2869=FILL_AREA_STYLE('Nylon 12 (with Formlabs Fuse 1 3D Printer)',(#2871));
#2870=FILL_AREA_STYLE_COLOUR('Steel - Satin',#2872);
#2871=FILL_AREA_STYLE_COLOUR(
'Nylon 12 (with Formlabs Fuse 1 3D Printer)',#2873);
#2872=COLOUR_RGB('Steel - Satin',0.627450980392157,0.627450980392157,0.627450980392157);
#2873=COLOUR_RGB('Nylon 12 (with Formlabs Fuse 1 3D Printer)',0.247058823529412,
0.247058823529412,0.247058823529412);
ENDSEC;
END-ISO-10303-21;
