ISO-10303-21;
HEADER;
/* Generated by software containing ST-Developer
 * from STEP Tools, Inc. (www.steptools.com) 
 */

FILE_DESCRIPTION(
/* description */ (''),
/* implementation_level */ '2;1');

FILE_NAME(
/* name */ 'Servo Mount Femur Middle.step',
/* time_stamp */ '2026-09-01T13:48:38+04:00',
/* author */ (''),
/* organization */ (''),
/* preprocessor_version */ 'ST-DEVELOPER v20.1',
/* originating_system */ 'Autodesk Translation Framework v15.8.0.0',
/* authorisation */ '');

FILE_SCHEMA (('AUTOMOTIVE_DESIGN { 1 0 10303 214 3 1 1 }'));
ENDSEC;

DATA;
#10=MECHANICAL_DESIGN_GEOMETRIC_PRESENTATION_REPRESENTATION('',(#17),#5873);
#11=ITEM_DEFINED_TRANSFORMATION($,$,#3503,#3841);
#12=(
REPRESENTATION_RELATIONSHIP($,$,#5884,#5883)
REPRESENTATION_RELATIONSHIP_WITH_TRANSFORMATION(#11)
SHAPE_REPRESENTATION_RELATIONSHIP()
);
#13=CONTEXT_DEPENDENT_SHAPE_REPRESENTATION(#12,#5882);
#14=NEXT_ASSEMBLY_USAGE_OCCURRENCE('Component1:1','Component1:1',
'Component1:1',#5886,#5887,'Component1:1');
#15=SHAPE_REPRESENTATION_RELATIONSHIP('SRR','None',#5884,#16);
#16=ADVANCED_BREP_SHAPE_REPRESENTATION('',(#18),#5872);
#17=STYLED_ITEM('',(#5898),#18);
#18=MANIFOLD_SOLID_BREP('Body1',#3489);
#19=FACE_BOUND('',#461,.T.);
#20=FACE_BOUND('',#462,.T.);
#21=FACE_BOUND('',#463,.T.);
#22=FACE_BOUND('',#472,.T.);
#23=FACE_BOUND('',#473,.T.);
#24=FACE_BOUND('',#522,.T.);
#25=FACE_BOUND('',#523,.T.);
#26=FACE_BOUND('',#554,.T.);
#27=FACE_BOUND('',#555,.T.);
#28=FACE_BOUND('',#570,.T.);
#29=FACE_BOUND('',#571,.T.);
#30=FACE_BOUND('',#572,.T.);
#31=FACE_BOUND('',#653,.T.);
#32=FACE_BOUND('',#654,.T.);
#33=FACE_BOUND('',#655,.T.);
#34=FACE_BOUND('',#656,.T.);
#35=FACE_BOUND('',#661,.T.);
#36=FACE_BOUND('',#662,.T.);
#37=FACE_BOUND('',#663,.T.);
#38=FACE_BOUND('',#664,.T.);
#39=FACE_BOUND('',#665,.T.);
#40=PLANE('',#3532);
#41=PLANE('',#3533);
#42=PLANE('',#3534);
#43=PLANE('',#3535);
#44=PLANE('',#3536);
#45=PLANE('',#3552);
#46=PLANE('',#3571);
#47=PLANE('',#3572);
#48=PLANE('',#3573);
#49=PLANE('',#3574);
#50=PLANE('',#3591);
#51=PLANE('',#3592);
#52=PLANE('',#3593);
#53=PLANE('',#3610);
#54=PLANE('',#3611);
#55=PLANE('',#3614);
#56=PLANE('',#3615);
#57=PLANE('',#3632);
#58=PLANE('',#3633);
#59=PLANE('',#3634);
#60=PLANE('',#3635);
#61=PLANE('',#3636);
#62=PLANE('',#3650);
#63=PLANE('',#3651);
#64=PLANE('',#3652);
#65=PLANE('',#3653);
#66=PLANE('',#3667);
#67=PLANE('',#3684);
#68=PLANE('',#3685);
#69=PLANE('',#3686);
#70=PLANE('',#3689);
#71=PLANE('',#3706);
#72=PLANE('',#3707);
#73=PLANE('',#3708);
#74=PLANE('',#3709);
#75=PLANE('',#3710);
#76=PLANE('',#3739);
#77=PLANE('',#3740);
#78=PLANE('',#3741);
#79=PLANE('',#3758);
#80=PLANE('',#3759);
#81=PLANE('',#3760);
#82=PLANE('',#3761);
#83=PLANE('',#3778);
#84=PLANE('',#3779);
#85=PLANE('',#3780);
#86=PLANE('',#3796);
#87=PLANE('',#3797);
#88=PLANE('',#3798);
#89=PLANE('',#3799);
#90=PLANE('',#3800);
#91=PLANE('',#3801);
#92=PLANE('',#3802);
#93=PLANE('',#3819);
#94=PLANE('',#3820);
#95=PLANE('',#3821);
#96=PLANE('',#3822);
#97=PLANE('',#3823);
#98=PLANE('',#3824);
#99=PLANE('',#3825);
#100=PLANE('',#3826);
#101=PLANE('',#3827);
#102=PLANE('',#3828);
#103=PLANE('',#3829);
#104=PLANE('',#3830);
#105=PLANE('',#3831);
#106=PLANE('',#3832);
#107=PLANE('',#3833);
#108=PLANE('',#3834);
#109=PLANE('',#3835);
#110=PLANE('',#3836);
#111=PLANE('',#3837);
#112=PLANE('',#3838);
#113=PLANE('',#3839);
#114=PLANE('',#3840);
#115=ELLIPSE('',#3517,0.517638905713968,0.5);
#116=ELLIPSE('',#3518,0.517638969720553,0.5);
#117=ELLIPSE('',#3520,0.577348152180422,0.5);
#118=ELLIPSE('',#3522,0.577348152180421,0.5);
#119=ELLIPSE('',#3524,0.57734815218042,0.5);
#120=ELLIPSE('',#3525,0.577348152180422,0.5);
#121=ELLIPSE('',#3527,0.517638971117084,0.5);
#122=ELLIPSE('',#3529,0.517638971117084,0.5);
#123=ELLIPSE('',#3538,0.999977999757996,0.5);
#124=ELLIPSE('',#3539,0.57734815218042,0.5);
#125=ELLIPSE('',#3541,0.57734815218042,0.5);
#126=ELLIPSE('',#3542,0.57734815218042,0.5);
#127=ELLIPSE('',#3544,0.577348152180421,0.5);
#128=ELLIPSE('',#3546,0.517638971117084,0.5);
#129=ELLIPSE('',#3548,0.517638971117084,0.5);
#130=ELLIPSE('',#3551,0.999978034634002,0.5);
#131=ELLIPSE('',#3553,1.19239517358969,0.5);
#132=ELLIPSE('',#3554,1.07122969055847,0.5);
#133=ELLIPSE('',#3556,0.517638905713967,0.5);
#134=ELLIPSE('',#3557,0.517638969720557,0.5);
#135=ELLIPSE('',#3559,0.57734815218042,0.5);
#136=ELLIPSE('',#3561,0.577348152180421,0.5);
#137=ELLIPSE('',#3563,0.57734815218042,0.5);
#138=ELLIPSE('',#3564,0.577348152180422,0.5);
#139=ELLIPSE('',#3566,0.517638971117084,0.5);
#140=ELLIPSE('',#3568,0.517638971117084,0.5);
#141=ELLIPSE('',#3576,0.57734815218042,0.5);
#142=ELLIPSE('',#3577,0.57734815218042,0.5);
#143=ELLIPSE('',#3579,0.51763896972056,0.5);
#144=ELLIPSE('',#3581,0.517638905713966,0.5);
#145=ELLIPSE('',#3583,0.57734815218042,0.5);
#146=ELLIPSE('',#3585,0.577348152180422,0.5);
#147=ELLIPSE('',#3587,0.517638971117083,0.5);
#148=ELLIPSE('',#3589,0.517638971117085,0.5);
#149=ELLIPSE('',#3595,0.577348152180422,0.5);
#150=ELLIPSE('',#3596,0.577348152180419,0.5);
#151=ELLIPSE('',#3598,0.517638969720557,0.5);
#152=ELLIPSE('',#3600,0.517638905713968,0.5);
#153=ELLIPSE('',#3602,0.57734815218042,0.5);
#154=ELLIPSE('',#3604,0.57734815218042,0.5);
#155=ELLIPSE('',#3606,0.51763881684897,0.5);
#156=ELLIPSE('',#3608,0.517639125385931,0.5);
#157=ELLIPSE('',#3612,0.999977999757994,0.5);
#158=ELLIPSE('',#3613,0.999977999757993,0.5);
#159=ELLIPSE('',#3617,0.580122442397627,0.5);
#160=ELLIPSE('',#3618,0.583856963413963,0.5);
#161=ELLIPSE('',#3620,0.516518117589739,0.5);
#162=ELLIPSE('',#3622,0.513082783405047,0.5);
#163=ELLIPSE('',#3624,0.593532108158874,0.5);
#164=ELLIPSE('',#3625,0.589805099861576,0.5);
#165=ELLIPSE('',#3627,0.511934516494357,0.5);
#166=ELLIPSE('',#3630,0.515109889914585,0.5);
#167=ELLIPSE('',#3638,0.57734815218042,0.5);
#168=ELLIPSE('',#3639,0.577348152180423,0.5);
#169=ELLIPSE('',#3641,0.51763896972056,0.5);
#170=ELLIPSE('',#3643,0.517638905713965,0.5);
#171=ELLIPSE('',#3645,0.57734815218042,0.5);
#172=ELLIPSE('',#3647,0.577348152180423,0.5);
#173=ELLIPSE('',#3655,0.583856963413962,0.5);
#174=ELLIPSE('',#3657,0.580122442397627,0.5);
#175=ELLIPSE('',#3659,0.51651811758974,0.5);
#176=ELLIPSE('',#3661,0.513082783405047,0.5);
#177=ELLIPSE('',#3663,0.593532108158875,0.5);
#178=ELLIPSE('',#3664,0.589805099861575,0.5);
#179=ELLIPSE('',#3669,0.511934516494355,0.5);
#180=ELLIPSE('',#3670,0.593532108158875,0.5);
#181=ELLIPSE('',#3672,0.515109889914586,0.5);
#182=ELLIPSE('',#3674,0.583856963413963,0.5);
#183=ELLIPSE('',#3676,0.513082783405043,0.5);
#184=ELLIPSE('',#3677,0.589805099861574,0.5);
#185=ELLIPSE('',#3679,0.580122442397627,0.5);
#186=ELLIPSE('',#3681,0.516518117589738,0.5);
#187=ELLIPSE('',#3687,1.14333196434144,0.5);
#188=ELLIPSE('',#3688,1.0294453234382,0.5);
#189=ELLIPSE('',#3691,0.57734815218042,0.5);
#190=ELLIPSE('',#3692,0.577348152180425,0.5);
#191=ELLIPSE('',#3694,0.517638969720561,0.5);
#192=ELLIPSE('',#3696,0.517638905713964,0.5);
#193=ELLIPSE('',#3698,0.577348152180422,0.5);
#194=ELLIPSE('',#3700,0.577348152180421,0.5);
#195=ELLIPSE('',#3702,0.517639125385933,0.5);
#196=ELLIPSE('',#3704,0.517638816848968,0.5);
#197=ELLIPSE('',#3712,0.589805099861575,0.5);
#198=ELLIPSE('',#3714,0.593532108158874,0.5);
#199=ELLIPSE('',#3716,0.511934516494356,0.5);
#200=ELLIPSE('',#3718,0.515109889914586,0.5);
#201=ELLIPSE('',#3720,0.583856963413963,0.5);
#202=ELLIPSE('',#3722,0.580122442397626,0.5);
#203=ELLIPSE('',#3725,0.57734815218042,0.5);
#204=ELLIPSE('',#3726,0.57734815218042,0.5);
#205=ELLIPSE('',#3728,0.999977999757994,0.5);
#206=ELLIPSE('',#3730,0.517638969720558,0.5);
#207=ELLIPSE('',#3732,0.517638905713967,0.5);
#208=ELLIPSE('',#3734,0.577348152180421,0.5);
#209=ELLIPSE('',#3736,0.57734815218042,0.5);
#210=ELLIPSE('',#3738,0.999977999757993,0.5);
#211=ELLIPSE('',#3743,0.577348152180418,0.5);
#212=ELLIPSE('',#3744,0.577348152180421,0.5);
#213=ELLIPSE('',#3746,0.517638969720562,0.5);
#214=ELLIPSE('',#3748,0.517638905713966,0.5);
#215=ELLIPSE('',#3750,0.57734815218042,0.5);
#216=ELLIPSE('',#3752,0.577348152180422,0.5);
#217=ELLIPSE('',#3754,0.517638971117085,0.5);
#218=ELLIPSE('',#3756,0.517638971117083,0.5);
#219=ELLIPSE('',#3763,0.517638971117084,0.5);
#220=ELLIPSE('',#3764,0.517638971117084,0.5);
#221=ELLIPSE('',#3766,0.577348152180422,0.5);
#222=ELLIPSE('',#3767,0.57734815218042,0.5);
#223=ELLIPSE('',#3769,0.517638969720557,0.5);
#224=ELLIPSE('',#3771,0.517638905713967,0.5);
#225=ELLIPSE('',#3773,0.57734815218042,0.5);
#226=ELLIPSE('',#3775,0.577348152180421,0.5);
#227=ELLIPSE('',#3782,0.999977964881992,0.5);
#228=ELLIPSE('',#3783,0.57734815218042,0.5);
#229=ELLIPSE('',#3785,0.577348152180421,0.5);
#230=ELLIPSE('',#3787,0.517638971117084,0.5);
#231=ELLIPSE('',#3789,0.517638971117084,0.5);
#232=ELLIPSE('',#3791,0.577348152180425,0.5);
#233=ELLIPSE('',#3792,0.57734815218042,0.5);
#234=ELLIPSE('',#3794,0.999977999757996,0.5);
#235=ELLIPSE('',#3804,0.57734815218042,0.5);
#236=ELLIPSE('',#3805,0.517638905713967,0.5);
#237=ELLIPSE('',#3807,0.577348152180419,0.5);
#238=ELLIPSE('',#3808,0.577348152180421,0.5);
#239=ELLIPSE('',#3810,0.577348152180422,0.5);
#240=ELLIPSE('',#3812,0.517638971117084,0.5);
#241=ELLIPSE('',#3814,0.517638971117083,0.5);
#242=ELLIPSE('',#3817,0.517638969720558,0.5);
#243=FACE_OUTER_BOUND('',#444,.T.);
#244=FACE_OUTER_BOUND('',#445,.T.);
#245=FACE_OUTER_BOUND('',#446,.T.);
#246=FACE_OUTER_BOUND('',#447,.T.);
#247=FACE_OUTER_BOUND('',#448,.T.);
#248=FACE_OUTER_BOUND('',#449,.T.);
#249=FACE_OUTER_BOUND('',#450,.T.);
#250=FACE_OUTER_BOUND('',#451,.T.);
#251=FACE_OUTER_BOUND('',#452,.T.);
#252=FACE_OUTER_BOUND('',#453,.T.);
#253=FACE_OUTER_BOUND('',#454,.T.);
#254=FACE_OUTER_BOUND('',#455,.T.);
#255=FACE_OUTER_BOUND('',#456,.T.);
#256=FACE_OUTER_BOUND('',#457,.T.);
#257=FACE_OUTER_BOUND('',#458,.T.);
#258=FACE_OUTER_BOUND('',#459,.T.);
#259=FACE_OUTER_BOUND('',#460,.T.);
#260=FACE_OUTER_BOUND('',#464,.T.);
#261=FACE_OUTER_BOUND('',#465,.T.);
#262=FACE_OUTER_BOUND('',#466,.T.);
#263=FACE_OUTER_BOUND('',#467,.T.);
#264=FACE_OUTER_BOUND('',#468,.T.);
#265=FACE_OUTER_BOUND('',#469,.T.);
#266=FACE_OUTER_BOUND('',#470,.T.);
#267=FACE_OUTER_BOUND('',#471,.T.);
#268=FACE_OUTER_BOUND('',#474,.T.);
#269=FACE_OUTER_BOUND('',#475,.T.);
#270=FACE_OUTER_BOUND('',#476,.T.);
#271=FACE_OUTER_BOUND('',#477,.T.);
#272=FACE_OUTER_BOUND('',#478,.T.);
#273=FACE_OUTER_BOUND('',#479,.T.);
#274=FACE_OUTER_BOUND('',#480,.T.);
#275=FACE_OUTER_BOUND('',#481,.T.);
#276=FACE_OUTER_BOUND('',#482,.T.);
#277=FACE_OUTER_BOUND('',#483,.T.);
#278=FACE_OUTER_BOUND('',#484,.T.);
#279=FACE_OUTER_BOUND('',#485,.T.);
#280=FACE_OUTER_BOUND('',#486,.T.);
#281=FACE_OUTER_BOUND('',#487,.T.);
#282=FACE_OUTER_BOUND('',#488,.T.);
#283=FACE_OUTER_BOUND('',#489,.T.);
#284=FACE_OUTER_BOUND('',#490,.T.);
#285=FACE_OUTER_BOUND('',#491,.T.);
#286=FACE_OUTER_BOUND('',#492,.T.);
#287=FACE_OUTER_BOUND('',#493,.T.);
#288=FACE_OUTER_BOUND('',#494,.T.);
#289=FACE_OUTER_BOUND('',#495,.T.);
#290=FACE_OUTER_BOUND('',#496,.T.);
#291=FACE_OUTER_BOUND('',#497,.T.);
#292=FACE_OUTER_BOUND('',#498,.T.);
#293=FACE_OUTER_BOUND('',#499,.T.);
#294=FACE_OUTER_BOUND('',#500,.T.);
#295=FACE_OUTER_BOUND('',#501,.T.);
#296=FACE_OUTER_BOUND('',#502,.T.);
#297=FACE_OUTER_BOUND('',#503,.T.);
#298=FACE_OUTER_BOUND('',#504,.T.);
#299=FACE_OUTER_BOUND('',#505,.T.);
#300=FACE_OUTER_BOUND('',#506,.T.);
#301=FACE_OUTER_BOUND('',#507,.T.);
#302=FACE_OUTER_BOUND('',#508,.T.);
#303=FACE_OUTER_BOUND('',#509,.T.);
#304=FACE_OUTER_BOUND('',#510,.T.);
#305=FACE_OUTER_BOUND('',#511,.T.);
#306=FACE_OUTER_BOUND('',#512,.T.);
#307=FACE_OUTER_BOUND('',#513,.T.);
#308=FACE_OUTER_BOUND('',#514,.T.);
#309=FACE_OUTER_BOUND('',#515,.T.);
#310=FACE_OUTER_BOUND('',#516,.T.);
#311=FACE_OUTER_BOUND('',#517,.T.);
#312=FACE_OUTER_BOUND('',#518,.T.);
#313=FACE_OUTER_BOUND('',#519,.T.);
#314=FACE_OUTER_BOUND('',#520,.T.);
#315=FACE_OUTER_BOUND('',#521,.T.);
#316=FACE_OUTER_BOUND('',#524,.T.);
#317=FACE_OUTER_BOUND('',#525,.T.);
#318=FACE_OUTER_BOUND('',#526,.T.);
#319=FACE_OUTER_BOUND('',#527,.T.);
#320=FACE_OUTER_BOUND('',#528,.T.);
#321=FACE_OUTER_BOUND('',#529,.T.);
#322=FACE_OUTER_BOUND('',#530,.T.);
#323=FACE_OUTER_BOUND('',#531,.T.);
#324=FACE_OUTER_BOUND('',#532,.T.);
#325=FACE_OUTER_BOUND('',#533,.T.);
#326=FACE_OUTER_BOUND('',#534,.T.);
#327=FACE_OUTER_BOUND('',#535,.T.);
#328=FACE_OUTER_BOUND('',#536,.T.);
#329=FACE_OUTER_BOUND('',#537,.T.);
#330=FACE_OUTER_BOUND('',#538,.T.);
#331=FACE_OUTER_BOUND('',#539,.T.);
#332=FACE_OUTER_BOUND('',#540,.T.);
#333=FACE_OUTER_BOUND('',#541,.T.);
#334=FACE_OUTER_BOUND('',#542,.T.);
#335=FACE_OUTER_BOUND('',#543,.T.);
#336=FACE_OUTER_BOUND('',#544,.T.);
#337=FACE_OUTER_BOUND('',#545,.T.);
#338=FACE_OUTER_BOUND('',#546,.T.);
#339=FACE_OUTER_BOUND('',#547,.T.);
#340=FACE_OUTER_BOUND('',#548,.T.);
#341=FACE_OUTER_BOUND('',#549,.T.);
#342=FACE_OUTER_BOUND('',#550,.T.);
#343=FACE_OUTER_BOUND('',#551,.T.);
#344=FACE_OUTER_BOUND('',#552,.T.);
#345=FACE_OUTER_BOUND('',#553,.T.);
#346=FACE_OUTER_BOUND('',#556,.T.);
#347=FACE_OUTER_BOUND('',#557,.T.);
#348=FACE_OUTER_BOUND('',#558,.T.);
#349=FACE_OUTER_BOUND('',#559,.T.);
#350=FACE_OUTER_BOUND('',#560,.T.);
#351=FACE_OUTER_BOUND('',#561,.T.);
#352=FACE_OUTER_BOUND('',#562,.T.);
#353=FACE_OUTER_BOUND('',#563,.T.);
#354=FACE_OUTER_BOUND('',#564,.T.);
#355=FACE_OUTER_BOUND('',#565,.T.);
#356=FACE_OUTER_BOUND('',#566,.T.);
#357=FACE_OUTER_BOUND('',#567,.T.);
#358=FACE_OUTER_BOUND('',#568,.T.);
#359=FACE_OUTER_BOUND('',#569,.T.);
#360=FACE_OUTER_BOUND('',#573,.T.);
#361=FACE_OUTER_BOUND('',#574,.T.);
#362=FACE_OUTER_BOUND('',#575,.T.);
#363=FACE_OUTER_BOUND('',#576,.T.);
#364=FACE_OUTER_BOUND('',#577,.T.);
#365=FACE_OUTER_BOUND('',#578,.T.);
#366=FACE_OUTER_BOUND('',#579,.T.);
#367=FACE_OUTER_BOUND('',#580,.T.);
#368=FACE_OUTER_BOUND('',#581,.T.);
#369=FACE_OUTER_BOUND('',#582,.T.);
#370=FACE_OUTER_BOUND('',#583,.T.);
#371=FACE_OUTER_BOUND('',#584,.T.);
#372=FACE_OUTER_BOUND('',#585,.T.);
#373=FACE_OUTER_BOUND('',#586,.T.);
#374=FACE_OUTER_BOUND('',#587,.T.);
#375=FACE_OUTER_BOUND('',#588,.T.);
#376=FACE_OUTER_BOUND('',#589,.T.);
#377=FACE_OUTER_BOUND('',#590,.T.);
#378=FACE_OUTER_BOUND('',#591,.T.);
#379=FACE_OUTER_BOUND('',#592,.T.);
#380=FACE_OUTER_BOUND('',#593,.T.);
#381=FACE_OUTER_BOUND('',#594,.T.);
#382=FACE_OUTER_BOUND('',#595,.T.);
#383=FACE_OUTER_BOUND('',#596,.T.);
#384=FACE_OUTER_BOUND('',#597,.T.);
#385=FACE_OUTER_BOUND('',#598,.T.);
#386=FACE_OUTER_BOUND('',#599,.T.);
#387=FACE_OUTER_BOUND('',#600,.T.);
#388=FACE_OUTER_BOUND('',#601,.T.);
#389=FACE_OUTER_BOUND('',#602,.T.);
#390=FACE_OUTER_BOUND('',#603,.T.);
#391=FACE_OUTER_BOUND('',#604,.T.);
#392=FACE_OUTER_BOUND('',#605,.T.);
#393=FACE_OUTER_BOUND('',#606,.T.);
#394=FACE_OUTER_BOUND('',#607,.T.);
#395=FACE_OUTER_BOUND('',#608,.T.);
#396=FACE_OUTER_BOUND('',#609,.T.);
#397=FACE_OUTER_BOUND('',#610,.T.);
#398=FACE_OUTER_BOUND('',#611,.T.);
#399=FACE_OUTER_BOUND('',#612,.T.);
#400=FACE_OUTER_BOUND('',#613,.T.);
#401=FACE_OUTER_BOUND('',#614,.T.);
#402=FACE_OUTER_BOUND('',#615,.T.);
#403=FACE_OUTER_BOUND('',#616,.T.);
#404=FACE_OUTER_BOUND('',#617,.T.);
#405=FACE_OUTER_BOUND('',#618,.T.);
#406=FACE_OUTER_BOUND('',#619,.T.);
#407=FACE_OUTER_BOUND('',#620,.T.);
#408=FACE_OUTER_BOUND('',#621,.T.);
#409=FACE_OUTER_BOUND('',#622,.T.);
#410=FACE_OUTER_BOUND('',#623,.T.);
#411=FACE_OUTER_BOUND('',#624,.T.);
#412=FACE_OUTER_BOUND('',#625,.T.);
#413=FACE_OUTER_BOUND('',#626,.T.);
#414=FACE_OUTER_BOUND('',#627,.T.);
#415=FACE_OUTER_BOUND('',#628,.T.);
#416=FACE_OUTER_BOUND('',#629,.T.);
#417=FACE_OUTER_BOUND('',#630,.T.);
#418=FACE_OUTER_BOUND('',#631,.T.);
#419=FACE_OUTER_BOUND('',#632,.T.);
#420=FACE_OUTER_BOUND('',#633,.T.);
#421=FACE_OUTER_BOUND('',#634,.T.);
#422=FACE_OUTER_BOUND('',#635,.T.);
#423=FACE_OUTER_BOUND('',#636,.T.);
#424=FACE_OUTER_BOUND('',#637,.T.);
#425=FACE_OUTER_BOUND('',#638,.T.);
#426=FACE_OUTER_BOUND('',#639,.T.);
#427=FACE_OUTER_BOUND('',#640,.T.);
#428=FACE_OUTER_BOUND('',#641,.T.);
#429=FACE_OUTER_BOUND('',#642,.T.);
#430=FACE_OUTER_BOUND('',#643,.T.);
#431=FACE_OUTER_BOUND('',#644,.T.);
#432=FACE_OUTER_BOUND('',#645,.T.);
#433=FACE_OUTER_BOUND('',#646,.T.);
#434=FACE_OUTER_BOUND('',#647,.T.);
#435=FACE_OUTER_BOUND('',#648,.T.);
#436=FACE_OUTER_BOUND('',#649,.T.);
#437=FACE_OUTER_BOUND('',#650,.T.);
#438=FACE_OUTER_BOUND('',#651,.T.);
#439=FACE_OUTER_BOUND('',#652,.T.);
#440=FACE_OUTER_BOUND('',#657,.T.);
#441=FACE_OUTER_BOUND('',#658,.T.);
#442=FACE_OUTER_BOUND('',#659,.T.);
#443=FACE_OUTER_BOUND('',#660,.T.);
#444=EDGE_LOOP('',(#2174,#2175,#2176,#2177));
#445=EDGE_LOOP('',(#2178,#2179,#2180,#2181));
#446=EDGE_LOOP('',(#2182,#2183,#2184,#2185));
#447=EDGE_LOOP('',(#2186,#2187,#2188,#2189));
#448=EDGE_LOOP('',(#2190,#2191,#2192,#2193));
#449=EDGE_LOOP('',(#2194,#2195,#2196,#2197));
#450=EDGE_LOOP('',(#2198,#2199,#2200,#2201));
#451=EDGE_LOOP('',(#2202,#2203,#2204,#2205));
#452=EDGE_LOOP('',(#2206,#2207,#2208,#2209));
#453=EDGE_LOOP('',(#2210,#2211,#2212,#2213));
#454=EDGE_LOOP('',(#2214,#2215,#2216,#2217));
#455=EDGE_LOOP('',(#2218,#2219,#2220,#2221));
#456=EDGE_LOOP('',(#2222,#2223,#2224,#2225));
#457=EDGE_LOOP('',(#2226,#2227,#2228,#2229));
#458=EDGE_LOOP('',(#2230,#2231,#2232,#2233));
#459=EDGE_LOOP('',(#2234,#2235,#2236,#2237));
#460=EDGE_LOOP('',(#2238,#2239,#2240,#2241));
#461=EDGE_LOOP('',(#2242,#2243,#2244,#2245,#2246,#2247,#2248,#2249));
#462=EDGE_LOOP('',(#2250,#2251,#2252,#2253,#2254,#2255,#2256,#2257));
#463=EDGE_LOOP('',(#2258,#2259,#2260,#2261,#2262,#2263,#2264,#2265));
#464=EDGE_LOOP('',(#2266,#2267,#2268,#2269));
#465=EDGE_LOOP('',(#2270,#2271,#2272,#2273));
#466=EDGE_LOOP('',(#2274,#2275,#2276,#2277));
#467=EDGE_LOOP('',(#2278,#2279,#2280,#2281));
#468=EDGE_LOOP('',(#2282,#2283,#2284,#2285));
#469=EDGE_LOOP('',(#2286,#2287,#2288,#2289));
#470=EDGE_LOOP('',(#2290,#2291,#2292,#2293));
#471=EDGE_LOOP('',(#2294,#2295,#2296,#2297,#2298,#2299,#2300,#2301,#2302,
#2303,#2304,#2305,#2306,#2307,#2308,#2309,#2310,#2311));
#472=EDGE_LOOP('',(#2312,#2313,#2314,#2315,#2316,#2317,#2318,#2319));
#473=EDGE_LOOP('',(#2320,#2321,#2322,#2323,#2324,#2325,#2326,#2327));
#474=EDGE_LOOP('',(#2328,#2329,#2330,#2331));
#475=EDGE_LOOP('',(#2332,#2333,#2334,#2335));
#476=EDGE_LOOP('',(#2336,#2337,#2338,#2339));
#477=EDGE_LOOP('',(#2340,#2341,#2342,#2343));
#478=EDGE_LOOP('',(#2344,#2345,#2346,#2347));
#479=EDGE_LOOP('',(#2348,#2349,#2350,#2351));
#480=EDGE_LOOP('',(#2352,#2353,#2354,#2355));
#481=EDGE_LOOP('',(#2356,#2357,#2358,#2359));
#482=EDGE_LOOP('',(#2360,#2361,#2362,#2363));
#483=EDGE_LOOP('',(#2364,#2365,#2366,#2367));
#484=EDGE_LOOP('',(#2368,#2369,#2370,#2371));
#485=EDGE_LOOP('',(#2372,#2373,#2374,#2375));
#486=EDGE_LOOP('',(#2376,#2377,#2378,#2379));
#487=EDGE_LOOP('',(#2380,#2381,#2382,#2383));
#488=EDGE_LOOP('',(#2384,#2385,#2386,#2387));
#489=EDGE_LOOP('',(#2388,#2389,#2390,#2391));
#490=EDGE_LOOP('',(#2392,#2393,#2394,#2395));
#491=EDGE_LOOP('',(#2396,#2397,#2398,#2399));
#492=EDGE_LOOP('',(#2400,#2401,#2402,#2403));
#493=EDGE_LOOP('',(#2404,#2405,#2406,#2407));
#494=EDGE_LOOP('',(#2408,#2409,#2410,#2411));
#495=EDGE_LOOP('',(#2412,#2413,#2414,#2415));
#496=EDGE_LOOP('',(#2416,#2417,#2418,#2419));
#497=EDGE_LOOP('',(#2420,#2421,#2422,#2423));
#498=EDGE_LOOP('',(#2424,#2425,#2426,#2427));
#499=EDGE_LOOP('',(#2428,#2429,#2430,#2431));
#500=EDGE_LOOP('',(#2432,#2433,#2434,#2435));
#501=EDGE_LOOP('',(#2436,#2437,#2438,#2439));
#502=EDGE_LOOP('',(#2440,#2441,#2442,#2443));
#503=EDGE_LOOP('',(#2444,#2445,#2446,#2447));
#504=EDGE_LOOP('',(#2448,#2449,#2450,#2451));
#505=EDGE_LOOP('',(#2452,#2453,#2454,#2455));
#506=EDGE_LOOP('',(#2456,#2457,#2458,#2459,#2460,#2461));
#507=EDGE_LOOP('',(#2462,#2463,#2464,#2465));
#508=EDGE_LOOP('',(#2466,#2467,#2468,#2469));
#509=EDGE_LOOP('',(#2470,#2471,#2472,#2473));
#510=EDGE_LOOP('',(#2474,#2475,#2476,#2477));
#511=EDGE_LOOP('',(#2478,#2479,#2480,#2481));
#512=EDGE_LOOP('',(#2482,#2483,#2484,#2485));
#513=EDGE_LOOP('',(#2486,#2487,#2488,#2489));
#514=EDGE_LOOP('',(#2490,#2491,#2492,#2493));
#515=EDGE_LOOP('',(#2494,#2495,#2496,#2497));
#516=EDGE_LOOP('',(#2498,#2499,#2500,#2501));
#517=EDGE_LOOP('',(#2502,#2503,#2504,#2505));
#518=EDGE_LOOP('',(#2506,#2507,#2508,#2509));
#519=EDGE_LOOP('',(#2510,#2511,#2512,#2513));
#520=EDGE_LOOP('',(#2514,#2515,#2516,#2517));
#521=EDGE_LOOP('',(#2518,#2519,#2520,#2521));
#522=EDGE_LOOP('',(#2522,#2523,#2524,#2525,#2526,#2527,#2528,#2529));
#523=EDGE_LOOP('',(#2530,#2531,#2532,#2533,#2534,#2535,#2536,#2537));
#524=EDGE_LOOP('',(#2538,#2539,#2540,#2541));
#525=EDGE_LOOP('',(#2542,#2543,#2544,#2545));
#526=EDGE_LOOP('',(#2546,#2547,#2548,#2549));
#527=EDGE_LOOP('',(#2550,#2551,#2552,#2553));
#528=EDGE_LOOP('',(#2554,#2555,#2556,#2557));
#529=EDGE_LOOP('',(#2558,#2559,#2560,#2561));
#530=EDGE_LOOP('',(#2562,#2563,#2564,#2565));
#531=EDGE_LOOP('',(#2566,#2567,#2568,#2569));
#532=EDGE_LOOP('',(#2570,#2571,#2572,#2573));
#533=EDGE_LOOP('',(#2574,#2575,#2576,#2577));
#534=EDGE_LOOP('',(#2578,#2579,#2580,#2581));
#535=EDGE_LOOP('',(#2582,#2583,#2584,#2585));
#536=EDGE_LOOP('',(#2586,#2587,#2588,#2589));
#537=EDGE_LOOP('',(#2590,#2591,#2592,#2593));
#538=EDGE_LOOP('',(#2594,#2595,#2596,#2597));
#539=EDGE_LOOP('',(#2598,#2599,#2600,#2601));
#540=EDGE_LOOP('',(#2602,#2603,#2604,#2605));
#541=EDGE_LOOP('',(#2606,#2607,#2608,#2609));
#542=EDGE_LOOP('',(#2610,#2611,#2612,#2613,#2614,#2615,#2616,#2617,#2618,
#2619,#2620,#2621,#2622,#2623,#2624,#2625,#2626,#2627,#2628,#2629));
#543=EDGE_LOOP('',(#2630,#2631,#2632,#2633));
#544=EDGE_LOOP('',(#2634,#2635,#2636,#2637));
#545=EDGE_LOOP('',(#2638,#2639,#2640,#2641));
#546=EDGE_LOOP('',(#2642,#2643,#2644,#2645));
#547=EDGE_LOOP('',(#2646,#2647,#2648,#2649));
#548=EDGE_LOOP('',(#2650,#2651,#2652,#2653));
#549=EDGE_LOOP('',(#2654,#2655,#2656,#2657));
#550=EDGE_LOOP('',(#2658,#2659,#2660,#2661));
#551=EDGE_LOOP('',(#2662,#2663,#2664,#2665));
#552=EDGE_LOOP('',(#2666,#2667,#2668,#2669));
#553=EDGE_LOOP('',(#2670,#2671,#2672,#2673,#2674,#2675,#2676,#2677,#2678,
#2679,#2680,#2681,#2682,#2683,#2684,#2685,#2686,#2687));
#554=EDGE_LOOP('',(#2688,#2689,#2690,#2691,#2692,#2693,#2694,#2695));
#555=EDGE_LOOP('',(#2696,#2697,#2698,#2699,#2700,#2701,#2702,#2703));
#556=EDGE_LOOP('',(#2704,#2705,#2706,#2707));
#557=EDGE_LOOP('',(#2708,#2709,#2710,#2711));
#558=EDGE_LOOP('',(#2712,#2713,#2714,#2715));
#559=EDGE_LOOP('',(#2716,#2717,#2718,#2719));
#560=EDGE_LOOP('',(#2720,#2721,#2722,#2723));
#561=EDGE_LOOP('',(#2724,#2725,#2726,#2727));
#562=EDGE_LOOP('',(#2728,#2729,#2730,#2731));
#563=EDGE_LOOP('',(#2732,#2733,#2734,#2735));
#564=EDGE_LOOP('',(#2736,#2737,#2738,#2739));
#565=EDGE_LOOP('',(#2740,#2741,#2742,#2743));
#566=EDGE_LOOP('',(#2744,#2745,#2746,#2747));
#567=EDGE_LOOP('',(#2748,#2749,#2750,#2751));
#568=EDGE_LOOP('',(#2752,#2753,#2754,#2755));
#569=EDGE_LOOP('',(#2756,#2757,#2758,#2759));
#570=EDGE_LOOP('',(#2760,#2761,#2762,#2763,#2764,#2765,#2766,#2767));
#571=EDGE_LOOP('',(#2768,#2769,#2770,#2771,#2772,#2773,#2774,#2775));
#572=EDGE_LOOP('',(#2776,#2777,#2778,#2779,#2780,#2781,#2782,#2783));
#573=EDGE_LOOP('',(#2784,#2785,#2786,#2787));
#574=EDGE_LOOP('',(#2788,#2789,#2790,#2791));
#575=EDGE_LOOP('',(#2792,#2793,#2794,#2795));
#576=EDGE_LOOP('',(#2796,#2797,#2798,#2799));
#577=EDGE_LOOP('',(#2800,#2801,#2802,#2803));
#578=EDGE_LOOP('',(#2804,#2805,#2806,#2807));
#579=EDGE_LOOP('',(#2808,#2809,#2810,#2811));
#580=EDGE_LOOP('',(#2812,#2813,#2814,#2815));
#581=EDGE_LOOP('',(#2816,#2817,#2818,#2819));
#582=EDGE_LOOP('',(#2820,#2821,#2822,#2823));
#583=EDGE_LOOP('',(#2824,#2825,#2826,#2827));
#584=EDGE_LOOP('',(#2828,#2829,#2830,#2831));
#585=EDGE_LOOP('',(#2832,#2833,#2834,#2835));
#586=EDGE_LOOP('',(#2836,#2837,#2838,#2839));
#587=EDGE_LOOP('',(#2840,#2841,#2842,#2843));
#588=EDGE_LOOP('',(#2844,#2845,#2846,#2847));
#589=EDGE_LOOP('',(#2848,#2849,#2850,#2851));
#590=EDGE_LOOP('',(#2852,#2853,#2854,#2855));
#591=EDGE_LOOP('',(#2856,#2857,#2858,#2859));
#592=EDGE_LOOP('',(#2860,#2861,#2862,#2863));
#593=EDGE_LOOP('',(#2864,#2865,#2866,#2867));
#594=EDGE_LOOP('',(#2868,#2869,#2870,#2871));
#595=EDGE_LOOP('',(#2872,#2873,#2874,#2875));
#596=EDGE_LOOP('',(#2876,#2877,#2878,#2879));
#597=EDGE_LOOP('',(#2880,#2881,#2882,#2883));
#598=EDGE_LOOP('',(#2884,#2885,#2886,#2887));
#599=EDGE_LOOP('',(#2888,#2889,#2890,#2891));
#600=EDGE_LOOP('',(#2892,#2893,#2894,#2895));
#601=EDGE_LOOP('',(#2896,#2897,#2898,#2899));
#602=EDGE_LOOP('',(#2900,#2901,#2902,#2903));
#603=EDGE_LOOP('',(#2904,#2905,#2906,#2907));
#604=EDGE_LOOP('',(#2908,#2909,#2910,#2911));
#605=EDGE_LOOP('',(#2912,#2913,#2914,#2915));
#606=EDGE_LOOP('',(#2916,#2917,#2918,#2919));
#607=EDGE_LOOP('',(#2920,#2921,#2922,#2923));
#608=EDGE_LOOP('',(#2924,#2925,#2926,#2927));
#609=EDGE_LOOP('',(#2928,#2929,#2930,#2931));
#610=EDGE_LOOP('',(#2932,#2933,#2934,#2935));
#611=EDGE_LOOP('',(#2936,#2937,#2938,#2939));
#612=EDGE_LOOP('',(#2940,#2941,#2942,#2943));
#613=EDGE_LOOP('',(#2944,#2945,#2946,#2947));
#614=EDGE_LOOP('',(#2948,#2949,#2950,#2951));
#615=EDGE_LOOP('',(#2952,#2953,#2954,#2955));
#616=EDGE_LOOP('',(#2956,#2957,#2958,#2959));
#617=EDGE_LOOP('',(#2960,#2961,#2962,#2963));
#618=EDGE_LOOP('',(#2964,#2965,#2966,#2967));
#619=EDGE_LOOP('',(#2968,#2969,#2970,#2971));
#620=EDGE_LOOP('',(#2972,#2973,#2974,#2975));
#621=EDGE_LOOP('',(#2976,#2977,#2978,#2979));
#622=EDGE_LOOP('',(#2980,#2981,#2982,#2983));
#623=EDGE_LOOP('',(#2984,#2985,#2986,#2987));
#624=EDGE_LOOP('',(#2988,#2989,#2990,#2991));
#625=EDGE_LOOP('',(#2992,#2993,#2994,#2995));
#626=EDGE_LOOP('',(#2996,#2997,#2998,#2999));
#627=EDGE_LOOP('',(#3000,#3001,#3002,#3003));
#628=EDGE_LOOP('',(#3004,#3005,#3006,#3007));
#629=EDGE_LOOP('',(#3008,#3009,#3010,#3011));
#630=EDGE_LOOP('',(#3012,#3013,#3014,#3015));
#631=EDGE_LOOP('',(#3016,#3017,#3018,#3019));
#632=EDGE_LOOP('',(#3020,#3021,#3022,#3023));
#633=EDGE_LOOP('',(#3024,#3025,#3026,#3027));
#634=EDGE_LOOP('',(#3028,#3029,#3030,#3031));
#635=EDGE_LOOP('',(#3032,#3033,#3034,#3035,#3036,#3037));
#636=EDGE_LOOP('',(#3038,#3039,#3040,#3041));
#637=EDGE_LOOP('',(#3042,#3043,#3044,#3045));
#638=EDGE_LOOP('',(#3046,#3047,#3048,#3049));
#639=EDGE_LOOP('',(#3050,#3051,#3052,#3053));
#640=EDGE_LOOP('',(#3054,#3055,#3056,#3057));
#641=EDGE_LOOP('',(#3058,#3059,#3060,#3061));
#642=EDGE_LOOP('',(#3062,#3063,#3064,#3065));
#643=EDGE_LOOP('',(#3066,#3067,#3068,#3069,#3070,#3071));
#644=EDGE_LOOP('',(#3072,#3073,#3074,#3075));
#645=EDGE_LOOP('',(#3076,#3077,#3078,#3079));
#646=EDGE_LOOP('',(#3080,#3081,#3082,#3083));
#647=EDGE_LOOP('',(#3084,#3085,#3086,#3087));
#648=EDGE_LOOP('',(#3088,#3089,#3090,#3091));
#649=EDGE_LOOP('',(#3092,#3093,#3094,#3095,#3096,#3097));
#650=EDGE_LOOP('',(#3098,#3099,#3100,#3101));
#651=EDGE_LOOP('',(#3102,#3103,#3104,#3105,#3106,#3107,#3108,#3109));
#652=EDGE_LOOP('',(#3110,#3111,#3112,#3113,#3114,#3115,#3116,#3117,#3118,
#3119,#3120,#3121));
#653=EDGE_LOOP('',(#3122));
#654=EDGE_LOOP('',(#3123));
#655=EDGE_LOOP('',(#3124));
#656=EDGE_LOOP('',(#3125));
#657=EDGE_LOOP('',(#3126,#3127,#3128,#3129));
#658=EDGE_LOOP('',(#3130,#3131,#3132,#3133));
#659=EDGE_LOOP('',(#3134,#3135,#3136,#3137,#3138,#3139,#3140,#3141,#3142,
#3143,#3144,#3145,#3146,#3147,#3148,#3149));
#660=EDGE_LOOP('',(#3150,#3151,#3152,#3153));
#661=EDGE_LOOP('',(#3154,#3155,#3156,#3157));
#662=EDGE_LOOP('',(#3158));
#663=EDGE_LOOP('',(#3159));
#664=EDGE_LOOP('',(#3160));
#665=EDGE_LOOP('',(#3161));
#666=LINE('',#4886,#1024);
#667=LINE('',#4892,#1025);
#668=LINE('',#4898,#1026);
#669=LINE('',#4904,#1027);
#670=LINE('',#4909,#1028);
#671=LINE('',#4913,#1029);
#672=LINE('',#4917,#1030);
#673=LINE('',#4920,#1031);
#674=LINE('',#4923,#1032);
#675=LINE('',#4926,#1033);
#676=LINE('',#4930,#1034);
#677=LINE('',#4934,#1035);
#678=LINE('',#4938,#1036);
#679=LINE('',#4941,#1037);
#680=LINE('',#4944,#1038);
#681=LINE('',#4947,#1039);
#682=LINE('',#4949,#1040);
#683=LINE('',#4950,#1041);
#684=LINE('',#4952,#1042);
#685=LINE('',#4953,#1043);
#686=LINE('',#4956,#1044);
#687=LINE('',#4958,#1045);
#688=LINE('',#4959,#1046);
#689=LINE('',#4962,#1047);
#690=LINE('',#4963,#1048);
#691=LINE('',#4966,#1049);
#692=LINE('',#4967,#1050);
#693=LINE('',#4970,#1051);
#694=LINE('',#4971,#1052);
#695=LINE('',#4975,#1053);
#696=LINE('',#4977,#1054);
#697=LINE('',#4979,#1055);
#698=LINE('',#4980,#1056);
#699=LINE('',#4983,#1057);
#700=LINE('',#4985,#1058);
#701=LINE('',#4987,#1059);
#702=LINE('',#4989,#1060);
#703=LINE('',#4991,#1061);
#704=LINE('',#4993,#1062);
#705=LINE('',#4995,#1063);
#706=LINE('',#4996,#1064);
#707=LINE('',#4999,#1065);
#708=LINE('',#5001,#1066);
#709=LINE('',#5003,#1067);
#710=LINE('',#5005,#1068);
#711=LINE('',#5007,#1069);
#712=LINE('',#5009,#1070);
#713=LINE('',#5011,#1071);
#714=LINE('',#5012,#1072);
#715=LINE('',#5016,#1073);
#716=LINE('',#5020,#1074);
#717=LINE('',#5025,#1075);
#718=LINE('',#5029,#1076);
#719=LINE('',#5032,#1077);
#720=LINE('',#5036,#1078);
#721=LINE('',#5039,#1079);
#722=LINE('',#5042,#1080);
#723=LINE('',#5045,#1081);
#724=LINE('',#5048,#1082);
#725=LINE('',#5051,#1083);
#726=LINE('',#5053,#1084);
#727=LINE('',#5055,#1085);
#728=LINE('',#5059,#1086);
#729=LINE('',#5061,#1087);
#730=LINE('',#5063,#1088);
#731=LINE('',#5067,#1089);
#732=LINE('',#5069,#1090);
#733=LINE('',#5070,#1091);
#734=LINE('',#5073,#1092);
#735=LINE('',#5075,#1093);
#736=LINE('',#5077,#1094);
#737=LINE('',#5079,#1095);
#738=LINE('',#5081,#1096);
#739=LINE('',#5083,#1097);
#740=LINE('',#5085,#1098);
#741=LINE('',#5086,#1099);
#742=LINE('',#5089,#1100);
#743=LINE('',#5091,#1101);
#744=LINE('',#5093,#1102);
#745=LINE('',#5095,#1103);
#746=LINE('',#5097,#1104);
#747=LINE('',#5099,#1105);
#748=LINE('',#5101,#1106);
#749=LINE('',#5102,#1107);
#750=LINE('',#5107,#1108);
#751=LINE('',#5112,#1109);
#752=LINE('',#5116,#1110);
#753=LINE('',#5120,#1111);
#754=LINE('',#5126,#1112);
#755=LINE('',#5130,#1113);
#756=LINE('',#5132,#1114);
#757=LINE('',#5134,#1115);
#758=LINE('',#5137,#1116);
#759=LINE('',#5139,#1117);
#760=LINE('',#5140,#1118);
#761=LINE('',#5143,#1119);
#762=LINE('',#5144,#1120);
#763=LINE('',#5147,#1121);
#764=LINE('',#5148,#1122);
#765=LINE('',#5151,#1123);
#766=LINE('',#5152,#1124);
#767=LINE('',#5158,#1125);
#768=LINE('',#5162,#1126);
#769=LINE('',#5166,#1127);
#770=LINE('',#5169,#1128);
#771=LINE('',#5177,#1129);
#772=LINE('',#5178,#1130);
#773=LINE('',#5180,#1131);
#774=LINE('',#5186,#1132);
#775=LINE('',#5191,#1133);
#776=LINE('',#5195,#1134);
#777=LINE('',#5199,#1135);
#778=LINE('',#5203,#1136);
#779=LINE('',#5206,#1137);
#780=LINE('',#5210,#1138);
#781=LINE('',#5213,#1139);
#782=LINE('',#5216,#1140);
#783=LINE('',#5218,#1141);
#784=LINE('',#5219,#1142);
#785=LINE('',#5222,#1143);
#786=LINE('',#5227,#1144);
#787=LINE('',#5228,#1145);
#788=LINE('',#5231,#1146);
#789=LINE('',#5232,#1147);
#790=LINE('',#5236,#1148);
#791=LINE('',#5240,#1149);
#792=LINE('',#5244,#1150);
#793=LINE('',#5247,#1151);
#794=LINE('',#5250,#1152);
#795=LINE('',#5253,#1153);
#796=LINE('',#5257,#1154);
#797=LINE('',#5261,#1155);
#798=LINE('',#5264,#1156);
#799=LINE('',#5266,#1157);
#800=LINE('',#5269,#1158);
#801=LINE('',#5270,#1159);
#802=LINE('',#5273,#1160);
#803=LINE('',#5276,#1161);
#804=LINE('',#5277,#1162);
#805=LINE('',#5280,#1163);
#806=LINE('',#5282,#1164);
#807=LINE('',#5283,#1165);
#808=LINE('',#5286,#1166);
#809=LINE('',#5287,#1167);
#810=LINE('',#5290,#1168);
#811=LINE('',#5291,#1169);
#812=LINE('',#5294,#1170);
#813=LINE('',#5295,#1171);
#814=LINE('',#5298,#1172);
#815=LINE('',#5300,#1173);
#816=LINE('',#5301,#1174);
#817=LINE('',#5304,#1175);
#818=LINE('',#5306,#1176);
#819=LINE('',#5308,#1177);
#820=LINE('',#5310,#1178);
#821=LINE('',#5312,#1179);
#822=LINE('',#5314,#1180);
#823=LINE('',#5316,#1181);
#824=LINE('',#5317,#1182);
#825=LINE('',#5323,#1183);
#826=LINE('',#5327,#1184);
#827=LINE('',#5331,#1185);
#828=LINE('',#5334,#1186);
#829=LINE('',#5339,#1187);
#830=LINE('',#5341,#1188);
#831=LINE('',#5343,#1189);
#832=LINE('',#5347,#1190);
#833=LINE('',#5349,#1191);
#834=LINE('',#5352,#1192);
#835=LINE('',#5355,#1193);
#836=LINE('',#5359,#1194);
#837=LINE('',#5363,#1195);
#838=LINE('',#5368,#1196);
#839=LINE('',#5371,#1197);
#840=LINE('',#5372,#1198);
#841=LINE('',#5374,#1199);
#842=LINE('',#5377,#1200);
#843=LINE('',#5379,#1201);
#844=LINE('',#5381,#1202);
#845=LINE('',#5383,#1203);
#846=LINE('',#5385,#1204);
#847=LINE('',#5387,#1205);
#848=LINE('',#5389,#1206);
#849=LINE('',#5391,#1207);
#850=LINE('',#5393,#1208);
#851=LINE('',#5395,#1209);
#852=LINE('',#5396,#1210);
#853=LINE('',#5401,#1211);
#854=LINE('',#5406,#1212);
#855=LINE('',#5410,#1213);
#856=LINE('',#5414,#1214);
#857=LINE('',#5420,#1215);
#858=LINE('',#5424,#1216);
#859=LINE('',#5426,#1217);
#860=LINE('',#5428,#1218);
#861=LINE('',#5431,#1219);
#862=LINE('',#5433,#1220);
#863=LINE('',#5434,#1221);
#864=LINE('',#5437,#1222);
#865=LINE('',#5438,#1223);
#866=LINE('',#5441,#1224);
#867=LINE('',#5444,#1225);
#868=LINE('',#5446,#1226);
#869=LINE('',#5448,#1227);
#870=LINE('',#5450,#1228);
#871=LINE('',#5452,#1229);
#872=LINE('',#5454,#1230);
#873=LINE('',#5456,#1231);
#874=LINE('',#5458,#1232);
#875=LINE('',#5460,#1233);
#876=LINE('',#5462,#1234);
#877=LINE('',#5463,#1235);
#878=LINE('',#5467,#1236);
#879=LINE('',#5469,#1237);
#880=LINE('',#5471,#1238);
#881=LINE('',#5473,#1239);
#882=LINE('',#5475,#1240);
#883=LINE('',#5477,#1241);
#884=LINE('',#5479,#1242);
#885=LINE('',#5480,#1243);
#886=LINE('',#5483,#1244);
#887=LINE('',#5485,#1245);
#888=LINE('',#5487,#1246);
#889=LINE('',#5489,#1247);
#890=LINE('',#5491,#1248);
#891=LINE('',#5493,#1249);
#892=LINE('',#5495,#1250);
#893=LINE('',#5496,#1251);
#894=LINE('',#5499,#1252);
#895=LINE('',#5500,#1253);
#896=LINE('',#5504,#1254);
#897=LINE('',#5508,#1255);
#898=LINE('',#5512,#1256);
#899=LINE('',#5515,#1257);
#900=LINE('',#5518,#1258);
#901=LINE('',#5520,#1259);
#902=LINE('',#5524,#1260);
#903=LINE('',#5526,#1261);
#904=LINE('',#5530,#1262);
#905=LINE('',#5532,#1263);
#906=LINE('',#5536,#1264);
#907=LINE('',#5538,#1265);
#908=LINE('',#5542,#1266);
#909=LINE('',#5544,#1267);
#910=LINE('',#5547,#1268);
#911=LINE('',#5548,#1269);
#912=LINE('',#5551,#1270);
#913=LINE('',#5553,#1271);
#914=LINE('',#5554,#1272);
#915=LINE('',#5557,#1273);
#916=LINE('',#5558,#1274);
#917=LINE('',#5561,#1275);
#918=LINE('',#5562,#1276);
#919=LINE('',#5565,#1277);
#920=LINE('',#5566,#1278);
#921=LINE('',#5569,#1279);
#922=LINE('',#5571,#1280);
#923=LINE('',#5572,#1281);
#924=LINE('',#5575,#1282);
#925=LINE('',#5577,#1283);
#926=LINE('',#5579,#1284);
#927=LINE('',#5581,#1285);
#928=LINE('',#5583,#1286);
#929=LINE('',#5585,#1287);
#930=LINE('',#5587,#1288);
#931=LINE('',#5588,#1289);
#932=LINE('',#5591,#1290);
#933=LINE('',#5593,#1291);
#934=LINE('',#5595,#1292);
#935=LINE('',#5597,#1293);
#936=LINE('',#5599,#1294);
#937=LINE('',#5601,#1295);
#938=LINE('',#5603,#1296);
#939=LINE('',#5604,#1297);
#940=LINE('',#5609,#1298);
#941=LINE('',#5613,#1299);
#942=LINE('',#5617,#1300);
#943=LINE('',#5620,#1301);
#944=LINE('',#5630,#1302);
#945=LINE('',#5640,#1303);
#946=LINE('',#5645,#1304);
#947=LINE('',#5647,#1305);
#948=LINE('',#5649,#1306);
#949=LINE('',#5651,#1307);
#950=LINE('',#5655,#1308);
#951=LINE('',#5660,#1309);
#952=LINE('',#5664,#1310);
#953=LINE('',#5668,#1311);
#954=LINE('',#5672,#1312);
#955=LINE('',#5676,#1313);
#956=LINE('',#5680,#1314);
#957=LINE('',#5683,#1315);
#958=LINE('',#5686,#1316);
#959=LINE('',#5688,#1317);
#960=LINE('',#5689,#1318);
#961=LINE('',#5692,#1319);
#962=LINE('',#5693,#1320);
#963=LINE('',#5696,#1321);
#964=LINE('',#5697,#1322);
#965=LINE('',#5700,#1323);
#966=LINE('',#5701,#1324);
#967=LINE('',#5706,#1325);
#968=LINE('',#5719,#1326);
#969=LINE('',#5722,#1327);
#970=LINE('',#5724,#1328);
#971=LINE('',#5726,#1329);
#972=LINE('',#5727,#1330);
#973=LINE('',#5729,#1331);
#974=LINE('',#5734,#1332);
#975=LINE('',#5740,#1333);
#976=LINE('',#5744,#1334);
#977=LINE('',#5748,#1335);
#978=LINE('',#5753,#1336);
#979=LINE('',#5758,#1337);
#980=LINE('',#5760,#1338);
#981=LINE('',#5763,#1339);
#982=LINE('',#5765,#1340);
#983=LINE('',#5766,#1341);
#984=LINE('',#5769,#1342);
#985=LINE('',#5770,#1343);
#986=LINE('',#5773,#1344);
#987=LINE('',#5774,#1345);
#988=LINE('',#5777,#1346);
#989=LINE('',#5778,#1347);
#990=LINE('',#5781,#1348);
#991=LINE('',#5782,#1349);
#992=LINE('',#5785,#1350);
#993=LINE('',#5786,#1351);
#994=LINE('',#5789,#1352);
#995=LINE('',#5790,#1353);
#996=LINE('',#5807,#1354);
#997=LINE('',#5810,#1355);
#998=LINE('',#5811,#1356);
#999=LINE('',#5813,#1357);
#1000=LINE('',#5815,#1358);
#1001=LINE('',#5817,#1359);
#1002=LINE('',#5821,#1360);
#1003=LINE('',#5827,#1361);
#1004=LINE('',#5829,#1362);
#1005=LINE('',#5831,#1363);
#1006=LINE('',#5834,#1364);
#1007=LINE('',#5835,#1365);
#1008=LINE('',#5839,#1366);
#1009=LINE('',#5841,#1367);
#1010=LINE('',#5843,#1368);
#1011=LINE('',#5844,#1369);
#1012=LINE('',#5847,#1370);
#1013=LINE('',#5849,#1371);
#1014=LINE('',#5850,#1372);
#1015=LINE('',#5851,#1373);
#1016=LINE('',#5852,#1374);
#1017=LINE('',#5855,#1375);
#1018=LINE('',#5856,#1376);
#1019=LINE('',#5858,#1377);
#1020=LINE('',#5859,#1378);
#1021=LINE('',#5861,#1379);
#1022=LINE('',#5863,#1380);
#1023=LINE('',#5865,#1381);
#1024=VECTOR('',#3850,1.6);
#1025=VECTOR('',#3857,1.6);
#1026=VECTOR('',#3864,1.6);
#1027=VECTOR('',#3871,1.6);
#1028=VECTOR('',#3876,10.);
#1029=VECTOR('',#3879,10.);
#1030=VECTOR('',#3884,10.);
#1031=VECTOR('',#3887,10.);
#1032=VECTOR('',#3890,10.);
#1033=VECTOR('',#3893,10.);
#1034=VECTOR('',#3896,10.);
#1035=VECTOR('',#3899,10.);
#1036=VECTOR('',#3904,10.);
#1037=VECTOR('',#3907,10.);
#1038=VECTOR('',#3910,10.);
#1039=VECTOR('',#3913,10.);
#1040=VECTOR('',#3916,10.);
#1041=VECTOR('',#3917,10.);
#1042=VECTOR('',#3920,10.);
#1043=VECTOR('',#3921,10.);
#1044=VECTOR('',#3924,10.);
#1045=VECTOR('',#3925,10.);
#1046=VECTOR('',#3926,10.);
#1047=VECTOR('',#3929,10.);
#1048=VECTOR('',#3930,10.);
#1049=VECTOR('',#3933,10.);
#1050=VECTOR('',#3934,10.);
#1051=VECTOR('',#3937,10.);
#1052=VECTOR('',#3938,10.);
#1053=VECTOR('',#3941,10.);
#1054=VECTOR('',#3942,10.);
#1055=VECTOR('',#3943,10.);
#1056=VECTOR('',#3944,10.);
#1057=VECTOR('',#3945,10.);
#1058=VECTOR('',#3946,10.);
#1059=VECTOR('',#3947,10.);
#1060=VECTOR('',#3948,10.);
#1061=VECTOR('',#3949,10.);
#1062=VECTOR('',#3950,10.);
#1063=VECTOR('',#3951,10.);
#1064=VECTOR('',#3952,10.);
#1065=VECTOR('',#3953,10.);
#1066=VECTOR('',#3954,10.);
#1067=VECTOR('',#3955,10.);
#1068=VECTOR('',#3956,10.);
#1069=VECTOR('',#3957,10.);
#1070=VECTOR('',#3958,10.);
#1071=VECTOR('',#3959,10.);
#1072=VECTOR('',#3960,10.);
#1073=VECTOR('',#3963,10.);
#1074=VECTOR('',#3966,10.);
#1075=VECTOR('',#3971,10.);
#1076=VECTOR('',#3978,10.);
#1077=VECTOR('',#3981,10.);
#1078=VECTOR('',#3986,10.);
#1079=VECTOR('',#3989,10.);
#1080=VECTOR('',#3994,10.);
#1081=VECTOR('',#3997,10.);
#1082=VECTOR('',#4000,10.);
#1083=VECTOR('',#4003,10.);
#1084=VECTOR('',#4004,10.);
#1085=VECTOR('',#4005,10.);
#1086=VECTOR('',#4008,10.);
#1087=VECTOR('',#4009,10.);
#1088=VECTOR('',#4010,10.);
#1089=VECTOR('',#4013,10.);
#1090=VECTOR('',#4014,10.);
#1091=VECTOR('',#4015,10.);
#1092=VECTOR('',#4016,10.);
#1093=VECTOR('',#4017,10.);
#1094=VECTOR('',#4018,10.);
#1095=VECTOR('',#4019,10.);
#1096=VECTOR('',#4020,10.);
#1097=VECTOR('',#4021,10.);
#1098=VECTOR('',#4022,10.);
#1099=VECTOR('',#4023,10.);
#1100=VECTOR('',#4024,10.);
#1101=VECTOR('',#4025,10.);
#1102=VECTOR('',#4026,10.);
#1103=VECTOR('',#4027,10.);
#1104=VECTOR('',#4028,10.);
#1105=VECTOR('',#4029,10.);
#1106=VECTOR('',#4030,10.);
#1107=VECTOR('',#4031,10.);
#1108=VECTOR('',#4036,10.);
#1109=VECTOR('',#4043,10.);
#1110=VECTOR('',#4048,10.);
#1111=VECTOR('',#4051,10.);
#1112=VECTOR('',#4060,10.);
#1113=VECTOR('',#4065,10.);
#1114=VECTOR('',#4068,10.);
#1115=VECTOR('',#4071,10.);
#1116=VECTOR('',#4074,10.);
#1117=VECTOR('',#4075,10.);
#1118=VECTOR('',#4076,10.);
#1119=VECTOR('',#4079,10.);
#1120=VECTOR('',#4080,10.);
#1121=VECTOR('',#4083,10.);
#1122=VECTOR('',#4084,10.);
#1123=VECTOR('',#4087,10.);
#1124=VECTOR('',#4088,10.);
#1125=VECTOR('',#4097,10.);
#1126=VECTOR('',#4102,10.);
#1127=VECTOR('',#4107,10.);
#1128=VECTOR('',#4112,10.);
#1129=VECTOR('',#4127,10.);
#1130=VECTOR('',#4128,10.);
#1131=VECTOR('',#4131,10.);
#1132=VECTOR('',#4138,10.);
#1133=VECTOR('',#4145,10.);
#1134=VECTOR('',#4150,10.);
#1135=VECTOR('',#4155,10.);
#1136=VECTOR('',#4160,10.);
#1137=VECTOR('',#4163,10.);
#1138=VECTOR('',#4168,10.);
#1139=VECTOR('',#4173,10.);
#1140=VECTOR('',#4176,10.);
#1141=VECTOR('',#4177,10.);
#1142=VECTOR('',#4178,10.);
#1143=VECTOR('',#4181,10.);
#1144=VECTOR('',#4188,10.);
#1145=VECTOR('',#4189,10.);
#1146=VECTOR('',#4192,10.);
#1147=VECTOR('',#4193,10.);
#1148=VECTOR('',#4196,10.);
#1149=VECTOR('',#4199,10.);
#1150=VECTOR('',#4204,10.);
#1151=VECTOR('',#4207,10.);
#1152=VECTOR('',#4210,10.);
#1153=VECTOR('',#4213,10.);
#1154=VECTOR('',#4216,10.);
#1155=VECTOR('',#4219,10.);
#1156=VECTOR('',#4224,10.);
#1157=VECTOR('',#4225,10.);
#1158=VECTOR('',#4230,10.);
#1159=VECTOR('',#4231,10.);
#1160=VECTOR('',#4234,10.);
#1161=VECTOR('',#4239,10.);
#1162=VECTOR('',#4240,10.);
#1163=VECTOR('',#4243,10.);
#1164=VECTOR('',#4244,10.);
#1165=VECTOR('',#4245,10.);
#1166=VECTOR('',#4248,10.);
#1167=VECTOR('',#4249,10.);
#1168=VECTOR('',#4252,10.);
#1169=VECTOR('',#4253,10.);
#1170=VECTOR('',#4256,10.);
#1171=VECTOR('',#4257,10.);
#1172=VECTOR('',#4260,10.);
#1173=VECTOR('',#4261,10.);
#1174=VECTOR('',#4262,10.);
#1175=VECTOR('',#4263,10.);
#1176=VECTOR('',#4264,10.);
#1177=VECTOR('',#4265,10.);
#1178=VECTOR('',#4266,10.);
#1179=VECTOR('',#4267,10.);
#1180=VECTOR('',#4268,10.);
#1181=VECTOR('',#4269,10.);
#1182=VECTOR('',#4270,10.);
#1183=VECTOR('',#4279,10.);
#1184=VECTOR('',#4284,10.);
#1185=VECTOR('',#4289,10.);
#1186=VECTOR('',#4294,10.);
#1187=VECTOR('',#4303,10.);
#1188=VECTOR('',#4306,10.);
#1189=VECTOR('',#4309,10.);
#1190=VECTOR('',#4314,10.);
#1191=VECTOR('',#4315,10.);
#1192=VECTOR('',#4320,10.);
#1193=VECTOR('',#4323,10.);
#1194=VECTOR('',#4328,10.);
#1195=VECTOR('',#4333,10.);
#1196=VECTOR('',#4338,10.);
#1197=VECTOR('',#4343,10.);
#1198=VECTOR('',#4344,10.);
#1199=VECTOR('',#4347,10.);
#1200=VECTOR('',#4350,10.);
#1201=VECTOR('',#4351,10.);
#1202=VECTOR('',#4352,10.);
#1203=VECTOR('',#4353,10.);
#1204=VECTOR('',#4354,10.);
#1205=VECTOR('',#4355,10.);
#1206=VECTOR('',#4356,10.);
#1207=VECTOR('',#4357,10.);
#1208=VECTOR('',#4358,10.);
#1209=VECTOR('',#4359,10.);
#1210=VECTOR('',#4360,10.);
#1211=VECTOR('',#4365,10.);
#1212=VECTOR('',#4372,10.);
#1213=VECTOR('',#4377,10.);
#1214=VECTOR('',#4380,10.);
#1215=VECTOR('',#4389,10.);
#1216=VECTOR('',#4394,10.);
#1217=VECTOR('',#4397,10.);
#1218=VECTOR('',#4400,10.);
#1219=VECTOR('',#4403,10.);
#1220=VECTOR('',#4404,10.);
#1221=VECTOR('',#4405,10.);
#1222=VECTOR('',#4408,10.);
#1223=VECTOR('',#4409,10.);
#1224=VECTOR('',#4412,10.);
#1225=VECTOR('',#4415,10.);
#1226=VECTOR('',#4416,10.);
#1227=VECTOR('',#4417,10.);
#1228=VECTOR('',#4418,10.);
#1229=VECTOR('',#4419,10.);
#1230=VECTOR('',#4420,10.);
#1231=VECTOR('',#4421,10.);
#1232=VECTOR('',#4422,10.);
#1233=VECTOR('',#4423,10.);
#1234=VECTOR('',#4424,10.);
#1235=VECTOR('',#4425,10.);
#1236=VECTOR('',#4428,10.);
#1237=VECTOR('',#4429,10.);
#1238=VECTOR('',#4430,10.);
#1239=VECTOR('',#4431,10.);
#1240=VECTOR('',#4432,10.);
#1241=VECTOR('',#4433,10.);
#1242=VECTOR('',#4434,10.);
#1243=VECTOR('',#4435,10.);
#1244=VECTOR('',#4436,10.);
#1245=VECTOR('',#4437,10.);
#1246=VECTOR('',#4438,10.);
#1247=VECTOR('',#4439,10.);
#1248=VECTOR('',#4440,10.);
#1249=VECTOR('',#4441,10.);
#1250=VECTOR('',#4442,10.);
#1251=VECTOR('',#4443,10.);
#1252=VECTOR('',#4446,10.);
#1253=VECTOR('',#4447,10.);
#1254=VECTOR('',#4450,10.);
#1255=VECTOR('',#4453,10.);
#1256=VECTOR('',#4458,10.);
#1257=VECTOR('',#4461,10.);
#1258=VECTOR('',#4464,10.);
#1259=VECTOR('',#4465,10.);
#1260=VECTOR('',#4470,10.);
#1261=VECTOR('',#4471,10.);
#1262=VECTOR('',#4476,10.);
#1263=VECTOR('',#4477,10.);
#1264=VECTOR('',#4482,10.);
#1265=VECTOR('',#4483,10.);
#1266=VECTOR('',#4488,10.);
#1267=VECTOR('',#4489,10.);
#1268=VECTOR('',#4494,10.);
#1269=VECTOR('',#4495,10.);
#1270=VECTOR('',#4498,10.);
#1271=VECTOR('',#4499,10.);
#1272=VECTOR('',#4500,10.);
#1273=VECTOR('',#4503,10.);
#1274=VECTOR('',#4504,10.);
#1275=VECTOR('',#4507,10.);
#1276=VECTOR('',#4508,10.);
#1277=VECTOR('',#4511,10.);
#1278=VECTOR('',#4512,10.);
#1279=VECTOR('',#4515,10.);
#1280=VECTOR('',#4516,10.);
#1281=VECTOR('',#4517,10.);
#1282=VECTOR('',#4518,10.);
#1283=VECTOR('',#4519,10.);
#1284=VECTOR('',#4520,10.);
#1285=VECTOR('',#4521,10.);
#1286=VECTOR('',#4522,10.);
#1287=VECTOR('',#4523,10.);
#1288=VECTOR('',#4524,10.);
#1289=VECTOR('',#4525,10.);
#1290=VECTOR('',#4526,10.);
#1291=VECTOR('',#4527,10.);
#1292=VECTOR('',#4528,10.);
#1293=VECTOR('',#4529,10.);
#1294=VECTOR('',#4530,10.);
#1295=VECTOR('',#4531,10.);
#1296=VECTOR('',#4532,10.);
#1297=VECTOR('',#4533,10.);
#1298=VECTOR('',#4540,10.);
#1299=VECTOR('',#4545,10.);
#1300=VECTOR('',#4550,10.);
#1301=VECTOR('',#4555,10.);
#1302=VECTOR('',#4572,10.);
#1303=VECTOR('',#4589,10.);
#1304=VECTOR('',#4596,10.);
#1305=VECTOR('',#4599,10.);
#1306=VECTOR('',#4602,10.);
#1307=VECTOR('',#4605,10.);
#1308=VECTOR('',#4608,10.);
#1309=VECTOR('',#4615,10.);
#1310=VECTOR('',#4620,10.);
#1311=VECTOR('',#4625,10.);
#1312=VECTOR('',#4630,10.);
#1313=VECTOR('',#4635,10.);
#1314=VECTOR('',#4640,10.);
#1315=VECTOR('',#4645,10.);
#1316=VECTOR('',#4648,10.);
#1317=VECTOR('',#4649,10.);
#1318=VECTOR('',#4650,10.);
#1319=VECTOR('',#4653,10.);
#1320=VECTOR('',#4654,10.);
#1321=VECTOR('',#4657,10.);
#1322=VECTOR('',#4658,10.);
#1323=VECTOR('',#4661,10.);
#1324=VECTOR('',#4662,10.);
#1325=VECTOR('',#4667,10.);
#1326=VECTOR('',#4690,10.);
#1327=VECTOR('',#4695,10.);
#1328=VECTOR('',#4698,10.);
#1329=VECTOR('',#4701,10.);
#1330=VECTOR('',#4702,10.);
#1331=VECTOR('',#4705,10.);
#1332=VECTOR('',#4710,10.);
#1333=VECTOR('',#4719,10.);
#1334=VECTOR('',#4724,10.);
#1335=VECTOR('',#4729,10.);
#1336=VECTOR('',#4734,10.);
#1337=VECTOR('',#4741,10.);
#1338=VECTOR('',#4744,10.);
#1339=VECTOR('',#4747,10.);
#1340=VECTOR('',#4748,10.);
#1341=VECTOR('',#4749,10.);
#1342=VECTOR('',#4752,10.);
#1343=VECTOR('',#4753,10.);
#1344=VECTOR('',#4756,10.);
#1345=VECTOR('',#4757,10.);
#1346=VECTOR('',#4760,10.);
#1347=VECTOR('',#4761,10.);
#1348=VECTOR('',#4764,10.);
#1349=VECTOR('',#4765,10.);
#1350=VECTOR('',#4768,10.);
#1351=VECTOR('',#4769,10.);
#1352=VECTOR('',#4772,10.);
#1353=VECTOR('',#4773,10.);
#1354=VECTOR('',#4806,10.);
#1355=VECTOR('',#4809,10.);
#1356=VECTOR('',#4810,10.);
#1357=VECTOR('',#4813,10.);
#1358=VECTOR('',#4816,10.);
#1359=VECTOR('',#4819,10.);
#1360=VECTOR('',#4826,10.);
#1361=VECTOR('',#4837,10.);
#1362=VECTOR('',#4840,10.);
#1363=VECTOR('',#4843,10.);
#1364=VECTOR('',#4846,10.);
#1365=VECTOR('',#4847,10.);
#1366=VECTOR('',#4850,10.);
#1367=VECTOR('',#4851,10.);
#1368=VECTOR('',#4852,10.);
#1369=VECTOR('',#4853,10.);
#1370=VECTOR('',#4856,10.);
#1371=VECTOR('',#4857,10.);
#1372=VECTOR('',#4858,10.);
#1373=VECTOR('',#4859,10.);
#1374=VECTOR('',#4860,10.);
#1375=VECTOR('',#4863,10.);
#1376=VECTOR('',#4864,10.);
#1377=VECTOR('',#4865,10.);
#1378=VECTOR('',#4866,10.);
#1379=VECTOR('',#4869,10.);
#1380=VECTOR('',#4872,10.);
#1381=VECTOR('',#4875,10.);
#1382=CIRCLE('',#3505,1.6);
#1383=CIRCLE('',#3506,1.6);
#1384=CIRCLE('',#3508,1.6);
#1385=CIRCLE('',#3509,1.6);
#1386=CIRCLE('',#3511,1.6);
#1387=CIRCLE('',#3512,1.6);
#1388=CIRCLE('',#3514,1.6);
#1389=CIRCLE('',#3515,1.6);
#1390=VERTEX_POINT('',#4883);
#1391=VERTEX_POINT('',#4885);
#1392=VERTEX_POINT('',#4889);
#1393=VERTEX_POINT('',#4891);
#1394=VERTEX_POINT('',#4895);
#1395=VERTEX_POINT('',#4897);
#1396=VERTEX_POINT('',#4901);
#1397=VERTEX_POINT('',#4903);
#1398=VERTEX_POINT('',#4907);
#1399=VERTEX_POINT('',#4908);
#1400=VERTEX_POINT('',#4910);
#1401=VERTEX_POINT('',#4912);
#1402=VERTEX_POINT('',#4916);
#1403=VERTEX_POINT('',#4918);
#1404=VERTEX_POINT('',#4922);
#1405=VERTEX_POINT('',#4924);
#1406=VERTEX_POINT('',#4928);
#1407=VERTEX_POINT('',#4929);
#1408=VERTEX_POINT('',#4931);
#1409=VERTEX_POINT('',#4933);
#1410=VERTEX_POINT('',#4937);
#1411=VERTEX_POINT('',#4939);
#1412=VERTEX_POINT('',#4943);
#1413=VERTEX_POINT('',#4945);
#1414=VERTEX_POINT('',#4955);
#1415=VERTEX_POINT('',#4957);
#1416=VERTEX_POINT('',#4961);
#1417=VERTEX_POINT('',#4965);
#1418=VERTEX_POINT('',#4969);
#1419=VERTEX_POINT('',#4973);
#1420=VERTEX_POINT('',#4974);
#1421=VERTEX_POINT('',#4976);
#1422=VERTEX_POINT('',#4978);
#1423=VERTEX_POINT('',#4981);
#1424=VERTEX_POINT('',#4982);
#1425=VERTEX_POINT('',#4984);
#1426=VERTEX_POINT('',#4986);
#1427=VERTEX_POINT('',#4988);
#1428=VERTEX_POINT('',#4990);
#1429=VERTEX_POINT('',#4992);
#1430=VERTEX_POINT('',#4994);
#1431=VERTEX_POINT('',#4997);
#1432=VERTEX_POINT('',#4998);
#1433=VERTEX_POINT('',#5000);
#1434=VERTEX_POINT('',#5002);
#1435=VERTEX_POINT('',#5004);
#1436=VERTEX_POINT('',#5006);
#1437=VERTEX_POINT('',#5008);
#1438=VERTEX_POINT('',#5010);
#1439=VERTEX_POINT('',#5014);
#1440=VERTEX_POINT('',#5015);
#1441=VERTEX_POINT('',#5017);
#1442=VERTEX_POINT('',#5019);
#1443=VERTEX_POINT('',#5023);
#1444=VERTEX_POINT('',#5024);
#1445=VERTEX_POINT('',#5030);
#1446=VERTEX_POINT('',#5034);
#1447=VERTEX_POINT('',#5038);
#1448=VERTEX_POINT('',#5044);
#1449=VERTEX_POINT('',#5046);
#1450=VERTEX_POINT('',#5050);
#1451=VERTEX_POINT('',#5052);
#1452=VERTEX_POINT('',#5054);
#1453=VERTEX_POINT('',#5056);
#1454=VERTEX_POINT('',#5058);
#1455=VERTEX_POINT('',#5060);
#1456=VERTEX_POINT('',#5062);
#1457=VERTEX_POINT('',#5064);
#1458=VERTEX_POINT('',#5066);
#1459=VERTEX_POINT('',#5068);
#1460=VERTEX_POINT('',#5071);
#1461=VERTEX_POINT('',#5072);
#1462=VERTEX_POINT('',#5074);
#1463=VERTEX_POINT('',#5076);
#1464=VERTEX_POINT('',#5078);
#1465=VERTEX_POINT('',#5080);
#1466=VERTEX_POINT('',#5082);
#1467=VERTEX_POINT('',#5084);
#1468=VERTEX_POINT('',#5087);
#1469=VERTEX_POINT('',#5088);
#1470=VERTEX_POINT('',#5090);
#1471=VERTEX_POINT('',#5092);
#1472=VERTEX_POINT('',#5094);
#1473=VERTEX_POINT('',#5096);
#1474=VERTEX_POINT('',#5098);
#1475=VERTEX_POINT('',#5100);
#1476=VERTEX_POINT('',#5104);
#1477=VERTEX_POINT('',#5106);
#1478=VERTEX_POINT('',#5110);
#1479=VERTEX_POINT('',#5114);
#1480=VERTEX_POINT('',#5118);
#1481=VERTEX_POINT('',#5119);
#1482=VERTEX_POINT('',#5124);
#1483=VERTEX_POINT('',#5128);
#1484=VERTEX_POINT('',#5136);
#1485=VERTEX_POINT('',#5138);
#1486=VERTEX_POINT('',#5142);
#1487=VERTEX_POINT('',#5146);
#1488=VERTEX_POINT('',#5150);
#1489=VERTEX_POINT('',#5157);
#1490=VERTEX_POINT('',#5161);
#1491=VERTEX_POINT('',#5165);
#1492=VERTEX_POINT('',#5183);
#1493=VERTEX_POINT('',#5185);
#1494=VERTEX_POINT('',#5189);
#1495=VERTEX_POINT('',#5193);
#1496=VERTEX_POINT('',#5197);
#1497=VERTEX_POINT('',#5201);
#1498=VERTEX_POINT('',#5205);
#1499=VERTEX_POINT('',#5209);
#1500=VERTEX_POINT('',#5215);
#1501=VERTEX_POINT('',#5217);
#1502=VERTEX_POINT('',#5221);
#1503=VERTEX_POINT('',#5226);
#1504=VERTEX_POINT('',#5230);
#1505=VERTEX_POINT('',#5234);
#1506=VERTEX_POINT('',#5235);
#1507=VERTEX_POINT('',#5237);
#1508=VERTEX_POINT('',#5239);
#1509=VERTEX_POINT('',#5243);
#1510=VERTEX_POINT('',#5245);
#1511=VERTEX_POINT('',#5249);
#1512=VERTEX_POINT('',#5251);
#1513=VERTEX_POINT('',#5255);
#1514=VERTEX_POINT('',#5256);
#1515=VERTEX_POINT('',#5258);
#1516=VERTEX_POINT('',#5260);
#1517=VERTEX_POINT('',#5265);
#1518=VERTEX_POINT('',#5272);
#1519=VERTEX_POINT('',#5279);
#1520=VERTEX_POINT('',#5281);
#1521=VERTEX_POINT('',#5285);
#1522=VERTEX_POINT('',#5289);
#1523=VERTEX_POINT('',#5293);
#1524=VERTEX_POINT('',#5297);
#1525=VERTEX_POINT('',#5299);
#1526=VERTEX_POINT('',#5302);
#1527=VERTEX_POINT('',#5303);
#1528=VERTEX_POINT('',#5305);
#1529=VERTEX_POINT('',#5307);
#1530=VERTEX_POINT('',#5309);
#1531=VERTEX_POINT('',#5311);
#1532=VERTEX_POINT('',#5313);
#1533=VERTEX_POINT('',#5315);
#1534=VERTEX_POINT('',#5322);
#1535=VERTEX_POINT('',#5326);
#1536=VERTEX_POINT('',#5330);
#1537=VERTEX_POINT('',#5346);
#1538=VERTEX_POINT('',#5348);
#1539=VERTEX_POINT('',#5353);
#1540=VERTEX_POINT('',#5357);
#1541=VERTEX_POINT('',#5361);
#1542=VERTEX_POINT('',#5365);
#1543=VERTEX_POINT('',#5367);
#1544=VERTEX_POINT('',#5376);
#1545=VERTEX_POINT('',#5378);
#1546=VERTEX_POINT('',#5380);
#1547=VERTEX_POINT('',#5382);
#1548=VERTEX_POINT('',#5384);
#1549=VERTEX_POINT('',#5386);
#1550=VERTEX_POINT('',#5388);
#1551=VERTEX_POINT('',#5390);
#1552=VERTEX_POINT('',#5392);
#1553=VERTEX_POINT('',#5394);
#1554=VERTEX_POINT('',#5398);
#1555=VERTEX_POINT('',#5400);
#1556=VERTEX_POINT('',#5404);
#1557=VERTEX_POINT('',#5408);
#1558=VERTEX_POINT('',#5412);
#1559=VERTEX_POINT('',#5413);
#1560=VERTEX_POINT('',#5418);
#1561=VERTEX_POINT('',#5422);
#1562=VERTEX_POINT('',#5430);
#1563=VERTEX_POINT('',#5432);
#1564=VERTEX_POINT('',#5436);
#1565=VERTEX_POINT('',#5440);
#1566=VERTEX_POINT('',#5443);
#1567=VERTEX_POINT('',#5445);
#1568=VERTEX_POINT('',#5447);
#1569=VERTEX_POINT('',#5449);
#1570=VERTEX_POINT('',#5451);
#1571=VERTEX_POINT('',#5453);
#1572=VERTEX_POINT('',#5455);
#1573=VERTEX_POINT('',#5457);
#1574=VERTEX_POINT('',#5459);
#1575=VERTEX_POINT('',#5461);
#1576=VERTEX_POINT('',#5465);
#1577=VERTEX_POINT('',#5466);
#1578=VERTEX_POINT('',#5468);
#1579=VERTEX_POINT('',#5470);
#1580=VERTEX_POINT('',#5472);
#1581=VERTEX_POINT('',#5474);
#1582=VERTEX_POINT('',#5476);
#1583=VERTEX_POINT('',#5478);
#1584=VERTEX_POINT('',#5481);
#1585=VERTEX_POINT('',#5482);
#1586=VERTEX_POINT('',#5484);
#1587=VERTEX_POINT('',#5486);
#1588=VERTEX_POINT('',#5488);
#1589=VERTEX_POINT('',#5490);
#1590=VERTEX_POINT('',#5492);
#1591=VERTEX_POINT('',#5494);
#1592=VERTEX_POINT('',#5498);
#1593=VERTEX_POINT('',#5502);
#1594=VERTEX_POINT('',#5503);
#1595=VERTEX_POINT('',#5505);
#1596=VERTEX_POINT('',#5507);
#1597=VERTEX_POINT('',#5511);
#1598=VERTEX_POINT('',#5513);
#1599=VERTEX_POINT('',#5517);
#1600=VERTEX_POINT('',#5519);
#1601=VERTEX_POINT('',#5523);
#1602=VERTEX_POINT('',#5525);
#1603=VERTEX_POINT('',#5529);
#1604=VERTEX_POINT('',#5531);
#1605=VERTEX_POINT('',#5535);
#1606=VERTEX_POINT('',#5537);
#1607=VERTEX_POINT('',#5541);
#1608=VERTEX_POINT('',#5543);
#1609=VERTEX_POINT('',#5550);
#1610=VERTEX_POINT('',#5552);
#1611=VERTEX_POINT('',#5556);
#1612=VERTEX_POINT('',#5560);
#1613=VERTEX_POINT('',#5564);
#1614=VERTEX_POINT('',#5568);
#1615=VERTEX_POINT('',#5570);
#1616=VERTEX_POINT('',#5573);
#1617=VERTEX_POINT('',#5574);
#1618=VERTEX_POINT('',#5576);
#1619=VERTEX_POINT('',#5578);
#1620=VERTEX_POINT('',#5580);
#1621=VERTEX_POINT('',#5582);
#1622=VERTEX_POINT('',#5584);
#1623=VERTEX_POINT('',#5586);
#1624=VERTEX_POINT('',#5589);
#1625=VERTEX_POINT('',#5590);
#1626=VERTEX_POINT('',#5592);
#1627=VERTEX_POINT('',#5594);
#1628=VERTEX_POINT('',#5596);
#1629=VERTEX_POINT('',#5598);
#1630=VERTEX_POINT('',#5600);
#1631=VERTEX_POINT('',#5602);
#1632=VERTEX_POINT('',#5608);
#1633=VERTEX_POINT('',#5612);
#1634=VERTEX_POINT('',#5616);
#1635=VERTEX_POINT('',#5629);
#1636=VERTEX_POINT('',#5639);
#1637=VERTEX_POINT('',#5643);
#1638=VERTEX_POINT('',#5653);
#1639=VERTEX_POINT('',#5654);
#1640=VERTEX_POINT('',#5659);
#1641=VERTEX_POINT('',#5663);
#1642=VERTEX_POINT('',#5667);
#1643=VERTEX_POINT('',#5671);
#1644=VERTEX_POINT('',#5675);
#1645=VERTEX_POINT('',#5679);
#1646=VERTEX_POINT('',#5685);
#1647=VERTEX_POINT('',#5687);
#1648=VERTEX_POINT('',#5691);
#1649=VERTEX_POINT('',#5695);
#1650=VERTEX_POINT('',#5699);
#1651=VERTEX_POINT('',#5703);
#1652=VERTEX_POINT('',#5705);
#1653=VERTEX_POINT('',#5718);
#1654=VERTEX_POINT('',#5732);
#1655=VERTEX_POINT('',#5733);
#1656=VERTEX_POINT('',#5738);
#1657=VERTEX_POINT('',#5742);
#1658=VERTEX_POINT('',#5746);
#1659=VERTEX_POINT('',#5750);
#1660=VERTEX_POINT('',#5752);
#1661=VERTEX_POINT('',#5756);
#1662=VERTEX_POINT('',#5762);
#1663=VERTEX_POINT('',#5764);
#1664=VERTEX_POINT('',#5768);
#1665=VERTEX_POINT('',#5772);
#1666=VERTEX_POINT('',#5776);
#1667=VERTEX_POINT('',#5780);
#1668=VERTEX_POINT('',#5784);
#1669=VERTEX_POINT('',#5788);
#1670=VERTEX_POINT('',#5809);
#1671=VERTEX_POINT('',#5833);
#1672=VERTEX_POINT('',#5837);
#1673=VERTEX_POINT('',#5838);
#1674=VERTEX_POINT('',#5840);
#1675=VERTEX_POINT('',#5842);
#1676=VERTEX_POINT('',#5846);
#1677=VERTEX_POINT('',#5848);
#1678=VERTEX_POINT('',#5854);
#1679=VERTEX_POINT('',#5857);
#1680=EDGE_CURVE('',#1390,#1390,#1382,.T.);
#1681=EDGE_CURVE('',#1390,#1391,#666,.T.);
#1682=EDGE_CURVE('',#1391,#1391,#1383,.T.);
#1683=EDGE_CURVE('',#1392,#1392,#1384,.T.);
#1684=EDGE_CURVE('',#1392,#1393,#667,.T.);
#1685=EDGE_CURVE('',#1393,#1393,#1385,.T.);
#1686=EDGE_CURVE('',#1394,#1394,#1386,.T.);
#1687=EDGE_CURVE('',#1394,#1395,#668,.T.);
#1688=EDGE_CURVE('',#1395,#1395,#1387,.T.);
#1689=EDGE_CURVE('',#1396,#1396,#1388,.T.);
#1690=EDGE_CURVE('',#1396,#1397,#669,.T.);
#1691=EDGE_CURVE('',#1397,#1397,#1389,.T.);
#1692=EDGE_CURVE('',#1398,#1399,#670,.T.);
#1693=EDGE_CURVE('',#1399,#1400,#115,.T.);
#1694=EDGE_CURVE('',#1400,#1401,#671,.T.);
#1695=EDGE_CURVE('',#1398,#1401,#116,.T.);
#1696=EDGE_CURVE('',#1399,#1402,#672,.T.);
#1697=EDGE_CURVE('',#1402,#1403,#117,.T.);
#1698=EDGE_CURVE('',#1403,#1400,#673,.T.);
#1699=EDGE_CURVE('',#1402,#1404,#674,.T.);
#1700=EDGE_CURVE('',#1404,#1405,#118,.T.);
#1701=EDGE_CURVE('',#1405,#1403,#675,.T.);
#1702=EDGE_CURVE('',#1406,#1407,#676,.T.);
#1703=EDGE_CURVE('',#1407,#1408,#119,.T.);
#1704=EDGE_CURVE('',#1408,#1409,#677,.T.);
#1705=EDGE_CURVE('',#1409,#1406,#120,.T.);
#1706=EDGE_CURVE('',#1404,#1410,#678,.T.);
#1707=EDGE_CURVE('',#1410,#1411,#121,.T.);
#1708=EDGE_CURVE('',#1411,#1405,#679,.T.);
#1709=EDGE_CURVE('',#1410,#1412,#680,.T.);
#1710=EDGE_CURVE('',#1412,#1413,#122,.T.);
#1711=EDGE_CURVE('',#1413,#1411,#681,.T.);
#1712=EDGE_CURVE('',#1407,#1413,#682,.T.);
#1713=EDGE_CURVE('',#1412,#1408,#683,.T.);
#1714=EDGE_CURVE('',#1401,#1406,#684,.T.);
#1715=EDGE_CURVE('',#1409,#1398,#685,.T.);
#1716=EDGE_CURVE('',#1411,#1414,#686,.T.);
#1717=EDGE_CURVE('',#1415,#1414,#687,.T.);
#1718=EDGE_CURVE('',#1405,#1415,#688,.T.);
#1719=EDGE_CURVE('',#1413,#1416,#689,.T.);
#1720=EDGE_CURVE('',#1414,#1416,#690,.T.);
#1721=EDGE_CURVE('',#1407,#1417,#691,.T.);
#1722=EDGE_CURVE('',#1416,#1417,#692,.T.);
#1723=EDGE_CURVE('',#1406,#1418,#693,.T.);
#1724=EDGE_CURVE('',#1417,#1418,#694,.T.);
#1725=EDGE_CURVE('',#1419,#1420,#695,.T.);
#1726=EDGE_CURVE('',#1421,#1419,#696,.T.);
#1727=EDGE_CURVE('',#1422,#1421,#697,.T.);
#1728=EDGE_CURVE('',#1420,#1422,#698,.T.);
#1729=EDGE_CURVE('',#1423,#1424,#699,.T.);
#1730=EDGE_CURVE('',#1425,#1423,#700,.T.);
#1731=EDGE_CURVE('',#1426,#1425,#701,.T.);
#1732=EDGE_CURVE('',#1427,#1426,#702,.T.);
#1733=EDGE_CURVE('',#1428,#1427,#703,.T.);
#1734=EDGE_CURVE('',#1429,#1428,#704,.T.);
#1735=EDGE_CURVE('',#1430,#1429,#705,.T.);
#1736=EDGE_CURVE('',#1424,#1430,#706,.T.);
#1737=EDGE_CURVE('',#1431,#1432,#707,.T.);
#1738=EDGE_CURVE('',#1433,#1431,#708,.T.);
#1739=EDGE_CURVE('',#1434,#1433,#709,.T.);
#1740=EDGE_CURVE('',#1435,#1434,#710,.T.);
#1741=EDGE_CURVE('',#1436,#1435,#711,.T.);
#1742=EDGE_CURVE('',#1437,#1436,#712,.T.);
#1743=EDGE_CURVE('',#1438,#1437,#713,.T.);
#1744=EDGE_CURVE('',#1432,#1438,#714,.T.);
#1745=EDGE_CURVE('',#1439,#1440,#715,.T.);
#1746=EDGE_CURVE('',#1441,#1440,#123,.T.);
#1747=EDGE_CURVE('',#1441,#1442,#716,.T.);
#1748=EDGE_CURVE('',#1442,#1439,#124,.T.);
#1749=EDGE_CURVE('',#1443,#1444,#717,.T.);
#1750=EDGE_CURVE('',#1444,#1417,#125,.T.);
#1751=EDGE_CURVE('',#1418,#1443,#126,.T.);
#1752=EDGE_CURVE('',#1442,#1415,#718,.T.);
#1753=EDGE_CURVE('',#1415,#1445,#127,.T.);
#1754=EDGE_CURVE('',#1445,#1439,#719,.T.);
#1755=EDGE_CURVE('',#1414,#1446,#128,.T.);
#1756=EDGE_CURVE('',#1446,#1445,#720,.T.);
#1757=EDGE_CURVE('',#1447,#1446,#721,.T.);
#1758=EDGE_CURVE('',#1416,#1447,#129,.T.);
#1759=EDGE_CURVE('',#1444,#1447,#722,.T.);
#1760=EDGE_CURVE('',#1418,#1448,#723,.T.);
#1761=EDGE_CURVE('',#1449,#1448,#130,.T.);
#1762=EDGE_CURVE('',#1449,#1443,#724,.T.);
#1763=EDGE_CURVE('',#1449,#1450,#725,.T.);
#1764=EDGE_CURVE('',#1451,#1450,#726,.T.);
#1765=EDGE_CURVE('',#1452,#1451,#727,.T.);
#1766=EDGE_CURVE('',#1452,#1453,#131,.T.);
#1767=EDGE_CURVE('',#1454,#1453,#728,.T.);
#1768=EDGE_CURVE('',#1455,#1454,#729,.T.);
#1769=EDGE_CURVE('',#1455,#1456,#730,.T.);
#1770=EDGE_CURVE('',#1457,#1456,#132,.F.);
#1771=EDGE_CURVE('',#1458,#1457,#731,.T.);
#1772=EDGE_CURVE('',#1459,#1458,#732,.T.);
#1773=EDGE_CURVE('',#1459,#1440,#733,.T.);
#1774=EDGE_CURVE('',#1460,#1461,#734,.T.);
#1775=EDGE_CURVE('',#1462,#1460,#735,.T.);
#1776=EDGE_CURVE('',#1463,#1462,#736,.T.);
#1777=EDGE_CURVE('',#1464,#1463,#737,.T.);
#1778=EDGE_CURVE('',#1465,#1464,#738,.T.);
#1779=EDGE_CURVE('',#1466,#1465,#739,.T.);
#1780=EDGE_CURVE('',#1467,#1466,#740,.T.);
#1781=EDGE_CURVE('',#1461,#1467,#741,.T.);
#1782=EDGE_CURVE('',#1468,#1469,#742,.T.);
#1783=EDGE_CURVE('',#1470,#1468,#743,.T.);
#1784=EDGE_CURVE('',#1471,#1470,#744,.T.);
#1785=EDGE_CURVE('',#1472,#1471,#745,.T.);
#1786=EDGE_CURVE('',#1473,#1472,#746,.T.);
#1787=EDGE_CURVE('',#1474,#1473,#747,.T.);
#1788=EDGE_CURVE('',#1475,#1474,#748,.T.);
#1789=EDGE_CURVE('',#1469,#1475,#749,.T.);
#1790=EDGE_CURVE('',#1429,#1476,#133,.T.);
#1791=EDGE_CURVE('',#1476,#1477,#750,.T.);
#1792=EDGE_CURVE('',#1430,#1477,#134,.T.);
#1793=EDGE_CURVE('',#1428,#1478,#135,.T.);
#1794=EDGE_CURVE('',#1478,#1476,#751,.T.);
#1795=EDGE_CURVE('',#1427,#1479,#136,.T.);
#1796=EDGE_CURVE('',#1479,#1478,#752,.T.);
#1797=EDGE_CURVE('',#1480,#1481,#753,.T.);
#1798=EDGE_CURVE('',#1481,#1423,#137,.T.);
#1799=EDGE_CURVE('',#1424,#1480,#138,.T.);
#1800=EDGE_CURVE('',#1426,#1482,#139,.T.);
#1801=EDGE_CURVE('',#1482,#1479,#754,.T.);
#1802=EDGE_CURVE('',#1425,#1483,#140,.T.);
#1803=EDGE_CURVE('',#1483,#1482,#755,.T.);
#1804=EDGE_CURVE('',#1481,#1483,#756,.T.);
#1805=EDGE_CURVE('',#1477,#1480,#757,.T.);
#1806=EDGE_CURVE('',#1482,#1484,#758,.T.);
#1807=EDGE_CURVE('',#1485,#1484,#759,.T.);
#1808=EDGE_CURVE('',#1479,#1485,#760,.T.);
#1809=EDGE_CURVE('',#1483,#1486,#761,.T.);
#1810=EDGE_CURVE('',#1484,#1486,#762,.T.);
#1811=EDGE_CURVE('',#1481,#1487,#763,.T.);
#1812=EDGE_CURVE('',#1486,#1487,#764,.T.);
#1813=EDGE_CURVE('',#1480,#1488,#765,.T.);
#1814=EDGE_CURVE('',#1487,#1488,#766,.T.);
#1815=EDGE_CURVE('',#1461,#1487,#141,.T.);
#1816=EDGE_CURVE('',#1488,#1460,#142,.T.);
#1817=EDGE_CURVE('',#1488,#1489,#767,.T.);
#1818=EDGE_CURVE('',#1489,#1462,#143,.T.);
#1819=EDGE_CURVE('',#1489,#1490,#768,.T.);
#1820=EDGE_CURVE('',#1490,#1463,#144,.T.);
#1821=EDGE_CURVE('',#1490,#1491,#769,.T.);
#1822=EDGE_CURVE('',#1491,#1464,#145,.T.);
#1823=EDGE_CURVE('',#1491,#1485,#770,.T.);
#1824=EDGE_CURVE('',#1485,#1465,#146,.T.);
#1825=EDGE_CURVE('',#1484,#1466,#147,.T.);
#1826=EDGE_CURVE('',#1486,#1467,#148,.T.);
#1827=EDGE_CURVE('',#1478,#1491,#771,.T.);
#1828=EDGE_CURVE('',#1476,#1490,#772,.T.);
#1829=EDGE_CURVE('',#1477,#1489,#773,.T.);
#1830=EDGE_CURVE('',#1432,#1492,#149,.T.);
#1831=EDGE_CURVE('',#1492,#1493,#774,.T.);
#1832=EDGE_CURVE('',#1493,#1431,#150,.T.);
#1833=EDGE_CURVE('',#1438,#1494,#151,.T.);
#1834=EDGE_CURVE('',#1494,#1492,#775,.T.);
#1835=EDGE_CURVE('',#1437,#1495,#152,.T.);
#1836=EDGE_CURVE('',#1495,#1494,#776,.T.);
#1837=EDGE_CURVE('',#1436,#1496,#153,.T.);
#1838=EDGE_CURVE('',#1496,#1495,#777,.T.);
#1839=EDGE_CURVE('',#1435,#1497,#154,.T.);
#1840=EDGE_CURVE('',#1497,#1496,#778,.T.);
#1841=EDGE_CURVE('',#1498,#1497,#779,.T.);
#1842=EDGE_CURVE('',#1434,#1498,#155,.T.);
#1843=EDGE_CURVE('',#1499,#1498,#780,.T.);
#1844=EDGE_CURVE('',#1433,#1499,#156,.T.);
#1845=EDGE_CURVE('',#1493,#1499,#781,.T.);
#1846=EDGE_CURVE('',#1498,#1500,#782,.T.);
#1847=EDGE_CURVE('',#1501,#1500,#783,.T.);
#1848=EDGE_CURVE('',#1497,#1501,#784,.T.);
#1849=EDGE_CURVE('',#1499,#1502,#785,.T.);
#1850=EDGE_CURVE('',#1468,#1502,#157,.F.);
#1851=EDGE_CURVE('',#1500,#1469,#158,.F.);
#1852=EDGE_CURVE('',#1493,#1503,#786,.T.);
#1853=EDGE_CURVE('',#1502,#1503,#787,.T.);
#1854=EDGE_CURVE('',#1492,#1504,#788,.T.);
#1855=EDGE_CURVE('',#1503,#1504,#789,.T.);
#1856=EDGE_CURVE('',#1505,#1506,#790,.T.);
#1857=EDGE_CURVE('',#1506,#1507,#159,.T.);
#1858=EDGE_CURVE('',#1507,#1508,#791,.T.);
#1859=EDGE_CURVE('',#1505,#1508,#160,.T.);
#1860=EDGE_CURVE('',#1506,#1509,#792,.T.);
#1861=EDGE_CURVE('',#1509,#1510,#161,.T.);
#1862=EDGE_CURVE('',#1510,#1507,#793,.T.);
#1863=EDGE_CURVE('',#1509,#1511,#794,.T.);
#1864=EDGE_CURVE('',#1511,#1512,#162,.T.);
#1865=EDGE_CURVE('',#1512,#1510,#795,.T.);
#1866=EDGE_CURVE('',#1513,#1514,#796,.T.);
#1867=EDGE_CURVE('',#1514,#1515,#163,.T.);
#1868=EDGE_CURVE('',#1515,#1516,#797,.T.);
#1869=EDGE_CURVE('',#1516,#1513,#164,.T.);
#1870=EDGE_CURVE('',#1454,#1515,#798,.T.);
#1871=EDGE_CURVE('',#1514,#1517,#799,.T.);
#1872=EDGE_CURVE('',#1517,#1454,#165,.T.);
#1873=EDGE_CURVE('',#1511,#1513,#800,.T.);
#1874=EDGE_CURVE('',#1516,#1512,#801,.T.);
#1875=EDGE_CURVE('',#1517,#1518,#802,.T.);
#1876=EDGE_CURVE('',#1518,#1455,#166,.T.);
#1877=EDGE_CURVE('',#1508,#1455,#803,.T.);
#1878=EDGE_CURVE('',#1518,#1505,#804,.T.);
#1879=EDGE_CURVE('',#1510,#1519,#805,.T.);
#1880=EDGE_CURVE('',#1520,#1519,#806,.T.);
#1881=EDGE_CURVE('',#1507,#1520,#807,.T.);
#1882=EDGE_CURVE('',#1512,#1521,#808,.T.);
#1883=EDGE_CURVE('',#1519,#1521,#809,.T.);
#1884=EDGE_CURVE('',#1516,#1522,#810,.T.);
#1885=EDGE_CURVE('',#1521,#1522,#811,.T.);
#1886=EDGE_CURVE('',#1515,#1523,#812,.T.);
#1887=EDGE_CURVE('',#1522,#1523,#813,.T.);
#1888=EDGE_CURVE('',#1524,#1421,#814,.T.);
#1889=EDGE_CURVE('',#1524,#1525,#815,.T.);
#1890=EDGE_CURVE('',#1422,#1525,#816,.T.);
#1891=EDGE_CURVE('',#1526,#1527,#817,.T.);
#1892=EDGE_CURVE('',#1528,#1526,#818,.T.);
#1893=EDGE_CURVE('',#1529,#1528,#819,.T.);
#1894=EDGE_CURVE('',#1530,#1529,#820,.T.);
#1895=EDGE_CURVE('',#1531,#1530,#821,.T.);
#1896=EDGE_CURVE('',#1532,#1531,#822,.T.);
#1897=EDGE_CURVE('',#1533,#1532,#823,.T.);
#1898=EDGE_CURVE('',#1527,#1533,#824,.T.);
#1899=EDGE_CURVE('',#1504,#1471,#167,.T.);
#1900=EDGE_CURVE('',#1470,#1503,#168,.T.);
#1901=EDGE_CURVE('',#1504,#1534,#825,.T.);
#1902=EDGE_CURVE('',#1534,#1472,#169,.T.);
#1903=EDGE_CURVE('',#1534,#1535,#826,.T.);
#1904=EDGE_CURVE('',#1535,#1473,#170,.T.);
#1905=EDGE_CURVE('',#1535,#1536,#827,.T.);
#1906=EDGE_CURVE('',#1536,#1474,#171,.T.);
#1907=EDGE_CURVE('',#1536,#1501,#828,.T.);
#1908=EDGE_CURVE('',#1501,#1475,#172,.T.);
#1909=EDGE_CURVE('',#1496,#1536,#829,.T.);
#1910=EDGE_CURVE('',#1495,#1535,#830,.T.);
#1911=EDGE_CURVE('',#1494,#1534,#831,.T.);
#1912=EDGE_CURVE('',#1537,#1457,#832,.T.);
#1913=EDGE_CURVE('',#1456,#1538,#833,.T.);
#1914=EDGE_CURVE('',#1538,#1537,#173,.T.);
#1915=EDGE_CURVE('',#1538,#1520,#834,.T.);
#1916=EDGE_CURVE('',#1520,#1539,#174,.T.);
#1917=EDGE_CURVE('',#1539,#1537,#835,.T.);
#1918=EDGE_CURVE('',#1519,#1540,#175,.T.);
#1919=EDGE_CURVE('',#1540,#1539,#836,.T.);
#1920=EDGE_CURVE('',#1521,#1541,#176,.T.);
#1921=EDGE_CURVE('',#1541,#1540,#837,.T.);
#1922=EDGE_CURVE('',#1523,#1542,#177,.T.);
#1923=EDGE_CURVE('',#1542,#1543,#838,.T.);
#1924=EDGE_CURVE('',#1543,#1522,#178,.T.);
#1925=EDGE_CURVE('',#1523,#1453,#839,.T.);
#1926=EDGE_CURVE('',#1452,#1542,#840,.T.);
#1927=EDGE_CURVE('',#1543,#1541,#841,.T.);
#1928=EDGE_CURVE('',#1544,#1451,#842,.T.);
#1929=EDGE_CURVE('',#1544,#1545,#843,.T.);
#1930=EDGE_CURVE('',#1546,#1545,#844,.T.);
#1931=EDGE_CURVE('',#1547,#1546,#845,.T.);
#1932=EDGE_CURVE('',#1548,#1547,#846,.T.);
#1933=EDGE_CURVE('',#1549,#1548,#847,.T.);
#1934=EDGE_CURVE('',#1550,#1549,#848,.T.);
#1935=EDGE_CURVE('',#1551,#1550,#849,.T.);
#1936=EDGE_CURVE('',#1552,#1551,#850,.T.);
#1937=EDGE_CURVE('',#1552,#1553,#851,.T.);
#1938=EDGE_CURVE('',#1458,#1553,#852,.T.);
#1939=EDGE_CURVE('',#1532,#1554,#179,.T.);
#1940=EDGE_CURVE('',#1554,#1555,#853,.T.);
#1941=EDGE_CURVE('',#1533,#1555,#180,.T.);
#1942=EDGE_CURVE('',#1531,#1556,#181,.T.);
#1943=EDGE_CURVE('',#1556,#1554,#854,.T.);
#1944=EDGE_CURVE('',#1530,#1557,#182,.T.);
#1945=EDGE_CURVE('',#1557,#1556,#855,.T.);
#1946=EDGE_CURVE('',#1558,#1559,#856,.T.);
#1947=EDGE_CURVE('',#1559,#1526,#183,.T.);
#1948=EDGE_CURVE('',#1527,#1558,#184,.T.);
#1949=EDGE_CURVE('',#1529,#1560,#185,.T.);
#1950=EDGE_CURVE('',#1560,#1557,#857,.T.);
#1951=EDGE_CURVE('',#1528,#1561,#186,.T.);
#1952=EDGE_CURVE('',#1561,#1560,#858,.T.);
#1953=EDGE_CURVE('',#1559,#1561,#859,.T.);
#1954=EDGE_CURVE('',#1555,#1558,#860,.T.);
#1955=EDGE_CURVE('',#1560,#1562,#861,.T.);
#1956=EDGE_CURVE('',#1563,#1562,#862,.T.);
#1957=EDGE_CURVE('',#1557,#1563,#863,.T.);
#1958=EDGE_CURVE('',#1561,#1564,#864,.T.);
#1959=EDGE_CURVE('',#1562,#1564,#865,.T.);
#1960=EDGE_CURVE('',#1559,#1565,#866,.T.);
#1961=EDGE_CURVE('',#1545,#1565,#187,.F.);
#1962=EDGE_CURVE('',#1566,#1544,#867,.T.);
#1963=EDGE_CURVE('',#1567,#1566,#868,.T.);
#1964=EDGE_CURVE('',#1568,#1567,#869,.T.);
#1965=EDGE_CURVE('',#1569,#1568,#870,.T.);
#1966=EDGE_CURVE('',#1570,#1569,#871,.T.);
#1967=EDGE_CURVE('',#1571,#1570,#872,.T.);
#1968=EDGE_CURVE('',#1572,#1571,#873,.T.);
#1969=EDGE_CURVE('',#1573,#1572,#874,.T.);
#1970=EDGE_CURVE('',#1574,#1573,#875,.T.);
#1971=EDGE_CURVE('',#1575,#1574,#876,.T.);
#1972=EDGE_CURVE('',#1553,#1575,#877,.T.);
#1973=EDGE_CURVE('',#1552,#1564,#188,.T.);
#1974=EDGE_CURVE('',#1576,#1577,#878,.T.);
#1975=EDGE_CURVE('',#1578,#1576,#879,.T.);
#1976=EDGE_CURVE('',#1579,#1578,#880,.T.);
#1977=EDGE_CURVE('',#1580,#1579,#881,.T.);
#1978=EDGE_CURVE('',#1581,#1580,#882,.T.);
#1979=EDGE_CURVE('',#1582,#1581,#883,.T.);
#1980=EDGE_CURVE('',#1583,#1582,#884,.T.);
#1981=EDGE_CURVE('',#1577,#1583,#885,.T.);
#1982=EDGE_CURVE('',#1584,#1585,#886,.T.);
#1983=EDGE_CURVE('',#1586,#1585,#887,.T.);
#1984=EDGE_CURVE('',#1587,#1586,#888,.T.);
#1985=EDGE_CURVE('',#1588,#1587,#889,.T.);
#1986=EDGE_CURVE('',#1589,#1588,#890,.T.);
#1987=EDGE_CURVE('',#1590,#1589,#891,.T.);
#1988=EDGE_CURVE('',#1591,#1590,#892,.T.);
#1989=EDGE_CURVE('',#1584,#1591,#893,.T.);
#1990=EDGE_CURVE('',#1558,#1592,#894,.T.);
#1991=EDGE_CURVE('',#1565,#1592,#895,.T.);
#1992=EDGE_CURVE('',#1593,#1594,#896,.T.);
#1993=EDGE_CURVE('',#1594,#1595,#189,.T.);
#1994=EDGE_CURVE('',#1595,#1596,#897,.T.);
#1995=EDGE_CURVE('',#1596,#1593,#190,.T.);
#1996=EDGE_CURVE('',#1594,#1597,#898,.T.);
#1997=EDGE_CURVE('',#1597,#1598,#191,.T.);
#1998=EDGE_CURVE('',#1598,#1595,#899,.T.);
#1999=EDGE_CURVE('',#1599,#1598,#900,.T.);
#2000=EDGE_CURVE('',#1597,#1600,#901,.T.);
#2001=EDGE_CURVE('',#1600,#1599,#192,.T.);
#2002=EDGE_CURVE('',#1601,#1599,#902,.T.);
#2003=EDGE_CURVE('',#1600,#1602,#903,.T.);
#2004=EDGE_CURVE('',#1602,#1601,#193,.T.);
#2005=EDGE_CURVE('',#1603,#1601,#904,.T.);
#2006=EDGE_CURVE('',#1602,#1604,#905,.T.);
#2007=EDGE_CURVE('',#1604,#1603,#194,.T.);
#2008=EDGE_CURVE('',#1605,#1593,#906,.T.);
#2009=EDGE_CURVE('',#1596,#1606,#907,.T.);
#2010=EDGE_CURVE('',#1605,#1606,#195,.T.);
#2011=EDGE_CURVE('',#1607,#1603,#908,.T.);
#2012=EDGE_CURVE('',#1604,#1608,#909,.T.);
#2013=EDGE_CURVE('',#1608,#1607,#196,.T.);
#2014=EDGE_CURVE('',#1606,#1607,#910,.T.);
#2015=EDGE_CURVE('',#1608,#1605,#911,.T.);
#2016=EDGE_CURVE('',#1609,#1600,#912,.T.);
#2017=EDGE_CURVE('',#1610,#1609,#913,.T.);
#2018=EDGE_CURVE('',#1610,#1602,#914,.T.);
#2019=EDGE_CURVE('',#1611,#1597,#915,.T.);
#2020=EDGE_CURVE('',#1609,#1611,#916,.T.);
#2021=EDGE_CURVE('',#1612,#1594,#917,.T.);
#2022=EDGE_CURVE('',#1611,#1612,#918,.T.);
#2023=EDGE_CURVE('',#1613,#1593,#919,.T.);
#2024=EDGE_CURVE('',#1612,#1613,#920,.T.);
#2025=EDGE_CURVE('',#1614,#1524,#921,.T.);
#2026=EDGE_CURVE('',#1614,#1615,#922,.T.);
#2027=EDGE_CURVE('',#1525,#1615,#923,.T.);
#2028=EDGE_CURVE('',#1616,#1617,#924,.T.);
#2029=EDGE_CURVE('',#1618,#1616,#925,.T.);
#2030=EDGE_CURVE('',#1619,#1618,#926,.T.);
#2031=EDGE_CURVE('',#1620,#1619,#927,.T.);
#2032=EDGE_CURVE('',#1621,#1620,#928,.T.);
#2033=EDGE_CURVE('',#1622,#1621,#929,.T.);
#2034=EDGE_CURVE('',#1623,#1622,#930,.T.);
#2035=EDGE_CURVE('',#1617,#1623,#931,.T.);
#2036=EDGE_CURVE('',#1624,#1625,#932,.T.);
#2037=EDGE_CURVE('',#1626,#1624,#933,.T.);
#2038=EDGE_CURVE('',#1627,#1626,#934,.T.);
#2039=EDGE_CURVE('',#1628,#1627,#935,.T.);
#2040=EDGE_CURVE('',#1629,#1628,#936,.T.);
#2041=EDGE_CURVE('',#1630,#1629,#937,.T.);
#2042=EDGE_CURVE('',#1631,#1630,#938,.T.);
#2043=EDGE_CURVE('',#1625,#1631,#939,.T.);
#2044=EDGE_CURVE('',#1592,#1546,#197,.T.);
#2045=EDGE_CURVE('',#1592,#1632,#940,.T.);
#2046=EDGE_CURVE('',#1632,#1547,#198,.T.);
#2047=EDGE_CURVE('',#1632,#1633,#941,.T.);
#2048=EDGE_CURVE('',#1633,#1548,#199,.T.);
#2049=EDGE_CURVE('',#1633,#1634,#942,.T.);
#2050=EDGE_CURVE('',#1634,#1549,#200,.T.);
#2051=EDGE_CURVE('',#1634,#1563,#943,.T.);
#2052=EDGE_CURVE('',#1563,#1550,#201,.T.);
#2053=EDGE_CURVE('',#1562,#1551,#202,.T.);
#2054=EDGE_CURVE('',#1613,#1591,#203,.T.);
#2055=EDGE_CURVE('',#1590,#1612,#204,.T.);
#2056=EDGE_CURVE('',#1613,#1635,#944,.T.);
#2057=EDGE_CURVE('',#1584,#1635,#205,.T.);
#2058=EDGE_CURVE('',#1589,#1611,#206,.T.);
#2059=EDGE_CURVE('',#1588,#1609,#207,.T.);
#2060=EDGE_CURVE('',#1587,#1610,#208,.T.);
#2061=EDGE_CURVE('',#1636,#1610,#945,.T.);
#2062=EDGE_CURVE('',#1586,#1636,#209,.T.);
#2063=EDGE_CURVE('',#1585,#1637,#210,.F.);
#2064=EDGE_CURVE('',#1637,#1636,#946,.T.);
#2065=EDGE_CURVE('',#1635,#1605,#947,.T.);
#2066=EDGE_CURVE('',#1636,#1604,#948,.T.);
#2067=EDGE_CURVE('',#1637,#1608,#949,.T.);
#2068=EDGE_CURVE('',#1638,#1639,#950,.T.);
#2069=EDGE_CURVE('',#1639,#1616,#211,.T.);
#2070=EDGE_CURVE('',#1617,#1638,#212,.T.);
#2071=EDGE_CURVE('',#1639,#1640,#951,.T.);
#2072=EDGE_CURVE('',#1640,#1618,#213,.T.);
#2073=EDGE_CURVE('',#1640,#1641,#952,.T.);
#2074=EDGE_CURVE('',#1641,#1619,#214,.T.);
#2075=EDGE_CURVE('',#1641,#1642,#953,.T.);
#2076=EDGE_CURVE('',#1642,#1620,#215,.T.);
#2077=EDGE_CURVE('',#1642,#1643,#954,.T.);
#2078=EDGE_CURVE('',#1643,#1621,#216,.T.);
#2079=EDGE_CURVE('',#1644,#1638,#955,.T.);
#2080=EDGE_CURVE('',#1644,#1623,#217,.T.);
#2081=EDGE_CURVE('',#1643,#1645,#956,.T.);
#2082=EDGE_CURVE('',#1645,#1622,#218,.T.);
#2083=EDGE_CURVE('',#1645,#1644,#957,.T.);
#2084=EDGE_CURVE('',#1646,#1641,#958,.T.);
#2085=EDGE_CURVE('',#1647,#1646,#959,.T.);
#2086=EDGE_CURVE('',#1647,#1642,#960,.T.);
#2087=EDGE_CURVE('',#1648,#1640,#961,.T.);
#2088=EDGE_CURVE('',#1646,#1648,#962,.T.);
#2089=EDGE_CURVE('',#1649,#1639,#963,.T.);
#2090=EDGE_CURVE('',#1648,#1649,#964,.T.);
#2091=EDGE_CURVE('',#1650,#1638,#965,.T.);
#2092=EDGE_CURVE('',#1649,#1650,#966,.T.);
#2093=EDGE_CURVE('',#1578,#1651,#219,.T.);
#2094=EDGE_CURVE('',#1651,#1652,#967,.T.);
#2095=EDGE_CURVE('',#1579,#1652,#220,.T.);
#2096=EDGE_CURVE('',#1577,#1649,#221,.T.);
#2097=EDGE_CURVE('',#1650,#1576,#222,.T.);
#2098=EDGE_CURVE('',#1583,#1648,#223,.T.);
#2099=EDGE_CURVE('',#1582,#1646,#224,.T.);
#2100=EDGE_CURVE('',#1581,#1647,#225,.T.);
#2101=EDGE_CURVE('',#1653,#1647,#968,.T.);
#2102=EDGE_CURVE('',#1580,#1653,#226,.T.);
#2103=EDGE_CURVE('',#1652,#1653,#969,.T.);
#2104=EDGE_CURVE('',#1650,#1651,#970,.T.);
#2105=EDGE_CURVE('',#1653,#1643,#971,.T.);
#2106=EDGE_CURVE('',#1652,#1645,#972,.T.);
#2107=EDGE_CURVE('',#1651,#1644,#973,.T.);
#2108=EDGE_CURVE('',#1654,#1655,#974,.T.);
#2109=EDGE_CURVE('',#1574,#1655,#227,.T.);
#2110=EDGE_CURVE('',#1573,#1654,#228,.T.);
#2111=EDGE_CURVE('',#1572,#1656,#229,.T.);
#2112=EDGE_CURVE('',#1656,#1654,#975,.T.);
#2113=EDGE_CURVE('',#1571,#1657,#230,.T.);
#2114=EDGE_CURVE('',#1657,#1656,#976,.T.);
#2115=EDGE_CURVE('',#1570,#1658,#231,.T.);
#2116=EDGE_CURVE('',#1658,#1657,#977,.T.);
#2117=EDGE_CURVE('',#1568,#1659,#232,.T.);
#2118=EDGE_CURVE('',#1659,#1660,#978,.T.);
#2119=EDGE_CURVE('',#1660,#1569,#233,.T.);
#2120=EDGE_CURVE('',#1661,#1567,#234,.T.);
#2121=EDGE_CURVE('',#1661,#1659,#979,.T.);
#2122=EDGE_CURVE('',#1660,#1658,#980,.T.);
#2123=EDGE_CURVE('',#1654,#1662,#981,.T.);
#2124=EDGE_CURVE('',#1663,#1662,#982,.T.);
#2125=EDGE_CURVE('',#1655,#1663,#983,.T.);
#2126=EDGE_CURVE('',#1656,#1664,#984,.T.);
#2127=EDGE_CURVE('',#1662,#1664,#985,.T.);
#2128=EDGE_CURVE('',#1657,#1665,#986,.T.);
#2129=EDGE_CURVE('',#1664,#1665,#987,.T.);
#2130=EDGE_CURVE('',#1658,#1666,#988,.T.);
#2131=EDGE_CURVE('',#1665,#1666,#989,.T.);
#2132=EDGE_CURVE('',#1660,#1667,#990,.T.);
#2133=EDGE_CURVE('',#1666,#1667,#991,.T.);
#2134=EDGE_CURVE('',#1659,#1668,#992,.T.);
#2135=EDGE_CURVE('',#1667,#1668,#993,.T.);
#2136=EDGE_CURVE('',#1661,#1669,#994,.T.);
#2137=EDGE_CURVE('',#1668,#1669,#995,.T.);
#2138=EDGE_CURVE('',#1662,#1628,#235,.T.);
#2139=EDGE_CURVE('',#1663,#1627,#236,.T.);
#2140=EDGE_CURVE('',#1625,#1667,#237,.T.);
#2141=EDGE_CURVE('',#1668,#1624,#238,.T.);
#2142=EDGE_CURVE('',#1664,#1629,#239,.T.);
#2143=EDGE_CURVE('',#1665,#1630,#240,.T.);
#2144=EDGE_CURVE('',#1666,#1631,#241,.T.);
#2145=EDGE_CURVE('',#1669,#1626,#242,.T.);
#2146=EDGE_CURVE('',#1669,#1663,#996,.T.);
#2147=EDGE_CURVE('',#1670,#1661,#997,.T.);
#2148=EDGE_CURVE('',#1574,#1670,#998,.T.);
#2149=EDGE_CURVE('',#1555,#1632,#999,.T.);
#2150=EDGE_CURVE('',#1554,#1633,#1000,.T.);
#2151=EDGE_CURVE('',#1556,#1634,#1001,.T.);
#2152=EDGE_CURVE('',#1508,#1538,#1002,.T.);
#2153=EDGE_CURVE('',#1403,#1442,#1003,.T.);
#2154=EDGE_CURVE('',#1400,#1441,#1004,.T.);
#2155=EDGE_CURVE('',#1401,#1448,#1005,.T.);
#2156=EDGE_CURVE('',#1441,#1671,#1006,.T.);
#2157=EDGE_CURVE('',#1671,#1449,#1007,.T.);
#2158=EDGE_CURVE('',#1672,#1673,#1008,.T.);
#2159=EDGE_CURVE('',#1674,#1672,#1009,.T.);
#2160=EDGE_CURVE('',#1675,#1674,#1010,.T.);
#2161=EDGE_CURVE('',#1673,#1675,#1011,.T.);
#2162=EDGE_CURVE('',#1676,#1672,#1012,.T.);
#2163=EDGE_CURVE('',#1673,#1677,#1013,.T.);
#2164=EDGE_CURVE('',#1615,#1677,#1014,.T.);
#2165=EDGE_CURVE('',#1419,#1614,#1015,.T.);
#2166=EDGE_CURVE('',#1676,#1420,#1016,.T.);
#2167=EDGE_CURVE('',#1677,#1678,#1017,.T.);
#2168=EDGE_CURVE('',#1678,#1566,#1018,.T.);
#2169=EDGE_CURVE('',#1450,#1679,#1019,.T.);
#2170=EDGE_CURVE('',#1679,#1676,#1020,.T.);
#2171=EDGE_CURVE('',#1678,#1675,#1021,.T.);
#2172=EDGE_CURVE('',#1674,#1679,#1022,.T.);
#2173=EDGE_CURVE('',#1575,#1459,#1023,.T.);
#2174=ORIENTED_EDGE('',*,*,#1680,.F.);
#2175=ORIENTED_EDGE('',*,*,#1681,.T.);
#2176=ORIENTED_EDGE('',*,*,#1682,.F.);
#2177=ORIENTED_EDGE('',*,*,#1681,.F.);
#2178=ORIENTED_EDGE('',*,*,#1683,.F.);
#2179=ORIENTED_EDGE('',*,*,#1684,.T.);
#2180=ORIENTED_EDGE('',*,*,#1685,.F.);
#2181=ORIENTED_EDGE('',*,*,#1684,.F.);
#2182=ORIENTED_EDGE('',*,*,#1686,.F.);
#2183=ORIENTED_EDGE('',*,*,#1687,.T.);
#2184=ORIENTED_EDGE('',*,*,#1688,.F.);
#2185=ORIENTED_EDGE('',*,*,#1687,.F.);
#2186=ORIENTED_EDGE('',*,*,#1689,.F.);
#2187=ORIENTED_EDGE('',*,*,#1690,.T.);
#2188=ORIENTED_EDGE('',*,*,#1691,.F.);
#2189=ORIENTED_EDGE('',*,*,#1690,.F.);
#2190=ORIENTED_EDGE('',*,*,#1692,.T.);
#2191=ORIENTED_EDGE('',*,*,#1693,.T.);
#2192=ORIENTED_EDGE('',*,*,#1694,.T.);
#2193=ORIENTED_EDGE('',*,*,#1695,.F.);
#2194=ORIENTED_EDGE('',*,*,#1696,.T.);
#2195=ORIENTED_EDGE('',*,*,#1697,.T.);
#2196=ORIENTED_EDGE('',*,*,#1698,.T.);
#2197=ORIENTED_EDGE('',*,*,#1693,.F.);
#2198=ORIENTED_EDGE('',*,*,#1699,.T.);
#2199=ORIENTED_EDGE('',*,*,#1700,.T.);
#2200=ORIENTED_EDGE('',*,*,#1701,.T.);
#2201=ORIENTED_EDGE('',*,*,#1697,.F.);
#2202=ORIENTED_EDGE('',*,*,#1702,.T.);
#2203=ORIENTED_EDGE('',*,*,#1703,.T.);
#2204=ORIENTED_EDGE('',*,*,#1704,.T.);
#2205=ORIENTED_EDGE('',*,*,#1705,.T.);
#2206=ORIENTED_EDGE('',*,*,#1706,.T.);
#2207=ORIENTED_EDGE('',*,*,#1707,.T.);
#2208=ORIENTED_EDGE('',*,*,#1708,.T.);
#2209=ORIENTED_EDGE('',*,*,#1700,.F.);
#2210=ORIENTED_EDGE('',*,*,#1709,.T.);
#2211=ORIENTED_EDGE('',*,*,#1710,.T.);
#2212=ORIENTED_EDGE('',*,*,#1711,.T.);
#2213=ORIENTED_EDGE('',*,*,#1707,.F.);
#2214=ORIENTED_EDGE('',*,*,#1712,.T.);
#2215=ORIENTED_EDGE('',*,*,#1710,.F.);
#2216=ORIENTED_EDGE('',*,*,#1713,.T.);
#2217=ORIENTED_EDGE('',*,*,#1703,.F.);
#2218=ORIENTED_EDGE('',*,*,#1714,.T.);
#2219=ORIENTED_EDGE('',*,*,#1705,.F.);
#2220=ORIENTED_EDGE('',*,*,#1715,.T.);
#2221=ORIENTED_EDGE('',*,*,#1695,.T.);
#2222=ORIENTED_EDGE('',*,*,#1708,.F.);
#2223=ORIENTED_EDGE('',*,*,#1716,.T.);
#2224=ORIENTED_EDGE('',*,*,#1717,.F.);
#2225=ORIENTED_EDGE('',*,*,#1718,.F.);
#2226=ORIENTED_EDGE('',*,*,#1711,.F.);
#2227=ORIENTED_EDGE('',*,*,#1719,.T.);
#2228=ORIENTED_EDGE('',*,*,#1720,.F.);
#2229=ORIENTED_EDGE('',*,*,#1716,.F.);
#2230=ORIENTED_EDGE('',*,*,#1712,.F.);
#2231=ORIENTED_EDGE('',*,*,#1721,.T.);
#2232=ORIENTED_EDGE('',*,*,#1722,.F.);
#2233=ORIENTED_EDGE('',*,*,#1719,.F.);
#2234=ORIENTED_EDGE('',*,*,#1702,.F.);
#2235=ORIENTED_EDGE('',*,*,#1723,.T.);
#2236=ORIENTED_EDGE('',*,*,#1724,.F.);
#2237=ORIENTED_EDGE('',*,*,#1721,.F.);
#2238=ORIENTED_EDGE('',*,*,#1725,.F.);
#2239=ORIENTED_EDGE('',*,*,#1726,.F.);
#2240=ORIENTED_EDGE('',*,*,#1727,.F.);
#2241=ORIENTED_EDGE('',*,*,#1728,.F.);
#2242=ORIENTED_EDGE('',*,*,#1729,.F.);
#2243=ORIENTED_EDGE('',*,*,#1730,.F.);
#2244=ORIENTED_EDGE('',*,*,#1731,.F.);
#2245=ORIENTED_EDGE('',*,*,#1732,.F.);
#2246=ORIENTED_EDGE('',*,*,#1733,.F.);
#2247=ORIENTED_EDGE('',*,*,#1734,.F.);
#2248=ORIENTED_EDGE('',*,*,#1735,.F.);
#2249=ORIENTED_EDGE('',*,*,#1736,.F.);
#2250=ORIENTED_EDGE('',*,*,#1737,.F.);
#2251=ORIENTED_EDGE('',*,*,#1738,.F.);
#2252=ORIENTED_EDGE('',*,*,#1739,.F.);
#2253=ORIENTED_EDGE('',*,*,#1740,.F.);
#2254=ORIENTED_EDGE('',*,*,#1741,.F.);
#2255=ORIENTED_EDGE('',*,*,#1742,.F.);
#2256=ORIENTED_EDGE('',*,*,#1743,.F.);
#2257=ORIENTED_EDGE('',*,*,#1744,.F.);
#2258=ORIENTED_EDGE('',*,*,#1704,.F.);
#2259=ORIENTED_EDGE('',*,*,#1713,.F.);
#2260=ORIENTED_EDGE('',*,*,#1709,.F.);
#2261=ORIENTED_EDGE('',*,*,#1706,.F.);
#2262=ORIENTED_EDGE('',*,*,#1699,.F.);
#2263=ORIENTED_EDGE('',*,*,#1696,.F.);
#2264=ORIENTED_EDGE('',*,*,#1692,.F.);
#2265=ORIENTED_EDGE('',*,*,#1715,.F.);
#2266=ORIENTED_EDGE('',*,*,#1745,.T.);
#2267=ORIENTED_EDGE('',*,*,#1746,.F.);
#2268=ORIENTED_EDGE('',*,*,#1747,.T.);
#2269=ORIENTED_EDGE('',*,*,#1748,.T.);
#2270=ORIENTED_EDGE('',*,*,#1749,.T.);
#2271=ORIENTED_EDGE('',*,*,#1750,.T.);
#2272=ORIENTED_EDGE('',*,*,#1724,.T.);
#2273=ORIENTED_EDGE('',*,*,#1751,.T.);
#2274=ORIENTED_EDGE('',*,*,#1752,.T.);
#2275=ORIENTED_EDGE('',*,*,#1753,.T.);
#2276=ORIENTED_EDGE('',*,*,#1754,.T.);
#2277=ORIENTED_EDGE('',*,*,#1748,.F.);
#2278=ORIENTED_EDGE('',*,*,#1717,.T.);
#2279=ORIENTED_EDGE('',*,*,#1755,.T.);
#2280=ORIENTED_EDGE('',*,*,#1756,.T.);
#2281=ORIENTED_EDGE('',*,*,#1753,.F.);
#2282=ORIENTED_EDGE('',*,*,#1757,.T.);
#2283=ORIENTED_EDGE('',*,*,#1755,.F.);
#2284=ORIENTED_EDGE('',*,*,#1720,.T.);
#2285=ORIENTED_EDGE('',*,*,#1758,.T.);
#2286=ORIENTED_EDGE('',*,*,#1759,.T.);
#2287=ORIENTED_EDGE('',*,*,#1758,.F.);
#2288=ORIENTED_EDGE('',*,*,#1722,.T.);
#2289=ORIENTED_EDGE('',*,*,#1750,.F.);
#2290=ORIENTED_EDGE('',*,*,#1760,.T.);
#2291=ORIENTED_EDGE('',*,*,#1761,.F.);
#2292=ORIENTED_EDGE('',*,*,#1762,.T.);
#2293=ORIENTED_EDGE('',*,*,#1751,.F.);
#2294=ORIENTED_EDGE('',*,*,#1745,.F.);
#2295=ORIENTED_EDGE('',*,*,#1754,.F.);
#2296=ORIENTED_EDGE('',*,*,#1756,.F.);
#2297=ORIENTED_EDGE('',*,*,#1757,.F.);
#2298=ORIENTED_EDGE('',*,*,#1759,.F.);
#2299=ORIENTED_EDGE('',*,*,#1749,.F.);
#2300=ORIENTED_EDGE('',*,*,#1762,.F.);
#2301=ORIENTED_EDGE('',*,*,#1763,.T.);
#2302=ORIENTED_EDGE('',*,*,#1764,.F.);
#2303=ORIENTED_EDGE('',*,*,#1765,.F.);
#2304=ORIENTED_EDGE('',*,*,#1766,.T.);
#2305=ORIENTED_EDGE('',*,*,#1767,.F.);
#2306=ORIENTED_EDGE('',*,*,#1768,.F.);
#2307=ORIENTED_EDGE('',*,*,#1769,.T.);
#2308=ORIENTED_EDGE('',*,*,#1770,.F.);
#2309=ORIENTED_EDGE('',*,*,#1771,.F.);
#2310=ORIENTED_EDGE('',*,*,#1772,.F.);
#2311=ORIENTED_EDGE('',*,*,#1773,.T.);
#2312=ORIENTED_EDGE('',*,*,#1774,.F.);
#2313=ORIENTED_EDGE('',*,*,#1775,.F.);
#2314=ORIENTED_EDGE('',*,*,#1776,.F.);
#2315=ORIENTED_EDGE('',*,*,#1777,.F.);
#2316=ORIENTED_EDGE('',*,*,#1778,.F.);
#2317=ORIENTED_EDGE('',*,*,#1779,.F.);
#2318=ORIENTED_EDGE('',*,*,#1780,.F.);
#2319=ORIENTED_EDGE('',*,*,#1781,.F.);
#2320=ORIENTED_EDGE('',*,*,#1782,.F.);
#2321=ORIENTED_EDGE('',*,*,#1783,.F.);
#2322=ORIENTED_EDGE('',*,*,#1784,.F.);
#2323=ORIENTED_EDGE('',*,*,#1785,.F.);
#2324=ORIENTED_EDGE('',*,*,#1786,.F.);
#2325=ORIENTED_EDGE('',*,*,#1787,.F.);
#2326=ORIENTED_EDGE('',*,*,#1788,.F.);
#2327=ORIENTED_EDGE('',*,*,#1789,.F.);
#2328=ORIENTED_EDGE('',*,*,#1735,.T.);
#2329=ORIENTED_EDGE('',*,*,#1790,.T.);
#2330=ORIENTED_EDGE('',*,*,#1791,.T.);
#2331=ORIENTED_EDGE('',*,*,#1792,.F.);
#2332=ORIENTED_EDGE('',*,*,#1734,.T.);
#2333=ORIENTED_EDGE('',*,*,#1793,.T.);
#2334=ORIENTED_EDGE('',*,*,#1794,.T.);
#2335=ORIENTED_EDGE('',*,*,#1790,.F.);
#2336=ORIENTED_EDGE('',*,*,#1733,.T.);
#2337=ORIENTED_EDGE('',*,*,#1795,.T.);
#2338=ORIENTED_EDGE('',*,*,#1796,.T.);
#2339=ORIENTED_EDGE('',*,*,#1793,.F.);
#2340=ORIENTED_EDGE('',*,*,#1797,.T.);
#2341=ORIENTED_EDGE('',*,*,#1798,.T.);
#2342=ORIENTED_EDGE('',*,*,#1729,.T.);
#2343=ORIENTED_EDGE('',*,*,#1799,.T.);
#2344=ORIENTED_EDGE('',*,*,#1732,.T.);
#2345=ORIENTED_EDGE('',*,*,#1800,.T.);
#2346=ORIENTED_EDGE('',*,*,#1801,.T.);
#2347=ORIENTED_EDGE('',*,*,#1795,.F.);
#2348=ORIENTED_EDGE('',*,*,#1731,.T.);
#2349=ORIENTED_EDGE('',*,*,#1802,.T.);
#2350=ORIENTED_EDGE('',*,*,#1803,.T.);
#2351=ORIENTED_EDGE('',*,*,#1800,.F.);
#2352=ORIENTED_EDGE('',*,*,#1804,.T.);
#2353=ORIENTED_EDGE('',*,*,#1802,.F.);
#2354=ORIENTED_EDGE('',*,*,#1730,.T.);
#2355=ORIENTED_EDGE('',*,*,#1798,.F.);
#2356=ORIENTED_EDGE('',*,*,#1805,.T.);
#2357=ORIENTED_EDGE('',*,*,#1799,.F.);
#2358=ORIENTED_EDGE('',*,*,#1736,.T.);
#2359=ORIENTED_EDGE('',*,*,#1792,.T.);
#2360=ORIENTED_EDGE('',*,*,#1801,.F.);
#2361=ORIENTED_EDGE('',*,*,#1806,.T.);
#2362=ORIENTED_EDGE('',*,*,#1807,.F.);
#2363=ORIENTED_EDGE('',*,*,#1808,.F.);
#2364=ORIENTED_EDGE('',*,*,#1803,.F.);
#2365=ORIENTED_EDGE('',*,*,#1809,.T.);
#2366=ORIENTED_EDGE('',*,*,#1810,.F.);
#2367=ORIENTED_EDGE('',*,*,#1806,.F.);
#2368=ORIENTED_EDGE('',*,*,#1804,.F.);
#2369=ORIENTED_EDGE('',*,*,#1811,.T.);
#2370=ORIENTED_EDGE('',*,*,#1812,.F.);
#2371=ORIENTED_EDGE('',*,*,#1809,.F.);
#2372=ORIENTED_EDGE('',*,*,#1797,.F.);
#2373=ORIENTED_EDGE('',*,*,#1813,.T.);
#2374=ORIENTED_EDGE('',*,*,#1814,.F.);
#2375=ORIENTED_EDGE('',*,*,#1811,.F.);
#2376=ORIENTED_EDGE('',*,*,#1774,.T.);
#2377=ORIENTED_EDGE('',*,*,#1815,.T.);
#2378=ORIENTED_EDGE('',*,*,#1814,.T.);
#2379=ORIENTED_EDGE('',*,*,#1816,.T.);
#2380=ORIENTED_EDGE('',*,*,#1817,.T.);
#2381=ORIENTED_EDGE('',*,*,#1818,.T.);
#2382=ORIENTED_EDGE('',*,*,#1775,.T.);
#2383=ORIENTED_EDGE('',*,*,#1816,.F.);
#2384=ORIENTED_EDGE('',*,*,#1819,.T.);
#2385=ORIENTED_EDGE('',*,*,#1820,.T.);
#2386=ORIENTED_EDGE('',*,*,#1776,.T.);
#2387=ORIENTED_EDGE('',*,*,#1818,.F.);
#2388=ORIENTED_EDGE('',*,*,#1821,.T.);
#2389=ORIENTED_EDGE('',*,*,#1822,.T.);
#2390=ORIENTED_EDGE('',*,*,#1777,.T.);
#2391=ORIENTED_EDGE('',*,*,#1820,.F.);
#2392=ORIENTED_EDGE('',*,*,#1778,.T.);
#2393=ORIENTED_EDGE('',*,*,#1822,.F.);
#2394=ORIENTED_EDGE('',*,*,#1823,.T.);
#2395=ORIENTED_EDGE('',*,*,#1824,.T.);
#2396=ORIENTED_EDGE('',*,*,#1779,.T.);
#2397=ORIENTED_EDGE('',*,*,#1824,.F.);
#2398=ORIENTED_EDGE('',*,*,#1807,.T.);
#2399=ORIENTED_EDGE('',*,*,#1825,.T.);
#2400=ORIENTED_EDGE('',*,*,#1780,.T.);
#2401=ORIENTED_EDGE('',*,*,#1825,.F.);
#2402=ORIENTED_EDGE('',*,*,#1810,.T.);
#2403=ORIENTED_EDGE('',*,*,#1826,.T.);
#2404=ORIENTED_EDGE('',*,*,#1781,.T.);
#2405=ORIENTED_EDGE('',*,*,#1826,.F.);
#2406=ORIENTED_EDGE('',*,*,#1812,.T.);
#2407=ORIENTED_EDGE('',*,*,#1815,.F.);
#2408=ORIENTED_EDGE('',*,*,#1794,.F.);
#2409=ORIENTED_EDGE('',*,*,#1827,.T.);
#2410=ORIENTED_EDGE('',*,*,#1821,.F.);
#2411=ORIENTED_EDGE('',*,*,#1828,.F.);
#2412=ORIENTED_EDGE('',*,*,#1791,.F.);
#2413=ORIENTED_EDGE('',*,*,#1828,.T.);
#2414=ORIENTED_EDGE('',*,*,#1819,.F.);
#2415=ORIENTED_EDGE('',*,*,#1829,.F.);
#2416=ORIENTED_EDGE('',*,*,#1805,.F.);
#2417=ORIENTED_EDGE('',*,*,#1829,.T.);
#2418=ORIENTED_EDGE('',*,*,#1817,.F.);
#2419=ORIENTED_EDGE('',*,*,#1813,.F.);
#2420=ORIENTED_EDGE('',*,*,#1737,.T.);
#2421=ORIENTED_EDGE('',*,*,#1830,.T.);
#2422=ORIENTED_EDGE('',*,*,#1831,.T.);
#2423=ORIENTED_EDGE('',*,*,#1832,.T.);
#2424=ORIENTED_EDGE('',*,*,#1744,.T.);
#2425=ORIENTED_EDGE('',*,*,#1833,.T.);
#2426=ORIENTED_EDGE('',*,*,#1834,.T.);
#2427=ORIENTED_EDGE('',*,*,#1830,.F.);
#2428=ORIENTED_EDGE('',*,*,#1743,.T.);
#2429=ORIENTED_EDGE('',*,*,#1835,.T.);
#2430=ORIENTED_EDGE('',*,*,#1836,.T.);
#2431=ORIENTED_EDGE('',*,*,#1833,.F.);
#2432=ORIENTED_EDGE('',*,*,#1742,.T.);
#2433=ORIENTED_EDGE('',*,*,#1837,.T.);
#2434=ORIENTED_EDGE('',*,*,#1838,.T.);
#2435=ORIENTED_EDGE('',*,*,#1835,.F.);
#2436=ORIENTED_EDGE('',*,*,#1741,.T.);
#2437=ORIENTED_EDGE('',*,*,#1839,.T.);
#2438=ORIENTED_EDGE('',*,*,#1840,.T.);
#2439=ORIENTED_EDGE('',*,*,#1837,.F.);
#2440=ORIENTED_EDGE('',*,*,#1841,.T.);
#2441=ORIENTED_EDGE('',*,*,#1839,.F.);
#2442=ORIENTED_EDGE('',*,*,#1740,.T.);
#2443=ORIENTED_EDGE('',*,*,#1842,.T.);
#2444=ORIENTED_EDGE('',*,*,#1843,.T.);
#2445=ORIENTED_EDGE('',*,*,#1842,.F.);
#2446=ORIENTED_EDGE('',*,*,#1739,.T.);
#2447=ORIENTED_EDGE('',*,*,#1844,.T.);
#2448=ORIENTED_EDGE('',*,*,#1845,.T.);
#2449=ORIENTED_EDGE('',*,*,#1844,.F.);
#2450=ORIENTED_EDGE('',*,*,#1738,.T.);
#2451=ORIENTED_EDGE('',*,*,#1832,.F.);
#2452=ORIENTED_EDGE('',*,*,#1841,.F.);
#2453=ORIENTED_EDGE('',*,*,#1846,.T.);
#2454=ORIENTED_EDGE('',*,*,#1847,.F.);
#2455=ORIENTED_EDGE('',*,*,#1848,.F.);
#2456=ORIENTED_EDGE('',*,*,#1843,.F.);
#2457=ORIENTED_EDGE('',*,*,#1849,.T.);
#2458=ORIENTED_EDGE('',*,*,#1850,.F.);
#2459=ORIENTED_EDGE('',*,*,#1782,.T.);
#2460=ORIENTED_EDGE('',*,*,#1851,.F.);
#2461=ORIENTED_EDGE('',*,*,#1846,.F.);
#2462=ORIENTED_EDGE('',*,*,#1845,.F.);
#2463=ORIENTED_EDGE('',*,*,#1852,.T.);
#2464=ORIENTED_EDGE('',*,*,#1853,.F.);
#2465=ORIENTED_EDGE('',*,*,#1849,.F.);
#2466=ORIENTED_EDGE('',*,*,#1831,.F.);
#2467=ORIENTED_EDGE('',*,*,#1854,.T.);
#2468=ORIENTED_EDGE('',*,*,#1855,.F.);
#2469=ORIENTED_EDGE('',*,*,#1852,.F.);
#2470=ORIENTED_EDGE('',*,*,#1856,.T.);
#2471=ORIENTED_EDGE('',*,*,#1857,.T.);
#2472=ORIENTED_EDGE('',*,*,#1858,.T.);
#2473=ORIENTED_EDGE('',*,*,#1859,.F.);
#2474=ORIENTED_EDGE('',*,*,#1860,.T.);
#2475=ORIENTED_EDGE('',*,*,#1861,.T.);
#2476=ORIENTED_EDGE('',*,*,#1862,.T.);
#2477=ORIENTED_EDGE('',*,*,#1857,.F.);
#2478=ORIENTED_EDGE('',*,*,#1863,.T.);
#2479=ORIENTED_EDGE('',*,*,#1864,.T.);
#2480=ORIENTED_EDGE('',*,*,#1865,.T.);
#2481=ORIENTED_EDGE('',*,*,#1861,.F.);
#2482=ORIENTED_EDGE('',*,*,#1866,.T.);
#2483=ORIENTED_EDGE('',*,*,#1867,.T.);
#2484=ORIENTED_EDGE('',*,*,#1868,.T.);
#2485=ORIENTED_EDGE('',*,*,#1869,.T.);
#2486=ORIENTED_EDGE('',*,*,#1870,.T.);
#2487=ORIENTED_EDGE('',*,*,#1867,.F.);
#2488=ORIENTED_EDGE('',*,*,#1871,.T.);
#2489=ORIENTED_EDGE('',*,*,#1872,.T.);
#2490=ORIENTED_EDGE('',*,*,#1873,.T.);
#2491=ORIENTED_EDGE('',*,*,#1869,.F.);
#2492=ORIENTED_EDGE('',*,*,#1874,.T.);
#2493=ORIENTED_EDGE('',*,*,#1864,.F.);
#2494=ORIENTED_EDGE('',*,*,#1768,.T.);
#2495=ORIENTED_EDGE('',*,*,#1872,.F.);
#2496=ORIENTED_EDGE('',*,*,#1875,.T.);
#2497=ORIENTED_EDGE('',*,*,#1876,.T.);
#2498=ORIENTED_EDGE('',*,*,#1877,.T.);
#2499=ORIENTED_EDGE('',*,*,#1876,.F.);
#2500=ORIENTED_EDGE('',*,*,#1878,.T.);
#2501=ORIENTED_EDGE('',*,*,#1859,.T.);
#2502=ORIENTED_EDGE('',*,*,#1862,.F.);
#2503=ORIENTED_EDGE('',*,*,#1879,.T.);
#2504=ORIENTED_EDGE('',*,*,#1880,.F.);
#2505=ORIENTED_EDGE('',*,*,#1881,.F.);
#2506=ORIENTED_EDGE('',*,*,#1865,.F.);
#2507=ORIENTED_EDGE('',*,*,#1882,.T.);
#2508=ORIENTED_EDGE('',*,*,#1883,.F.);
#2509=ORIENTED_EDGE('',*,*,#1879,.F.);
#2510=ORIENTED_EDGE('',*,*,#1874,.F.);
#2511=ORIENTED_EDGE('',*,*,#1884,.T.);
#2512=ORIENTED_EDGE('',*,*,#1885,.F.);
#2513=ORIENTED_EDGE('',*,*,#1882,.F.);
#2514=ORIENTED_EDGE('',*,*,#1868,.F.);
#2515=ORIENTED_EDGE('',*,*,#1886,.T.);
#2516=ORIENTED_EDGE('',*,*,#1887,.F.);
#2517=ORIENTED_EDGE('',*,*,#1884,.F.);
#2518=ORIENTED_EDGE('',*,*,#1727,.T.);
#2519=ORIENTED_EDGE('',*,*,#1888,.F.);
#2520=ORIENTED_EDGE('',*,*,#1889,.T.);
#2521=ORIENTED_EDGE('',*,*,#1890,.F.);
#2522=ORIENTED_EDGE('',*,*,#1891,.F.);
#2523=ORIENTED_EDGE('',*,*,#1892,.F.);
#2524=ORIENTED_EDGE('',*,*,#1893,.F.);
#2525=ORIENTED_EDGE('',*,*,#1894,.F.);
#2526=ORIENTED_EDGE('',*,*,#1895,.F.);
#2527=ORIENTED_EDGE('',*,*,#1896,.F.);
#2528=ORIENTED_EDGE('',*,*,#1897,.F.);
#2529=ORIENTED_EDGE('',*,*,#1898,.F.);
#2530=ORIENTED_EDGE('',*,*,#1866,.F.);
#2531=ORIENTED_EDGE('',*,*,#1873,.F.);
#2532=ORIENTED_EDGE('',*,*,#1863,.F.);
#2533=ORIENTED_EDGE('',*,*,#1860,.F.);
#2534=ORIENTED_EDGE('',*,*,#1856,.F.);
#2535=ORIENTED_EDGE('',*,*,#1878,.F.);
#2536=ORIENTED_EDGE('',*,*,#1875,.F.);
#2537=ORIENTED_EDGE('',*,*,#1871,.F.);
#2538=ORIENTED_EDGE('',*,*,#1855,.T.);
#2539=ORIENTED_EDGE('',*,*,#1899,.T.);
#2540=ORIENTED_EDGE('',*,*,#1784,.T.);
#2541=ORIENTED_EDGE('',*,*,#1900,.T.);
#2542=ORIENTED_EDGE('',*,*,#1901,.T.);
#2543=ORIENTED_EDGE('',*,*,#1902,.T.);
#2544=ORIENTED_EDGE('',*,*,#1785,.T.);
#2545=ORIENTED_EDGE('',*,*,#1899,.F.);
#2546=ORIENTED_EDGE('',*,*,#1903,.T.);
#2547=ORIENTED_EDGE('',*,*,#1904,.T.);
#2548=ORIENTED_EDGE('',*,*,#1786,.T.);
#2549=ORIENTED_EDGE('',*,*,#1902,.F.);
#2550=ORIENTED_EDGE('',*,*,#1905,.T.);
#2551=ORIENTED_EDGE('',*,*,#1906,.T.);
#2552=ORIENTED_EDGE('',*,*,#1787,.T.);
#2553=ORIENTED_EDGE('',*,*,#1904,.F.);
#2554=ORIENTED_EDGE('',*,*,#1907,.T.);
#2555=ORIENTED_EDGE('',*,*,#1908,.T.);
#2556=ORIENTED_EDGE('',*,*,#1788,.T.);
#2557=ORIENTED_EDGE('',*,*,#1906,.F.);
#2558=ORIENTED_EDGE('',*,*,#1847,.T.);
#2559=ORIENTED_EDGE('',*,*,#1851,.T.);
#2560=ORIENTED_EDGE('',*,*,#1789,.T.);
#2561=ORIENTED_EDGE('',*,*,#1908,.F.);
#2562=ORIENTED_EDGE('',*,*,#1783,.T.);
#2563=ORIENTED_EDGE('',*,*,#1850,.T.);
#2564=ORIENTED_EDGE('',*,*,#1853,.T.);
#2565=ORIENTED_EDGE('',*,*,#1900,.F.);
#2566=ORIENTED_EDGE('',*,*,#1840,.F.);
#2567=ORIENTED_EDGE('',*,*,#1848,.T.);
#2568=ORIENTED_EDGE('',*,*,#1907,.F.);
#2569=ORIENTED_EDGE('',*,*,#1909,.F.);
#2570=ORIENTED_EDGE('',*,*,#1838,.F.);
#2571=ORIENTED_EDGE('',*,*,#1909,.T.);
#2572=ORIENTED_EDGE('',*,*,#1905,.F.);
#2573=ORIENTED_EDGE('',*,*,#1910,.F.);
#2574=ORIENTED_EDGE('',*,*,#1836,.F.);
#2575=ORIENTED_EDGE('',*,*,#1910,.T.);
#2576=ORIENTED_EDGE('',*,*,#1903,.F.);
#2577=ORIENTED_EDGE('',*,*,#1911,.F.);
#2578=ORIENTED_EDGE('',*,*,#1834,.F.);
#2579=ORIENTED_EDGE('',*,*,#1911,.T.);
#2580=ORIENTED_EDGE('',*,*,#1901,.F.);
#2581=ORIENTED_EDGE('',*,*,#1854,.F.);
#2582=ORIENTED_EDGE('',*,*,#1912,.T.);
#2583=ORIENTED_EDGE('',*,*,#1770,.T.);
#2584=ORIENTED_EDGE('',*,*,#1913,.T.);
#2585=ORIENTED_EDGE('',*,*,#1914,.T.);
#2586=ORIENTED_EDGE('',*,*,#1915,.T.);
#2587=ORIENTED_EDGE('',*,*,#1916,.T.);
#2588=ORIENTED_EDGE('',*,*,#1917,.T.);
#2589=ORIENTED_EDGE('',*,*,#1914,.F.);
#2590=ORIENTED_EDGE('',*,*,#1880,.T.);
#2591=ORIENTED_EDGE('',*,*,#1918,.T.);
#2592=ORIENTED_EDGE('',*,*,#1919,.T.);
#2593=ORIENTED_EDGE('',*,*,#1916,.F.);
#2594=ORIENTED_EDGE('',*,*,#1883,.T.);
#2595=ORIENTED_EDGE('',*,*,#1920,.T.);
#2596=ORIENTED_EDGE('',*,*,#1921,.T.);
#2597=ORIENTED_EDGE('',*,*,#1918,.F.);
#2598=ORIENTED_EDGE('',*,*,#1887,.T.);
#2599=ORIENTED_EDGE('',*,*,#1922,.T.);
#2600=ORIENTED_EDGE('',*,*,#1923,.T.);
#2601=ORIENTED_EDGE('',*,*,#1924,.T.);
#2602=ORIENTED_EDGE('',*,*,#1925,.T.);
#2603=ORIENTED_EDGE('',*,*,#1766,.F.);
#2604=ORIENTED_EDGE('',*,*,#1926,.T.);
#2605=ORIENTED_EDGE('',*,*,#1922,.F.);
#2606=ORIENTED_EDGE('',*,*,#1885,.T.);
#2607=ORIENTED_EDGE('',*,*,#1924,.F.);
#2608=ORIENTED_EDGE('',*,*,#1927,.T.);
#2609=ORIENTED_EDGE('',*,*,#1920,.F.);
#2610=ORIENTED_EDGE('',*,*,#1912,.F.);
#2611=ORIENTED_EDGE('',*,*,#1917,.F.);
#2612=ORIENTED_EDGE('',*,*,#1919,.F.);
#2613=ORIENTED_EDGE('',*,*,#1921,.F.);
#2614=ORIENTED_EDGE('',*,*,#1927,.F.);
#2615=ORIENTED_EDGE('',*,*,#1923,.F.);
#2616=ORIENTED_EDGE('',*,*,#1926,.F.);
#2617=ORIENTED_EDGE('',*,*,#1765,.T.);
#2618=ORIENTED_EDGE('',*,*,#1928,.F.);
#2619=ORIENTED_EDGE('',*,*,#1929,.T.);
#2620=ORIENTED_EDGE('',*,*,#1930,.F.);
#2621=ORIENTED_EDGE('',*,*,#1931,.F.);
#2622=ORIENTED_EDGE('',*,*,#1932,.F.);
#2623=ORIENTED_EDGE('',*,*,#1933,.F.);
#2624=ORIENTED_EDGE('',*,*,#1934,.F.);
#2625=ORIENTED_EDGE('',*,*,#1935,.F.);
#2626=ORIENTED_EDGE('',*,*,#1936,.F.);
#2627=ORIENTED_EDGE('',*,*,#1937,.T.);
#2628=ORIENTED_EDGE('',*,*,#1938,.F.);
#2629=ORIENTED_EDGE('',*,*,#1771,.T.);
#2630=ORIENTED_EDGE('',*,*,#1897,.T.);
#2631=ORIENTED_EDGE('',*,*,#1939,.T.);
#2632=ORIENTED_EDGE('',*,*,#1940,.T.);
#2633=ORIENTED_EDGE('',*,*,#1941,.F.);
#2634=ORIENTED_EDGE('',*,*,#1896,.T.);
#2635=ORIENTED_EDGE('',*,*,#1942,.T.);
#2636=ORIENTED_EDGE('',*,*,#1943,.T.);
#2637=ORIENTED_EDGE('',*,*,#1939,.F.);
#2638=ORIENTED_EDGE('',*,*,#1895,.T.);
#2639=ORIENTED_EDGE('',*,*,#1944,.T.);
#2640=ORIENTED_EDGE('',*,*,#1945,.T.);
#2641=ORIENTED_EDGE('',*,*,#1942,.F.);
#2642=ORIENTED_EDGE('',*,*,#1946,.T.);
#2643=ORIENTED_EDGE('',*,*,#1947,.T.);
#2644=ORIENTED_EDGE('',*,*,#1891,.T.);
#2645=ORIENTED_EDGE('',*,*,#1948,.T.);
#2646=ORIENTED_EDGE('',*,*,#1894,.T.);
#2647=ORIENTED_EDGE('',*,*,#1949,.T.);
#2648=ORIENTED_EDGE('',*,*,#1950,.T.);
#2649=ORIENTED_EDGE('',*,*,#1944,.F.);
#2650=ORIENTED_EDGE('',*,*,#1893,.T.);
#2651=ORIENTED_EDGE('',*,*,#1951,.T.);
#2652=ORIENTED_EDGE('',*,*,#1952,.T.);
#2653=ORIENTED_EDGE('',*,*,#1949,.F.);
#2654=ORIENTED_EDGE('',*,*,#1953,.T.);
#2655=ORIENTED_EDGE('',*,*,#1951,.F.);
#2656=ORIENTED_EDGE('',*,*,#1892,.T.);
#2657=ORIENTED_EDGE('',*,*,#1947,.F.);
#2658=ORIENTED_EDGE('',*,*,#1954,.T.);
#2659=ORIENTED_EDGE('',*,*,#1948,.F.);
#2660=ORIENTED_EDGE('',*,*,#1898,.T.);
#2661=ORIENTED_EDGE('',*,*,#1941,.T.);
#2662=ORIENTED_EDGE('',*,*,#1950,.F.);
#2663=ORIENTED_EDGE('',*,*,#1955,.T.);
#2664=ORIENTED_EDGE('',*,*,#1956,.F.);
#2665=ORIENTED_EDGE('',*,*,#1957,.F.);
#2666=ORIENTED_EDGE('',*,*,#1952,.F.);
#2667=ORIENTED_EDGE('',*,*,#1958,.T.);
#2668=ORIENTED_EDGE('',*,*,#1959,.F.);
#2669=ORIENTED_EDGE('',*,*,#1955,.F.);
#2670=ORIENTED_EDGE('',*,*,#1953,.F.);
#2671=ORIENTED_EDGE('',*,*,#1960,.T.);
#2672=ORIENTED_EDGE('',*,*,#1961,.F.);
#2673=ORIENTED_EDGE('',*,*,#1929,.F.);
#2674=ORIENTED_EDGE('',*,*,#1962,.F.);
#2675=ORIENTED_EDGE('',*,*,#1963,.F.);
#2676=ORIENTED_EDGE('',*,*,#1964,.F.);
#2677=ORIENTED_EDGE('',*,*,#1965,.F.);
#2678=ORIENTED_EDGE('',*,*,#1966,.F.);
#2679=ORIENTED_EDGE('',*,*,#1967,.F.);
#2680=ORIENTED_EDGE('',*,*,#1968,.F.);
#2681=ORIENTED_EDGE('',*,*,#1969,.F.);
#2682=ORIENTED_EDGE('',*,*,#1970,.F.);
#2683=ORIENTED_EDGE('',*,*,#1971,.F.);
#2684=ORIENTED_EDGE('',*,*,#1972,.F.);
#2685=ORIENTED_EDGE('',*,*,#1937,.F.);
#2686=ORIENTED_EDGE('',*,*,#1973,.T.);
#2687=ORIENTED_EDGE('',*,*,#1958,.F.);
#2688=ORIENTED_EDGE('',*,*,#1974,.F.);
#2689=ORIENTED_EDGE('',*,*,#1975,.F.);
#2690=ORIENTED_EDGE('',*,*,#1976,.F.);
#2691=ORIENTED_EDGE('',*,*,#1977,.F.);
#2692=ORIENTED_EDGE('',*,*,#1978,.F.);
#2693=ORIENTED_EDGE('',*,*,#1979,.F.);
#2694=ORIENTED_EDGE('',*,*,#1980,.F.);
#2695=ORIENTED_EDGE('',*,*,#1981,.F.);
#2696=ORIENTED_EDGE('',*,*,#1982,.T.);
#2697=ORIENTED_EDGE('',*,*,#1983,.F.);
#2698=ORIENTED_EDGE('',*,*,#1984,.F.);
#2699=ORIENTED_EDGE('',*,*,#1985,.F.);
#2700=ORIENTED_EDGE('',*,*,#1986,.F.);
#2701=ORIENTED_EDGE('',*,*,#1987,.F.);
#2702=ORIENTED_EDGE('',*,*,#1988,.F.);
#2703=ORIENTED_EDGE('',*,*,#1989,.F.);
#2704=ORIENTED_EDGE('',*,*,#1946,.F.);
#2705=ORIENTED_EDGE('',*,*,#1990,.T.);
#2706=ORIENTED_EDGE('',*,*,#1991,.F.);
#2707=ORIENTED_EDGE('',*,*,#1960,.F.);
#2708=ORIENTED_EDGE('',*,*,#1992,.T.);
#2709=ORIENTED_EDGE('',*,*,#1993,.T.);
#2710=ORIENTED_EDGE('',*,*,#1994,.T.);
#2711=ORIENTED_EDGE('',*,*,#1995,.T.);
#2712=ORIENTED_EDGE('',*,*,#1996,.T.);
#2713=ORIENTED_EDGE('',*,*,#1997,.T.);
#2714=ORIENTED_EDGE('',*,*,#1998,.T.);
#2715=ORIENTED_EDGE('',*,*,#1993,.F.);
#2716=ORIENTED_EDGE('',*,*,#1999,.T.);
#2717=ORIENTED_EDGE('',*,*,#1997,.F.);
#2718=ORIENTED_EDGE('',*,*,#2000,.T.);
#2719=ORIENTED_EDGE('',*,*,#2001,.T.);
#2720=ORIENTED_EDGE('',*,*,#2002,.T.);
#2721=ORIENTED_EDGE('',*,*,#2001,.F.);
#2722=ORIENTED_EDGE('',*,*,#2003,.T.);
#2723=ORIENTED_EDGE('',*,*,#2004,.T.);
#2724=ORIENTED_EDGE('',*,*,#2005,.T.);
#2725=ORIENTED_EDGE('',*,*,#2004,.F.);
#2726=ORIENTED_EDGE('',*,*,#2006,.T.);
#2727=ORIENTED_EDGE('',*,*,#2007,.T.);
#2728=ORIENTED_EDGE('',*,*,#2008,.T.);
#2729=ORIENTED_EDGE('',*,*,#1995,.F.);
#2730=ORIENTED_EDGE('',*,*,#2009,.T.);
#2731=ORIENTED_EDGE('',*,*,#2010,.F.);
#2732=ORIENTED_EDGE('',*,*,#2011,.T.);
#2733=ORIENTED_EDGE('',*,*,#2007,.F.);
#2734=ORIENTED_EDGE('',*,*,#2012,.T.);
#2735=ORIENTED_EDGE('',*,*,#2013,.T.);
#2736=ORIENTED_EDGE('',*,*,#2014,.T.);
#2737=ORIENTED_EDGE('',*,*,#2013,.F.);
#2738=ORIENTED_EDGE('',*,*,#2015,.T.);
#2739=ORIENTED_EDGE('',*,*,#2010,.T.);
#2740=ORIENTED_EDGE('',*,*,#2003,.F.);
#2741=ORIENTED_EDGE('',*,*,#2016,.F.);
#2742=ORIENTED_EDGE('',*,*,#2017,.F.);
#2743=ORIENTED_EDGE('',*,*,#2018,.T.);
#2744=ORIENTED_EDGE('',*,*,#2000,.F.);
#2745=ORIENTED_EDGE('',*,*,#2019,.F.);
#2746=ORIENTED_EDGE('',*,*,#2020,.F.);
#2747=ORIENTED_EDGE('',*,*,#2016,.T.);
#2748=ORIENTED_EDGE('',*,*,#1996,.F.);
#2749=ORIENTED_EDGE('',*,*,#2021,.F.);
#2750=ORIENTED_EDGE('',*,*,#2022,.F.);
#2751=ORIENTED_EDGE('',*,*,#2019,.T.);
#2752=ORIENTED_EDGE('',*,*,#1992,.F.);
#2753=ORIENTED_EDGE('',*,*,#2023,.F.);
#2754=ORIENTED_EDGE('',*,*,#2024,.F.);
#2755=ORIENTED_EDGE('',*,*,#2021,.T.);
#2756=ORIENTED_EDGE('',*,*,#1889,.F.);
#2757=ORIENTED_EDGE('',*,*,#2025,.F.);
#2758=ORIENTED_EDGE('',*,*,#2026,.T.);
#2759=ORIENTED_EDGE('',*,*,#2027,.F.);
#2760=ORIENTED_EDGE('',*,*,#2028,.F.);
#2761=ORIENTED_EDGE('',*,*,#2029,.F.);
#2762=ORIENTED_EDGE('',*,*,#2030,.F.);
#2763=ORIENTED_EDGE('',*,*,#2031,.F.);
#2764=ORIENTED_EDGE('',*,*,#2032,.F.);
#2765=ORIENTED_EDGE('',*,*,#2033,.F.);
#2766=ORIENTED_EDGE('',*,*,#2034,.F.);
#2767=ORIENTED_EDGE('',*,*,#2035,.F.);
#2768=ORIENTED_EDGE('',*,*,#2036,.F.);
#2769=ORIENTED_EDGE('',*,*,#2037,.F.);
#2770=ORIENTED_EDGE('',*,*,#2038,.F.);
#2771=ORIENTED_EDGE('',*,*,#2039,.F.);
#2772=ORIENTED_EDGE('',*,*,#2040,.F.);
#2773=ORIENTED_EDGE('',*,*,#2041,.F.);
#2774=ORIENTED_EDGE('',*,*,#2042,.F.);
#2775=ORIENTED_EDGE('',*,*,#2043,.F.);
#2776=ORIENTED_EDGE('',*,*,#1994,.F.);
#2777=ORIENTED_EDGE('',*,*,#1998,.F.);
#2778=ORIENTED_EDGE('',*,*,#1999,.F.);
#2779=ORIENTED_EDGE('',*,*,#2002,.F.);
#2780=ORIENTED_EDGE('',*,*,#2005,.F.);
#2781=ORIENTED_EDGE('',*,*,#2011,.F.);
#2782=ORIENTED_EDGE('',*,*,#2014,.F.);
#2783=ORIENTED_EDGE('',*,*,#2009,.F.);
#2784=ORIENTED_EDGE('',*,*,#1930,.T.);
#2785=ORIENTED_EDGE('',*,*,#1961,.T.);
#2786=ORIENTED_EDGE('',*,*,#1991,.T.);
#2787=ORIENTED_EDGE('',*,*,#2044,.T.);
#2788=ORIENTED_EDGE('',*,*,#1931,.T.);
#2789=ORIENTED_EDGE('',*,*,#2044,.F.);
#2790=ORIENTED_EDGE('',*,*,#2045,.T.);
#2791=ORIENTED_EDGE('',*,*,#2046,.T.);
#2792=ORIENTED_EDGE('',*,*,#1932,.T.);
#2793=ORIENTED_EDGE('',*,*,#2046,.F.);
#2794=ORIENTED_EDGE('',*,*,#2047,.T.);
#2795=ORIENTED_EDGE('',*,*,#2048,.T.);
#2796=ORIENTED_EDGE('',*,*,#1933,.T.);
#2797=ORIENTED_EDGE('',*,*,#2048,.F.);
#2798=ORIENTED_EDGE('',*,*,#2049,.T.);
#2799=ORIENTED_EDGE('',*,*,#2050,.T.);
#2800=ORIENTED_EDGE('',*,*,#1934,.T.);
#2801=ORIENTED_EDGE('',*,*,#2050,.F.);
#2802=ORIENTED_EDGE('',*,*,#2051,.T.);
#2803=ORIENTED_EDGE('',*,*,#2052,.T.);
#2804=ORIENTED_EDGE('',*,*,#1935,.T.);
#2805=ORIENTED_EDGE('',*,*,#2052,.F.);
#2806=ORIENTED_EDGE('',*,*,#1956,.T.);
#2807=ORIENTED_EDGE('',*,*,#2053,.T.);
#2808=ORIENTED_EDGE('',*,*,#1959,.T.);
#2809=ORIENTED_EDGE('',*,*,#1973,.F.);
#2810=ORIENTED_EDGE('',*,*,#1936,.T.);
#2811=ORIENTED_EDGE('',*,*,#2053,.F.);
#2812=ORIENTED_EDGE('',*,*,#2024,.T.);
#2813=ORIENTED_EDGE('',*,*,#2054,.T.);
#2814=ORIENTED_EDGE('',*,*,#1988,.T.);
#2815=ORIENTED_EDGE('',*,*,#2055,.T.);
#2816=ORIENTED_EDGE('',*,*,#2056,.T.);
#2817=ORIENTED_EDGE('',*,*,#2057,.F.);
#2818=ORIENTED_EDGE('',*,*,#1989,.T.);
#2819=ORIENTED_EDGE('',*,*,#2054,.F.);
#2820=ORIENTED_EDGE('',*,*,#2022,.T.);
#2821=ORIENTED_EDGE('',*,*,#2055,.F.);
#2822=ORIENTED_EDGE('',*,*,#1987,.T.);
#2823=ORIENTED_EDGE('',*,*,#2058,.T.);
#2824=ORIENTED_EDGE('',*,*,#2020,.T.);
#2825=ORIENTED_EDGE('',*,*,#2058,.F.);
#2826=ORIENTED_EDGE('',*,*,#1986,.T.);
#2827=ORIENTED_EDGE('',*,*,#2059,.T.);
#2828=ORIENTED_EDGE('',*,*,#2017,.T.);
#2829=ORIENTED_EDGE('',*,*,#2059,.F.);
#2830=ORIENTED_EDGE('',*,*,#1985,.T.);
#2831=ORIENTED_EDGE('',*,*,#2060,.T.);
#2832=ORIENTED_EDGE('',*,*,#2061,.T.);
#2833=ORIENTED_EDGE('',*,*,#2060,.F.);
#2834=ORIENTED_EDGE('',*,*,#1984,.T.);
#2835=ORIENTED_EDGE('',*,*,#2062,.T.);
#2836=ORIENTED_EDGE('',*,*,#1983,.T.);
#2837=ORIENTED_EDGE('',*,*,#2063,.T.);
#2838=ORIENTED_EDGE('',*,*,#2064,.T.);
#2839=ORIENTED_EDGE('',*,*,#2062,.F.);
#2840=ORIENTED_EDGE('',*,*,#2008,.F.);
#2841=ORIENTED_EDGE('',*,*,#2065,.F.);
#2842=ORIENTED_EDGE('',*,*,#2056,.F.);
#2843=ORIENTED_EDGE('',*,*,#2023,.T.);
#2844=ORIENTED_EDGE('',*,*,#2006,.F.);
#2845=ORIENTED_EDGE('',*,*,#2018,.F.);
#2846=ORIENTED_EDGE('',*,*,#2061,.F.);
#2847=ORIENTED_EDGE('',*,*,#2066,.T.);
#2848=ORIENTED_EDGE('',*,*,#2012,.F.);
#2849=ORIENTED_EDGE('',*,*,#2066,.F.);
#2850=ORIENTED_EDGE('',*,*,#2064,.F.);
#2851=ORIENTED_EDGE('',*,*,#2067,.T.);
#2852=ORIENTED_EDGE('',*,*,#2068,.T.);
#2853=ORIENTED_EDGE('',*,*,#2069,.T.);
#2854=ORIENTED_EDGE('',*,*,#2028,.T.);
#2855=ORIENTED_EDGE('',*,*,#2070,.T.);
#2856=ORIENTED_EDGE('',*,*,#2071,.T.);
#2857=ORIENTED_EDGE('',*,*,#2072,.T.);
#2858=ORIENTED_EDGE('',*,*,#2029,.T.);
#2859=ORIENTED_EDGE('',*,*,#2069,.F.);
#2860=ORIENTED_EDGE('',*,*,#2030,.T.);
#2861=ORIENTED_EDGE('',*,*,#2072,.F.);
#2862=ORIENTED_EDGE('',*,*,#2073,.T.);
#2863=ORIENTED_EDGE('',*,*,#2074,.T.);
#2864=ORIENTED_EDGE('',*,*,#2031,.T.);
#2865=ORIENTED_EDGE('',*,*,#2074,.F.);
#2866=ORIENTED_EDGE('',*,*,#2075,.T.);
#2867=ORIENTED_EDGE('',*,*,#2076,.T.);
#2868=ORIENTED_EDGE('',*,*,#2032,.T.);
#2869=ORIENTED_EDGE('',*,*,#2076,.F.);
#2870=ORIENTED_EDGE('',*,*,#2077,.T.);
#2871=ORIENTED_EDGE('',*,*,#2078,.T.);
#2872=ORIENTED_EDGE('',*,*,#2079,.T.);
#2873=ORIENTED_EDGE('',*,*,#2070,.F.);
#2874=ORIENTED_EDGE('',*,*,#2035,.T.);
#2875=ORIENTED_EDGE('',*,*,#2080,.F.);
#2876=ORIENTED_EDGE('',*,*,#2033,.T.);
#2877=ORIENTED_EDGE('',*,*,#2078,.F.);
#2878=ORIENTED_EDGE('',*,*,#2081,.T.);
#2879=ORIENTED_EDGE('',*,*,#2082,.T.);
#2880=ORIENTED_EDGE('',*,*,#2034,.T.);
#2881=ORIENTED_EDGE('',*,*,#2082,.F.);
#2882=ORIENTED_EDGE('',*,*,#2083,.T.);
#2883=ORIENTED_EDGE('',*,*,#2080,.T.);
#2884=ORIENTED_EDGE('',*,*,#2075,.F.);
#2885=ORIENTED_EDGE('',*,*,#2084,.F.);
#2886=ORIENTED_EDGE('',*,*,#2085,.F.);
#2887=ORIENTED_EDGE('',*,*,#2086,.T.);
#2888=ORIENTED_EDGE('',*,*,#2073,.F.);
#2889=ORIENTED_EDGE('',*,*,#2087,.F.);
#2890=ORIENTED_EDGE('',*,*,#2088,.F.);
#2891=ORIENTED_EDGE('',*,*,#2084,.T.);
#2892=ORIENTED_EDGE('',*,*,#2071,.F.);
#2893=ORIENTED_EDGE('',*,*,#2089,.F.);
#2894=ORIENTED_EDGE('',*,*,#2090,.F.);
#2895=ORIENTED_EDGE('',*,*,#2087,.T.);
#2896=ORIENTED_EDGE('',*,*,#2068,.F.);
#2897=ORIENTED_EDGE('',*,*,#2091,.F.);
#2898=ORIENTED_EDGE('',*,*,#2092,.F.);
#2899=ORIENTED_EDGE('',*,*,#2089,.T.);
#2900=ORIENTED_EDGE('',*,*,#1976,.T.);
#2901=ORIENTED_EDGE('',*,*,#2093,.T.);
#2902=ORIENTED_EDGE('',*,*,#2094,.T.);
#2903=ORIENTED_EDGE('',*,*,#2095,.F.);
#2904=ORIENTED_EDGE('',*,*,#1974,.T.);
#2905=ORIENTED_EDGE('',*,*,#2096,.T.);
#2906=ORIENTED_EDGE('',*,*,#2092,.T.);
#2907=ORIENTED_EDGE('',*,*,#2097,.T.);
#2908=ORIENTED_EDGE('',*,*,#1981,.T.);
#2909=ORIENTED_EDGE('',*,*,#2098,.T.);
#2910=ORIENTED_EDGE('',*,*,#2090,.T.);
#2911=ORIENTED_EDGE('',*,*,#2096,.F.);
#2912=ORIENTED_EDGE('',*,*,#1980,.T.);
#2913=ORIENTED_EDGE('',*,*,#2099,.T.);
#2914=ORIENTED_EDGE('',*,*,#2088,.T.);
#2915=ORIENTED_EDGE('',*,*,#2098,.F.);
#2916=ORIENTED_EDGE('',*,*,#2085,.T.);
#2917=ORIENTED_EDGE('',*,*,#2099,.F.);
#2918=ORIENTED_EDGE('',*,*,#1979,.T.);
#2919=ORIENTED_EDGE('',*,*,#2100,.T.);
#2920=ORIENTED_EDGE('',*,*,#2101,.T.);
#2921=ORIENTED_EDGE('',*,*,#2100,.F.);
#2922=ORIENTED_EDGE('',*,*,#1978,.T.);
#2923=ORIENTED_EDGE('',*,*,#2102,.T.);
#2924=ORIENTED_EDGE('',*,*,#2103,.T.);
#2925=ORIENTED_EDGE('',*,*,#2102,.F.);
#2926=ORIENTED_EDGE('',*,*,#1977,.T.);
#2927=ORIENTED_EDGE('',*,*,#2095,.T.);
#2928=ORIENTED_EDGE('',*,*,#1975,.T.);
#2929=ORIENTED_EDGE('',*,*,#2097,.F.);
#2930=ORIENTED_EDGE('',*,*,#2104,.T.);
#2931=ORIENTED_EDGE('',*,*,#2093,.F.);
#2932=ORIENTED_EDGE('',*,*,#2081,.F.);
#2933=ORIENTED_EDGE('',*,*,#2105,.F.);
#2934=ORIENTED_EDGE('',*,*,#2103,.F.);
#2935=ORIENTED_EDGE('',*,*,#2106,.T.);
#2936=ORIENTED_EDGE('',*,*,#2083,.F.);
#2937=ORIENTED_EDGE('',*,*,#2106,.F.);
#2938=ORIENTED_EDGE('',*,*,#2094,.F.);
#2939=ORIENTED_EDGE('',*,*,#2107,.T.);
#2940=ORIENTED_EDGE('',*,*,#2079,.F.);
#2941=ORIENTED_EDGE('',*,*,#2107,.F.);
#2942=ORIENTED_EDGE('',*,*,#2104,.F.);
#2943=ORIENTED_EDGE('',*,*,#2091,.T.);
#2944=ORIENTED_EDGE('',*,*,#2108,.T.);
#2945=ORIENTED_EDGE('',*,*,#2109,.F.);
#2946=ORIENTED_EDGE('',*,*,#1970,.T.);
#2947=ORIENTED_EDGE('',*,*,#2110,.T.);
#2948=ORIENTED_EDGE('',*,*,#1969,.T.);
#2949=ORIENTED_EDGE('',*,*,#2111,.T.);
#2950=ORIENTED_EDGE('',*,*,#2112,.T.);
#2951=ORIENTED_EDGE('',*,*,#2110,.F.);
#2952=ORIENTED_EDGE('',*,*,#1968,.T.);
#2953=ORIENTED_EDGE('',*,*,#2113,.T.);
#2954=ORIENTED_EDGE('',*,*,#2114,.T.);
#2955=ORIENTED_EDGE('',*,*,#2111,.F.);
#2956=ORIENTED_EDGE('',*,*,#1967,.T.);
#2957=ORIENTED_EDGE('',*,*,#2115,.T.);
#2958=ORIENTED_EDGE('',*,*,#2116,.T.);
#2959=ORIENTED_EDGE('',*,*,#2113,.F.);
#2960=ORIENTED_EDGE('',*,*,#1965,.T.);
#2961=ORIENTED_EDGE('',*,*,#2117,.T.);
#2962=ORIENTED_EDGE('',*,*,#2118,.T.);
#2963=ORIENTED_EDGE('',*,*,#2119,.T.);
#2964=ORIENTED_EDGE('',*,*,#1964,.T.);
#2965=ORIENTED_EDGE('',*,*,#2120,.F.);
#2966=ORIENTED_EDGE('',*,*,#2121,.T.);
#2967=ORIENTED_EDGE('',*,*,#2117,.F.);
#2968=ORIENTED_EDGE('',*,*,#1966,.T.);
#2969=ORIENTED_EDGE('',*,*,#2119,.F.);
#2970=ORIENTED_EDGE('',*,*,#2122,.T.);
#2971=ORIENTED_EDGE('',*,*,#2115,.F.);
#2972=ORIENTED_EDGE('',*,*,#2108,.F.);
#2973=ORIENTED_EDGE('',*,*,#2123,.T.);
#2974=ORIENTED_EDGE('',*,*,#2124,.F.);
#2975=ORIENTED_EDGE('',*,*,#2125,.F.);
#2976=ORIENTED_EDGE('',*,*,#2112,.F.);
#2977=ORIENTED_EDGE('',*,*,#2126,.T.);
#2978=ORIENTED_EDGE('',*,*,#2127,.F.);
#2979=ORIENTED_EDGE('',*,*,#2123,.F.);
#2980=ORIENTED_EDGE('',*,*,#2114,.F.);
#2981=ORIENTED_EDGE('',*,*,#2128,.T.);
#2982=ORIENTED_EDGE('',*,*,#2129,.F.);
#2983=ORIENTED_EDGE('',*,*,#2126,.F.);
#2984=ORIENTED_EDGE('',*,*,#2116,.F.);
#2985=ORIENTED_EDGE('',*,*,#2130,.T.);
#2986=ORIENTED_EDGE('',*,*,#2131,.F.);
#2987=ORIENTED_EDGE('',*,*,#2128,.F.);
#2988=ORIENTED_EDGE('',*,*,#2122,.F.);
#2989=ORIENTED_EDGE('',*,*,#2132,.T.);
#2990=ORIENTED_EDGE('',*,*,#2133,.F.);
#2991=ORIENTED_EDGE('',*,*,#2130,.F.);
#2992=ORIENTED_EDGE('',*,*,#2118,.F.);
#2993=ORIENTED_EDGE('',*,*,#2134,.T.);
#2994=ORIENTED_EDGE('',*,*,#2135,.F.);
#2995=ORIENTED_EDGE('',*,*,#2132,.F.);
#2996=ORIENTED_EDGE('',*,*,#2121,.F.);
#2997=ORIENTED_EDGE('',*,*,#2136,.T.);
#2998=ORIENTED_EDGE('',*,*,#2137,.F.);
#2999=ORIENTED_EDGE('',*,*,#2134,.F.);
#3000=ORIENTED_EDGE('',*,*,#2124,.T.);
#3001=ORIENTED_EDGE('',*,*,#2138,.T.);
#3002=ORIENTED_EDGE('',*,*,#2039,.T.);
#3003=ORIENTED_EDGE('',*,*,#2139,.F.);
#3004=ORIENTED_EDGE('',*,*,#2036,.T.);
#3005=ORIENTED_EDGE('',*,*,#2140,.T.);
#3006=ORIENTED_EDGE('',*,*,#2135,.T.);
#3007=ORIENTED_EDGE('',*,*,#2141,.T.);
#3008=ORIENTED_EDGE('',*,*,#2127,.T.);
#3009=ORIENTED_EDGE('',*,*,#2142,.T.);
#3010=ORIENTED_EDGE('',*,*,#2040,.T.);
#3011=ORIENTED_EDGE('',*,*,#2138,.F.);
#3012=ORIENTED_EDGE('',*,*,#2129,.T.);
#3013=ORIENTED_EDGE('',*,*,#2143,.T.);
#3014=ORIENTED_EDGE('',*,*,#2041,.T.);
#3015=ORIENTED_EDGE('',*,*,#2142,.F.);
#3016=ORIENTED_EDGE('',*,*,#2042,.T.);
#3017=ORIENTED_EDGE('',*,*,#2143,.F.);
#3018=ORIENTED_EDGE('',*,*,#2131,.T.);
#3019=ORIENTED_EDGE('',*,*,#2144,.T.);
#3020=ORIENTED_EDGE('',*,*,#2043,.T.);
#3021=ORIENTED_EDGE('',*,*,#2144,.F.);
#3022=ORIENTED_EDGE('',*,*,#2133,.T.);
#3023=ORIENTED_EDGE('',*,*,#2140,.F.);
#3024=ORIENTED_EDGE('',*,*,#2037,.T.);
#3025=ORIENTED_EDGE('',*,*,#2141,.F.);
#3026=ORIENTED_EDGE('',*,*,#2137,.T.);
#3027=ORIENTED_EDGE('',*,*,#2145,.T.);
#3028=ORIENTED_EDGE('',*,*,#2038,.T.);
#3029=ORIENTED_EDGE('',*,*,#2145,.F.);
#3030=ORIENTED_EDGE('',*,*,#2146,.T.);
#3031=ORIENTED_EDGE('',*,*,#2139,.T.);
#3032=ORIENTED_EDGE('',*,*,#2146,.F.);
#3033=ORIENTED_EDGE('',*,*,#2136,.F.);
#3034=ORIENTED_EDGE('',*,*,#2147,.F.);
#3035=ORIENTED_EDGE('',*,*,#2148,.F.);
#3036=ORIENTED_EDGE('',*,*,#2109,.T.);
#3037=ORIENTED_EDGE('',*,*,#2125,.T.);
#3038=ORIENTED_EDGE('',*,*,#1954,.F.);
#3039=ORIENTED_EDGE('',*,*,#2149,.T.);
#3040=ORIENTED_EDGE('',*,*,#2045,.F.);
#3041=ORIENTED_EDGE('',*,*,#1990,.F.);
#3042=ORIENTED_EDGE('',*,*,#1940,.F.);
#3043=ORIENTED_EDGE('',*,*,#2150,.T.);
#3044=ORIENTED_EDGE('',*,*,#2047,.F.);
#3045=ORIENTED_EDGE('',*,*,#2149,.F.);
#3046=ORIENTED_EDGE('',*,*,#1943,.F.);
#3047=ORIENTED_EDGE('',*,*,#2151,.T.);
#3048=ORIENTED_EDGE('',*,*,#2049,.F.);
#3049=ORIENTED_EDGE('',*,*,#2150,.F.);
#3050=ORIENTED_EDGE('',*,*,#1945,.F.);
#3051=ORIENTED_EDGE('',*,*,#1957,.T.);
#3052=ORIENTED_EDGE('',*,*,#2051,.F.);
#3053=ORIENTED_EDGE('',*,*,#2151,.F.);
#3054=ORIENTED_EDGE('',*,*,#1870,.F.);
#3055=ORIENTED_EDGE('',*,*,#1767,.T.);
#3056=ORIENTED_EDGE('',*,*,#1925,.F.);
#3057=ORIENTED_EDGE('',*,*,#1886,.F.);
#3058=ORIENTED_EDGE('',*,*,#1877,.F.);
#3059=ORIENTED_EDGE('',*,*,#2152,.T.);
#3060=ORIENTED_EDGE('',*,*,#1913,.F.);
#3061=ORIENTED_EDGE('',*,*,#1769,.F.);
#3062=ORIENTED_EDGE('',*,*,#1858,.F.);
#3063=ORIENTED_EDGE('',*,*,#1881,.T.);
#3064=ORIENTED_EDGE('',*,*,#1915,.F.);
#3065=ORIENTED_EDGE('',*,*,#2152,.F.);
#3066=ORIENTED_EDGE('',*,*,#2015,.F.);
#3067=ORIENTED_EDGE('',*,*,#2067,.F.);
#3068=ORIENTED_EDGE('',*,*,#2063,.F.);
#3069=ORIENTED_EDGE('',*,*,#1982,.F.);
#3070=ORIENTED_EDGE('',*,*,#2057,.T.);
#3071=ORIENTED_EDGE('',*,*,#2065,.T.);
#3072=ORIENTED_EDGE('',*,*,#2077,.F.);
#3073=ORIENTED_EDGE('',*,*,#2086,.F.);
#3074=ORIENTED_EDGE('',*,*,#2101,.F.);
#3075=ORIENTED_EDGE('',*,*,#2105,.T.);
#3076=ORIENTED_EDGE('',*,*,#1796,.F.);
#3077=ORIENTED_EDGE('',*,*,#1808,.T.);
#3078=ORIENTED_EDGE('',*,*,#1823,.F.);
#3079=ORIENTED_EDGE('',*,*,#1827,.F.);
#3080=ORIENTED_EDGE('',*,*,#1701,.F.);
#3081=ORIENTED_EDGE('',*,*,#1718,.T.);
#3082=ORIENTED_EDGE('',*,*,#1752,.F.);
#3083=ORIENTED_EDGE('',*,*,#2153,.F.);
#3084=ORIENTED_EDGE('',*,*,#1698,.F.);
#3085=ORIENTED_EDGE('',*,*,#2153,.T.);
#3086=ORIENTED_EDGE('',*,*,#1747,.F.);
#3087=ORIENTED_EDGE('',*,*,#2154,.F.);
#3088=ORIENTED_EDGE('',*,*,#1714,.F.);
#3089=ORIENTED_EDGE('',*,*,#2155,.T.);
#3090=ORIENTED_EDGE('',*,*,#1760,.F.);
#3091=ORIENTED_EDGE('',*,*,#1723,.F.);
#3092=ORIENTED_EDGE('',*,*,#1694,.F.);
#3093=ORIENTED_EDGE('',*,*,#2154,.T.);
#3094=ORIENTED_EDGE('',*,*,#2156,.T.);
#3095=ORIENTED_EDGE('',*,*,#2157,.T.);
#3096=ORIENTED_EDGE('',*,*,#1761,.T.);
#3097=ORIENTED_EDGE('',*,*,#2155,.F.);
#3098=ORIENTED_EDGE('',*,*,#2158,.F.);
#3099=ORIENTED_EDGE('',*,*,#2159,.F.);
#3100=ORIENTED_EDGE('',*,*,#2160,.F.);
#3101=ORIENTED_EDGE('',*,*,#2161,.F.);
#3102=ORIENTED_EDGE('',*,*,#2162,.T.);
#3103=ORIENTED_EDGE('',*,*,#2158,.T.);
#3104=ORIENTED_EDGE('',*,*,#2163,.T.);
#3105=ORIENTED_EDGE('',*,*,#2164,.F.);
#3106=ORIENTED_EDGE('',*,*,#2026,.F.);
#3107=ORIENTED_EDGE('',*,*,#2165,.F.);
#3108=ORIENTED_EDGE('',*,*,#1725,.T.);
#3109=ORIENTED_EDGE('',*,*,#2166,.F.);
#3110=ORIENTED_EDGE('',*,*,#2167,.T.);
#3111=ORIENTED_EDGE('',*,*,#2168,.T.);
#3112=ORIENTED_EDGE('',*,*,#1962,.T.);
#3113=ORIENTED_EDGE('',*,*,#1928,.T.);
#3114=ORIENTED_EDGE('',*,*,#1764,.T.);
#3115=ORIENTED_EDGE('',*,*,#2169,.T.);
#3116=ORIENTED_EDGE('',*,*,#2170,.T.);
#3117=ORIENTED_EDGE('',*,*,#2166,.T.);
#3118=ORIENTED_EDGE('',*,*,#1728,.T.);
#3119=ORIENTED_EDGE('',*,*,#1890,.T.);
#3120=ORIENTED_EDGE('',*,*,#2027,.T.);
#3121=ORIENTED_EDGE('',*,*,#2164,.T.);
#3122=ORIENTED_EDGE('',*,*,#1691,.T.);
#3123=ORIENTED_EDGE('',*,*,#1688,.T.);
#3124=ORIENTED_EDGE('',*,*,#1685,.T.);
#3125=ORIENTED_EDGE('',*,*,#1682,.T.);
#3126=ORIENTED_EDGE('',*,*,#2163,.F.);
#3127=ORIENTED_EDGE('',*,*,#2161,.T.);
#3128=ORIENTED_EDGE('',*,*,#2171,.F.);
#3129=ORIENTED_EDGE('',*,*,#2167,.F.);
#3130=ORIENTED_EDGE('',*,*,#2172,.F.);
#3131=ORIENTED_EDGE('',*,*,#2159,.T.);
#3132=ORIENTED_EDGE('',*,*,#2162,.F.);
#3133=ORIENTED_EDGE('',*,*,#2170,.F.);
#3134=ORIENTED_EDGE('',*,*,#1773,.F.);
#3135=ORIENTED_EDGE('',*,*,#2173,.F.);
#3136=ORIENTED_EDGE('',*,*,#1971,.T.);
#3137=ORIENTED_EDGE('',*,*,#2148,.T.);
#3138=ORIENTED_EDGE('',*,*,#2147,.T.);
#3139=ORIENTED_EDGE('',*,*,#2120,.T.);
#3140=ORIENTED_EDGE('',*,*,#1963,.T.);
#3141=ORIENTED_EDGE('',*,*,#2168,.F.);
#3142=ORIENTED_EDGE('',*,*,#2171,.T.);
#3143=ORIENTED_EDGE('',*,*,#2160,.T.);
#3144=ORIENTED_EDGE('',*,*,#2172,.T.);
#3145=ORIENTED_EDGE('',*,*,#2169,.F.);
#3146=ORIENTED_EDGE('',*,*,#1763,.F.);
#3147=ORIENTED_EDGE('',*,*,#2157,.F.);
#3148=ORIENTED_EDGE('',*,*,#2156,.F.);
#3149=ORIENTED_EDGE('',*,*,#1746,.T.);
#3150=ORIENTED_EDGE('',*,*,#1888,.T.);
#3151=ORIENTED_EDGE('',*,*,#1726,.T.);
#3152=ORIENTED_EDGE('',*,*,#2165,.T.);
#3153=ORIENTED_EDGE('',*,*,#2025,.T.);
#3154=ORIENTED_EDGE('',*,*,#1938,.T.);
#3155=ORIENTED_EDGE('',*,*,#1972,.T.);
#3156=ORIENTED_EDGE('',*,*,#2173,.T.);
#3157=ORIENTED_EDGE('',*,*,#1772,.T.);
#3158=ORIENTED_EDGE('',*,*,#1689,.T.);
#3159=ORIENTED_EDGE('',*,*,#1686,.T.);
#3160=ORIENTED_EDGE('',*,*,#1683,.T.);
#3161=ORIENTED_EDGE('',*,*,#1680,.T.);
#3162=CYLINDRICAL_SURFACE('',#3504,1.6);
#3163=CYLINDRICAL_SURFACE('',#3507,1.6);
#3164=CYLINDRICAL_SURFACE('',#3510,1.6);
#3165=CYLINDRICAL_SURFACE('',#3513,1.6);
#3166=CYLINDRICAL_SURFACE('',#3516,0.5);
#3167=CYLINDRICAL_SURFACE('',#3519,0.5);
#3168=CYLINDRICAL_SURFACE('',#3521,0.5);
#3169=CYLINDRICAL_SURFACE('',#3523,0.5);
#3170=CYLINDRICAL_SURFACE('',#3526,0.5);
#3171=CYLINDRICAL_SURFACE('',#3528,0.5);
#3172=CYLINDRICAL_SURFACE('',#3530,0.5);
#3173=CYLINDRICAL_SURFACE('',#3531,0.5);
#3174=CYLINDRICAL_SURFACE('',#3537,0.5);
#3175=CYLINDRICAL_SURFACE('',#3540,0.5);
#3176=CYLINDRICAL_SURFACE('',#3543,0.5);
#3177=CYLINDRICAL_SURFACE('',#3545,0.5);
#3178=CYLINDRICAL_SURFACE('',#3547,0.5);
#3179=CYLINDRICAL_SURFACE('',#3549,0.5);
#3180=CYLINDRICAL_SURFACE('',#3550,0.5);
#3181=CYLINDRICAL_SURFACE('',#3555,0.5);
#3182=CYLINDRICAL_SURFACE('',#3558,0.5);
#3183=CYLINDRICAL_SURFACE('',#3560,0.5);
#3184=CYLINDRICAL_SURFACE('',#3562,0.5);
#3185=CYLINDRICAL_SURFACE('',#3565,0.5);
#3186=CYLINDRICAL_SURFACE('',#3567,0.5);
#3187=CYLINDRICAL_SURFACE('',#3569,0.5);
#3188=CYLINDRICAL_SURFACE('',#3570,0.5);
#3189=CYLINDRICAL_SURFACE('',#3575,0.5);
#3190=CYLINDRICAL_SURFACE('',#3578,0.5);
#3191=CYLINDRICAL_SURFACE('',#3580,0.5);
#3192=CYLINDRICAL_SURFACE('',#3582,0.5);
#3193=CYLINDRICAL_SURFACE('',#3584,0.5);
#3194=CYLINDRICAL_SURFACE('',#3586,0.5);
#3195=CYLINDRICAL_SURFACE('',#3588,0.5);
#3196=CYLINDRICAL_SURFACE('',#3590,0.5);
#3197=CYLINDRICAL_SURFACE('',#3594,0.5);
#3198=CYLINDRICAL_SURFACE('',#3597,0.5);
#3199=CYLINDRICAL_SURFACE('',#3599,0.5);
#3200=CYLINDRICAL_SURFACE('',#3601,0.5);
#3201=CYLINDRICAL_SURFACE('',#3603,0.5);
#3202=CYLINDRICAL_SURFACE('',#3605,0.5);
#3203=CYLINDRICAL_SURFACE('',#3607,0.5);
#3204=CYLINDRICAL_SURFACE('',#3609,0.5);
#3205=CYLINDRICAL_SURFACE('',#3616,0.5);
#3206=CYLINDRICAL_SURFACE('',#3619,0.5);
#3207=CYLINDRICAL_SURFACE('',#3621,0.5);
#3208=CYLINDRICAL_SURFACE('',#3623,0.5);
#3209=CYLINDRICAL_SURFACE('',#3626,0.5);
#3210=CYLINDRICAL_SURFACE('',#3628,0.5);
#3211=CYLINDRICAL_SURFACE('',#3629,0.5);
#3212=CYLINDRICAL_SURFACE('',#3631,0.5);
#3213=CYLINDRICAL_SURFACE('',#3637,0.5);
#3214=CYLINDRICAL_SURFACE('',#3640,0.5);
#3215=CYLINDRICAL_SURFACE('',#3642,0.5);
#3216=CYLINDRICAL_SURFACE('',#3644,0.5);
#3217=CYLINDRICAL_SURFACE('',#3646,0.5);
#3218=CYLINDRICAL_SURFACE('',#3648,0.5);
#3219=CYLINDRICAL_SURFACE('',#3649,0.5);
#3220=CYLINDRICAL_SURFACE('',#3654,0.5);
#3221=CYLINDRICAL_SURFACE('',#3656,0.5);
#3222=CYLINDRICAL_SURFACE('',#3658,0.5);
#3223=CYLINDRICAL_SURFACE('',#3660,0.5);
#3224=CYLINDRICAL_SURFACE('',#3662,0.5);
#3225=CYLINDRICAL_SURFACE('',#3665,0.5);
#3226=CYLINDRICAL_SURFACE('',#3666,0.5);
#3227=CYLINDRICAL_SURFACE('',#3668,0.5);
#3228=CYLINDRICAL_SURFACE('',#3671,0.5);
#3229=CYLINDRICAL_SURFACE('',#3673,0.5);
#3230=CYLINDRICAL_SURFACE('',#3675,0.5);
#3231=CYLINDRICAL_SURFACE('',#3678,0.5);
#3232=CYLINDRICAL_SURFACE('',#3680,0.5);
#3233=CYLINDRICAL_SURFACE('',#3682,0.5);
#3234=CYLINDRICAL_SURFACE('',#3683,0.5);
#3235=CYLINDRICAL_SURFACE('',#3690,0.5);
#3236=CYLINDRICAL_SURFACE('',#3693,0.5);
#3237=CYLINDRICAL_SURFACE('',#3695,0.5);
#3238=CYLINDRICAL_SURFACE('',#3697,0.5);
#3239=CYLINDRICAL_SURFACE('',#3699,0.5);
#3240=CYLINDRICAL_SURFACE('',#3701,0.5);
#3241=CYLINDRICAL_SURFACE('',#3703,0.5);
#3242=CYLINDRICAL_SURFACE('',#3705,0.5);
#3243=CYLINDRICAL_SURFACE('',#3711,0.5);
#3244=CYLINDRICAL_SURFACE('',#3713,0.5);
#3245=CYLINDRICAL_SURFACE('',#3715,0.5);
#3246=CYLINDRICAL_SURFACE('',#3717,0.5);
#3247=CYLINDRICAL_SURFACE('',#3719,0.5);
#3248=CYLINDRICAL_SURFACE('',#3721,0.5);
#3249=CYLINDRICAL_SURFACE('',#3723,0.5);
#3250=CYLINDRICAL_SURFACE('',#3724,0.5);
#3251=CYLINDRICAL_SURFACE('',#3727,0.5);
#3252=CYLINDRICAL_SURFACE('',#3729,0.5);
#3253=CYLINDRICAL_SURFACE('',#3731,0.5);
#3254=CYLINDRICAL_SURFACE('',#3733,0.5);
#3255=CYLINDRICAL_SURFACE('',#3735,0.5);
#3256=CYLINDRICAL_SURFACE('',#3737,0.5);
#3257=CYLINDRICAL_SURFACE('',#3742,0.5);
#3258=CYLINDRICAL_SURFACE('',#3745,0.5);
#3259=CYLINDRICAL_SURFACE('',#3747,0.5);
#3260=CYLINDRICAL_SURFACE('',#3749,0.5);
#3261=CYLINDRICAL_SURFACE('',#3751,0.5);
#3262=CYLINDRICAL_SURFACE('',#3753,0.5);
#3263=CYLINDRICAL_SURFACE('',#3755,0.5);
#3264=CYLINDRICAL_SURFACE('',#3757,0.5);
#3265=CYLINDRICAL_SURFACE('',#3762,0.5);
#3266=CYLINDRICAL_SURFACE('',#3765,0.5);
#3267=CYLINDRICAL_SURFACE('',#3768,0.5);
#3268=CYLINDRICAL_SURFACE('',#3770,0.5);
#3269=CYLINDRICAL_SURFACE('',#3772,0.5);
#3270=CYLINDRICAL_SURFACE('',#3774,0.5);
#3271=CYLINDRICAL_SURFACE('',#3776,0.5);
#3272=CYLINDRICAL_SURFACE('',#3777,0.5);
#3273=CYLINDRICAL_SURFACE('',#3781,0.5);
#3274=CYLINDRICAL_SURFACE('',#3784,0.5);
#3275=CYLINDRICAL_SURFACE('',#3786,0.5);
#3276=CYLINDRICAL_SURFACE('',#3788,0.5);
#3277=CYLINDRICAL_SURFACE('',#3790,0.5);
#3278=CYLINDRICAL_SURFACE('',#3793,0.5);
#3279=CYLINDRICAL_SURFACE('',#3795,0.5);
#3280=CYLINDRICAL_SURFACE('',#3803,0.5);
#3281=CYLINDRICAL_SURFACE('',#3806,0.5);
#3282=CYLINDRICAL_SURFACE('',#3809,0.5);
#3283=CYLINDRICAL_SURFACE('',#3811,0.5);
#3284=CYLINDRICAL_SURFACE('',#3813,0.5);
#3285=CYLINDRICAL_SURFACE('',#3815,0.5);
#3286=CYLINDRICAL_SURFACE('',#3816,0.5);
#3287=CYLINDRICAL_SURFACE('',#3818,0.5);
#3288=ADVANCED_FACE('',(#243),#3162,.F.);
#3289=ADVANCED_FACE('',(#244),#3163,.F.);
#3290=ADVANCED_FACE('',(#245),#3164,.F.);
#3291=ADVANCED_FACE('',(#246),#3165,.F.);
#3292=ADVANCED_FACE('',(#247),#3166,.T.);
#3293=ADVANCED_FACE('',(#248),#3167,.T.);
#3294=ADVANCED_FACE('',(#249),#3168,.T.);
#3295=ADVANCED_FACE('',(#250),#3169,.T.);
#3296=ADVANCED_FACE('',(#251),#3170,.T.);
#3297=ADVANCED_FACE('',(#252),#3171,.T.);
#3298=ADVANCED_FACE('',(#253),#3172,.T.);
#3299=ADVANCED_FACE('',(#254),#3173,.T.);
#3300=ADVANCED_FACE('',(#255),#40,.F.);
#3301=ADVANCED_FACE('',(#256),#41,.F.);
#3302=ADVANCED_FACE('',(#257),#42,.F.);
#3303=ADVANCED_FACE('',(#258),#43,.F.);
#3304=ADVANCED_FACE('',(#259,#19,#20,#21),#44,.T.);
#3305=ADVANCED_FACE('',(#260),#3174,.T.);
#3306=ADVANCED_FACE('',(#261),#3175,.T.);
#3307=ADVANCED_FACE('',(#262),#3176,.T.);
#3308=ADVANCED_FACE('',(#263),#3177,.T.);
#3309=ADVANCED_FACE('',(#264),#3178,.T.);
#3310=ADVANCED_FACE('',(#265),#3179,.T.);
#3311=ADVANCED_FACE('',(#266),#3180,.T.);
#3312=ADVANCED_FACE('',(#267,#22,#23),#45,.T.);
#3313=ADVANCED_FACE('',(#268),#3181,.T.);
#3314=ADVANCED_FACE('',(#269),#3182,.T.);
#3315=ADVANCED_FACE('',(#270),#3183,.T.);
#3316=ADVANCED_FACE('',(#271),#3184,.T.);
#3317=ADVANCED_FACE('',(#272),#3185,.T.);
#3318=ADVANCED_FACE('',(#273),#3186,.T.);
#3319=ADVANCED_FACE('',(#274),#3187,.T.);
#3320=ADVANCED_FACE('',(#275),#3188,.T.);
#3321=ADVANCED_FACE('',(#276),#46,.F.);
#3322=ADVANCED_FACE('',(#277),#47,.F.);
#3323=ADVANCED_FACE('',(#278),#48,.F.);
#3324=ADVANCED_FACE('',(#279),#49,.F.);
#3325=ADVANCED_FACE('',(#280),#3189,.T.);
#3326=ADVANCED_FACE('',(#281),#3190,.T.);
#3327=ADVANCED_FACE('',(#282),#3191,.T.);
#3328=ADVANCED_FACE('',(#283),#3192,.T.);
#3329=ADVANCED_FACE('',(#284),#3193,.T.);
#3330=ADVANCED_FACE('',(#285),#3194,.T.);
#3331=ADVANCED_FACE('',(#286),#3195,.T.);
#3332=ADVANCED_FACE('',(#287),#3196,.T.);
#3333=ADVANCED_FACE('',(#288),#50,.F.);
#3334=ADVANCED_FACE('',(#289),#51,.F.);
#3335=ADVANCED_FACE('',(#290),#52,.F.);
#3336=ADVANCED_FACE('',(#291),#3197,.T.);
#3337=ADVANCED_FACE('',(#292),#3198,.T.);
#3338=ADVANCED_FACE('',(#293),#3199,.T.);
#3339=ADVANCED_FACE('',(#294),#3200,.T.);
#3340=ADVANCED_FACE('',(#295),#3201,.T.);
#3341=ADVANCED_FACE('',(#296),#3202,.T.);
#3342=ADVANCED_FACE('',(#297),#3203,.T.);
#3343=ADVANCED_FACE('',(#298),#3204,.T.);
#3344=ADVANCED_FACE('',(#299),#53,.F.);
#3345=ADVANCED_FACE('',(#300),#54,.T.);
#3346=ADVANCED_FACE('',(#301),#55,.F.);
#3347=ADVANCED_FACE('',(#302),#56,.F.);
#3348=ADVANCED_FACE('',(#303),#3205,.T.);
#3349=ADVANCED_FACE('',(#304),#3206,.T.);
#3350=ADVANCED_FACE('',(#305),#3207,.T.);
#3351=ADVANCED_FACE('',(#306),#3208,.T.);
#3352=ADVANCED_FACE('',(#307),#3209,.T.);
#3353=ADVANCED_FACE('',(#308),#3210,.T.);
#3354=ADVANCED_FACE('',(#309),#3211,.T.);
#3355=ADVANCED_FACE('',(#310),#3212,.T.);
#3356=ADVANCED_FACE('',(#311),#57,.F.);
#3357=ADVANCED_FACE('',(#312),#58,.F.);
#3358=ADVANCED_FACE('',(#313),#59,.F.);
#3359=ADVANCED_FACE('',(#314),#60,.F.);
#3360=ADVANCED_FACE('',(#315,#24,#25),#61,.T.);
#3361=ADVANCED_FACE('',(#316),#3213,.T.);
#3362=ADVANCED_FACE('',(#317),#3214,.T.);
#3363=ADVANCED_FACE('',(#318),#3215,.T.);
#3364=ADVANCED_FACE('',(#319),#3216,.T.);
#3365=ADVANCED_FACE('',(#320),#3217,.T.);
#3366=ADVANCED_FACE('',(#321),#3218,.T.);
#3367=ADVANCED_FACE('',(#322),#3219,.T.);
#3368=ADVANCED_FACE('',(#323),#62,.F.);
#3369=ADVANCED_FACE('',(#324),#63,.F.);
#3370=ADVANCED_FACE('',(#325),#64,.F.);
#3371=ADVANCED_FACE('',(#326),#65,.F.);
#3372=ADVANCED_FACE('',(#327),#3220,.T.);
#3373=ADVANCED_FACE('',(#328),#3221,.T.);
#3374=ADVANCED_FACE('',(#329),#3222,.T.);
#3375=ADVANCED_FACE('',(#330),#3223,.T.);
#3376=ADVANCED_FACE('',(#331),#3224,.T.);
#3377=ADVANCED_FACE('',(#332),#3225,.T.);
#3378=ADVANCED_FACE('',(#333),#3226,.T.);
#3379=ADVANCED_FACE('',(#334),#66,.T.);
#3380=ADVANCED_FACE('',(#335),#3227,.T.);
#3381=ADVANCED_FACE('',(#336),#3228,.T.);
#3382=ADVANCED_FACE('',(#337),#3229,.T.);
#3383=ADVANCED_FACE('',(#338),#3230,.T.);
#3384=ADVANCED_FACE('',(#339),#3231,.T.);
#3385=ADVANCED_FACE('',(#340),#3232,.T.);
#3386=ADVANCED_FACE('',(#341),#3233,.T.);
#3387=ADVANCED_FACE('',(#342),#3234,.T.);
#3388=ADVANCED_FACE('',(#343),#67,.F.);
#3389=ADVANCED_FACE('',(#344),#68,.F.);
#3390=ADVANCED_FACE('',(#345,#26,#27),#69,.T.);
#3391=ADVANCED_FACE('',(#346),#70,.F.);
#3392=ADVANCED_FACE('',(#347),#3235,.T.);
#3393=ADVANCED_FACE('',(#348),#3236,.T.);
#3394=ADVANCED_FACE('',(#349),#3237,.T.);
#3395=ADVANCED_FACE('',(#350),#3238,.T.);
#3396=ADVANCED_FACE('',(#351),#3239,.T.);
#3397=ADVANCED_FACE('',(#352),#3240,.T.);
#3398=ADVANCED_FACE('',(#353),#3241,.T.);
#3399=ADVANCED_FACE('',(#354),#3242,.T.);
#3400=ADVANCED_FACE('',(#355),#71,.F.);
#3401=ADVANCED_FACE('',(#356),#72,.F.);
#3402=ADVANCED_FACE('',(#357),#73,.F.);
#3403=ADVANCED_FACE('',(#358),#74,.F.);
#3404=ADVANCED_FACE('',(#359,#28,#29,#30),#75,.T.);
#3405=ADVANCED_FACE('',(#360),#3243,.T.);
#3406=ADVANCED_FACE('',(#361),#3244,.T.);
#3407=ADVANCED_FACE('',(#362),#3245,.T.);
#3408=ADVANCED_FACE('',(#363),#3246,.T.);
#3409=ADVANCED_FACE('',(#364),#3247,.T.);
#3410=ADVANCED_FACE('',(#365),#3248,.T.);
#3411=ADVANCED_FACE('',(#366),#3249,.T.);
#3412=ADVANCED_FACE('',(#367),#3250,.T.);
#3413=ADVANCED_FACE('',(#368),#3251,.T.);
#3414=ADVANCED_FACE('',(#369),#3252,.T.);
#3415=ADVANCED_FACE('',(#370),#3253,.T.);
#3416=ADVANCED_FACE('',(#371),#3254,.T.);
#3417=ADVANCED_FACE('',(#372),#3255,.T.);
#3418=ADVANCED_FACE('',(#373),#3256,.T.);
#3419=ADVANCED_FACE('',(#374),#76,.F.);
#3420=ADVANCED_FACE('',(#375),#77,.F.);
#3421=ADVANCED_FACE('',(#376),#78,.F.);
#3422=ADVANCED_FACE('',(#377),#3257,.T.);
#3423=ADVANCED_FACE('',(#378),#3258,.T.);
#3424=ADVANCED_FACE('',(#379),#3259,.T.);
#3425=ADVANCED_FACE('',(#380),#3260,.T.);
#3426=ADVANCED_FACE('',(#381),#3261,.T.);
#3427=ADVANCED_FACE('',(#382),#3262,.T.);
#3428=ADVANCED_FACE('',(#383),#3263,.T.);
#3429=ADVANCED_FACE('',(#384),#3264,.T.);
#3430=ADVANCED_FACE('',(#385),#79,.F.);
#3431=ADVANCED_FACE('',(#386),#80,.F.);
#3432=ADVANCED_FACE('',(#387),#81,.F.);
#3433=ADVANCED_FACE('',(#388),#82,.F.);
#3434=ADVANCED_FACE('',(#389),#3265,.T.);
#3435=ADVANCED_FACE('',(#390),#3266,.T.);
#3436=ADVANCED_FACE('',(#391),#3267,.T.);
#3437=ADVANCED_FACE('',(#392),#3268,.T.);
#3438=ADVANCED_FACE('',(#393),#3269,.T.);
#3439=ADVANCED_FACE('',(#394),#3270,.T.);
#3440=ADVANCED_FACE('',(#395),#3271,.T.);
#3441=ADVANCED_FACE('',(#396),#3272,.T.);
#3442=ADVANCED_FACE('',(#397),#83,.F.);
#3443=ADVANCED_FACE('',(#398),#84,.F.);
#3444=ADVANCED_FACE('',(#399),#85,.F.);
#3445=ADVANCED_FACE('',(#400),#3273,.T.);
#3446=ADVANCED_FACE('',(#401),#3274,.T.);
#3447=ADVANCED_FACE('',(#402),#3275,.T.);
#3448=ADVANCED_FACE('',(#403),#3276,.T.);
#3449=ADVANCED_FACE('',(#404),#3277,.T.);
#3450=ADVANCED_FACE('',(#405),#3278,.T.);
#3451=ADVANCED_FACE('',(#406),#3279,.T.);
#3452=ADVANCED_FACE('',(#407),#86,.F.);
#3453=ADVANCED_FACE('',(#408),#87,.F.);
#3454=ADVANCED_FACE('',(#409),#88,.F.);
#3455=ADVANCED_FACE('',(#410),#89,.F.);
#3456=ADVANCED_FACE('',(#411),#90,.F.);
#3457=ADVANCED_FACE('',(#412),#91,.F.);
#3458=ADVANCED_FACE('',(#413),#92,.F.);
#3459=ADVANCED_FACE('',(#414),#3280,.T.);
#3460=ADVANCED_FACE('',(#415),#3281,.T.);
#3461=ADVANCED_FACE('',(#416),#3282,.T.);
#3462=ADVANCED_FACE('',(#417),#3283,.T.);
#3463=ADVANCED_FACE('',(#418),#3284,.T.);
#3464=ADVANCED_FACE('',(#419),#3285,.T.);
#3465=ADVANCED_FACE('',(#420),#3286,.T.);
#3466=ADVANCED_FACE('',(#421),#3287,.T.);
#3467=ADVANCED_FACE('',(#422),#93,.F.);
#3468=ADVANCED_FACE('',(#423),#94,.F.);
#3469=ADVANCED_FACE('',(#424),#95,.F.);
#3470=ADVANCED_FACE('',(#425),#96,.F.);
#3471=ADVANCED_FACE('',(#426),#97,.F.);
#3472=ADVANCED_FACE('',(#427),#98,.F.);
#3473=ADVANCED_FACE('',(#428),#99,.F.);
#3474=ADVANCED_FACE('',(#429),#100,.F.);
#3475=ADVANCED_FACE('',(#430),#101,.T.);
#3476=ADVANCED_FACE('',(#431),#102,.F.);
#3477=ADVANCED_FACE('',(#432),#103,.F.);
#3478=ADVANCED_FACE('',(#433),#104,.F.);
#3479=ADVANCED_FACE('',(#434),#105,.F.);
#3480=ADVANCED_FACE('',(#435),#106,.F.);
#3481=ADVANCED_FACE('',(#436),#107,.F.);
#3482=ADVANCED_FACE('',(#437),#108,.F.);
#3483=ADVANCED_FACE('',(#438),#109,.T.);
#3484=ADVANCED_FACE('',(#439,#31,#32,#33,#34),#110,.T.);
#3485=ADVANCED_FACE('',(#440),#111,.F.);
#3486=ADVANCED_FACE('',(#441),#112,.F.);
#3487=ADVANCED_FACE('',(#442),#113,.T.);
#3488=ADVANCED_FACE('',(#443,#35,#36,#37,#38,#39),#114,.T.);
#3489=CLOSED_SHELL('',(#3288,#3289,#3290,#3291,#3292,#3293,#3294,#3295,
#3296,#3297,#3298,#3299,#3300,#3301,#3302,#3303,#3304,#3305,#3306,#3307,
#3308,#3309,#3310,#3311,#3312,#3313,#3314,#3315,#3316,#3317,#3318,#3319,
#3320,#3321,#3322,#3323,#3324,#3325,#3326,#3327,#3328,#3329,#3330,#3331,
#3332,#3333,#3334,#3335,#3336,#3337,#3338,#3339,#3340,#3341,#3342,#3343,
#3344,#3345,#3346,#3347,#3348,#3349,#3350,#3351,#3352,#3353,#3354,#3355,
#3356,#3357,#3358,#3359,#3360,#3361,#3362,#3363,#3364,#3365,#3366,#3367,
#3368,#3369,#3370,#3371,#3372,#3373,#3374,#3375,#3376,#3377,#3378,#3379,
#3380,#3381,#3382,#3383,#3384,#3385,#3386,#3387,#3388,#3389,#3390,#3391,
#3392,#3393,#3394,#3395,#3396,#3397,#3398,#3399,#3400,#3401,#3402,#3403,
#3404,#3405,#3406,#3407,#3408,#3409,#3410,#3411,#3412,#3413,#3414,#3415,
#3416,#3417,#3418,#3419,#3420,#3421,#3422,#3423,#3424,#3425,#3426,#3427,
#3428,#3429,#3430,#3431,#3432,#3433,#3434,#3435,#3436,#3437,#3438,#3439,
#3440,#3441,#3442,#3443,#3444,#3445,#3446,#3447,#3448,#3449,#3450,#3451,
#3452,#3453,#3454,#3455,#3456,#3457,#3458,#3459,#3460,#3461,#3462,#3463,
#3464,#3465,#3466,#3467,#3468,#3469,#3470,#3471,#3472,#3473,#3474,#3475,
#3476,#3477,#3478,#3479,#3480,#3481,#3482,#3483,#3484,#3485,#3486,#3487,
#3488));
#3490=DERIVED_UNIT_ELEMENT(#3492,1.);
#3491=DERIVED_UNIT_ELEMENT(#5875,-3.);
#3492=(
MASS_UNIT()
NAMED_UNIT(*)
SI_UNIT(.KILO.,.GRAM.)
);
#3493=DERIVED_UNIT((#3490,#3491));
#3494=MEASURE_REPRESENTATION_ITEM('density measure',
POSITIVE_RATIO_MEASURE(7850.),#3493);
#3495=PROPERTY_DEFINITION_REPRESENTATION(#3500,#3497);
#3496=PROPERTY_DEFINITION_REPRESENTATION(#3501,#3498);
#3497=REPRESENTATION('material name',(#3499),#5872);
#3498=REPRESENTATION('density',(#3494),#5872);
#3499=DESCRIPTIVE_REPRESENTATION_ITEM('Steel','Steel');
#3500=PROPERTY_DEFINITION('material property','material name',#5887);
#3501=PROPERTY_DEFINITION('material property','density of part',#5887);
#3502=AXIS2_PLACEMENT_3D('',#4880,#3842,#3843);
#3503=AXIS2_PLACEMENT_3D('',#4881,#3844,#3845);
#3504=AXIS2_PLACEMENT_3D('',#4882,#3846,#3847);
#3505=AXIS2_PLACEMENT_3D('',#4884,#3848,#3849);
#3506=AXIS2_PLACEMENT_3D('',#4887,#3851,#3852);
#3507=AXIS2_PLACEMENT_3D('',#4888,#3853,#3854);
#3508=AXIS2_PLACEMENT_3D('',#4890,#3855,#3856);
#3509=AXIS2_PLACEMENT_3D('',#4893,#3858,#3859);
#3510=AXIS2_PLACEMENT_3D('',#4894,#3860,#3861);
#3511=AXIS2_PLACEMENT_3D('',#4896,#3862,#3863);
#3512=AXIS2_PLACEMENT_3D('',#4899,#3865,#3866);
#3513=AXIS2_PLACEMENT_3D('',#4900,#3867,#3868);
#3514=AXIS2_PLACEMENT_3D('',#4902,#3869,#3870);
#3515=AXIS2_PLACEMENT_3D('',#4905,#3872,#3873);
#3516=AXIS2_PLACEMENT_3D('',#4906,#3874,#3875);
#3517=AXIS2_PLACEMENT_3D('',#4911,#3877,#3878);
#3518=AXIS2_PLACEMENT_3D('',#4914,#3880,#3881);
#3519=AXIS2_PLACEMENT_3D('',#4915,#3882,#3883);
#3520=AXIS2_PLACEMENT_3D('',#4919,#3885,#3886);
#3521=AXIS2_PLACEMENT_3D('',#4921,#3888,#3889);
#3522=AXIS2_PLACEMENT_3D('',#4925,#3891,#3892);
#3523=AXIS2_PLACEMENT_3D('',#4927,#3894,#3895);
#3524=AXIS2_PLACEMENT_3D('',#4932,#3897,#3898);
#3525=AXIS2_PLACEMENT_3D('',#4935,#3900,#3901);
#3526=AXIS2_PLACEMENT_3D('',#4936,#3902,#3903);
#3527=AXIS2_PLACEMENT_3D('',#4940,#3905,#3906);
#3528=AXIS2_PLACEMENT_3D('',#4942,#3908,#3909);
#3529=AXIS2_PLACEMENT_3D('',#4946,#3911,#3912);
#3530=AXIS2_PLACEMENT_3D('',#4948,#3914,#3915);
#3531=AXIS2_PLACEMENT_3D('',#4951,#3918,#3919);
#3532=AXIS2_PLACEMENT_3D('',#4954,#3922,#3923);
#3533=AXIS2_PLACEMENT_3D('',#4960,#3927,#3928);
#3534=AXIS2_PLACEMENT_3D('',#4964,#3931,#3932);
#3535=AXIS2_PLACEMENT_3D('',#4968,#3935,#3936);
#3536=AXIS2_PLACEMENT_3D('',#4972,#3939,#3940);
#3537=AXIS2_PLACEMENT_3D('',#5013,#3961,#3962);
#3538=AXIS2_PLACEMENT_3D('',#5018,#3964,#3965);
#3539=AXIS2_PLACEMENT_3D('',#5021,#3967,#3968);
#3540=AXIS2_PLACEMENT_3D('',#5022,#3969,#3970);
#3541=AXIS2_PLACEMENT_3D('',#5026,#3972,#3973);
#3542=AXIS2_PLACEMENT_3D('',#5027,#3974,#3975);
#3543=AXIS2_PLACEMENT_3D('',#5028,#3976,#3977);
#3544=AXIS2_PLACEMENT_3D('',#5031,#3979,#3980);
#3545=AXIS2_PLACEMENT_3D('',#5033,#3982,#3983);
#3546=AXIS2_PLACEMENT_3D('',#5035,#3984,#3985);
#3547=AXIS2_PLACEMENT_3D('',#5037,#3987,#3988);
#3548=AXIS2_PLACEMENT_3D('',#5040,#3990,#3991);
#3549=AXIS2_PLACEMENT_3D('',#5041,#3992,#3993);
#3550=AXIS2_PLACEMENT_3D('',#5043,#3995,#3996);
#3551=AXIS2_PLACEMENT_3D('',#5047,#3998,#3999);
#3552=AXIS2_PLACEMENT_3D('',#5049,#4001,#4002);
#3553=AXIS2_PLACEMENT_3D('',#5057,#4006,#4007);
#3554=AXIS2_PLACEMENT_3D('',#5065,#4011,#4012);
#3555=AXIS2_PLACEMENT_3D('',#5103,#4032,#4033);
#3556=AXIS2_PLACEMENT_3D('',#5105,#4034,#4035);
#3557=AXIS2_PLACEMENT_3D('',#5108,#4037,#4038);
#3558=AXIS2_PLACEMENT_3D('',#5109,#4039,#4040);
#3559=AXIS2_PLACEMENT_3D('',#5111,#4041,#4042);
#3560=AXIS2_PLACEMENT_3D('',#5113,#4044,#4045);
#3561=AXIS2_PLACEMENT_3D('',#5115,#4046,#4047);
#3562=AXIS2_PLACEMENT_3D('',#5117,#4049,#4050);
#3563=AXIS2_PLACEMENT_3D('',#5121,#4052,#4053);
#3564=AXIS2_PLACEMENT_3D('',#5122,#4054,#4055);
#3565=AXIS2_PLACEMENT_3D('',#5123,#4056,#4057);
#3566=AXIS2_PLACEMENT_3D('',#5125,#4058,#4059);
#3567=AXIS2_PLACEMENT_3D('',#5127,#4061,#4062);
#3568=AXIS2_PLACEMENT_3D('',#5129,#4063,#4064);
#3569=AXIS2_PLACEMENT_3D('',#5131,#4066,#4067);
#3570=AXIS2_PLACEMENT_3D('',#5133,#4069,#4070);
#3571=AXIS2_PLACEMENT_3D('',#5135,#4072,#4073);
#3572=AXIS2_PLACEMENT_3D('',#5141,#4077,#4078);
#3573=AXIS2_PLACEMENT_3D('',#5145,#4081,#4082);
#3574=AXIS2_PLACEMENT_3D('',#5149,#4085,#4086);
#3575=AXIS2_PLACEMENT_3D('',#5153,#4089,#4090);
#3576=AXIS2_PLACEMENT_3D('',#5154,#4091,#4092);
#3577=AXIS2_PLACEMENT_3D('',#5155,#4093,#4094);
#3578=AXIS2_PLACEMENT_3D('',#5156,#4095,#4096);
#3579=AXIS2_PLACEMENT_3D('',#5159,#4098,#4099);
#3580=AXIS2_PLACEMENT_3D('',#5160,#4100,#4101);
#3581=AXIS2_PLACEMENT_3D('',#5163,#4103,#4104);
#3582=AXIS2_PLACEMENT_3D('',#5164,#4105,#4106);
#3583=AXIS2_PLACEMENT_3D('',#5167,#4108,#4109);
#3584=AXIS2_PLACEMENT_3D('',#5168,#4110,#4111);
#3585=AXIS2_PLACEMENT_3D('',#5170,#4113,#4114);
#3586=AXIS2_PLACEMENT_3D('',#5171,#4115,#4116);
#3587=AXIS2_PLACEMENT_3D('',#5172,#4117,#4118);
#3588=AXIS2_PLACEMENT_3D('',#5173,#4119,#4120);
#3589=AXIS2_PLACEMENT_3D('',#5174,#4121,#4122);
#3590=AXIS2_PLACEMENT_3D('',#5175,#4123,#4124);
#3591=AXIS2_PLACEMENT_3D('',#5176,#4125,#4126);
#3592=AXIS2_PLACEMENT_3D('',#5179,#4129,#4130);
#3593=AXIS2_PLACEMENT_3D('',#5181,#4132,#4133);
#3594=AXIS2_PLACEMENT_3D('',#5182,#4134,#4135);
#3595=AXIS2_PLACEMENT_3D('',#5184,#4136,#4137);
#3596=AXIS2_PLACEMENT_3D('',#5187,#4139,#4140);
#3597=AXIS2_PLACEMENT_3D('',#5188,#4141,#4142);
#3598=AXIS2_PLACEMENT_3D('',#5190,#4143,#4144);
#3599=AXIS2_PLACEMENT_3D('',#5192,#4146,#4147);
#3600=AXIS2_PLACEMENT_3D('',#5194,#4148,#4149);
#3601=AXIS2_PLACEMENT_3D('',#5196,#4151,#4152);
#3602=AXIS2_PLACEMENT_3D('',#5198,#4153,#4154);
#3603=AXIS2_PLACEMENT_3D('',#5200,#4156,#4157);
#3604=AXIS2_PLACEMENT_3D('',#5202,#4158,#4159);
#3605=AXIS2_PLACEMENT_3D('',#5204,#4161,#4162);
#3606=AXIS2_PLACEMENT_3D('',#5207,#4164,#4165);
#3607=AXIS2_PLACEMENT_3D('',#5208,#4166,#4167);
#3608=AXIS2_PLACEMENT_3D('',#5211,#4169,#4170);
#3609=AXIS2_PLACEMENT_3D('',#5212,#4171,#4172);
#3610=AXIS2_PLACEMENT_3D('',#5214,#4174,#4175);
#3611=AXIS2_PLACEMENT_3D('',#5220,#4179,#4180);
#3612=AXIS2_PLACEMENT_3D('',#5223,#4182,#4183);
#3613=AXIS2_PLACEMENT_3D('',#5224,#4184,#4185);
#3614=AXIS2_PLACEMENT_3D('',#5225,#4186,#4187);
#3615=AXIS2_PLACEMENT_3D('',#5229,#4190,#4191);
#3616=AXIS2_PLACEMENT_3D('',#5233,#4194,#4195);
#3617=AXIS2_PLACEMENT_3D('',#5238,#4197,#4198);
#3618=AXIS2_PLACEMENT_3D('',#5241,#4200,#4201);
#3619=AXIS2_PLACEMENT_3D('',#5242,#4202,#4203);
#3620=AXIS2_PLACEMENT_3D('',#5246,#4205,#4206);
#3621=AXIS2_PLACEMENT_3D('',#5248,#4208,#4209);
#3622=AXIS2_PLACEMENT_3D('',#5252,#4211,#4212);
#3623=AXIS2_PLACEMENT_3D('',#5254,#4214,#4215);
#3624=AXIS2_PLACEMENT_3D('',#5259,#4217,#4218);
#3625=AXIS2_PLACEMENT_3D('',#5262,#4220,#4221);
#3626=AXIS2_PLACEMENT_3D('',#5263,#4222,#4223);
#3627=AXIS2_PLACEMENT_3D('',#5267,#4226,#4227);
#3628=AXIS2_PLACEMENT_3D('',#5268,#4228,#4229);
#3629=AXIS2_PLACEMENT_3D('',#5271,#4232,#4233);
#3630=AXIS2_PLACEMENT_3D('',#5274,#4235,#4236);
#3631=AXIS2_PLACEMENT_3D('',#5275,#4237,#4238);
#3632=AXIS2_PLACEMENT_3D('',#5278,#4241,#4242);
#3633=AXIS2_PLACEMENT_3D('',#5284,#4246,#4247);
#3634=AXIS2_PLACEMENT_3D('',#5288,#4250,#4251);
#3635=AXIS2_PLACEMENT_3D('',#5292,#4254,#4255);
#3636=AXIS2_PLACEMENT_3D('',#5296,#4258,#4259);
#3637=AXIS2_PLACEMENT_3D('',#5318,#4271,#4272);
#3638=AXIS2_PLACEMENT_3D('',#5319,#4273,#4274);
#3639=AXIS2_PLACEMENT_3D('',#5320,#4275,#4276);
#3640=AXIS2_PLACEMENT_3D('',#5321,#4277,#4278);
#3641=AXIS2_PLACEMENT_3D('',#5324,#4280,#4281);
#3642=AXIS2_PLACEMENT_3D('',#5325,#4282,#4283);
#3643=AXIS2_PLACEMENT_3D('',#5328,#4285,#4286);
#3644=AXIS2_PLACEMENT_3D('',#5329,#4287,#4288);
#3645=AXIS2_PLACEMENT_3D('',#5332,#4290,#4291);
#3646=AXIS2_PLACEMENT_3D('',#5333,#4292,#4293);
#3647=AXIS2_PLACEMENT_3D('',#5335,#4295,#4296);
#3648=AXIS2_PLACEMENT_3D('',#5336,#4297,#4298);
#3649=AXIS2_PLACEMENT_3D('',#5337,#4299,#4300);
#3650=AXIS2_PLACEMENT_3D('',#5338,#4301,#4302);
#3651=AXIS2_PLACEMENT_3D('',#5340,#4304,#4305);
#3652=AXIS2_PLACEMENT_3D('',#5342,#4307,#4308);
#3653=AXIS2_PLACEMENT_3D('',#5344,#4310,#4311);
#3654=AXIS2_PLACEMENT_3D('',#5345,#4312,#4313);
#3655=AXIS2_PLACEMENT_3D('',#5350,#4316,#4317);
#3656=AXIS2_PLACEMENT_3D('',#5351,#4318,#4319);
#3657=AXIS2_PLACEMENT_3D('',#5354,#4321,#4322);
#3658=AXIS2_PLACEMENT_3D('',#5356,#4324,#4325);
#3659=AXIS2_PLACEMENT_3D('',#5358,#4326,#4327);
#3660=AXIS2_PLACEMENT_3D('',#5360,#4329,#4330);
#3661=AXIS2_PLACEMENT_3D('',#5362,#4331,#4332);
#3662=AXIS2_PLACEMENT_3D('',#5364,#4334,#4335);
#3663=AXIS2_PLACEMENT_3D('',#5366,#4336,#4337);
#3664=AXIS2_PLACEMENT_3D('',#5369,#4339,#4340);
#3665=AXIS2_PLACEMENT_3D('',#5370,#4341,#4342);
#3666=AXIS2_PLACEMENT_3D('',#5373,#4345,#4346);
#3667=AXIS2_PLACEMENT_3D('',#5375,#4348,#4349);
#3668=AXIS2_PLACEMENT_3D('',#5397,#4361,#4362);
#3669=AXIS2_PLACEMENT_3D('',#5399,#4363,#4364);
#3670=AXIS2_PLACEMENT_3D('',#5402,#4366,#4367);
#3671=AXIS2_PLACEMENT_3D('',#5403,#4368,#4369);
#3672=AXIS2_PLACEMENT_3D('',#5405,#4370,#4371);
#3673=AXIS2_PLACEMENT_3D('',#5407,#4373,#4374);
#3674=AXIS2_PLACEMENT_3D('',#5409,#4375,#4376);
#3675=AXIS2_PLACEMENT_3D('',#5411,#4378,#4379);
#3676=AXIS2_PLACEMENT_3D('',#5415,#4381,#4382);
#3677=AXIS2_PLACEMENT_3D('',#5416,#4383,#4384);
#3678=AXIS2_PLACEMENT_3D('',#5417,#4385,#4386);
#3679=AXIS2_PLACEMENT_3D('',#5419,#4387,#4388);
#3680=AXIS2_PLACEMENT_3D('',#5421,#4390,#4391);
#3681=AXIS2_PLACEMENT_3D('',#5423,#4392,#4393);
#3682=AXIS2_PLACEMENT_3D('',#5425,#4395,#4396);
#3683=AXIS2_PLACEMENT_3D('',#5427,#4398,#4399);
#3684=AXIS2_PLACEMENT_3D('',#5429,#4401,#4402);
#3685=AXIS2_PLACEMENT_3D('',#5435,#4406,#4407);
#3686=AXIS2_PLACEMENT_3D('',#5439,#4410,#4411);
#3687=AXIS2_PLACEMENT_3D('',#5442,#4413,#4414);
#3688=AXIS2_PLACEMENT_3D('',#5464,#4426,#4427);
#3689=AXIS2_PLACEMENT_3D('',#5497,#4444,#4445);
#3690=AXIS2_PLACEMENT_3D('',#5501,#4448,#4449);
#3691=AXIS2_PLACEMENT_3D('',#5506,#4451,#4452);
#3692=AXIS2_PLACEMENT_3D('',#5509,#4454,#4455);
#3693=AXIS2_PLACEMENT_3D('',#5510,#4456,#4457);
#3694=AXIS2_PLACEMENT_3D('',#5514,#4459,#4460);
#3695=AXIS2_PLACEMENT_3D('',#5516,#4462,#4463);
#3696=AXIS2_PLACEMENT_3D('',#5521,#4466,#4467);
#3697=AXIS2_PLACEMENT_3D('',#5522,#4468,#4469);
#3698=AXIS2_PLACEMENT_3D('',#5527,#4472,#4473);
#3699=AXIS2_PLACEMENT_3D('',#5528,#4474,#4475);
#3700=AXIS2_PLACEMENT_3D('',#5533,#4478,#4479);
#3701=AXIS2_PLACEMENT_3D('',#5534,#4480,#4481);
#3702=AXIS2_PLACEMENT_3D('',#5539,#4484,#4485);
#3703=AXIS2_PLACEMENT_3D('',#5540,#4486,#4487);
#3704=AXIS2_PLACEMENT_3D('',#5545,#4490,#4491);
#3705=AXIS2_PLACEMENT_3D('',#5546,#4492,#4493);
#3706=AXIS2_PLACEMENT_3D('',#5549,#4496,#4497);
#3707=AXIS2_PLACEMENT_3D('',#5555,#4501,#4502);
#3708=AXIS2_PLACEMENT_3D('',#5559,#4505,#4506);
#3709=AXIS2_PLACEMENT_3D('',#5563,#4509,#4510);
#3710=AXIS2_PLACEMENT_3D('',#5567,#4513,#4514);
#3711=AXIS2_PLACEMENT_3D('',#5605,#4534,#4535);
#3712=AXIS2_PLACEMENT_3D('',#5606,#4536,#4537);
#3713=AXIS2_PLACEMENT_3D('',#5607,#4538,#4539);
#3714=AXIS2_PLACEMENT_3D('',#5610,#4541,#4542);
#3715=AXIS2_PLACEMENT_3D('',#5611,#4543,#4544);
#3716=AXIS2_PLACEMENT_3D('',#5614,#4546,#4547);
#3717=AXIS2_PLACEMENT_3D('',#5615,#4548,#4549);
#3718=AXIS2_PLACEMENT_3D('',#5618,#4551,#4552);
#3719=AXIS2_PLACEMENT_3D('',#5619,#4553,#4554);
#3720=AXIS2_PLACEMENT_3D('',#5621,#4556,#4557);
#3721=AXIS2_PLACEMENT_3D('',#5622,#4558,#4559);
#3722=AXIS2_PLACEMENT_3D('',#5623,#4560,#4561);
#3723=AXIS2_PLACEMENT_3D('',#5624,#4562,#4563);
#3724=AXIS2_PLACEMENT_3D('',#5625,#4564,#4565);
#3725=AXIS2_PLACEMENT_3D('',#5626,#4566,#4567);
#3726=AXIS2_PLACEMENT_3D('',#5627,#4568,#4569);
#3727=AXIS2_PLACEMENT_3D('',#5628,#4570,#4571);
#3728=AXIS2_PLACEMENT_3D('',#5631,#4573,#4574);
#3729=AXIS2_PLACEMENT_3D('',#5632,#4575,#4576);
#3730=AXIS2_PLACEMENT_3D('',#5633,#4577,#4578);
#3731=AXIS2_PLACEMENT_3D('',#5634,#4579,#4580);
#3732=AXIS2_PLACEMENT_3D('',#5635,#4581,#4582);
#3733=AXIS2_PLACEMENT_3D('',#5636,#4583,#4584);
#3734=AXIS2_PLACEMENT_3D('',#5637,#4585,#4586);
#3735=AXIS2_PLACEMENT_3D('',#5638,#4587,#4588);
#3736=AXIS2_PLACEMENT_3D('',#5641,#4590,#4591);
#3737=AXIS2_PLACEMENT_3D('',#5642,#4592,#4593);
#3738=AXIS2_PLACEMENT_3D('',#5644,#4594,#4595);
#3739=AXIS2_PLACEMENT_3D('',#5646,#4597,#4598);
#3740=AXIS2_PLACEMENT_3D('',#5648,#4600,#4601);
#3741=AXIS2_PLACEMENT_3D('',#5650,#4603,#4604);
#3742=AXIS2_PLACEMENT_3D('',#5652,#4606,#4607);
#3743=AXIS2_PLACEMENT_3D('',#5656,#4609,#4610);
#3744=AXIS2_PLACEMENT_3D('',#5657,#4611,#4612);
#3745=AXIS2_PLACEMENT_3D('',#5658,#4613,#4614);
#3746=AXIS2_PLACEMENT_3D('',#5661,#4616,#4617);
#3747=AXIS2_PLACEMENT_3D('',#5662,#4618,#4619);
#3748=AXIS2_PLACEMENT_3D('',#5665,#4621,#4622);
#3749=AXIS2_PLACEMENT_3D('',#5666,#4623,#4624);
#3750=AXIS2_PLACEMENT_3D('',#5669,#4626,#4627);
#3751=AXIS2_PLACEMENT_3D('',#5670,#4628,#4629);
#3752=AXIS2_PLACEMENT_3D('',#5673,#4631,#4632);
#3753=AXIS2_PLACEMENT_3D('',#5674,#4633,#4634);
#3754=AXIS2_PLACEMENT_3D('',#5677,#4636,#4637);
#3755=AXIS2_PLACEMENT_3D('',#5678,#4638,#4639);
#3756=AXIS2_PLACEMENT_3D('',#5681,#4641,#4642);
#3757=AXIS2_PLACEMENT_3D('',#5682,#4643,#4644);
#3758=AXIS2_PLACEMENT_3D('',#5684,#4646,#4647);
#3759=AXIS2_PLACEMENT_3D('',#5690,#4651,#4652);
#3760=AXIS2_PLACEMENT_3D('',#5694,#4655,#4656);
#3761=AXIS2_PLACEMENT_3D('',#5698,#4659,#4660);
#3762=AXIS2_PLACEMENT_3D('',#5702,#4663,#4664);
#3763=AXIS2_PLACEMENT_3D('',#5704,#4665,#4666);
#3764=AXIS2_PLACEMENT_3D('',#5707,#4668,#4669);
#3765=AXIS2_PLACEMENT_3D('',#5708,#4670,#4671);
#3766=AXIS2_PLACEMENT_3D('',#5709,#4672,#4673);
#3767=AXIS2_PLACEMENT_3D('',#5710,#4674,#4675);
#3768=AXIS2_PLACEMENT_3D('',#5711,#4676,#4677);
#3769=AXIS2_PLACEMENT_3D('',#5712,#4678,#4679);
#3770=AXIS2_PLACEMENT_3D('',#5713,#4680,#4681);
#3771=AXIS2_PLACEMENT_3D('',#5714,#4682,#4683);
#3772=AXIS2_PLACEMENT_3D('',#5715,#4684,#4685);
#3773=AXIS2_PLACEMENT_3D('',#5716,#4686,#4687);
#3774=AXIS2_PLACEMENT_3D('',#5717,#4688,#4689);
#3775=AXIS2_PLACEMENT_3D('',#5720,#4691,#4692);
#3776=AXIS2_PLACEMENT_3D('',#5721,#4693,#4694);
#3777=AXIS2_PLACEMENT_3D('',#5723,#4696,#4697);
#3778=AXIS2_PLACEMENT_3D('',#5725,#4699,#4700);
#3779=AXIS2_PLACEMENT_3D('',#5728,#4703,#4704);
#3780=AXIS2_PLACEMENT_3D('',#5730,#4706,#4707);
#3781=AXIS2_PLACEMENT_3D('',#5731,#4708,#4709);
#3782=AXIS2_PLACEMENT_3D('',#5735,#4711,#4712);
#3783=AXIS2_PLACEMENT_3D('',#5736,#4713,#4714);
#3784=AXIS2_PLACEMENT_3D('',#5737,#4715,#4716);
#3785=AXIS2_PLACEMENT_3D('',#5739,#4717,#4718);
#3786=AXIS2_PLACEMENT_3D('',#5741,#4720,#4721);
#3787=AXIS2_PLACEMENT_3D('',#5743,#4722,#4723);
#3788=AXIS2_PLACEMENT_3D('',#5745,#4725,#4726);
#3789=AXIS2_PLACEMENT_3D('',#5747,#4727,#4728);
#3790=AXIS2_PLACEMENT_3D('',#5749,#4730,#4731);
#3791=AXIS2_PLACEMENT_3D('',#5751,#4732,#4733);
#3792=AXIS2_PLACEMENT_3D('',#5754,#4735,#4736);
#3793=AXIS2_PLACEMENT_3D('',#5755,#4737,#4738);
#3794=AXIS2_PLACEMENT_3D('',#5757,#4739,#4740);
#3795=AXIS2_PLACEMENT_3D('',#5759,#4742,#4743);
#3796=AXIS2_PLACEMENT_3D('',#5761,#4745,#4746);
#3797=AXIS2_PLACEMENT_3D('',#5767,#4750,#4751);
#3798=AXIS2_PLACEMENT_3D('',#5771,#4754,#4755);
#3799=AXIS2_PLACEMENT_3D('',#5775,#4758,#4759);
#3800=AXIS2_PLACEMENT_3D('',#5779,#4762,#4763);
#3801=AXIS2_PLACEMENT_3D('',#5783,#4766,#4767);
#3802=AXIS2_PLACEMENT_3D('',#5787,#4770,#4771);
#3803=AXIS2_PLACEMENT_3D('',#5791,#4774,#4775);
#3804=AXIS2_PLACEMENT_3D('',#5792,#4776,#4777);
#3805=AXIS2_PLACEMENT_3D('',#5793,#4778,#4779);
#3806=AXIS2_PLACEMENT_3D('',#5794,#4780,#4781);
#3807=AXIS2_PLACEMENT_3D('',#5795,#4782,#4783);
#3808=AXIS2_PLACEMENT_3D('',#5796,#4784,#4785);
#3809=AXIS2_PLACEMENT_3D('',#5797,#4786,#4787);
#3810=AXIS2_PLACEMENT_3D('',#5798,#4788,#4789);
#3811=AXIS2_PLACEMENT_3D('',#5799,#4790,#4791);
#3812=AXIS2_PLACEMENT_3D('',#5800,#4792,#4793);
#3813=AXIS2_PLACEMENT_3D('',#5801,#4794,#4795);
#3814=AXIS2_PLACEMENT_3D('',#5802,#4796,#4797);
#3815=AXIS2_PLACEMENT_3D('',#5803,#4798,#4799);
#3816=AXIS2_PLACEMENT_3D('',#5804,#4800,#4801);
#3817=AXIS2_PLACEMENT_3D('',#5805,#4802,#4803);
#3818=AXIS2_PLACEMENT_3D('',#5806,#4804,#4805);
#3819=AXIS2_PLACEMENT_3D('',#5808,#4807,#4808);
#3820=AXIS2_PLACEMENT_3D('',#5812,#4811,#4812);
#3821=AXIS2_PLACEMENT_3D('',#5814,#4814,#4815);
#3822=AXIS2_PLACEMENT_3D('',#5816,#4817,#4818);
#3823=AXIS2_PLACEMENT_3D('',#5818,#4820,#4821);
#3824=AXIS2_PLACEMENT_3D('',#5819,#4822,#4823);
#3825=AXIS2_PLACEMENT_3D('',#5820,#4824,#4825);
#3826=AXIS2_PLACEMENT_3D('',#5822,#4827,#4828);
#3827=AXIS2_PLACEMENT_3D('',#5823,#4829,#4830);
#3828=AXIS2_PLACEMENT_3D('',#5824,#4831,#4832);
#3829=AXIS2_PLACEMENT_3D('',#5825,#4833,#4834);
#3830=AXIS2_PLACEMENT_3D('',#5826,#4835,#4836);
#3831=AXIS2_PLACEMENT_3D('',#5828,#4838,#4839);
#3832=AXIS2_PLACEMENT_3D('',#5830,#4841,#4842);
#3833=AXIS2_PLACEMENT_3D('',#5832,#4844,#4845);
#3834=AXIS2_PLACEMENT_3D('',#5836,#4848,#4849);
#3835=AXIS2_PLACEMENT_3D('',#5845,#4854,#4855);
#3836=AXIS2_PLACEMENT_3D('',#5853,#4861,#4862);
#3837=AXIS2_PLACEMENT_3D('',#5860,#4867,#4868);
#3838=AXIS2_PLACEMENT_3D('',#5862,#4870,#4871);
#3839=AXIS2_PLACEMENT_3D('',#5864,#4873,#4874);
#3840=AXIS2_PLACEMENT_3D('',#5866,#4876,#4877);
#3841=AXIS2_PLACEMENT_3D('',#5867,#4878,#4879);
#3842=DIRECTION('axis',(0.,0.,1.));
#3843=DIRECTION('refdir',(1.,0.,0.));
#3844=DIRECTION('axis',(0.,0.,1.));
#3845=DIRECTION('refdir',(1.,0.,0.));
#3846=DIRECTION('center_axis',(0.,-1.,0.));
#3847=DIRECTION('ref_axis',(-1.,0.,0.));
#3848=DIRECTION('center_axis',(0.,-1.,0.));
#3849=DIRECTION('ref_axis',(-1.,0.,0.));
#3850=DIRECTION('',(0.,-1.,0.));
#3851=DIRECTION('center_axis',(0.,1.,0.));
#3852=DIRECTION('ref_axis',(-1.,0.,0.));
#3853=DIRECTION('center_axis',(0.,-1.,0.));
#3854=DIRECTION('ref_axis',(-1.,0.,0.));
#3855=DIRECTION('center_axis',(0.,-1.,0.));
#3856=DIRECTION('ref_axis',(-1.,0.,0.));
#3857=DIRECTION('',(0.,-1.,0.));
#3858=DIRECTION('center_axis',(0.,1.,0.));
#3859=DIRECTION('ref_axis',(-1.,0.,0.));
#3860=DIRECTION('center_axis',(0.,-1.,0.));
#3861=DIRECTION('ref_axis',(-1.,0.,0.));
#3862=DIRECTION('center_axis',(0.,-1.,0.));
#3863=DIRECTION('ref_axis',(-1.,0.,0.));
#3864=DIRECTION('',(0.,-1.,0.));
#3865=DIRECTION('center_axis',(0.,1.,0.));
#3866=DIRECTION('ref_axis',(-1.,0.,0.));
#3867=DIRECTION('center_axis',(0.,-1.,0.));
#3868=DIRECTION('ref_axis',(-1.,0.,0.));
#3869=DIRECTION('center_axis',(0.,-1.,0.));
#3870=DIRECTION('ref_axis',(-1.,0.,0.));
#3871=DIRECTION('',(0.,-1.,0.));
#3872=DIRECTION('center_axis',(0.,1.,0.));
#3873=DIRECTION('ref_axis',(-1.,0.,0.));
#3874=DIRECTION('center_axis',(0.,-1.,-2.01367046160706E-8));
#3875=DIRECTION('ref_axis',(-0.707106781186548,1.42388042463528E-8,-0.707106781186548));
#3876=DIRECTION('',(0.,1.,2.01367046160706E-8));
#3877=DIRECTION('center_axis',(-4.28956563488724E-15,-0.96592430974297,
0.258824704863287));
#3878=DIRECTION('ref_axis',(-1.60085003996571E-14,0.258824704863288,0.96592430974297));
#3879=DIRECTION('',(0.,-1.,-2.01367046160706E-8));
#3880=DIRECTION('center_axis',(0.,-0.965924179881663,-0.258825189500438));
#3881=DIRECTION('ref_axis',(0.,-0.258825189500438,0.965924179881663));
#3882=DIRECTION('center_axis',(0.,-0.866019052628739,0.500011000363013));
#3883=DIRECTION('ref_axis',(-0.707106781186551,-0.353561169024556,-0.612367944750527));
#3884=DIRECTION('',(0.,0.866019052628739,-0.500011000363013));
#3885=DIRECTION('center_axis',(3.84593947493303E-15,-0.499994499788239,
0.866028579309892));
#3886=DIRECTION('ref_axis',(6.66146027806042E-15,0.866028579309891,0.499994499788239));
#3887=DIRECTION('',(0.,-0.866019052628739,0.500011000363013));
#3888=DIRECTION('center_axis',(0.,0.,1.));
#3889=DIRECTION('ref_axis',(-0.707106781186548,-0.707106781186548,0.));
#3890=DIRECTION('',(0.,0.,-1.));
#3891=DIRECTION('center_axis',(0.,0.499994499788242,0.86602857930989));
#3892=DIRECTION('ref_axis',(0.,0.86602857930989,-0.499994499788241));
#3893=DIRECTION('',(0.,0.,1.));
#3894=DIRECTION('center_axis',(0.,-2.22044604925031E-16,-1.));
#3895=DIRECTION('ref_axis',(-0.707106781186546,0.707106781186549,0.));
#3896=DIRECTION('',(0.,-2.22044604925031E-16,-1.));
#3897=DIRECTION('center_axis',(1.11021081170169E-15,-0.49999449978824,0.866028579309891));
#3898=DIRECTION('ref_axis',(-1.92296973746651E-15,0.866028579309891,0.49999449978824));
#3899=DIRECTION('',(0.,2.22044604925031E-16,1.));
#3900=DIRECTION('center_axis',(-3.84593947493302E-15,-0.499994499788246,
-0.866028579309888));
#3901=DIRECTION('ref_axis',(-6.66146027806036E-15,-0.866028579309888,0.499994499788246));
#3902=DIRECTION('center_axis',(0.,0.866019052628738,0.500011000363014));
#3903=DIRECTION('ref_axis',(-0.707106781186545,-0.353561169024557,0.612367944750533));
#3904=DIRECTION('',(0.,-0.866019052628739,-0.500011000363014));
#3905=DIRECTION('center_axis',(0.,0.965924182487616,0.258825179775134));
#3906=DIRECTION('ref_axis',(0.,0.258825179775134,-0.965924182487616));
#3907=DIRECTION('',(0.,0.866019052628738,0.500011000363014));
#3908=DIRECTION('center_axis',(0.,1.,0.));
#3909=DIRECTION('ref_axis',(-0.707106781186546,0.,0.707106781186549));
#3910=DIRECTION('',(0.,-1.,0.));
#3911=DIRECTION('center_axis',(0.,0.965924182487615,-0.258825179775138));
#3912=DIRECTION('ref_axis',(0.,-0.258825179775138,-0.965924182487615));
#3913=DIRECTION('',(0.,1.,0.));
#3914=DIRECTION('center_axis',(0.,0.866019052628739,-0.500011000363014));
#3915=DIRECTION('ref_axis',(-0.707106781186545,0.353561169024554,0.612367944750535));
#3916=DIRECTION('',(0.,0.866019052628739,-0.500011000363014));
#3917=DIRECTION('',(0.,-0.866019052628739,0.500011000363014));
#3918=DIRECTION('center_axis',(0.,-0.866019052628739,-0.500011000363013));
#3919=DIRECTION('ref_axis',(-0.707106781186541,0.353561169024558,-0.612367944750537));
#3920=DIRECTION('',(0.,-0.866019052628739,-0.500011000363013));
#3921=DIRECTION('',(0.,0.866019052628739,0.500011000363013));
#3922=DIRECTION('center_axis',(0.,0.500011000363014,-0.866019052628738));
#3923=DIRECTION('ref_axis',(0.,0.866019052628739,0.500011000363014));
#3924=DIRECTION('',(1.,0.,0.));
#3925=DIRECTION('',(0.,-0.866019052628739,-0.500011000363014));
#3926=DIRECTION('',(1.,0.,0.));
#3927=DIRECTION('center_axis',(0.,0.,-1.));
#3928=DIRECTION('ref_axis',(0.,1.,0.));
#3929=DIRECTION('',(1.,0.,0.));
#3930=DIRECTION('',(0.,-1.,0.));
#3931=DIRECTION('center_axis',(0.,-0.500011000363014,-0.866019052628739));
#3932=DIRECTION('ref_axis',(0.,0.866019052628739,-0.500011000363014));
#3933=DIRECTION('',(1.,0.,0.));
#3934=DIRECTION('',(0.,-0.866019052628739,0.500011000363014));
#3935=DIRECTION('center_axis',(0.,-1.,2.22044604925031E-16));
#3936=DIRECTION('ref_axis',(0.,-2.22044604925031E-16,-1.));
#3937=DIRECTION('',(1.,0.,0.));
#3938=DIRECTION('',(0.,2.22044604925031E-16,1.));
#3939=DIRECTION('center_axis',(-1.,0.,0.));
#3940=DIRECTION('ref_axis',(0.,0.,1.));
#3941=DIRECTION('',(0.,-1.,0.));
#3942=DIRECTION('',(0.,0.,1.));
#3943=DIRECTION('',(0.,1.,0.));
#3944=DIRECTION('',(0.,0.,-1.));
#3945=DIRECTION('',(0.,2.22044604925031E-16,1.));
#3946=DIRECTION('',(0.,-0.866019052628739,0.500011000363014));
#3947=DIRECTION('',(0.,-1.,0.));
#3948=DIRECTION('',(0.,-0.866019052628739,-0.500011000363014));
#3949=DIRECTION('',(0.,0.,-1.));
#3950=DIRECTION('',(0.,0.866019052628739,-0.500011000363013));
#3951=DIRECTION('',(0.,1.,2.01367046160706E-8));
#3952=DIRECTION('',(0.,0.866019052628739,0.500011000363013));
#3953=DIRECTION('',(0.,2.22044604925031E-16,1.));
#3954=DIRECTION('',(0.,-0.866019052628739,0.500011000363014));
#3955=DIRECTION('',(0.,-1.,0.));
#3956=DIRECTION('',(0.,-0.866019052628739,-0.500011000363014));
#3957=DIRECTION('',(0.,0.,-1.));
#3958=DIRECTION('',(0.,0.866019052628739,-0.500011000363013));
#3959=DIRECTION('',(0.,1.,2.01367046160706E-8));
#3960=DIRECTION('',(0.,0.866019052628739,0.500011000363013));
#3961=DIRECTION('center_axis',(0.,0.866019052628739,-0.500011000363013));
#3962=DIRECTION('ref_axis',(0.707106781186545,-0.353561169024554,-0.612367944750535));
#3963=DIRECTION('',(0.,-0.866019052628739,0.500011000363013));
#3964=DIRECTION('center_axis',(0.,0.,1.));
#3965=DIRECTION('ref_axis',(-1.04085698469164E-16,-1.,0.));
#3966=DIRECTION('',(0.,0.866019052628739,-0.500011000363013));
#3967=DIRECTION('center_axis',(0.,-0.499994499788244,0.866028579309888));
#3968=DIRECTION('ref_axis',(0.,-0.866028579309888,-0.499994499788244));
#3969=DIRECTION('center_axis',(0.,2.22044604925031E-16,1.));
#3970=DIRECTION('ref_axis',(0.707106781186546,0.707106781186549,0.));
#3971=DIRECTION('',(0.,-2.22044604925031E-16,-1.));
#3972=DIRECTION('center_axis',(0.,-0.49999449978824,0.866028579309891));
#3973=DIRECTION('ref_axis',(0.,-0.866028579309891,-0.49999449978824));
#3974=DIRECTION('center_axis',(-1.11021081170169E-15,-0.49999449978824,
-0.866028579309891));
#3975=DIRECTION('ref_axis',(1.92296973746651E-15,0.866028579309891,-0.49999449978824));
#3976=DIRECTION('center_axis',(0.,0.,-1.));
#3977=DIRECTION('ref_axis',(0.707106781186548,-0.707106781186548,0.));
#3978=DIRECTION('',(0.,0.,-1.));
#3979=DIRECTION('center_axis',(0.,0.499994499788242,0.86602857930989));
#3980=DIRECTION('ref_axis',(0.,-0.86602857930989,0.499994499788241));
#3981=DIRECTION('',(0.,0.,1.));
#3982=DIRECTION('center_axis',(0.,-0.866019052628738,-0.500011000363014));
#3983=DIRECTION('ref_axis',(0.707106781186547,-0.353561169024554,0.612367944750533));
#3984=DIRECTION('center_axis',(0.,0.965924182487616,0.258825179775134));
#3985=DIRECTION('ref_axis',(0.,-0.258825179775134,0.965924182487616));
#3986=DIRECTION('',(0.,0.866019052628739,0.500011000363014));
#3987=DIRECTION('center_axis',(0.,-1.,0.));
#3988=DIRECTION('ref_axis',(0.707106781186546,0.,0.707106781186549));
#3989=DIRECTION('',(0.,1.,0.));
#3990=DIRECTION('center_axis',(0.,0.965924182487616,-0.258825179775134));
#3991=DIRECTION('ref_axis',(0.,0.258825179775134,0.965924182487616));
#3992=DIRECTION('center_axis',(0.,-0.866019052628739,0.500011000363014));
#3993=DIRECTION('ref_axis',(0.707106781186547,0.353561169024558,0.61236794475053));
#3994=DIRECTION('',(0.,0.866019052628739,-0.500011000363014));
#3995=DIRECTION('center_axis',(0.,0.866019052628739,0.500011000363013));
#3996=DIRECTION('ref_axis',(0.707106781186547,0.353561169024561,-0.612367944750529));
#3997=DIRECTION('',(0.,0.866019052628739,0.500011000363013));
#3998=DIRECTION('center_axis',(0.,-2.01367046160706E-8,1.));
#3999=DIRECTION('ref_axis',(3.46952316129969E-17,1.,2.01367046956221E-8));
#4000=DIRECTION('',(0.,-0.866019052628739,-0.500011000363013));
#4001=DIRECTION('center_axis',(1.,0.,0.));
#4002=DIRECTION('ref_axis',(0.,0.,-1.));
#4003=DIRECTION('',(0.,-1.,0.));
#4004=DIRECTION('',(0.,0.,1.));
#4005=DIRECTION('',(0.,-1.,0.));
#4006=DIRECTION('center_axis',(-1.,0.,0.));
#4007=DIRECTION('ref_axis',(0.,1.,-2.90964524915752E-17));
#4008=DIRECTION('',(0.,0.,1.));
#4009=DIRECTION('',(0.,-1.,0.));
#4010=DIRECTION('',(0.,0.,1.));
#4011=DIRECTION('center_axis',(-1.,0.,0.));
#4012=DIRECTION('ref_axis',(0.,-1.,-9.71625501757204E-17));
#4013=DIRECTION('',(0.,-1.,0.));
#4014=DIRECTION('',(0.,0.,-1.));
#4015=DIRECTION('',(0.,-1.,0.));
#4016=DIRECTION('',(0.,-2.22044604925031E-16,-1.));
#4017=DIRECTION('',(0.,-0.866019052628739,-0.500011000363013));
#4018=DIRECTION('',(0.,-1.,-2.01367046160706E-8));
#4019=DIRECTION('',(0.,-0.866019052628739,0.500011000363013));
#4020=DIRECTION('',(0.,0.,1.));
#4021=DIRECTION('',(0.,0.866019052628739,0.500011000363014));
#4022=DIRECTION('',(0.,1.,0.));
#4023=DIRECTION('',(0.,0.866019052628739,-0.500011000363014));
#4024=DIRECTION('',(0.,1.,0.));
#4025=DIRECTION('',(0.,0.866019052628739,-0.500011000363014));
#4026=DIRECTION('',(0.,-2.22044604925031E-16,-1.));
#4027=DIRECTION('',(0.,-0.866019052628739,-0.500011000363013));
#4028=DIRECTION('',(0.,-1.,-2.01367046160706E-8));
#4029=DIRECTION('',(0.,-0.866019052628739,0.500011000363013));
#4030=DIRECTION('',(0.,0.,1.));
#4031=DIRECTION('',(0.,0.866019052628738,0.500011000363014));
#4032=DIRECTION('center_axis',(0.,-1.,-2.01367046160706E-8));
#4033=DIRECTION('ref_axis',(-0.707106781186546,1.42387979659829E-8,-0.707106781186549));
#4034=DIRECTION('center_axis',(5.7470629336205E-16,-0.965924309742972,0.25882470486328));
#4035=DIRECTION('ref_axis',(2.14478264469171E-15,0.25882470486328,0.965924309742972));
#4036=DIRECTION('',(0.,-1.,-2.01367046160706E-8));
#4037=DIRECTION('center_axis',(-4.28956505818722E-15,-0.96592417988167,
-0.258825189500411));
#4038=DIRECTION('ref_axis',(-1.60084686989182E-14,-0.258825189500411,0.96592417988167));
#4039=DIRECTION('center_axis',(0.,-0.866019052628739,0.500011000363013));
#4040=DIRECTION('ref_axis',(-0.707106781186548,-0.353561169024555,-0.612367944750532));
#4041=DIRECTION('center_axis',(-1.92296973746651E-15,-0.499994499788243,
0.866028579309889));
#4042=DIRECTION('ref_axis',(-3.33073013903024E-15,0.866028579309889,0.499994499788243));
#4043=DIRECTION('',(0.,-0.866019052628739,0.500011000363013));
#4044=DIRECTION('center_axis',(0.,0.,1.));
#4045=DIRECTION('ref_axis',(-0.707106781186548,-0.707106781186548,0.));
#4046=DIRECTION('center_axis',(0.,0.499994499788242,0.86602857930989));
#4047=DIRECTION('ref_axis',(0.,0.86602857930989,-0.499994499788241));
#4048=DIRECTION('',(0.,0.,1.));
#4049=DIRECTION('center_axis',(0.,-2.22044604925031E-16,-1.));
#4050=DIRECTION('ref_axis',(-0.707106781186546,0.707106781186549,0.));
#4051=DIRECTION('',(0.,-2.22044604925031E-16,-1.));
#4052=DIRECTION('center_axis',(2.22042162340338E-15,-0.49999449978824,0.866028579309891));
#4053=DIRECTION('ref_axis',(-3.84593947493303E-15,0.866028579309891,0.49999449978824));
#4054=DIRECTION('center_axis',(-1.48725942968446E-16,-0.499994499788246,
-0.866028579309888));
#4055=DIRECTION('ref_axis',(-2.57604667951419E-16,-0.866028579309888,0.499994499788246));
#4056=DIRECTION('center_axis',(0.,0.866019052628738,0.500011000363014));
#4057=DIRECTION('ref_axis',(-0.707106781186547,-0.353561169024558,0.61236794475053));
#4058=DIRECTION('center_axis',(0.,0.965924182487616,0.258825179775134));
#4059=DIRECTION('ref_axis',(0.,0.258825179775134,-0.965924182487616));
#4060=DIRECTION('',(0.,0.866019052628739,0.500011000363014));
#4061=DIRECTION('center_axis',(0.,1.,0.));
#4062=DIRECTION('ref_axis',(-0.707106781186546,0.,0.707106781186549));
#4063=DIRECTION('center_axis',(0.,0.965924182487616,-0.258825179775134));
#4064=DIRECTION('ref_axis',(0.,-0.258825179775134,-0.965924182487616));
#4065=DIRECTION('',(0.,1.,0.));
#4066=DIRECTION('center_axis',(0.,0.866019052628739,-0.500011000363014));
#4067=DIRECTION('ref_axis',(-0.707106781186547,0.353561169024554,0.612367944750533));
#4068=DIRECTION('',(0.,0.866019052628739,-0.500011000363014));
#4069=DIRECTION('center_axis',(0.,-0.866019052628739,-0.500011000363013));
#4070=DIRECTION('ref_axis',(-0.707106781186545,0.353561169024557,-0.612367944750534));
#4071=DIRECTION('',(0.,-0.866019052628739,-0.500011000363013));
#4072=DIRECTION('center_axis',(0.,0.500011000363014,-0.866019052628738));
#4073=DIRECTION('ref_axis',(0.,0.866019052628739,0.500011000363014));
#4074=DIRECTION('',(1.,0.,0.));
#4075=DIRECTION('',(0.,-0.866019052628738,-0.500011000363014));
#4076=DIRECTION('',(1.,0.,0.));
#4077=DIRECTION('center_axis',(0.,0.,-1.));
#4078=DIRECTION('ref_axis',(0.,1.,0.));
#4079=DIRECTION('',(1.,0.,0.));
#4080=DIRECTION('',(0.,-1.,0.));
#4081=DIRECTION('center_axis',(0.,-0.500011000363014,-0.866019052628739));
#4082=DIRECTION('ref_axis',(0.,0.866019052628739,-0.500011000363014));
#4083=DIRECTION('',(1.,0.,0.));
#4084=DIRECTION('',(0.,-0.866019052628739,0.500011000363014));
#4085=DIRECTION('center_axis',(0.,-1.,2.22044604925031E-16));
#4086=DIRECTION('ref_axis',(0.,-2.22044604925031E-16,-1.));
#4087=DIRECTION('',(1.,0.,0.));
#4088=DIRECTION('',(0.,2.22044604925031E-16,1.));
#4089=DIRECTION('center_axis',(0.,2.22044604925031E-16,1.));
#4090=DIRECTION('ref_axis',(0.707106781186546,0.707106781186549,0.));
#4091=DIRECTION('center_axis',(9.61484868733256E-16,-0.49999449978824,0.866028579309891));
#4092=DIRECTION('ref_axis',(1.66536506951512E-15,-0.866028579309891,-0.49999449978824));
#4093=DIRECTION('center_axis',(-2.07169568043494E-15,-0.499994499788238,
-0.866028579309892));
#4094=DIRECTION('ref_axis',(3.58833480698164E-15,0.866028579309892,-0.499994499788238));
#4095=DIRECTION('center_axis',(0.,0.866019052628739,0.500011000363013));
#4096=DIRECTION('ref_axis',(0.707106781186548,0.353561169024555,-0.612367944750531));
#4097=DIRECTION('',(0.,0.866019052628739,0.500011000363013));
#4098=DIRECTION('center_axis',(0.,-0.965924179881675,-0.258825189500391));
#4099=DIRECTION('ref_axis',(0.,0.258825189500391,-0.965924179881675));
#4100=DIRECTION('center_axis',(0.,1.,2.01367046160706E-8));
#4101=DIRECTION('ref_axis',(0.707106781186546,1.42388042463528E-8,-0.707106781186549));
#4102=DIRECTION('',(0.,1.,2.01367046160706E-8));
#4103=DIRECTION('center_axis',(0.,-0.965924309742973,0.258824704863275));
#4104=DIRECTION('ref_axis',(0.,-0.258824704863275,-0.965924309742973));
#4105=DIRECTION('center_axis',(0.,0.866019052628739,-0.500011000363013));
#4106=DIRECTION('ref_axis',(0.707106781186545,-0.35356116902456,-0.612367944750531));
#4107=DIRECTION('',(0.,0.866019052628739,-0.500011000363013));
#4108=DIRECTION('center_axis',(0.,-0.499994499788243,0.866028579309889));
#4109=DIRECTION('ref_axis',(0.,-0.866028579309889,-0.499994499788243));
#4110=DIRECTION('center_axis',(0.,0.,-1.));
#4111=DIRECTION('ref_axis',(0.707106781186548,-0.707106781186548,0.));
#4112=DIRECTION('',(0.,0.,-1.));
#4113=DIRECTION('center_axis',(9.61484868733253E-16,0.499994499788244,0.866028579309888));
#4114=DIRECTION('ref_axis',(-1.66536506951509E-15,-0.866028579309888,0.499994499788244));
#4115=DIRECTION('center_axis',(0.,-0.866019052628738,-0.500011000363014));
#4116=DIRECTION('ref_axis',(0.707106781186543,-0.353561169024565,0.612367944750531));
#4117=DIRECTION('center_axis',(0.,0.965924182487614,0.258825179775143));
#4118=DIRECTION('ref_axis',(0.,-0.258825179775143,0.965924182487614));
#4119=DIRECTION('center_axis',(0.,-1.,0.));
#4120=DIRECTION('ref_axis',(0.707106781186546,0.,0.707106781186549));
#4121=DIRECTION('center_axis',(0.,0.965924182487615,-0.258825179775139));
#4122=DIRECTION('ref_axis',(0.,0.258825179775139,0.965924182487615));
#4123=DIRECTION('center_axis',(0.,-0.866019052628739,0.500011000363014));
#4124=DIRECTION('ref_axis',(0.707106781186546,0.353561169024557,0.612367944750532));
#4125=DIRECTION('center_axis',(0.,0.500011000363013,0.866019052628739));
#4126=DIRECTION('ref_axis',(0.,-0.866019052628739,0.500011000363013));
#4127=DIRECTION('',(1.,0.,0.));
#4128=DIRECTION('',(1.,0.,0.));
#4129=DIRECTION('center_axis',(0.,-2.01367046160706E-8,1.));
#4130=DIRECTION('ref_axis',(0.,-1.,-2.01367046160706E-8));
#4131=DIRECTION('',(1.,0.,0.));
#4132=DIRECTION('center_axis',(0.,-0.500011000363013,0.866019052628739));
#4133=DIRECTION('ref_axis',(0.,-0.866019052628739,-0.500011000363013));
#4134=DIRECTION('center_axis',(0.,-2.22044604925031E-16,-1.));
#4135=DIRECTION('ref_axis',(-0.707106781186546,0.707106781186549,0.));
#4136=DIRECTION('center_axis',(-1.1102108117017E-15,-0.499994499788246,
-0.866028579309888));
#4137=DIRECTION('ref_axis',(-1.92296973746651E-15,-0.866028579309888,0.499994499788246));
#4138=DIRECTION('',(0.,-2.22044604925031E-16,-1.));
#4139=DIRECTION('center_axis',(0.,-0.499994499788237,0.866028579309893));
#4140=DIRECTION('ref_axis',(0.,0.866028579309893,0.499994499788237));
#4141=DIRECTION('center_axis',(0.,-0.866019052628739,-0.500011000363013));
#4142=DIRECTION('ref_axis',(-0.707106781186545,0.353561169024556,-0.612367944750534));
#4143=DIRECTION('center_axis',(0.,-0.96592417988167,-0.258825189500411));
#4144=DIRECTION('ref_axis',(0.,-0.258825189500411,0.96592417988167));
#4145=DIRECTION('',(0.,-0.866019052628739,-0.500011000363013));
#4146=DIRECTION('center_axis',(0.,-1.,-2.01367046160706E-8));
#4147=DIRECTION('ref_axis',(-0.707106781186548,1.4238797965983E-8,-0.707106781186548));
#4148=DIRECTION('center_axis',(0.,-0.965924309742969,0.258824704863288));
#4149=DIRECTION('ref_axis',(0.,0.258824704863288,0.965924309742969));
#4150=DIRECTION('',(0.,-1.,-2.01367046160706E-8));
#4151=DIRECTION('center_axis',(0.,-0.866019052628739,0.500011000363013));
#4152=DIRECTION('ref_axis',(-0.707106781186548,-0.353561169024555,-0.612367944750531));
#4153=DIRECTION('center_axis',(0.,-0.499994499788244,0.866028579309888));
#4154=DIRECTION('ref_axis',(0.,0.866028579309888,0.499994499788244));
#4155=DIRECTION('',(0.,-0.866019052628739,0.500011000363013));
#4156=DIRECTION('center_axis',(0.,0.,1.));
#4157=DIRECTION('ref_axis',(-0.707106781186548,-0.707106781186548,0.));
#4158=DIRECTION('center_axis',(4.44084324680674E-15,0.499994499788239,0.866028579309892));
#4159=DIRECTION('ref_axis',(7.69187894986607E-15,0.866028579309892,-0.499994499788239));
#4160=DIRECTION('',(0.,0.,1.));
#4161=DIRECTION('center_axis',(0.,0.866019052628738,0.500011000363014));
#4162=DIRECTION('ref_axis',(-0.707106781186545,-0.353561169024554,0.612367944750535));
#4163=DIRECTION('',(0.,0.866019052628738,0.500011000363014));
#4164=DIRECTION('center_axis',(0.,0.965923894619095,0.2588262540854));
#4165=DIRECTION('ref_axis',(0.,0.2588262540854,-0.965923894619095));
#4166=DIRECTION('center_axis',(0.,1.,0.));
#4167=DIRECTION('ref_axis',(-0.707106781186551,0.,0.707106781186544));
#4168=DIRECTION('',(0.,1.,0.));
#4169=DIRECTION('center_axis',(0.,0.965923894619094,-0.258826254085404));
#4170=DIRECTION('ref_axis',(0.,-0.258826254085404,-0.965923894619094));
#4171=DIRECTION('center_axis',(0.,0.866019052628739,-0.500011000363014));
#4172=DIRECTION('ref_axis',(-0.707106781186548,0.353561169024555,0.612367944750531));
#4173=DIRECTION('',(0.,0.866019052628739,-0.500011000363014));
#4174=DIRECTION('center_axis',(0.,0.500011000363014,-0.866019052628738));
#4175=DIRECTION('ref_axis',(0.,0.866019052628739,0.500011000363014));
#4176=DIRECTION('',(1.,0.,0.));
#4177=DIRECTION('',(0.,-0.866019052628739,-0.500011000363014));
#4178=DIRECTION('',(1.,0.,0.));
#4179=DIRECTION('center_axis',(0.,0.,1.));
#4180=DIRECTION('ref_axis',(1.,0.,0.));
#4181=DIRECTION('',(1.,0.,0.));
#4182=DIRECTION('center_axis',(0.,0.,-1.));
#4183=DIRECTION('ref_axis',(-3.46952328230547E-17,1.,0.));
#4184=DIRECTION('center_axis',(0.,0.,-1.));
#4185=DIRECTION('ref_axis',(-3.46952328230547E-17,-1.,0.));
#4186=DIRECTION('center_axis',(0.,-0.500011000363014,-0.866019052628739));
#4187=DIRECTION('ref_axis',(0.,0.866019052628739,-0.500011000363014));
#4188=DIRECTION('',(1.,0.,0.));
#4189=DIRECTION('',(0.,-0.866019052628739,0.500011000363014));
#4190=DIRECTION('center_axis',(0.,-1.,2.22044604925031E-16));
#4191=DIRECTION('ref_axis',(0.,-2.22044604925031E-16,-1.));
#4192=DIRECTION('',(1.,0.,0.));
#4193=DIRECTION('',(0.,2.22044604925031E-16,1.));
#4194=DIRECTION('center_axis',(-1.,0.,0.));
#4195=DIRECTION('ref_axis',(0.,-0.707106781186548,-0.707106781186548));
#4196=DIRECTION('',(1.,0.,0.));
#4197=DIRECTION('center_axis',(-0.861887014633526,0.507100358909465,-3.82754723308633E-15));
#4198=DIRECTION('ref_axis',(0.507100358909465,0.861887014633526,-6.50544453407212E-15));
#4199=DIRECTION('',(-1.,0.,0.));
#4200=DIRECTION('center_axis',(-0.856374131561898,-0.516355833502058,-1.90153255710679E-15));
#4201=DIRECTION('ref_axis',(-0.516355833502058,0.856374131561898,-3.15368431336318E-15));
#4202=DIRECTION('center_axis',(-0.485698451987788,0.874126428920134,0.));
#4203=DIRECTION('ref_axis',(-0.618100725503809,-0.343440669012375,-0.707106781186545));
#4204=DIRECTION('',(0.485698451987788,-0.874126428920134,0.));
#4205=DIRECTION('center_axis',(-0.250872050136988,0.968020255191008,0.));
#4206=DIRECTION('ref_axis',(0.968020255191008,0.250872050136988,0.));
#4207=DIRECTION('',(-0.485698451987788,0.874126428920134,0.));
#4208=DIRECTION('center_axis',(0.,1.,0.));
#4209=DIRECTION('ref_axis',(-0.707106781186549,0.,-0.707106781186546));
#4210=DIRECTION('',(0.,-1.,0.));
#4211=DIRECTION('center_axis',(0.22438049464514,0.974501612940072,6.22780978579543E-17));
#4212=DIRECTION('ref_axis',(0.974501612940072,-0.22438049464514,2.70478532055106E-16));
#4213=DIRECTION('',(0.,1.,0.));
#4214=DIRECTION('center_axis',(1.,-1.71049537216117E-15,0.));
#4215=DIRECTION('ref_axis',(0.,0.707106781186549,-0.707106781186546));
#4216=DIRECTION('',(-1.,1.71049537216117E-15,0.));
#4217=DIRECTION('center_axis',(0.842414408802568,-0.538830180893591,0.));
#4218=DIRECTION('ref_axis',(-0.538830180893591,-0.842414408802568,0.));
#4219=DIRECTION('',(1.,-1.71049537216117E-15,0.));
#4220=DIRECTION('center_axis',(-0.847737668116718,-0.530415729457591,0.));
#4221=DIRECTION('ref_axis',(-0.530415729457592,0.847737668116718,0.));
#4222=DIRECTION('center_axis',(0.419324072316357,-0.907836616564912,0.));
#4223=DIRECTION('ref_axis',(0.641937427782501,0.296506895049654,-0.707106781186547));
#4224=DIRECTION('',(0.419324072316357,-0.907836616564912,0.));
#4225=DIRECTION('',(-0.419324072316357,0.907836616564912,0.));
#4226=DIRECTION('center_axis',(0.214666466215706,-0.976687415851388,0.));
#4227=DIRECTION('ref_axis',(-0.976687415851388,-0.214666466215706,0.));
#4228=DIRECTION('center_axis',(0.437318307887946,0.899306787245612,0.));
#4229=DIRECTION('ref_axis',(-0.635905927628462,0.309230741044597,-0.707106781186544));
#4230=DIRECTION('',(-0.437318307887946,-0.899306787245612,0.));
#4231=DIRECTION('',(0.437318307887946,0.899306787245612,0.));
#4232=DIRECTION('center_axis',(0.,-1.,0.));
#4233=DIRECTION('ref_axis',(0.707106781186548,0.,-0.707106781186548));
#4234=DIRECTION('',(0.,1.,0.));
#4235=DIRECTION('center_axis',(-0.240429244285614,-0.970666667034698,0.));
#4236=DIRECTION('ref_axis',(-0.970666667034698,0.240429244285614,0.));
#4237=DIRECTION('center_axis',(-0.466753306416791,-0.884387556984489,0.));
#4238=DIRECTION('ref_axis',(0.625356438740738,-0.33004442810855,-0.707106781186549));
#4239=DIRECTION('',(-0.466753306416791,-0.884387556984489,0.));
#4240=DIRECTION('',(0.466753306416791,0.884387556984489,0.));
#4241=DIRECTION('center_axis',(0.874126428920134,0.485698451987788,0.));
#4242=DIRECTION('ref_axis',(-0.485698451987788,0.874126428920134,0.));
#4243=DIRECTION('',(0.,0.,1.));
#4244=DIRECTION('',(0.485698451987788,-0.874126428920134,0.));
#4245=DIRECTION('',(0.,0.,1.));
#4246=DIRECTION('center_axis',(1.,0.,0.));
#4247=DIRECTION('ref_axis',(0.,1.,0.));
#4248=DIRECTION('',(0.,0.,1.));
#4249=DIRECTION('',(0.,-1.,0.));
#4250=DIRECTION('center_axis',(0.899306787245612,-0.437318307887946,0.));
#4251=DIRECTION('ref_axis',(0.437318307887946,0.899306787245612,0.));
#4252=DIRECTION('',(0.,0.,1.));
#4253=DIRECTION('',(-0.437318307887946,-0.899306787245612,0.));
#4254=DIRECTION('center_axis',(-1.71049537216117E-15,-1.,0.));
#4255=DIRECTION('ref_axis',(1.,-1.71049537216117E-15,0.));
#4256=DIRECTION('',(0.,0.,1.));
#4257=DIRECTION('',(-1.,1.71049537216117E-15,0.));
#4258=DIRECTION('center_axis',(0.,0.,-1.));
#4259=DIRECTION('ref_axis',(-1.,0.,0.));
#4260=DIRECTION('',(-1.,0.,0.));
#4261=DIRECTION('',(0.,-1.,0.));
#4262=DIRECTION('',(1.,0.,0.));
#4263=DIRECTION('',(-0.437318307887946,-0.899306787245612,0.));
#4264=DIRECTION('',(0.,-1.,0.));
#4265=DIRECTION('',(0.485698451987788,-0.874126428920134,0.));
#4266=DIRECTION('',(1.,0.,0.));
#4267=DIRECTION('',(0.466753306416791,0.884387556984489,0.));
#4268=DIRECTION('',(0.,1.,0.));
#4269=DIRECTION('',(-0.419324072316357,0.907836616564912,0.));
#4270=DIRECTION('',(-1.,1.71049537216117E-15,0.));
#4271=DIRECTION('center_axis',(0.,2.22044604925031E-16,1.));
#4272=DIRECTION('ref_axis',(0.707106781186546,0.707106781186549,0.));
#4273=DIRECTION('center_axis',(-4.95615028663471E-15,-0.49999449978824,
-0.866028579309891));
#4274=DIRECTION('ref_axis',(8.58443001552698E-15,0.866028579309891,-0.49999449978824));
#4275=DIRECTION('center_axis',(-1.62551785152961E-15,-0.499994499788246,
0.866028579309888));
#4276=DIRECTION('ref_axis',(-2.81552080312733E-15,-0.866028579309888,-0.499994499788246));
#4277=DIRECTION('center_axis',(0.,0.866019052628739,0.500011000363013));
#4278=DIRECTION('ref_axis',(0.707106781186548,0.353561169024555,-0.612367944750531));
#4279=DIRECTION('',(0.,0.866019052628739,0.500011000363013));
#4280=DIRECTION('center_axis',(5.74707369472607E-16,-0.965924179881675,
-0.258825189500391));
#4281=DIRECTION('ref_axis',(-2.14478270184509E-15,0.258825189500391,-0.965924179881675));
#4282=DIRECTION('center_axis',(0.,1.,2.01367046160706E-8));
#4283=DIRECTION('ref_axis',(0.707106781186546,1.42388042463528E-8,-0.707106781186549));
#4284=DIRECTION('',(0.,1.,2.01367046160706E-8));
#4285=DIRECTION('center_axis',(0.,-0.965924309742974,0.258824704863271));
#4286=DIRECTION('ref_axis',(0.,-0.258824704863271,-0.965924309742974));
#4287=DIRECTION('center_axis',(0.,0.866019052628739,-0.500011000363013));
#4288=DIRECTION('ref_axis',(0.707106781186547,-0.353561169024554,-0.612367944750533));
#4289=DIRECTION('',(0.,0.866019052628739,-0.500011000363013));
#4290=DIRECTION('center_axis',(3.84593947493301E-15,-0.499994499788244,
0.866028579309888));
#4291=DIRECTION('ref_axis',(-6.66146027806048E-15,-0.866028579309888,-0.499994499788244));
#4292=DIRECTION('center_axis',(0.,0.,-1.));
#4293=DIRECTION('ref_axis',(0.707106781186548,-0.707106781186548,0.));
#4294=DIRECTION('',(0.,0.,-1.));
#4295=DIRECTION('center_axis',(0.,0.499994499788247,0.866028579309887));
#4296=DIRECTION('ref_axis',(0.,-0.866028579309887,0.499994499788247));
#4297=DIRECTION('center_axis',(0.,-0.866019052628738,-0.500011000363014));
#4298=DIRECTION('ref_axis',(0.707106781186542,-0.353561169024565,0.612367944750532));
#4299=DIRECTION('center_axis',(0.,-0.866019052628739,0.500011000363014));
#4300=DIRECTION('ref_axis',(0.707106781186547,0.353561169024558,0.61236794475053));
#4301=DIRECTION('center_axis',(0.,1.,0.));
#4302=DIRECTION('ref_axis',(0.,0.,1.));
#4303=DIRECTION('',(1.,0.,0.));
#4304=DIRECTION('center_axis',(0.,0.500011000363013,0.866019052628739));
#4305=DIRECTION('ref_axis',(0.,-0.866019052628739,0.500011000363013));
#4306=DIRECTION('',(1.,0.,0.));
#4307=DIRECTION('center_axis',(0.,-2.01367046160706E-8,1.));
#4308=DIRECTION('ref_axis',(0.,-1.,-2.01367046160706E-8));
#4309=DIRECTION('',(1.,0.,0.));
#4310=DIRECTION('center_axis',(0.,-0.500011000363013,0.866019052628739));
#4311=DIRECTION('ref_axis',(0.,-0.866019052628739,-0.500011000363013));
#4312=DIRECTION('center_axis',(0.466753306416791,0.884387556984489,0.));
#4313=DIRECTION('ref_axis',(0.625356438740741,-0.330044428108554,0.707106781186544));
#4314=DIRECTION('',(-0.466753306416791,-0.884387556984489,0.));
#4315=DIRECTION('',(0.466753306416791,0.884387556984489,0.));
#4316=DIRECTION('center_axis',(-0.856374131561896,-0.516355833502061,0.));
#4317=DIRECTION('ref_axis',(0.516355833502061,-0.856374131561896,0.));
#4318=DIRECTION('center_axis',(1.,0.,0.));
#4319=DIRECTION('ref_axis',(0.,-0.707106781186548,0.707106781186548));
#4320=DIRECTION('',(1.,0.,0.));
#4321=DIRECTION('center_axis',(-0.861887014633526,0.507100358909465,9.56886808271583E-16));
#4322=DIRECTION('ref_axis',(-0.507100358909465,-0.861887014633526,-1.62636113351803E-15));
#4323=DIRECTION('',(-1.,0.,0.));
#4324=DIRECTION('center_axis',(0.485698451987788,-0.874126428920134,0.));
#4325=DIRECTION('ref_axis',(-0.618100725503808,-0.343440669012376,0.707106781186546));
#4326=DIRECTION('center_axis',(-0.25087205013698,0.96802025519101,0.));
#4327=DIRECTION('ref_axis',(-0.96802025519101,-0.25087205013698,0.));
#4328=DIRECTION('',(-0.485698451987788,0.874126428920134,0.));
#4329=DIRECTION('center_axis',(0.,-1.,0.));
#4330=DIRECTION('ref_axis',(-0.707106781186549,0.,0.707106781186546));
#4331=DIRECTION('center_axis',(0.224380494645136,0.974501612940073,2.49112391431813E-16));
#4332=DIRECTION('ref_axis',(-0.974501612940073,0.224380494645136,-1.08191412822043E-15));
#4333=DIRECTION('',(0.,1.,0.));
#4334=DIRECTION('center_axis',(-1.,1.71049537216117E-15,0.));
#4335=DIRECTION('ref_axis',(3.14018491736755E-15,0.707106781186549,0.707106781186546));
#4336=DIRECTION('center_axis',(0.842414408802566,-0.538830180893593,0.));
#4337=DIRECTION('ref_axis',(0.538830180893593,0.842414408802566,0.));
#4338=DIRECTION('',(1.,-1.71049537216117E-15,0.));
#4339=DIRECTION('center_axis',(-0.847737668116719,-0.53041572945759,-1.17775951093433E-15));
#4340=DIRECTION('ref_axis',(0.530415729457589,-0.847737668116719,-1.88235575597044E-15));
#4341=DIRECTION('center_axis',(-0.419324072316357,0.907836616564912,0.));
#4342=DIRECTION('ref_axis',(0.641937427782502,0.296506895049657,0.707106781186545));
#4343=DIRECTION('',(-0.419324072316357,0.907836616564912,0.));
#4344=DIRECTION('',(0.419324072316357,-0.907836616564912,0.));
#4345=DIRECTION('center_axis',(-0.437318307887946,-0.899306787245612,0.));
#4346=DIRECTION('ref_axis',(-0.635905927628461,0.309230741044595,0.707106781186545));
#4347=DIRECTION('',(0.437318307887946,0.899306787245612,0.));
#4348=DIRECTION('center_axis',(0.,0.,1.));
#4349=DIRECTION('ref_axis',(1.,0.,0.));
#4350=DIRECTION('',(-1.,0.,0.));
#4351=DIRECTION('',(0.,1.,0.));
#4352=DIRECTION('',(0.437318307887946,0.899306787245612,0.));
#4353=DIRECTION('',(1.,-1.71049537216117E-15,0.));
#4354=DIRECTION('',(0.419324072316357,-0.907836616564912,0.));
#4355=DIRECTION('',(0.,-1.,0.));
#4356=DIRECTION('',(-0.466753306416791,-0.884387556984489,0.));
#4357=DIRECTION('',(-1.,0.,0.));
#4358=DIRECTION('',(-0.485698451987788,0.874126428920134,0.));
#4359=DIRECTION('',(0.,1.,0.));
#4360=DIRECTION('',(1.,0.,0.));
#4361=DIRECTION('center_axis',(0.419324072316357,-0.907836616564912,0.));
#4362=DIRECTION('ref_axis',(0.641937427782502,0.296506895049657,-0.707106781186546));
#4363=DIRECTION('center_axis',(0.214666466215719,-0.976687415851385,0.));
#4364=DIRECTION('ref_axis',(-0.976687415851385,-0.214666466215719,0.));
#4365=DIRECTION('',(0.419324072316357,-0.907836616564912,0.));
#4366=DIRECTION('center_axis',(0.842414408802567,-0.538830180893593,-9.35267872928602E-16));
#4367=DIRECTION('ref_axis',(-0.538830180893593,-0.842414408802567,-1.46221047035369E-15));
#4368=DIRECTION('center_axis',(0.,-1.,0.));
#4369=DIRECTION('ref_axis',(0.707106781186549,0.,-0.707106781186546));
#4370=DIRECTION('center_axis',(-0.240429244285622,-0.970666667034696,-1.33465041399563E-16));
#4371=DIRECTION('ref_axis',(-0.970666667034696,0.240429244285622,-5.38828241489042E-16));
#4372=DIRECTION('',(0.,-1.,0.));
#4373=DIRECTION('center_axis',(-0.466753306416791,-0.884387556984489,0.));
#4374=DIRECTION('ref_axis',(0.625356438740737,-0.330044428108561,-0.707106781186545));
#4375=DIRECTION('center_axis',(-0.856374131561897,-0.51635583350206,0.));
#4376=DIRECTION('ref_axis',(-0.51635583350206,0.856374131561896,0.));
#4377=DIRECTION('',(-0.466753306416791,-0.884387556984489,0.));
#4378=DIRECTION('center_axis',(0.437318307887946,0.899306787245612,0.));
#4379=DIRECTION('ref_axis',(-0.635905927628463,0.309230741044594,-0.707106781186544));
#4380=DIRECTION('',(0.437318307887946,0.899306787245612,0.));
#4381=DIRECTION('center_axis',(-0.224380494645154,-0.974501612940069,0.));
#4382=DIRECTION('ref_axis',(-0.974501612940069,0.224380494645154,0.));
#4383=DIRECTION('center_axis',(0.847737668116718,0.530415729457592,0.));
#4384=DIRECTION('ref_axis',(0.530415729457592,-0.847737668116718,0.));
#4385=DIRECTION('center_axis',(-1.,0.,0.));
#4386=DIRECTION('ref_axis',(0.,-0.707106781186548,-0.707106781186548));
#4387=DIRECTION('center_axis',(-0.861887014633526,0.507100358909465,-1.91377361654317E-15));
#4388=DIRECTION('ref_axis',(0.507100358909465,0.861887014633526,-3.25272226703606E-15));
#4389=DIRECTION('',(-1.,0.,0.));
#4390=DIRECTION('center_axis',(-0.485698451987788,0.874126428920134,0.));
#4391=DIRECTION('ref_axis',(-0.618100725503812,-0.34344066901237,-0.707106781186546));
#4392=DIRECTION('center_axis',(-0.250872050136997,0.968020255191006,-8.59774700493263E-15));
#4393=DIRECTION('ref_axis',(0.968020255191006,0.250872050136997,-3.31754503749567E-14));
#4394=DIRECTION('',(-0.485698451987788,0.874126428920134,0.));
#4395=DIRECTION('center_axis',(0.,1.,0.));
#4396=DIRECTION('ref_axis',(-0.707106781186548,0.,-0.707106781186548));
#4397=DIRECTION('',(0.,1.,0.));
#4398=DIRECTION('center_axis',(1.,-1.71049537216117E-15,0.));
#4399=DIRECTION('ref_axis',(0.,0.707106781186549,-0.707106781186546));
#4400=DIRECTION('',(1.,-1.71049537216117E-15,0.));
#4401=DIRECTION('center_axis',(0.,1.,0.));
#4402=DIRECTION('ref_axis',(-1.,0.,0.));
#4403=DIRECTION('',(0.,0.,1.));
#4404=DIRECTION('',(1.,0.,0.));
#4405=DIRECTION('',(0.,0.,1.));
#4406=DIRECTION('center_axis',(0.874126428920134,0.485698451987788,0.));
#4407=DIRECTION('ref_axis',(-0.485698451987788,0.874126428920134,0.));
#4408=DIRECTION('',(0.,0.,1.));
#4409=DIRECTION('',(0.485698451987788,-0.874126428920134,0.));
#4410=DIRECTION('center_axis',(-1.,0.,0.));
#4411=DIRECTION('ref_axis',(0.,0.,1.));
#4412=DIRECTION('',(0.,0.,1.));
#4413=DIRECTION('center_axis',(1.,0.,0.));
#4414=DIRECTION('ref_axis',(0.,1.,-1.21380213626828E-16));
#4415=DIRECTION('',(0.,0.,-1.));
#4416=DIRECTION('',(0.,-1.,0.));
#4417=DIRECTION('',(0.,0.866019052628739,0.500011000363013));
#4418=DIRECTION('',(0.,2.22044604925031E-16,1.));
#4419=DIRECTION('',(0.,-0.866019052628739,0.500011000363014));
#4420=DIRECTION('',(0.,-1.,0.));
#4421=DIRECTION('',(0.,-0.866019052628739,-0.500011000363014));
#4422=DIRECTION('',(0.,0.,-1.));
#4423=DIRECTION('',(0.,0.866019052628739,-0.500011000363013));
#4424=DIRECTION('',(0.,-1.,0.));
#4425=DIRECTION('',(0.,0.,1.));
#4426=DIRECTION('center_axis',(1.,0.,0.));
#4427=DIRECTION('ref_axis',(2.2075940145969E-31,-1.,1.01106300829057E-16));
#4428=DIRECTION('',(0.,2.22044604925031E-16,1.));
#4429=DIRECTION('',(0.,-0.866019052628739,0.500011000363014));
#4430=DIRECTION('',(0.,-1.,0.));
#4431=DIRECTION('',(0.,-0.866019052628739,-0.500011000363014));
#4432=DIRECTION('',(0.,0.,-1.));
#4433=DIRECTION('',(0.,0.866019052628739,-0.500011000363013));
#4434=DIRECTION('',(0.,1.,2.01367046160706E-8));
#4435=DIRECTION('',(0.,0.866019052628739,0.500011000363013));
#4436=DIRECTION('',(0.,1.,0.));
#4437=DIRECTION('',(0.,-0.866019052628739,-0.500011000363014));
#4438=DIRECTION('',(0.,0.,-1.));
#4439=DIRECTION('',(0.,0.866019052628739,-0.500011000363013));
#4440=DIRECTION('',(0.,1.,2.01367046160706E-8));
#4441=DIRECTION('',(0.,0.866019052628739,0.500011000363013));
#4442=DIRECTION('',(0.,2.22044604925031E-16,1.));
#4443=DIRECTION('',(0.,-0.866019052628739,0.500011000363014));
#4444=DIRECTION('center_axis',(0.899306787245612,-0.437318307887946,0.));
#4445=DIRECTION('ref_axis',(0.437318307887946,0.899306787245612,0.));
#4446=DIRECTION('',(0.,0.,1.));
#4447=DIRECTION('',(-0.437318307887946,-0.899306787245612,0.));
#4448=DIRECTION('center_axis',(0.,2.22044604925031E-16,1.));
#4449=DIRECTION('ref_axis',(0.707106781186546,0.707106781186549,0.));
#4450=DIRECTION('',(0.,2.22044604925031E-16,1.));
#4451=DIRECTION('center_axis',(-1.10225113849711E-14,-0.49999449978824,
-0.866028579309891));
#4452=DIRECTION('ref_axis',(1.90918297685205E-14,0.866028579309891,-0.49999449978824));
#4453=DIRECTION('',(0.,-2.22044604925031E-16,-1.));
#4454=DIRECTION('center_axis',(-3.25103570305915E-15,-0.499994499788251,
0.866028579309884));
#4455=DIRECTION('ref_axis',(-5.63104160625445E-15,-0.866028579309884,-0.499994499788251));
#4456=DIRECTION('center_axis',(0.,0.866019052628739,0.500011000363013));
#4457=DIRECTION('ref_axis',(0.707106781186548,0.353561169024555,-0.612367944750531));
#4458=DIRECTION('',(0.,0.866019052628739,0.500011000363013));
#4459=DIRECTION('center_axis',(0.,-0.965924179881678,-0.258825189500382));
#4460=DIRECTION('ref_axis',(0.,0.258825189500382,-0.965924179881678));
#4461=DIRECTION('',(0.,-0.866019052628739,-0.500011000363013));
#4462=DIRECTION('center_axis',(0.,1.,2.01367046160706E-8));
#4463=DIRECTION('ref_axis',(0.707106781186544,1.42387979659829E-8,-0.707106781186551));
#4464=DIRECTION('',(0.,-1.,-2.01367046160706E-8));
#4465=DIRECTION('',(0.,1.,2.01367046160706E-8));
#4466=DIRECTION('center_axis',(0.,-0.965924309742976,0.258824704863263));
#4467=DIRECTION('ref_axis',(0.,-0.258824704863263,-0.965924309742976));
#4468=DIRECTION('center_axis',(0.,0.866019052628739,-0.500011000363013));
#4469=DIRECTION('ref_axis',(0.707106781186548,-0.353561169024555,-0.612367944750531));
#4470=DIRECTION('',(0.,-0.866019052628739,0.500011000363013));
#4471=DIRECTION('',(0.,0.866019052628739,-0.500011000363013));
#4472=DIRECTION('center_axis',(0.,-0.499994499788239,0.866028579309892));
#4473=DIRECTION('ref_axis',(0.,-0.866028579309891,-0.499994499788239));
#4474=DIRECTION('center_axis',(0.,0.,-1.));
#4475=DIRECTION('ref_axis',(0.707106781186548,-0.707106781186548,0.));
#4476=DIRECTION('',(0.,0.,1.));
#4477=DIRECTION('',(0.,0.,-1.));
#4478=DIRECTION('center_axis',(0.,0.499994499788242,0.86602857930989));
#4479=DIRECTION('ref_axis',(0.,-0.86602857930989,0.499994499788241));
#4480=DIRECTION('center_axis',(0.,-0.866019052628739,0.500011000363014));
#4481=DIRECTION('ref_axis',(0.707106781186544,0.353561169024558,0.612367944750534));
#4482=DIRECTION('',(0.,-0.866019052628739,0.500011000363014));
#4483=DIRECTION('',(0.,0.866019052628739,-0.500011000363014));
#4484=DIRECTION('center_axis',(0.,0.965923894619089,-0.25882625408542));
#4485=DIRECTION('ref_axis',(0.,0.25882625408542,0.965923894619089));
#4486=DIRECTION('center_axis',(0.,-0.866019052628738,-0.500011000363014));
#4487=DIRECTION('ref_axis',(0.707106781186545,-0.353561169024566,0.612367944750528));
#4488=DIRECTION('',(0.,0.866019052628739,0.500011000363014));
#4489=DIRECTION('',(0.,-0.866019052628739,-0.500011000363014));
#4490=DIRECTION('center_axis',(0.,0.965923894619093,0.258826254085408));
#4491=DIRECTION('ref_axis',(0.,-0.258826254085408,0.965923894619093));
#4492=DIRECTION('center_axis',(0.,-1.,0.));
#4493=DIRECTION('ref_axis',(0.707106781186551,0.,0.707106781186544));
#4494=DIRECTION('',(0.,1.,0.));
#4495=DIRECTION('',(0.,-1.,0.));
#4496=DIRECTION('center_axis',(0.,0.500011000363013,0.866019052628739));
#4497=DIRECTION('ref_axis',(0.,-0.866019052628739,0.500011000363013));
#4498=DIRECTION('',(1.,0.,0.));
#4499=DIRECTION('',(0.,-0.866019052628739,0.500011000363013));
#4500=DIRECTION('',(1.,0.,0.));
#4501=DIRECTION('center_axis',(0.,-2.01367046160706E-8,1.));
#4502=DIRECTION('ref_axis',(0.,-1.,-2.01367046160706E-8));
#4503=DIRECTION('',(1.,0.,0.));
#4504=DIRECTION('',(0.,-1.,-2.01367046160706E-8));
#4505=DIRECTION('center_axis',(0.,-0.500011000363013,0.866019052628739));
#4506=DIRECTION('ref_axis',(0.,-0.866019052628739,-0.500011000363013));
#4507=DIRECTION('',(1.,0.,0.));
#4508=DIRECTION('',(0.,-0.866019052628739,-0.500011000363013));
#4509=DIRECTION('center_axis',(0.,-1.,2.22044604925031E-16));
#4510=DIRECTION('ref_axis',(0.,-2.22044604925031E-16,-1.));
#4511=DIRECTION('',(1.,0.,0.));
#4512=DIRECTION('',(0.,-2.22044604925031E-16,-1.));
#4513=DIRECTION('center_axis',(1.,0.,0.));
#4514=DIRECTION('ref_axis',(0.,0.,-1.));
#4515=DIRECTION('',(0.,0.,-1.));
#4516=DIRECTION('',(0.,-1.,0.));
#4517=DIRECTION('',(0.,0.,1.));
#4518=DIRECTION('',(0.,-2.22044604925031E-16,-1.));
#4519=DIRECTION('',(0.,-0.866019052628739,-0.500011000363013));
#4520=DIRECTION('',(0.,-1.,-2.01367046160706E-8));
#4521=DIRECTION('',(0.,-0.866019052628739,0.500011000363013));
#4522=DIRECTION('',(0.,0.,1.));
#4523=DIRECTION('',(0.,0.866019052628739,0.500011000363014));
#4524=DIRECTION('',(0.,1.,0.));
#4525=DIRECTION('',(0.,0.866019052628739,-0.500011000363014));
#4526=DIRECTION('',(0.,-2.22044604925031E-16,-1.));
#4527=DIRECTION('',(0.,-0.866019052628739,-0.500011000363013));
#4528=DIRECTION('',(0.,-1.,-2.01367046160706E-8));
#4529=DIRECTION('',(0.,-0.866019052628739,0.500011000363013));
#4530=DIRECTION('',(0.,0.,1.));
#4531=DIRECTION('',(0.,0.866019052628739,0.500011000363014));
#4532=DIRECTION('',(0.,1.,0.));
#4533=DIRECTION('',(0.,0.866019052628739,-0.500011000363014));
#4534=DIRECTION('center_axis',(-0.437318307887946,-0.899306787245612,0.));
#4535=DIRECTION('ref_axis',(-0.635905927628461,0.309230741044594,0.707106781186546));
#4536=DIRECTION('center_axis',(0.847737668116719,0.53041572945759,-1.88235575597045E-15));
#4537=DIRECTION('ref_axis',(-0.53041572945759,0.847737668116719,3.0084776723426E-15));
#4538=DIRECTION('center_axis',(-1.,1.71049537216117E-15,0.));
#4539=DIRECTION('ref_axis',(1.57009245868378E-15,0.707106781186549,0.707106781186546));
#4540=DIRECTION('',(-1.,1.71049537216117E-15,0.));
#4541=DIRECTION('center_axis',(0.842414408802568,-0.53883018089359,-9.35267872928604E-16));
#4542=DIRECTION('ref_axis',(0.53883018089359,0.842414408802568,1.4622104703537E-15));
#4543=DIRECTION('center_axis',(-0.419324072316357,0.907836616564912,0.));
#4544=DIRECTION('ref_axis',(0.641937427782501,0.296506895049657,0.707106781186547));
#4545=DIRECTION('',(-0.419324072316357,0.907836616564912,0.));
#4546=DIRECTION('center_axis',(0.21466646621571,-0.976687415851387,0.));
#4547=DIRECTION('ref_axis',(0.976687415851387,0.21466646621571,0.));
#4548=DIRECTION('center_axis',(0.,1.,0.));
#4549=DIRECTION('ref_axis',(0.707106781186549,0.,0.707106781186546));
#4550=DIRECTION('',(0.,1.,0.));
#4551=DIRECTION('center_axis',(-0.240429244285622,-0.970666667034696,6.67325206997813E-16));
#4552=DIRECTION('ref_axis',(0.970666667034696,-0.240429244285622,-2.69414120744521E-15));
#4553=DIRECTION('center_axis',(0.466753306416791,0.884387556984489,0.));
#4554=DIRECTION('ref_axis',(0.625356438740738,-0.330044428108555,0.707106781186547));
#4555=DIRECTION('',(0.466753306416791,0.884387556984489,0.));
#4556=DIRECTION('center_axis',(-0.856374131561897,-0.51635583350206,0.));
#4557=DIRECTION('ref_axis',(0.51635583350206,-0.856374131561896,0.));
#4558=DIRECTION('center_axis',(1.,0.,0.));
#4559=DIRECTION('ref_axis',(0.,-0.707106781186548,0.707106781186548));
#4560=DIRECTION('center_axis',(-0.861887014633527,0.507100358909464,1.91377361654317E-15));
#4561=DIRECTION('ref_axis',(-0.507100358909464,-0.861887014633527,-3.25272226703608E-15));
#4562=DIRECTION('center_axis',(0.485698451987788,-0.874126428920134,0.));
#4563=DIRECTION('ref_axis',(-0.61810072550381,-0.343440669012375,0.707106781186544));
#4564=DIRECTION('center_axis',(0.,-2.22044604925031E-16,-1.));
#4565=DIRECTION('ref_axis',(-0.707106781186546,0.707106781186549,0.));
#4566=DIRECTION('center_axis',(0.,-0.49999449978824,0.866028579309891));
#4567=DIRECTION('ref_axis',(0.,0.866028579309891,0.49999449978824));
#4568=DIRECTION('center_axis',(-3.84593947493302E-15,-0.49999449978824,
-0.866028579309891));
#4569=DIRECTION('ref_axis',(-6.66146027806047E-15,-0.866028579309891,0.49999449978824));
#4570=DIRECTION('center_axis',(0.,0.866019052628739,-0.500011000363014));
#4571=DIRECTION('ref_axis',(-0.707106781186545,0.353561169024556,0.612367944750534));
#4572=DIRECTION('',(0.,0.866019052628739,-0.500011000363014));
#4573=DIRECTION('center_axis',(0.,0.,-1.));
#4574=DIRECTION('ref_axis',(3.46952328230547E-17,1.,0.));
#4575=DIRECTION('center_axis',(0.,-0.866019052628739,-0.500011000363013));
#4576=DIRECTION('ref_axis',(-0.707106781186545,0.353561169024556,-0.612367944750534));
#4577=DIRECTION('center_axis',(0.,-0.965924179881672,-0.258825189500403));
#4578=DIRECTION('ref_axis',(0.,-0.258825189500403,0.965924179881672));
#4579=DIRECTION('center_axis',(0.,-1.,-2.01367046160706E-8));
#4580=DIRECTION('ref_axis',(-0.707106781186548,1.4238797965983E-8,-0.707106781186548));
#4581=DIRECTION('center_axis',(0.,-0.965924309742971,0.25882470486328));
#4582=DIRECTION('ref_axis',(0.,0.25882470486328,0.965924309742972));
#4583=DIRECTION('center_axis',(0.,-0.866019052628739,0.500011000363013));
#4584=DIRECTION('ref_axis',(-0.707106781186547,-0.353561169024554,-0.612367944750533));
#4585=DIRECTION('center_axis',(0.,-0.499994499788242,0.86602857930989));
#4586=DIRECTION('ref_axis',(0.,0.86602857930989,0.499994499788242));
#4587=DIRECTION('center_axis',(0.,0.,1.));
#4588=DIRECTION('ref_axis',(-0.707106781186548,-0.707106781186548,0.));
#4589=DIRECTION('',(0.,0.,1.));
#4590=DIRECTION('center_axis',(0.,0.499994499788239,0.866028579309892));
#4591=DIRECTION('ref_axis',(0.,0.866028579309892,-0.499994499788239));
#4592=DIRECTION('center_axis',(0.,0.866019052628738,0.500011000363014));
#4593=DIRECTION('ref_axis',(-0.707106781186545,-0.353561169024554,0.612367944750535));
#4594=DIRECTION('center_axis',(0.,0.,-1.));
#4595=DIRECTION('ref_axis',(1.04085698469164E-16,-1.,0.));
#4596=DIRECTION('',(0.,0.866019052628739,0.500011000363014));
#4597=DIRECTION('center_axis',(0.,-0.500011000363014,-0.866019052628739));
#4598=DIRECTION('ref_axis',(0.,0.866019052628739,-0.500011000363014));
#4599=DIRECTION('',(1.,0.,0.));
#4600=DIRECTION('center_axis',(0.,1.,0.));
#4601=DIRECTION('ref_axis',(0.,0.,1.));
#4602=DIRECTION('',(1.,0.,0.));
#4603=DIRECTION('center_axis',(0.,0.500011000363014,-0.866019052628738));
#4604=DIRECTION('ref_axis',(0.,0.866019052628739,0.500011000363014));
#4605=DIRECTION('',(1.,0.,0.));
#4606=DIRECTION('center_axis',(0.,2.22044604925031E-16,1.));
#4607=DIRECTION('ref_axis',(0.707106781186546,0.707106781186549,0.));
#4608=DIRECTION('',(0.,2.22044604925031E-16,1.));
#4609=DIRECTION('center_axis',(-1.25893675467009E-15,-0.499994499788234,
-0.866028579309894));
#4610=DIRECTION('ref_axis',(2.18057440541789E-15,0.866028579309894,-0.499994499788234));
#4611=DIRECTION('center_axis',(3.03318054916821E-15,-0.499994499788243,
0.866028579309889));
#4612=DIRECTION('ref_axis',(5.25369987649672E-15,-0.866028579309889,-0.499994499788243));
#4613=DIRECTION('center_axis',(0.,0.866019052628739,0.500011000363013));
#4614=DIRECTION('ref_axis',(0.707106781186548,0.353561169024555,-0.612367944750531));
#4615=DIRECTION('',(0.,0.866019052628739,0.500011000363013));
#4616=DIRECTION('center_axis',(0.,-0.965924179881679,-0.258825189500378));
#4617=DIRECTION('ref_axis',(0.,0.258825189500378,-0.965924179881679));
#4618=DIRECTION('center_axis',(0.,1.,2.01367046160706E-8));
#4619=DIRECTION('ref_axis',(0.707106781186544,1.42388042463527E-8,-0.707106781186551));
#4620=DIRECTION('',(0.,1.,2.01367046160706E-8));
#4621=DIRECTION('center_axis',(0.,-0.965924309742973,0.258824704863274));
#4622=DIRECTION('ref_axis',(0.,-0.258824704863274,-0.965924309742973));
#4623=DIRECTION('center_axis',(0.,0.866019052628739,-0.500011000363013));
#4624=DIRECTION('ref_axis',(0.707106781186547,-0.353561169024554,-0.612367944750533));
#4625=DIRECTION('',(0.,0.866019052628739,-0.500011000363013));
#4626=DIRECTION('center_axis',(0.,-0.499994499788244,0.866028579309888));
#4627=DIRECTION('ref_axis',(0.,-0.866028579309888,-0.499994499788244));
#4628=DIRECTION('center_axis',(0.,0.,-1.));
#4629=DIRECTION('ref_axis',(0.707106781186548,-0.707106781186548,0.));
#4630=DIRECTION('',(0.,0.,-1.));
#4631=DIRECTION('center_axis',(1.92296973746651E-15,0.499994499788244,0.866028579309888));
#4632=DIRECTION('ref_axis',(-3.33073013903019E-15,-0.866028579309888,0.499994499788244));
#4633=DIRECTION('center_axis',(0.,-0.866019052628739,0.500011000363014));
#4634=DIRECTION('ref_axis',(0.707106781186545,0.353561169024558,0.612367944750533));
#4635=DIRECTION('',(0.,-0.866019052628739,0.500011000363014));
#4636=DIRECTION('center_axis',(0.,0.965924182487614,-0.258825179775142));
#4637=DIRECTION('ref_axis',(0.,0.258825179775142,0.965924182487614));
#4638=DIRECTION('center_axis',(0.,-0.866019052628738,-0.500011000363014));
#4639=DIRECTION('ref_axis',(0.707106781186542,-0.353561169024565,0.612367944750532));
#4640=DIRECTION('',(0.,-0.866019052628738,-0.500011000363014));
#4641=DIRECTION('center_axis',(0.,0.965924182487614,0.258825179775142));
#4642=DIRECTION('ref_axis',(0.,-0.258825179775142,0.965924182487614));
#4643=DIRECTION('center_axis',(0.,-1.,0.));
#4644=DIRECTION('ref_axis',(0.707106781186546,0.,0.707106781186549));
#4645=DIRECTION('',(0.,-1.,0.));
#4646=DIRECTION('center_axis',(0.,0.500011000363013,0.866019052628739));
#4647=DIRECTION('ref_axis',(0.,-0.866019052628739,0.500011000363013));
#4648=DIRECTION('',(1.,0.,0.));
#4649=DIRECTION('',(0.,-0.866019052628739,0.500011000363013));
#4650=DIRECTION('',(1.,0.,0.));
#4651=DIRECTION('center_axis',(0.,-2.01367046160706E-8,1.));
#4652=DIRECTION('ref_axis',(0.,-1.,-2.01367046160706E-8));
#4653=DIRECTION('',(1.,0.,0.));
#4654=DIRECTION('',(0.,-1.,-2.01367046160706E-8));
#4655=DIRECTION('center_axis',(0.,-0.500011000363013,0.866019052628739));
#4656=DIRECTION('ref_axis',(0.,-0.866019052628739,-0.500011000363013));
#4657=DIRECTION('',(1.,0.,0.));
#4658=DIRECTION('',(0.,-0.866019052628739,-0.500011000363013));
#4659=DIRECTION('center_axis',(0.,-1.,2.22044604925031E-16));
#4660=DIRECTION('ref_axis',(0.,-2.22044604925031E-16,-1.));
#4661=DIRECTION('',(1.,0.,0.));
#4662=DIRECTION('',(0.,-2.22044604925031E-16,-1.));
#4663=DIRECTION('center_axis',(0.,1.,0.));
#4664=DIRECTION('ref_axis',(-0.707106781186546,0.,0.707106781186549));
#4665=DIRECTION('center_axis',(0.,0.965924182487616,-0.258825179775134));
#4666=DIRECTION('ref_axis',(0.,-0.258825179775134,-0.965924182487616));
#4667=DIRECTION('',(0.,1.,0.));
#4668=DIRECTION('center_axis',(0.,0.965924182487616,0.258825179775134));
#4669=DIRECTION('ref_axis',(0.,0.258825179775134,-0.965924182487616));
#4670=DIRECTION('center_axis',(0.,-2.22044604925031E-16,-1.));
#4671=DIRECTION('ref_axis',(-0.707106781186546,0.707106781186549,0.));
#4672=DIRECTION('center_axis',(-1.11021081170169E-15,-0.499994499788244,
-0.866028579309888));
#4673=DIRECTION('ref_axis',(-1.92296973746651E-15,-0.866028579309888,0.499994499788244));
#4674=DIRECTION('center_axis',(0.,-0.49999449978824,0.866028579309891));
#4675=DIRECTION('ref_axis',(0.,0.866028579309891,0.49999449978824));
#4676=DIRECTION('center_axis',(0.,-0.866019052628739,-0.500011000363013));
#4677=DIRECTION('ref_axis',(-0.707106781186545,0.353561169024557,-0.612367944750533));
#4678=DIRECTION('center_axis',(0.,-0.96592417988167,-0.258825189500411));
#4679=DIRECTION('ref_axis',(0.,-0.258825189500411,0.96592417988167));
#4680=DIRECTION('center_axis',(0.,-1.,-2.01367046160706E-8));
#4681=DIRECTION('ref_axis',(-0.707106781186548,1.4238797965983E-8,-0.707106781186548));
#4682=DIRECTION('center_axis',(0.,-0.965924309742971,0.25882470486328));
#4683=DIRECTION('ref_axis',(0.,0.25882470486328,0.965924309742972));
#4684=DIRECTION('center_axis',(0.,-0.866019052628739,0.500011000363013));
#4685=DIRECTION('ref_axis',(-0.707106781186548,-0.353561169024555,-0.612367944750532));
#4686=DIRECTION('center_axis',(-1.92296973746651E-15,-0.499994499788243,
0.866028579309889));
#4687=DIRECTION('ref_axis',(-3.33073013903023E-15,0.866028579309889,0.499994499788243));
#4688=DIRECTION('center_axis',(0.,0.,1.));
#4689=DIRECTION('ref_axis',(-0.707106781186548,-0.707106781186548,0.));
#4690=DIRECTION('',(0.,0.,1.));
#4691=DIRECTION('center_axis',(6.36381298427328E-15,0.499994499788243,0.866028579309889));
#4692=DIRECTION('ref_axis',(1.10226090888962E-14,0.866028579309889,-0.499994499788243));
#4693=DIRECTION('center_axis',(0.,0.866019052628738,0.500011000363014));
#4694=DIRECTION('ref_axis',(-0.707106781186547,-0.353561169024554,0.612367944750533));
#4695=DIRECTION('',(0.,0.866019052628739,0.500011000363014));
#4696=DIRECTION('center_axis',(0.,0.866019052628739,-0.500011000363014));
#4697=DIRECTION('ref_axis',(-0.707106781186547,0.353561169024554,0.612367944750533));
#4698=DIRECTION('',(0.,0.866019052628739,-0.500011000363014));
#4699=DIRECTION('center_axis',(0.,0.500011000363014,-0.866019052628738));
#4700=DIRECTION('ref_axis',(0.,0.866019052628739,0.500011000363014));
#4701=DIRECTION('',(1.,0.,0.));
#4702=DIRECTION('',(1.,0.,0.));
#4703=DIRECTION('center_axis',(0.,0.,-1.));
#4704=DIRECTION('ref_axis',(0.,1.,0.));
#4705=DIRECTION('',(1.,0.,0.));
#4706=DIRECTION('center_axis',(0.,-0.500011000363014,-0.866019052628739));
#4707=DIRECTION('ref_axis',(0.,0.866019052628739,-0.500011000363014));
#4708=DIRECTION('center_axis',(0.,-0.866019052628739,0.500011000363013));
#4709=DIRECTION('ref_axis',(-0.707106781186545,-0.353561169024554,-0.612367944750535));
#4710=DIRECTION('',(0.,-0.866019052628739,0.500011000363013));
#4711=DIRECTION('center_axis',(0.,-2.01367046160706E-8,1.));
#4712=DIRECTION('ref_axis',(1.04085702099337E-16,-1.,-2.01367045791681E-8));
#4713=DIRECTION('center_axis',(-3.84593947493301E-15,-0.499994499788244,
0.866028579309888));
#4714=DIRECTION('ref_axis',(-6.66146027806048E-15,0.866028579309888,0.499994499788244));
#4715=DIRECTION('center_axis',(0.,0.,1.));
#4716=DIRECTION('ref_axis',(-0.707106781186548,-0.707106781186548,0.));
#4717=DIRECTION('center_axis',(0.,0.499994499788242,0.86602857930989));
#4718=DIRECTION('ref_axis',(0.,0.86602857930989,-0.499994499788241));
#4719=DIRECTION('',(0.,0.,1.));
#4720=DIRECTION('center_axis',(0.,0.866019052628738,0.500011000363014));
#4721=DIRECTION('ref_axis',(-0.707106781186546,-0.353561169024557,0.612367944750532));
#4722=DIRECTION('center_axis',(0.,0.965924182487616,0.258825179775135));
#4723=DIRECTION('ref_axis',(0.,0.258825179775135,-0.965924182487616));
#4724=DIRECTION('',(0.,0.866019052628739,0.500011000363014));
#4725=DIRECTION('center_axis',(0.,1.,0.));
#4726=DIRECTION('ref_axis',(-0.707106781186546,0.,0.707106781186549));
#4727=DIRECTION('center_axis',(0.,0.965924182487616,-0.258825179775135));
#4728=DIRECTION('ref_axis',(0.,-0.258825179775135,-0.965924182487616));
#4729=DIRECTION('',(0.,1.,0.));
#4730=DIRECTION('center_axis',(0.,-2.22044604925031E-16,-1.));
#4731=DIRECTION('ref_axis',(-0.707106781186546,0.707106781186549,0.));
#4732=DIRECTION('center_axis',(-1.11021081170171E-15,-0.499994499788251,
-0.866028579309884));
#4733=DIRECTION('ref_axis',(-1.9229697374665E-15,-0.866028579309884,0.499994499788251));
#4734=DIRECTION('',(0.,-2.22044604925031E-16,-1.));
#4735=DIRECTION('center_axis',(6.06636109833639E-15,-0.49999449978824,0.866028579309891));
#4736=DIRECTION('ref_axis',(-1.05073997529935E-14,0.866028579309891,0.49999449978824));
#4737=DIRECTION('center_axis',(0.,-0.866019052628739,-0.500011000363013));
#4738=DIRECTION('ref_axis',(-0.707106781186544,0.353561169024559,-0.612367944750533));
#4739=DIRECTION('center_axis',(0.,0.,1.));
#4740=DIRECTION('ref_axis',(0.,1.,0.));
#4741=DIRECTION('',(0.,-0.866019052628739,-0.500011000363013));
#4742=DIRECTION('center_axis',(0.,0.866019052628739,-0.500011000363014));
#4743=DIRECTION('ref_axis',(-0.707106781186548,0.353561169024555,0.612367944750531));
#4744=DIRECTION('',(0.,0.866019052628739,-0.500011000363014));
#4745=DIRECTION('center_axis',(0.,0.500011000363013,0.866019052628739));
#4746=DIRECTION('ref_axis',(0.,-0.866019052628739,0.500011000363013));
#4747=DIRECTION('',(1.,0.,0.));
#4748=DIRECTION('',(0.,0.866019052628739,-0.500011000363013));
#4749=DIRECTION('',(1.,0.,0.));
#4750=DIRECTION('center_axis',(0.,1.,0.));
#4751=DIRECTION('ref_axis',(0.,0.,1.));
#4752=DIRECTION('',(1.,0.,0.));
#4753=DIRECTION('',(0.,0.,-1.));
#4754=DIRECTION('center_axis',(0.,0.500011000363014,-0.866019052628738));
#4755=DIRECTION('ref_axis',(0.,0.866019052628739,0.500011000363014));
#4756=DIRECTION('',(1.,0.,0.));
#4757=DIRECTION('',(0.,-0.866019052628738,-0.500011000363014));
#4758=DIRECTION('center_axis',(0.,0.,-1.));
#4759=DIRECTION('ref_axis',(0.,1.,0.));
#4760=DIRECTION('',(1.,0.,0.));
#4761=DIRECTION('',(0.,-1.,0.));
#4762=DIRECTION('center_axis',(0.,-0.500011000363014,-0.866019052628739));
#4763=DIRECTION('ref_axis',(0.,0.866019052628739,-0.500011000363014));
#4764=DIRECTION('',(1.,0.,0.));
#4765=DIRECTION('',(0.,-0.866019052628739,0.500011000363014));
#4766=DIRECTION('center_axis',(0.,-1.,2.22044604925031E-16));
#4767=DIRECTION('ref_axis',(0.,-2.22044604925031E-16,-1.));
#4768=DIRECTION('',(1.,0.,0.));
#4769=DIRECTION('',(0.,2.22044604925031E-16,1.));
#4770=DIRECTION('center_axis',(0.,-0.500011000363013,0.866019052628739));
#4771=DIRECTION('ref_axis',(0.,-0.866019052628739,-0.500011000363013));
#4772=DIRECTION('',(1.,0.,0.));
#4773=DIRECTION('',(0.,0.866019052628739,0.500011000363013));
#4774=DIRECTION('center_axis',(0.,0.866019052628739,-0.500011000363013));
#4775=DIRECTION('ref_axis',(0.707106781186545,-0.353561169024554,-0.612367944750535));
#4776=DIRECTION('center_axis',(0.,-0.499994499788244,0.866028579309888));
#4777=DIRECTION('ref_axis',(0.,-0.866028579309888,-0.499994499788244));
#4778=DIRECTION('center_axis',(0.,-0.965924309742972,0.258824704863279));
#4779=DIRECTION('ref_axis',(0.,-0.258824704863279,-0.965924309742972));
#4780=DIRECTION('center_axis',(0.,2.22044604925031E-16,1.));
#4781=DIRECTION('ref_axis',(0.707106781186546,0.707106781186549,0.));
#4782=DIRECTION('center_axis',(3.84593947493304E-15,-0.499994499788237,
0.866028579309893));
#4783=DIRECTION('ref_axis',(6.66146027806054E-15,-0.866028579309893,-0.499994499788237));
#4784=DIRECTION('center_axis',(-4.95615028663472E-15,-0.499994499788243,
-0.866028579309889));
#4785=DIRECTION('ref_axis',(8.58443001552693E-15,0.866028579309889,-0.499994499788243));
#4786=DIRECTION('center_axis',(0.,0.,-1.));
#4787=DIRECTION('ref_axis',(0.707106781186548,-0.707106781186548,0.));
#4788=DIRECTION('center_axis',(0.,0.499994499788244,0.866028579309888));
#4789=DIRECTION('ref_axis',(0.,-0.866028579309888,0.499994499788244));
#4790=DIRECTION('center_axis',(0.,-0.866019052628738,-0.500011000363014));
#4791=DIRECTION('ref_axis',(0.707106781186547,-0.353561169024554,0.612367944750533));
#4792=DIRECTION('center_axis',(0.,0.965924182487616,0.258825179775134));
#4793=DIRECTION('ref_axis',(0.,-0.258825179775134,0.965924182487616));
#4794=DIRECTION('center_axis',(0.,-1.,0.));
#4795=DIRECTION('ref_axis',(0.707106781186546,0.,0.707106781186549));
#4796=DIRECTION('center_axis',(0.,0.965924182487617,-0.25882517977513));
#4797=DIRECTION('ref_axis',(0.,0.25882517977513,0.965924182487617));
#4798=DIRECTION('center_axis',(0.,-0.866019052628739,0.500011000363014));
#4799=DIRECTION('ref_axis',(0.707106781186545,0.353561169024556,0.612367944750534));
#4800=DIRECTION('center_axis',(0.,0.866019052628739,0.500011000363013));
#4801=DIRECTION('ref_axis',(0.707106781186544,0.353561169024559,-0.612367944750533));
#4802=DIRECTION('center_axis',(0.,-0.965924179881672,-0.258825189500404));
#4803=DIRECTION('ref_axis',(0.,0.258825189500404,-0.965924179881672));
#4804=DIRECTION('center_axis',(0.,1.,2.01367046160706E-8));
#4805=DIRECTION('ref_axis',(0.707106781186548,1.42388042463528E-8,-0.707106781186548));
#4806=DIRECTION('',(0.,1.,2.01367046160706E-8));
#4807=DIRECTION('center_axis',(0.,-2.01367046160706E-8,1.));
#4808=DIRECTION('ref_axis',(0.,-1.,-2.01367046160706E-8));
#4809=DIRECTION('',(1.,0.,0.));
#4810=DIRECTION('',(0.,-1.,0.));
#4811=DIRECTION('center_axis',(-1.71049537216117E-15,-1.,0.));
#4812=DIRECTION('ref_axis',(1.,-1.71049537216117E-15,0.));
#4813=DIRECTION('',(0.,0.,1.));
#4814=DIRECTION('center_axis',(-0.907836616564912,-0.419324072316357,0.));
#4815=DIRECTION('ref_axis',(0.419324072316357,-0.907836616564912,0.));
#4816=DIRECTION('',(0.,0.,1.));
#4817=DIRECTION('center_axis',(-1.,0.,0.));
#4818=DIRECTION('ref_axis',(0.,-1.,0.));
#4819=DIRECTION('',(0.,0.,1.));
#4820=DIRECTION('center_axis',(-0.884387556984489,0.466753306416791,0.));
#4821=DIRECTION('ref_axis',(-0.466753306416791,-0.884387556984489,0.));
#4822=DIRECTION('center_axis',(-0.907836616564912,-0.419324072316357,0.));
#4823=DIRECTION('ref_axis',(0.419324072316357,-0.907836616564912,0.));
#4824=DIRECTION('center_axis',(-0.884387556984489,0.466753306416791,0.));
#4825=DIRECTION('ref_axis',(-0.466753306416791,-0.884387556984489,0.));
#4826=DIRECTION('',(0.,0.,1.));
#4827=DIRECTION('center_axis',(0.,1.,0.));
#4828=DIRECTION('ref_axis',(-1.,0.,0.));
#4829=DIRECTION('center_axis',(0.,0.,1.));
#4830=DIRECTION('ref_axis',(1.,0.,0.));
#4831=DIRECTION('center_axis',(0.,1.,0.));
#4832=DIRECTION('ref_axis',(0.,0.,1.));
#4833=DIRECTION('center_axis',(0.,1.,0.));
#4834=DIRECTION('ref_axis',(0.,0.,1.));
#4835=DIRECTION('center_axis',(0.,1.,0.));
#4836=DIRECTION('ref_axis',(0.,0.,1.));
#4837=DIRECTION('',(1.,0.,0.));
#4838=DIRECTION('center_axis',(0.,0.500011000363013,0.866019052628739));
#4839=DIRECTION('ref_axis',(0.,-0.866019052628739,0.500011000363013));
#4840=DIRECTION('',(1.,0.,0.));
#4841=DIRECTION('center_axis',(0.,-0.500011000363013,0.866019052628739));
#4842=DIRECTION('ref_axis',(0.,-0.866019052628739,-0.500011000363013));
#4843=DIRECTION('',(1.,0.,0.));
#4844=DIRECTION('center_axis',(0.,-2.01367046160706E-8,1.));
#4845=DIRECTION('ref_axis',(0.,-1.,-2.01367046160706E-8));
#4846=DIRECTION('',(1.,0.,0.));
#4847=DIRECTION('',(0.,-1.,0.));
#4848=DIRECTION('center_axis',(0.,1.,0.));
#4849=DIRECTION('ref_axis',(0.,0.,1.));
#4850=DIRECTION('',(1.,0.,0.));
#4851=DIRECTION('',(0.,0.,1.));
#4852=DIRECTION('',(-1.,0.,0.));
#4853=DIRECTION('',(0.,0.,-1.));
#4854=DIRECTION('center_axis',(0.,0.,1.));
#4855=DIRECTION('ref_axis',(1.,0.,0.));
#4856=DIRECTION('',(1.85037176285397E-16,1.,0.));
#4857=DIRECTION('',(0.,-1.,0.));
#4858=DIRECTION('',(-1.,0.,0.));
#4859=DIRECTION('',(1.,0.,0.));
#4860=DIRECTION('',(-1.,0.,0.));
#4861=DIRECTION('center_axis',(0.,-1.,0.));
#4862=DIRECTION('ref_axis',(0.,0.,-1.));
#4863=DIRECTION('',(0.,0.,-1.));
#4864=DIRECTION('',(1.,0.,0.));
#4865=DIRECTION('',(1.,0.,0.));
#4866=DIRECTION('',(0.,0.,1.));
#4867=DIRECTION('center_axis',(1.,0.,0.));
#4868=DIRECTION('ref_axis',(0.,1.,0.));
#4869=DIRECTION('',(0.,1.,0.));
#4870=DIRECTION('center_axis',(-1.,1.85037176285397E-16,0.));
#4871=DIRECTION('ref_axis',(-1.85037176285397E-16,-1.,0.));
#4872=DIRECTION('',(-1.85037176285397E-16,-1.,0.));
#4873=DIRECTION('center_axis',(0.,0.,-1.));
#4874=DIRECTION('ref_axis',(-1.,0.,0.));
#4875=DIRECTION('',(-1.,0.,0.));
#4876=DIRECTION('center_axis',(0.,1.,0.));
#4877=DIRECTION('ref_axis',(0.,0.,1.));
#4878=DIRECTION('',(0.,0.,1.));
#4879=DIRECTION('',(1.,0.,0.));
#4880=CARTESIAN_POINT('',(0.,0.,0.));
#4881=CARTESIAN_POINT('',(0.,0.,0.));
#4882=CARTESIAN_POINT('Origin',(14.5,37.3,25.));
#4883=CARTESIAN_POINT('',(16.1,27.3,25.));
#4884=CARTESIAN_POINT('Origin',(14.5,27.3,25.));
#4885=CARTESIAN_POINT('',(16.1,4.5,25.));
#4886=CARTESIAN_POINT('',(16.1,37.3,25.));
#4887=CARTESIAN_POINT('Origin',(14.5,4.5,25.));
#4888=CARTESIAN_POINT('Origin',(14.5,37.3,-25.));
#4889=CARTESIAN_POINT('',(16.1,27.3,-25.));
#4890=CARTESIAN_POINT('Origin',(14.5,27.3,-25.));
#4891=CARTESIAN_POINT('',(16.1,4.5,-25.));
#4892=CARTESIAN_POINT('',(16.1,37.3,-25.));
#4893=CARTESIAN_POINT('Origin',(14.5,4.5,-25.));
#4894=CARTESIAN_POINT('Origin',(-14.5,37.3,25.));
#4895=CARTESIAN_POINT('',(-12.9,27.3,25.));
#4896=CARTESIAN_POINT('Origin',(-14.5,27.3,25.));
#4897=CARTESIAN_POINT('',(-12.9,4.5,25.));
#4898=CARTESIAN_POINT('',(-12.9,37.3,25.));
#4899=CARTESIAN_POINT('Origin',(-14.5,4.5,25.));
#4900=CARTESIAN_POINT('Origin',(-14.5,37.3,-25.));
#4901=CARTESIAN_POINT('',(-12.9,27.3,-25.));
#4902=CARTESIAN_POINT('Origin',(-14.5,27.3,-25.));
#4903=CARTESIAN_POINT('',(-12.9,4.5,-25.));
#4904=CARTESIAN_POINT('',(-12.9,37.3,-25.));
#4905=CARTESIAN_POINT('Origin',(-14.5,4.5,-25.));
#4906=CARTESIAN_POINT('Origin',(-19.,13.549999486514,20.4999997291613));
#4907=CARTESIAN_POINT('',(-19.5,12.0660219955693,20.4999996992789));
#4908=CARTESIAN_POINT('',(-19.5,19.7339777369972,20.4999998536863));
#4909=CARTESIAN_POINT('',(-19.5,13.549999486514,20.4999997291613));
#4910=CARTESIAN_POINT('',(-19.,19.6,19.9999998509884));
#4911=CARTESIAN_POINT('Origin',(-19.,19.7339777369972,20.4999998536863));
#4912=CARTESIAN_POINT('',(-19.,12.2,19.9999997019768));
#4913=CARTESIAN_POINT('',(-19.,13.5499994965824,19.9999997291613));
#4914=CARTESIAN_POINT('Origin',(-19.,12.0660219955693,20.4999996992789));
#4915=CARTESIAN_POINT('Origin',(-19.,28.3030483095431,15.552499523117));
#4916=CARTESIAN_POINT('',(-19.5,24.43,17.7886706025299));
#4917=CARTESIAN_POINT('',(-19.5,28.3030483095431,15.552499523117));
#4918=CARTESIAN_POINT('',(-19.,23.93,17.4999997019768));
#4919=CARTESIAN_POINT('Origin',(-19.,24.43,17.7886706025299));
#4920=CARTESIAN_POINT('',(-19.,28.0530428093616,15.1194899968027));
#4921=CARTESIAN_POINT('Origin',(-19.,24.43,-8.75000014901161));
#4922=CARTESIAN_POINT('',(-19.5,24.43,12.2113288014237));
#4923=CARTESIAN_POINT('',(-19.5,24.43,-8.75000014901161));
#4924=CARTESIAN_POINT('',(-19.,23.93,12.4999997019768));
#4925=CARTESIAN_POINT('Origin',(-19.,24.43,12.2113288014237));
#4926=CARTESIAN_POINT('',(-19.,23.93,-8.75000014901161));
#4927=CARTESIAN_POINT('Origin',(-19.,7.37,-6.25000014901161));
#4928=CARTESIAN_POINT('',(-19.,7.87,17.4999997019768));
#4929=CARTESIAN_POINT('',(-19.,7.87,12.4999997019768));
#4930=CARTESIAN_POINT('',(-19.,7.87,-6.25000014901161));
#4931=CARTESIAN_POINT('',(-19.5,7.37,12.2113288014237));
#4932=CARTESIAN_POINT('Origin',(-19.,7.37,12.2113288014237));
#4933=CARTESIAN_POINT('',(-19.5,7.37,17.7886706025299));
#4934=CARTESIAN_POINT('',(-19.5,7.37,-6.25000014901161));
#4935=CARTESIAN_POINT('Origin',(-19.,7.37,17.7886706025299));
#4936=CARTESIAN_POINT('Origin',(-19.,6.6521910608682,1.94700493356463));
#4937=CARTESIAN_POINT('',(-19.5,19.733977999758,9.49999970197678));
#4938=CARTESIAN_POINT('',(-19.5,6.6521910608682,1.94700493356463));
#4939=CARTESIAN_POINT('',(-19.,19.6,9.99999970197678));
#4940=CARTESIAN_POINT('Origin',(-19.,19.733977999758,9.49999970197678));
#4941=CARTESIAN_POINT('',(-19.,6.40218556068669,2.380014459879));
#4942=CARTESIAN_POINT('Origin',(-19.,9.85,9.49999970197678));
#4943=CARTESIAN_POINT('',(-19.5,12.066022000242,9.49999970197678));
#4944=CARTESIAN_POINT('',(-19.5,9.85,9.49999970197678));
#4945=CARTESIAN_POINT('',(-19.,12.2,9.99999970197678));
#4946=CARTESIAN_POINT('Origin',(-19.,12.066022000242,9.49999970197678));
#4947=CARTESIAN_POINT('',(-19.,9.85,9.99999970197678));
#4948=CARTESIAN_POINT('Origin',(-19.,16.6829013431976,6.83436497740658));
#4949=CARTESIAN_POINT('',(-19.,16.9329068433791,7.26737450372095));
#4950=CARTESIAN_POINT('',(-19.5,16.6829013431976,6.83436497740658));
#4951=CARTESIAN_POINT('Origin',(-19.,-0.637955905477308,13.1651394792751));
#4952=CARTESIAN_POINT('',(-19.,-0.387950405295799,12.7321299529607));
#4953=CARTESIAN_POINT('',(-19.5,-0.637955905477308,13.1651394792751));
#4954=CARTESIAN_POINT('Origin',(-19.5,19.6,9.99999970197678));
#4955=CARTESIAN_POINT('',(-10.,19.6,9.99999970197678));
#4956=CARTESIAN_POINT('',(-19.5,19.6,9.99999970197678));
#4957=CARTESIAN_POINT('',(-10.,23.93,12.4999997019768));
#4958=CARTESIAN_POINT('',(-10.,17.2276618816448,8.63028947197956));
#4959=CARTESIAN_POINT('',(-19.5,23.93,12.4999997019768));
#4960=CARTESIAN_POINT('Origin',(-19.5,12.2,9.99999970197678));
#4961=CARTESIAN_POINT('',(-10.,12.2,9.99999970197678));
#4962=CARTESIAN_POINT('',(-19.5,12.2,9.99999970197678));
#4963=CARTESIAN_POINT('',(-10.,9.85,9.99999970197678));
#4964=CARTESIAN_POINT('Origin',(-19.5,7.87,12.4999997019768));
#4965=CARTESIAN_POINT('',(-10.,7.87,12.4999997019768));
#4966=CARTESIAN_POINT('',(-19.5,7.87,12.4999997019768));
#4967=CARTESIAN_POINT('',(-10.,6.10743052242096,13.5176495158215));
#4968=CARTESIAN_POINT('Origin',(-19.5,7.87,17.4999997019768));
#4969=CARTESIAN_POINT('',(-10.,7.87,17.4999997019768));
#4970=CARTESIAN_POINT('',(-19.5,7.87,17.4999997019768));
#4971=CARTESIAN_POINT('',(-10.,7.87,18.7499998509884));
#4972=CARTESIAN_POINT('Origin',(-19.5,7.5,-30.));
#4973=CARTESIAN_POINT('',(-19.5,27.3,30.));
#4974=CARTESIAN_POINT('',(-19.5,4.5,30.));
#4975=CARTESIAN_POINT('',(-19.5,7.5,30.));
#4976=CARTESIAN_POINT('',(-19.5,27.3,-30.));
#4977=CARTESIAN_POINT('',(-19.5,27.3,-30.));
#4978=CARTESIAN_POINT('',(-19.5,4.5,-30.));
#4979=CARTESIAN_POINT('',(-19.5,7.5,-30.));
#4980=CARTESIAN_POINT('',(-19.5,4.5,-30.));
#4981=CARTESIAN_POINT('',(-19.5,7.37,-2.78867119857634));
#4982=CARTESIAN_POINT('',(-19.5,7.37000000000001,2.7886706025299));
#4983=CARTESIAN_POINT('',(-19.5,7.37,-13.7500001490116));
#4984=CARTESIAN_POINT('',(-19.5,12.066022000242,-5.50000029802322));
#4985=CARTESIAN_POINT('',(-19.5,13.4352584469101,-6.29055251896326));
#4986=CARTESIAN_POINT('',(-19.5,19.733977999758,-5.50000029802322));
#4987=CARTESIAN_POINT('',(-19.5,9.85,-5.50000029802322));
#4988=CARTESIAN_POINT('',(-19.5,24.43,-2.78867119857633));
#4989=CARTESIAN_POINT('',(-19.5,9.89983395715564,-11.1779125628052));
#4990=CARTESIAN_POINT('',(-19.5,24.43,2.78867060252989));
#4991=CARTESIAN_POINT('',(-19.5,24.43,-16.2500001490116));
#4992=CARTESIAN_POINT('',(-19.5,19.7339777369972,5.49999985368626));
#4993=CARTESIAN_POINT('',(-19.5,25.0554054132556,2.42758202674719));
#4994=CARTESIAN_POINT('',(-19.5,12.0660219955693,5.4999996992789));
#4995=CARTESIAN_POINT('',(-19.5,13.5499996375393,5.49999972916132));
#4996=CARTESIAN_POINT('',(-19.5,2.60968699081013,0.0402219829052597));
#4997=CARTESIAN_POINT('',(-19.5,7.37,-17.7886711985763));
#4998=CARTESIAN_POINT('',(-19.5,7.37000000000001,-12.2113293974701));
#4999=CARTESIAN_POINT('',(-19.5,7.37,-21.2500001490116));
#5000=CARTESIAN_POINT('',(-19.5,12.0660214840658,-20.5));
#5001=CARTESIAN_POINT('',(-19.5,10.1876155506227,-19.4154700153331));
#5002=CARTESIAN_POINT('',(-19.5,19.7339785159342,-20.5));
#5003=CARTESIAN_POINT('',(-19.5,7.5,-20.5));
#5004=CARTESIAN_POINT('',(-19.5,24.43,-17.7886711985763));
#5005=CARTESIAN_POINT('',(-19.5,13.1474768534431,-24.302830059175));
#5006=CARTESIAN_POINT('',(-19.5,24.43,-12.2113293974701));
#5007=CARTESIAN_POINT('',(-19.5,24.43,-23.7500001490116));
#5008=CARTESIAN_POINT('',(-19.5,19.7339777369972,-9.50000014631374));
#5009=CARTESIAN_POINT('',(-19.5,21.8077625169682,-10.6973354696227));
#5010=CARTESIAN_POINT('',(-19.5,12.0660219955693,-9.5000003007211));
#5011=CARTESIAN_POINT('',(-19.5,13.5499997885646,-9.50000027083868));
#5012=CARTESIAN_POINT('',(-19.5,5.85732988709756,-13.0846955134646));
#5013=CARTESIAN_POINT('Origin',(-10.,17.477571988585,21.8027745352176));
#5014=CARTESIAN_POINT('',(-9.5,24.43,17.7886706025299));
#5015=CARTESIAN_POINT('',(-9.5,20.5999774835818,20.));
#5016=CARTESIAN_POINT('',(-9.5,17.477571988585,21.8027745352176));
#5017=CARTESIAN_POINT('',(-10.,19.6,19.9999998509884));
#5018=CARTESIAN_POINT('Origin',(-10.,20.5999774835818,20.));
#5019=CARTESIAN_POINT('',(-10.,23.93,17.4999997019768));
#5020=CARTESIAN_POINT('',(-10.,17.2275664884035,21.3697650089032));
#5021=CARTESIAN_POINT('Origin',(-10.,24.43,17.7886706025299));
#5022=CARTESIAN_POINT('Origin',(-10.,7.37,18.7499998509884));
#5023=CARTESIAN_POINT('',(-9.5,7.37,17.7886706025299));
#5024=CARTESIAN_POINT('',(-9.5,7.37,12.2113288014237));
#5025=CARTESIAN_POINT('',(-9.5,7.37,18.7499998509884));
#5026=CARTESIAN_POINT('Origin',(-10.,7.37,12.2113288014237));
#5027=CARTESIAN_POINT('Origin',(-10.,7.37,17.7886706025299));
#5028=CARTESIAN_POINT('Origin',(-10.,24.43,16.2499998509884));
#5029=CARTESIAN_POINT('',(-10.,23.93,16.2499998509884));
#5030=CARTESIAN_POINT('',(-9.5,24.43,12.2113288014237));
#5031=CARTESIAN_POINT('Origin',(-10.,24.43,12.2113288014237));
#5032=CARTESIAN_POINT('',(-9.5,24.43,16.2499998509884));
#5033=CARTESIAN_POINT('Origin',(-10.,17.4776673818263,8.19727994566519));
#5034=CARTESIAN_POINT('',(-9.5,19.733977999758,9.49999970197678));
#5035=CARTESIAN_POINT('Origin',(-10.,19.733977999758,9.49999970197678));
#5036=CARTESIAN_POINT('',(-9.5,17.4776673818263,8.19727994566519));
#5037=CARTESIAN_POINT('Origin',(-10.,9.85,9.49999970197678));
#5038=CARTESIAN_POINT('',(-9.5,12.066022000242,9.49999970197678));
#5039=CARTESIAN_POINT('',(-9.5,9.85,9.49999970197678));
#5040=CARTESIAN_POINT('Origin',(-10.,12.066022000242,9.49999970197678));
#5041=CARTESIAN_POINT('Origin',(-10.,5.85742502223945,13.0846399895071));
#5042=CARTESIAN_POINT('',(-9.5,5.85742502223945,13.0846399895071));
#5043=CARTESIAN_POINT('Origin',(-10.,10.1875204154808,19.4154144913756));
#5044=CARTESIAN_POINT('',(-10.,12.2,19.9999997019768));
#5045=CARTESIAN_POINT('',(-10.,10.4375259156623,18.9824049650613));
#5046=CARTESIAN_POINT('',(-9.5,11.2000225164182,20.));
#5047=CARTESIAN_POINT('Origin',(-10.,11.200021965366,19.9999996818405));
#5048=CARTESIAN_POINT('',(-9.5,10.1875204154808,19.4154144913756));
#5049=CARTESIAN_POINT('Origin',(-9.5,7.5,20.));
#5050=CARTESIAN_POINT('',(-9.5,4.5,20.));
#5051=CARTESIAN_POINT('',(-9.5,7.5,20.));
#5052=CARTESIAN_POINT('',(-9.5,4.5,-20.));
#5053=CARTESIAN_POINT('',(-9.5,4.5,-20.));
#5054=CARTESIAN_POINT('',(-9.5,11.0076048264103,-20.));
#5055=CARTESIAN_POINT('',(-9.5,7.5,-20.));
#5056=CARTESIAN_POINT('',(-9.5,12.2,-20.5));
#5057=CARTESIAN_POINT('Origin',(-9.5,11.0076048264103,-20.5));
#5058=CARTESIAN_POINT('',(-9.5,12.2,-29.5));
#5059=CARTESIAN_POINT('',(-9.5,12.2,-30.));
#5060=CARTESIAN_POINT('',(-9.5,20.140471163991,-29.5));
#5061=CARTESIAN_POINT('',(-9.5,7.5,-29.5));
#5062=CARTESIAN_POINT('',(-9.5,20.140471163991,-20.5));
#5063=CARTESIAN_POINT('',(-9.5,20.140471163991,-30.));
#5064=CARTESIAN_POINT('',(-9.5,21.2117008545495,-20.));
#5065=CARTESIAN_POINT('Origin',(-9.5,21.2117008545495,-20.5));
#5066=CARTESIAN_POINT('',(-9.5,27.3,-20.));
#5067=CARTESIAN_POINT('',(-9.5,7.5,-20.));
#5068=CARTESIAN_POINT('',(-9.5,27.3,20.));
#5069=CARTESIAN_POINT('',(-9.5,27.3,-20.));
#5070=CARTESIAN_POINT('',(-9.5,7.5,20.));
#5071=CARTESIAN_POINT('',(-9.5,7.37,2.78867060252989));
#5072=CARTESIAN_POINT('',(-9.5,7.37,-2.78867119857634));
#5073=CARTESIAN_POINT('',(-9.5,7.37000000000001,11.2499998509884));
#5074=CARTESIAN_POINT('',(-9.5,12.0660219955693,5.4999996992789));
#5075=CARTESIAN_POINT('',(-9.5,13.4351633117682,6.29049699500578));
#5076=CARTESIAN_POINT('',(-9.5,19.7339777369972,5.49999985368626));
#5077=CARTESIAN_POINT('',(-9.5,13.5500001409569,5.49999972916133));
#5078=CARTESIAN_POINT('',(-9.5,24.43,2.7886706025299));
#5079=CARTESIAN_POINT('',(-9.5,14.2299290922975,8.67785703884771));
#5080=CARTESIAN_POINT('',(-9.5,24.43,-2.78867119857634));
#5081=CARTESIAN_POINT('',(-9.5,24.43,8.74999985098839));
#5082=CARTESIAN_POINT('',(-9.5,19.733977999758,-5.50000029802322));
#5083=CARTESIAN_POINT('',(-9.5,20.7253102781138,-4.92763755070464));
#5084=CARTESIAN_POINT('',(-9.5,12.066022000242,-5.50000029802322));
#5085=CARTESIAN_POINT('',(-9.5,9.85,-5.50000029802322));
#5086=CARTESIAN_POINT('',(-9.5,2.60978212595202,-0.0402775068627137));
#5087=CARTESIAN_POINT('',(-9.5,11.2000214840658,-20.));
#5088=CARTESIAN_POINT('',(-9.5,20.5999785159342,-20.));
#5089=CARTESIAN_POINT('',(-9.5,13.8202355819955,-20.));
#5090=CARTESIAN_POINT('',(-9.5,7.37000000000001,-17.7886711985763));
#5091=CARTESIAN_POINT('',(-9.5,-0.637860770335424,-13.1651950032326));
#5092=CARTESIAN_POINT('',(-9.5,7.37,-12.2113293974701));
#5093=CARTESIAN_POINT('',(-9.5,7.37000000000001,3.74999985098839));
#5094=CARTESIAN_POINT('',(-9.5,12.0660219955693,-9.5000003007211));
#5095=CARTESIAN_POINT('',(-9.5,16.6828062080557,-6.83442050136406));
#5096=CARTESIAN_POINT('',(-9.5,19.7339777369972,-9.50000014631374));
#5097=CARTESIAN_POINT('',(-9.5,13.5500002919822,-9.50000027083867));
#5098=CARTESIAN_POINT('',(-9.5,24.43,-12.2113293974701));
#5099=CARTESIAN_POINT('',(-9.5,10.9822861960101,-4.44706045752213));
#5100=CARTESIAN_POINT('',(-9.5,24.43,-17.7886711985763));
#5101=CARTESIAN_POINT('',(-9.5,24.43,1.24999985098839));
#5102=CARTESIAN_POINT('',(-9.5,23.9729531744012,-18.0525550470745));
#5103=CARTESIAN_POINT('Origin',(-19.,13.5499996375393,5.49999972916132));
#5104=CARTESIAN_POINT('',(-19.,19.6,4.99999985098839));
#5105=CARTESIAN_POINT('Origin',(-19.,19.7339777369972,5.49999985368626));
#5106=CARTESIAN_POINT('',(-19.,12.2,4.99999970197677));
#5107=CARTESIAN_POINT('',(-19.,13.5499996476077,4.99999972916132));
#5108=CARTESIAN_POINT('Origin',(-19.,12.0660219955693,5.4999996992789));
#5109=CARTESIAN_POINT('Origin',(-19.,25.0554054132556,2.42758202674719));
#5110=CARTESIAN_POINT('',(-19.,23.93,2.49999970197678));
#5111=CARTESIAN_POINT('Origin',(-19.,24.43,2.7886706025299));
#5112=CARTESIAN_POINT('',(-19.,24.8053999130741,1.99457250043282));
#5113=CARTESIAN_POINT('Origin',(-19.,24.43,-16.2500001490116));
#5114=CARTESIAN_POINT('',(-19.,23.93,-2.50000029802322));
#5115=CARTESIAN_POINT('Origin',(-19.,24.43,-2.78867119857633));
#5116=CARTESIAN_POINT('',(-19.,23.93,-16.2500001490116));
#5117=CARTESIAN_POINT('Origin',(-19.,7.37,-13.7500001490116));
#5118=CARTESIAN_POINT('',(-19.,7.87,2.49999970197678));
#5119=CARTESIAN_POINT('',(-19.,7.87,-2.50000029802322));
#5120=CARTESIAN_POINT('',(-19.,7.87,-13.7500001490116));
#5121=CARTESIAN_POINT('Origin',(-19.,7.37,-2.78867119857634));
#5122=CARTESIAN_POINT('Origin',(-19.,7.37,2.7886706025299));
#5123=CARTESIAN_POINT('Origin',(-19.,9.89983395715564,-11.1779125628052));
#5124=CARTESIAN_POINT('',(-19.,19.6,-5.00000029802322));
#5125=CARTESIAN_POINT('Origin',(-19.,19.733977999758,-5.50000029802322));
#5126=CARTESIAN_POINT('',(-19.,9.64982845697414,-10.7449030364908));
#5127=CARTESIAN_POINT('Origin',(-19.,9.85,-5.50000029802322));
#5128=CARTESIAN_POINT('',(-19.,12.2,-5.00000029802322));
#5129=CARTESIAN_POINT('Origin',(-19.,12.066022000242,-5.50000029802322));
#5130=CARTESIAN_POINT('',(-19.,9.85,-5.00000029802322));
#5131=CARTESIAN_POINT('Origin',(-19.,13.4352584469101,-6.29055251896326));
#5132=CARTESIAN_POINT('',(-19.,13.6852639470917,-5.85754299264889));
#5133=CARTESIAN_POINT('Origin',(-19.,2.60968699081013,0.0402219829052597));
#5134=CARTESIAN_POINT('',(-19.,2.85969249099164,-0.392787543409112));
#5135=CARTESIAN_POINT('Origin',(-19.5,19.6,-5.00000029802322));
#5136=CARTESIAN_POINT('',(-10.,19.6,-5.00000029802322));
#5137=CARTESIAN_POINT('',(-19.5,19.6,-5.00000029802322));
#5138=CARTESIAN_POINT('',(-10.,23.93,-2.50000029802322));
#5139=CARTESIAN_POINT('',(-10.,20.4753047779323,-4.49462802439027));
#5140=CARTESIAN_POINT('',(-19.5,23.93,-2.50000029802322));
#5141=CARTESIAN_POINT('Origin',(-19.5,12.2,-5.00000029802322));
#5142=CARTESIAN_POINT('',(-10.,12.2,-5.00000029802322));
#5143=CARTESIAN_POINT('',(-19.5,12.2,-5.00000029802322));
#5144=CARTESIAN_POINT('',(-10.,9.85,-5.00000029802322));
#5145=CARTESIAN_POINT('Origin',(-19.5,7.87,-2.50000029802322));
#5146=CARTESIAN_POINT('',(-10.,7.87,-2.50000029802322));
#5147=CARTESIAN_POINT('',(-19.5,7.87,-2.50000029802322));
#5148=CARTESIAN_POINT('',(-10.,2.85978762613352,0.392732019451656));
#5149=CARTESIAN_POINT('Origin',(-19.5,7.87,2.49999970197678));
#5150=CARTESIAN_POINT('',(-10.,7.87,2.49999970197678));
#5151=CARTESIAN_POINT('',(-19.5,7.87,2.49999970197678));
#5152=CARTESIAN_POINT('',(-10.,7.87000000000001,11.2499998509884));
#5153=CARTESIAN_POINT('Origin',(-10.,7.37000000000001,11.2499998509884));
#5154=CARTESIAN_POINT('Origin',(-10.,7.37,-2.78867119857634));
#5155=CARTESIAN_POINT('Origin',(-10.,7.37,2.78867060252989));
#5156=CARTESIAN_POINT('Origin',(-10.,13.4351633117682,6.29049699500578));
#5157=CARTESIAN_POINT('',(-10.,12.2,4.99999970197677));
#5158=CARTESIAN_POINT('',(-10.,13.6851688119498,5.85748746869141));
#5159=CARTESIAN_POINT('Origin',(-10.,12.0660219955693,5.4999996992789));
#5160=CARTESIAN_POINT('Origin',(-10.,13.5500001409569,5.49999972916133));
#5161=CARTESIAN_POINT('',(-10.,19.6,4.99999985098839));
#5162=CARTESIAN_POINT('',(-10.,13.5500001510253,4.99999972916133));
#5163=CARTESIAN_POINT('Origin',(-10.,19.7339777369972,5.49999985368626));
#5164=CARTESIAN_POINT('Origin',(-10.,14.2299290922975,8.67785703884771));
#5165=CARTESIAN_POINT('',(-10.,23.93,2.49999970197678));
#5166=CARTESIAN_POINT('',(-10.,13.979923592116,8.24484751253334));
#5167=CARTESIAN_POINT('Origin',(-10.,24.43,2.7886706025299));
#5168=CARTESIAN_POINT('Origin',(-10.,24.43,8.74999985098839));
#5169=CARTESIAN_POINT('',(-10.,23.93,8.74999985098839));
#5170=CARTESIAN_POINT('Origin',(-10.,24.43,-2.78867119857634));
#5171=CARTESIAN_POINT('Origin',(-10.,20.7253102781138,-4.92763755070464));
#5172=CARTESIAN_POINT('Origin',(-10.,19.733977999758,-5.50000029802322));
#5173=CARTESIAN_POINT('Origin',(-10.,9.85,-5.50000029802322));
#5174=CARTESIAN_POINT('Origin',(-10.,12.066022000242,-5.50000029802322));
#5175=CARTESIAN_POINT('Origin',(-10.,2.60978212595202,-0.0402775068627137));
#5176=CARTESIAN_POINT('Origin',(-19.5,23.93,2.49999970197678));
#5177=CARTESIAN_POINT('',(-19.5,23.93,2.49999970197678));
#5178=CARTESIAN_POINT('',(-19.5,19.6,4.99999985098839));
#5179=CARTESIAN_POINT('Origin',(-19.5,19.6,4.99999985098839));
#5180=CARTESIAN_POINT('',(-19.5,12.2,4.99999970197677));
#5181=CARTESIAN_POINT('Origin',(-19.5,12.2,4.99999970197677));
#5182=CARTESIAN_POINT('Origin',(-19.,7.37,-21.2500001490116));
#5183=CARTESIAN_POINT('',(-19.,7.87,-12.5000002980232));
#5184=CARTESIAN_POINT('Origin',(-19.,7.37,-12.2113293974701));
#5185=CARTESIAN_POINT('',(-19.,7.87,-17.5000002980232));
#5186=CARTESIAN_POINT('',(-19.,7.87,-21.2500001490116));
#5187=CARTESIAN_POINT('Origin',(-19.,7.37,-17.7886711985763));
#5188=CARTESIAN_POINT('Origin',(-19.,5.85732988709756,-13.0846955134646));
#5189=CARTESIAN_POINT('',(-19.,12.2,-10.0000002980232));
#5190=CARTESIAN_POINT('Origin',(-19.,12.0660219955693,-9.5000003007211));
#5191=CARTESIAN_POINT('',(-19.,6.10733538727907,-13.517705039779));
#5192=CARTESIAN_POINT('Origin',(-19.,13.5499997885646,-9.50000027083868));
#5193=CARTESIAN_POINT('',(-19.,19.6,-10.0000001490116));
#5194=CARTESIAN_POINT('Origin',(-19.,19.7339777369972,-9.50000014631374));
#5195=CARTESIAN_POINT('',(-19.,13.549999798633,-10.0000002708387));
#5196=CARTESIAN_POINT('Origin',(-19.,21.8077625169682,-10.6973354696227));
#5197=CARTESIAN_POINT('',(-19.,23.93,-12.5000002980232));
#5198=CARTESIAN_POINT('Origin',(-19.,24.43,-12.2113293974701));
#5199=CARTESIAN_POINT('',(-19.,21.5577570167867,-11.130344995937));
#5200=CARTESIAN_POINT('Origin',(-19.,24.43,-23.7500001490116));
#5201=CARTESIAN_POINT('',(-19.,23.93,-17.5000002980232));
#5202=CARTESIAN_POINT('Origin',(-19.,24.43,-17.7886711985763));
#5203=CARTESIAN_POINT('',(-19.,23.93,-23.7500001490116));
#5204=CARTESIAN_POINT('Origin',(-19.,13.1474768534431,-24.302830059175));
#5205=CARTESIAN_POINT('',(-19.,19.6,-20.0000002980232));
#5206=CARTESIAN_POINT('',(-19.,12.8974713532616,-23.8698205328607));
#5207=CARTESIAN_POINT('Origin',(-19.,19.7339785159342,-20.5));
#5208=CARTESIAN_POINT('Origin',(-19.,7.5,-20.5));
#5209=CARTESIAN_POINT('',(-19.,12.2,-20.0000002980232));
#5210=CARTESIAN_POINT('',(-19.,7.5,-20.));
#5211=CARTESIAN_POINT('Origin',(-19.,12.0660214840658,-20.5));
#5212=CARTESIAN_POINT('Origin',(-19.,10.1876155506227,-19.4154700153331));
#5213=CARTESIAN_POINT('',(-19.,10.4376210508042,-18.9824604890187));
#5214=CARTESIAN_POINT('Origin',(-19.5,19.6,-20.0000002980232));
#5215=CARTESIAN_POINT('',(-10.,19.6,-20.0000002980232));
#5216=CARTESIAN_POINT('',(-19.5,19.6,-20.0000002980232));
#5217=CARTESIAN_POINT('',(-10.,23.93,-17.5000002980232));
#5218=CARTESIAN_POINT('',(-10.,23.7229476742197,-17.6195455207601));
#5219=CARTESIAN_POINT('',(-19.5,23.93,-17.5000002980232));
#5220=CARTESIAN_POINT('Origin',(-9.5,7.5,-20.));
#5221=CARTESIAN_POINT('',(-10.,12.2,-20.0000002980232));
#5222=CARTESIAN_POINT('',(-19.5,12.2,-20.0000002980232));
#5223=CARTESIAN_POINT('Origin',(-10.,11.2000214840658,-20.));
#5224=CARTESIAN_POINT('Origin',(-10.,20.5999785159342,-20.));
#5225=CARTESIAN_POINT('Origin',(-19.5,7.87,-17.5000002980232));
#5226=CARTESIAN_POINT('',(-10.,7.87,-17.5000002980232));
#5227=CARTESIAN_POINT('',(-19.5,7.87,-17.5000002980232));
#5228=CARTESIAN_POINT('',(-10.,-0.387855270153917,-12.7321854769182));
#5229=CARTESIAN_POINT('Origin',(-19.5,7.87,-12.5000002980232));
#5230=CARTESIAN_POINT('',(-10.,7.87,-12.5000002980232));
#5231=CARTESIAN_POINT('',(-19.5,7.87,-12.5000002980232));
#5232=CARTESIAN_POINT('',(-10.,7.87000000000001,3.74999985098839));
#5233=CARTESIAN_POINT('Origin',(7.94719560665473,24.43,-29.5));
#5234=CARTESIAN_POINT('',(-7.80147794898959,24.43,-30.));
#5235=CARTESIAN_POINT('',(-3.31142848793927,24.43,-30.));
#5236=CARTESIAN_POINT('',(7.94719560665473,24.43,-30.));
#5237=CARTESIAN_POINT('',(-3.60560878669054,23.93,-29.5));
#5238=CARTESIAN_POINT('Origin',(-3.31142848793927,24.43,-29.5));
#5239=CARTESIAN_POINT('',(-7.5,23.93,-29.5));
#5240=CARTESIAN_POINT('',(7.94719560665473,23.93,-29.5));
#5241=CARTESIAN_POINT('Origin',(-7.80147794898959,24.43,-29.5));
#5242=CARTESIAN_POINT('Origin',(4.09737550264023,11.0961477953046,-29.5));
#5243=CARTESIAN_POINT('',(-0.999999999999998,20.2700511230836,-30.));
#5244=CARTESIAN_POINT('',(4.09737550264023,11.0961477953046,-30.));
#5245=CARTESIAN_POINT('',(-1.5,20.140471163991,-29.5));
#5246=CARTESIAN_POINT('Origin',(-0.999999999999998,20.2700511230836,-29.5));
#5247=CARTESIAN_POINT('',(3.66031228818017,10.8532985693107,-29.5));
#5248=CARTESIAN_POINT('Origin',(-0.999999999999998,9.85,-29.5));
#5249=CARTESIAN_POINT('',(-0.999999999999997,12.0848742312657,-30.));
#5250=CARTESIAN_POINT('',(-0.999999999999998,9.85,-30.));
#5251=CARTESIAN_POINT('',(-1.5,12.2,-29.5));
#5252=CARTESIAN_POINT('Origin',(-0.999999999999998,12.0848742312657,-29.5));
#5253=CARTESIAN_POINT('',(-1.5,9.85,-29.5));
#5254=CARTESIAN_POINT('Origin',(6.,7.36999999999998,-29.5));
#5255=CARTESIAN_POINT('',(-3.29276688440966,7.37,-30.));
#5256=CARTESIAN_POINT('',(-7.8198130132054,7.37000000000001,-30.));
#5257=CARTESIAN_POINT('',(6.,7.36999999999998,-30.));
#5258=CARTESIAN_POINT('',(-7.5,7.87000000000001,-29.5));
#5259=CARTESIAN_POINT('Origin',(-7.8198130132054,7.37000000000001,-29.5));
#5260=CARTESIAN_POINT('',(-3.60560878669054,7.87,-29.5));
#5261=CARTESIAN_POINT('',(6.,7.86999999999999,-29.5));
#5262=CARTESIAN_POINT('Origin',(-3.29276688440966,7.37,-29.5));
#5263=CARTESIAN_POINT('Origin',(-6.50975177715347,4.53371742394758,-29.5));
#5264=CARTESIAN_POINT('',(-6.05583346887101,4.74337946010576,-29.5));
#5265=CARTESIAN_POINT('',(-10.,12.0901048264103,-30.));
#5266=CARTESIAN_POINT('',(-6.50975177715347,4.53371742394758,-30.));
#5267=CARTESIAN_POINT('Origin',(-10.,12.0901048264103,-29.5));
#5268=CARTESIAN_POINT('Origin',(-1.01927013218114,12.045246892668,-29.5));
#5269=CARTESIAN_POINT('',(-1.01927013218114,12.045246892668,-30.));
#5270=CARTESIAN_POINT('',(-1.46892352580395,12.263906046612,-29.5));
#5271=CARTESIAN_POINT('Origin',(-10.,7.5,-29.5));
#5272=CARTESIAN_POINT('',(-10.,20.2643186455472,-30.));
#5273=CARTESIAN_POINT('',(-10.,7.5,-30.));
#5274=CARTESIAN_POINT('Origin',(-10.,20.2643186455472,-29.5));
#5275=CARTESIAN_POINT('Origin',(-8.3921785728356,23.3107614762435,-29.5));
#5276=CARTESIAN_POINT('',(-7.94998479434336,23.0773848230351,-29.5));
#5277=CARTESIAN_POINT('',(-8.3921785728356,23.3107614762435,-30.));
#5278=CARTESIAN_POINT('Origin',(-1.5,20.140471163991,-30.));
#5279=CARTESIAN_POINT('',(-1.5,20.140471163991,-20.5));
#5280=CARTESIAN_POINT('',(-1.5,20.140471163991,-30.));
#5281=CARTESIAN_POINT('',(-3.60560878669054,23.93,-20.5));
#5282=CARTESIAN_POINT('',(0.239718987361828,17.0094454431485,-20.5));
#5283=CARTESIAN_POINT('',(-3.60560878669054,23.93,-30.));
#5284=CARTESIAN_POINT('Origin',(-1.5,12.2,-30.));
#5285=CARTESIAN_POINT('',(-1.5,12.2,-20.5));
#5286=CARTESIAN_POINT('',(-1.5,12.2,-30.));
#5287=CARTESIAN_POINT('',(-1.5,9.85,-20.5));
#5288=CARTESIAN_POINT('Origin',(-3.60560878669054,7.87,-30.));
#5289=CARTESIAN_POINT('',(-3.60560878669054,7.87,-20.5));
#5290=CARTESIAN_POINT('',(-3.60560878669054,7.87,-30.));
#5291=CARTESIAN_POINT('',(-4.2420094108066,6.56129787079126,-20.5));
#5292=CARTESIAN_POINT('Origin',(-7.5,7.87000000000001,-30.));
#5293=CARTESIAN_POINT('',(-7.5,7.87000000000001,-20.5));
#5294=CARTESIAN_POINT('',(-7.5,7.87000000000001,-30.));
#5295=CARTESIAN_POINT('',(-8.5,7.87000000000001,-20.5));
#5296=CARTESIAN_POINT('Origin',(19.5,7.5,-30.));
#5297=CARTESIAN_POINT('',(19.5,27.3,-30.));
#5298=CARTESIAN_POINT('',(19.5,27.3,-30.));
#5299=CARTESIAN_POINT('',(19.5,4.5,-30.));
#5300=CARTESIAN_POINT('',(19.5,7.5,-30.));
#5301=CARTESIAN_POINT('',(19.5,4.5,-30.));
#5302=CARTESIAN_POINT('',(10.,12.0848742312657,-30.));
#5303=CARTESIAN_POINT('',(7.70723311559034,7.37,-30.));
#5304=CARTESIAN_POINT('',(8.92886970454199,9.88218861908085,-30.));
#5305=CARTESIAN_POINT('',(10.,20.2700511230836,-30.));
#5306=CARTESIAN_POINT('',(10.,7.5,-30.));
#5307=CARTESIAN_POINT('',(7.68857151206073,24.43,-30.));
#5308=CARTESIAN_POINT('',(13.7999090781919,13.4312379888293,-30.));
#5309=CARTESIAN_POINT('',(3.1985220510104,24.43,-30.));
#5310=CARTESIAN_POINT('',(13.4471956066547,24.43,-30.));
#5311=CARTESIAN_POINT('',(1.,20.2643186455472,-30.));
#5312=CARTESIAN_POINT('',(1.40959885738386,21.0404119861734,-30.));
#5313=CARTESIAN_POINT('',(1.,12.0901048264103,-30.));
#5314=CARTESIAN_POINT('',(1.,13.8202355819955,-30.));
#5315=CARTESIAN_POINT('',(3.1801869867946,7.37000000000001,-30.));
#5316=CARTESIAN_POINT('',(3.52316849591468,6.62744503275504,-30.));
#5317=CARTESIAN_POINT('',(11.5,7.36999999999999,-30.));
#5318=CARTESIAN_POINT('Origin',(-10.,7.37000000000001,3.74999985098839));
#5319=CARTESIAN_POINT('Origin',(-10.,7.37,-12.2113293974701));
#5320=CARTESIAN_POINT('Origin',(-10.,7.37,-17.7886711985763));
#5321=CARTESIAN_POINT('Origin',(-10.,16.6828062080557,-6.83442050136406));
#5322=CARTESIAN_POINT('',(-10.,12.2,-10.0000002980232));
#5323=CARTESIAN_POINT('',(-10.,16.9328117082372,-7.26743002767843));
#5324=CARTESIAN_POINT('Origin',(-10.,12.0660219955693,-9.5000003007211));
#5325=CARTESIAN_POINT('Origin',(-10.,13.5500002919822,-9.50000027083867));
#5326=CARTESIAN_POINT('',(-10.,19.6,-10.0000001490116));
#5327=CARTESIAN_POINT('',(-10.,13.5500003020506,-10.0000002708387));
#5328=CARTESIAN_POINT('Origin',(-10.,19.7339777369972,-9.50000014631374));
#5329=CARTESIAN_POINT('Origin',(-10.,10.9822861960101,-4.44706045752213));
#5330=CARTESIAN_POINT('',(-10.,23.93,-12.5000002980232));
#5331=CARTESIAN_POINT('',(-10.,10.7322806958286,-4.8800699838365));
#5332=CARTESIAN_POINT('Origin',(-10.,24.43,-12.2113293974701));
#5333=CARTESIAN_POINT('Origin',(-10.,24.43,1.24999985098839));
#5334=CARTESIAN_POINT('',(-10.,23.93,1.24999985098839));
#5335=CARTESIAN_POINT('Origin',(-10.,24.43,-17.7886711985763));
#5336=CARTESIAN_POINT('Origin',(-10.,23.9729531744012,-18.0525550470745));
#5337=CARTESIAN_POINT('Origin',(-10.,-0.637860770335424,-13.1651950032326));
#5338=CARTESIAN_POINT('Origin',(-19.5,23.93,-17.5000002980232));
#5339=CARTESIAN_POINT('',(-19.5,23.93,-12.5000002980232));
#5340=CARTESIAN_POINT('Origin',(-19.5,23.93,-12.5000002980232));
#5341=CARTESIAN_POINT('',(-19.5,19.6,-10.0000001490116));
#5342=CARTESIAN_POINT('Origin',(-19.5,19.6,-10.0000001490116));
#5343=CARTESIAN_POINT('',(-19.5,12.2,-10.0000002980232));
#5344=CARTESIAN_POINT('Origin',(-19.5,12.2,-10.0000002980232));
#5345=CARTESIAN_POINT('Origin',(-11.5511289840752,17.325294638786,-20.5));
#5346=CARTESIAN_POINT('',(-7.8014779489896,24.43,-20.));
#5347=CARTESIAN_POINT('',(-11.5511289840752,17.325294638786,-20.));
#5348=CARTESIAN_POINT('',(-7.5,23.93,-20.5));
#5349=CARTESIAN_POINT('',(-11.108935205583,17.0919179855776,-20.5));
#5350=CARTESIAN_POINT('Origin',(-7.8014779489896,24.43,-20.5));
#5351=CARTESIAN_POINT('Origin',(-6.55280439334527,24.43,-20.5));
#5352=CARTESIAN_POINT('',(-6.55280439334527,23.93,-20.5));
#5353=CARTESIAN_POINT('',(-3.31142848793927,24.43,-20.));
#5354=CARTESIAN_POINT('Origin',(-3.31142848793927,24.43,-20.5));
#5355=CARTESIAN_POINT('',(-6.55280439334527,24.43,-20.));
#5356=CARTESIAN_POINT('Origin',(0.676782201821895,17.2522946691424,-20.5));
#5357=CARTESIAN_POINT('',(-0.999999999999997,20.2700511230836,-20.));
#5358=CARTESIAN_POINT('Origin',(-0.999999999999998,20.2700511230836,-20.5));
#5359=CARTESIAN_POINT('',(0.676782201821895,17.2522946691424,-20.));
#5360=CARTESIAN_POINT('Origin',(-0.999999999999998,9.85,-20.5));
#5361=CARTESIAN_POINT('',(-0.999999999999998,12.0848742312657,-20.));
#5362=CARTESIAN_POINT('Origin',(-0.999999999999998,12.0848742312657,-20.5));
#5363=CARTESIAN_POINT('',(-0.999999999999998,9.85,-20.));
#5364=CARTESIAN_POINT('Origin',(-8.5,7.37000000000001,-20.5));
#5365=CARTESIAN_POINT('',(-7.8198130132054,7.37000000000001,-20.));
#5366=CARTESIAN_POINT('Origin',(-7.8198130132054,7.37000000000001,-20.5));
#5367=CARTESIAN_POINT('',(-3.29276688440966,7.37,-20.));
#5368=CARTESIAN_POINT('',(-8.5,7.37000000000001,-20.));
#5369=CARTESIAN_POINT('Origin',(-3.29276688440966,7.37,-20.5));
#5370=CARTESIAN_POINT('Origin',(-9.05932560270108,10.0535447562582,-20.5));
#5371=CARTESIAN_POINT('',(-8.60540729441863,10.2632067924163,-20.5));
#5372=CARTESIAN_POINT('',(-9.05932560270108,10.0535447562582,-20.));
#5373=CARTESIAN_POINT('Origin',(-3.7923560171838,6.34263871684729,-20.5));
#5374=CARTESIAN_POINT('',(-3.7923560171838,6.34263871684729,-20.));
#5375=CARTESIAN_POINT('Origin',(-9.5,7.5,-20.));
#5376=CARTESIAN_POINT('',(9.5,4.5,-20.));
#5377=CARTESIAN_POINT('',(9.5,4.5,-20.));
#5378=CARTESIAN_POINT('',(9.5,11.0566680356586,-20.));
#5379=CARTESIAN_POINT('',(9.5,7.5,-20.));
#5380=CARTESIAN_POINT('',(7.70723311559034,7.37,-20.));
#5381=CARTESIAN_POINT('',(6.15578381953934,4.17958044326011,-20.));
#5382=CARTESIAN_POINT('',(3.1801869867946,7.37000000000001,-20.));
#5383=CARTESIAN_POINT('',(-3.,7.37000000000002,-20.));
#5384=CARTESIAN_POINT('',(1.,12.0901048264103,-20.));
#5385=CARTESIAN_POINT('',(0.973594670367063,12.1472723650656,-20.));
#5386=CARTESIAN_POINT('',(1.,20.2643186455472,-20.));
#5387=CARTESIAN_POINT('',(1.,13.8202355819955,-20.));
#5388=CARTESIAN_POINT('',(3.19852205101041,24.43,-20.));
#5389=CARTESIAN_POINT('',(-1.74935155385573,15.054945148716,-20.));
#5390=CARTESIAN_POINT('',(7.68857151206073,24.43,-20.));
#5391=CARTESIAN_POINT('',(-1.05280439334527,24.43,-20.));
#5392=CARTESIAN_POINT('',(9.5,21.1699164874292,-20.));
#5393=CARTESIAN_POINT('',(10.3793157773736,19.5873848626671,-20.));
#5394=CARTESIAN_POINT('',(9.5,27.3,-20.));
#5395=CARTESIAN_POINT('',(9.5,7.5,-20.));
#5396=CARTESIAN_POINT('',(9.5,27.3,-20.));
#5397=CARTESIAN_POINT('Origin',(3.52316849591468,6.62744503275504,-29.5));
#5398=CARTESIAN_POINT('',(1.5,12.2,-29.5));
#5399=CARTESIAN_POINT('Origin',(1.,12.0901048264103,-29.5));
#5400=CARTESIAN_POINT('',(3.5,7.87000000000001,-29.5));
#5401=CARTESIAN_POINT('',(3.97708680419713,6.83710706891322,-29.5));
#5402=CARTESIAN_POINT('Origin',(3.1801869867946,7.37000000000001,-29.5));
#5403=CARTESIAN_POINT('Origin',(1.,13.8202355819955,-29.5));
#5404=CARTESIAN_POINT('',(1.5,20.140471163991,-29.5));
#5405=CARTESIAN_POINT('Origin',(1.,20.2643186455472,-29.5));
#5406=CARTESIAN_POINT('',(1.5,13.8202355819955,-29.5));
#5407=CARTESIAN_POINT('Origin',(1.40959885738386,21.0404119861734,-29.5));
#5408=CARTESIAN_POINT('',(3.5,23.93,-29.5));
#5409=CARTESIAN_POINT('Origin',(3.1985220510104,24.43,-29.5));
#5410=CARTESIAN_POINT('',(1.8517926358761,20.8070353329651,-29.5));
#5411=CARTESIAN_POINT('Origin',(8.92886970454199,9.88218861908085,-29.5));
#5412=CARTESIAN_POINT('',(7.39439121330946,7.87,-29.5));
#5413=CARTESIAN_POINT('',(9.5,12.2,-29.5));
#5414=CARTESIAN_POINT('',(8.47921631091918,10.1008477730248,-29.5));
#5415=CARTESIAN_POINT('Origin',(10.,12.0848742312657,-29.5));
#5416=CARTESIAN_POINT('Origin',(7.70723311559034,7.37,-29.5));
#5417=CARTESIAN_POINT('Origin',(13.4471956066547,24.43,-29.5));
#5418=CARTESIAN_POINT('',(7.39439121330946,23.93,-29.5));
#5419=CARTESIAN_POINT('Origin',(7.68857151206073,24.43,-29.5));
#5420=CARTESIAN_POINT('',(13.4471956066547,23.93,-29.5));
#5421=CARTESIAN_POINT('Origin',(13.7999090781919,13.4312379888293,-29.5));
#5422=CARTESIAN_POINT('',(9.5,20.140471163991,-29.5));
#5423=CARTESIAN_POINT('Origin',(10.,20.2700511230836,-29.5));
#5424=CARTESIAN_POINT('',(13.3628458637318,13.1883887628354,-29.5));
#5425=CARTESIAN_POINT('Origin',(10.,7.5,-29.5));
#5426=CARTESIAN_POINT('',(9.5,7.5,-29.5));
#5427=CARTESIAN_POINT('Origin',(11.5,7.36999999999999,-29.5));
#5428=CARTESIAN_POINT('',(11.5,7.86999999999999,-29.5));
#5429=CARTESIAN_POINT('Origin',(7.39439121330946,23.93,-30.));
#5430=CARTESIAN_POINT('',(7.39439121330946,23.93,-20.5));
#5431=CARTESIAN_POINT('',(7.39439121330946,23.93,-30.));
#5432=CARTESIAN_POINT('',(3.5,23.93,-20.5));
#5433=CARTESIAN_POINT('',(-1.05280439334527,23.93,-20.5));
#5434=CARTESIAN_POINT('',(3.5,23.93,-30.));
#5435=CARTESIAN_POINT('Origin',(9.5,20.140471163991,-30.));
#5436=CARTESIAN_POINT('',(9.5,20.140471163991,-20.5));
#5437=CARTESIAN_POINT('',(9.5,20.140471163991,-30.));
#5438=CARTESIAN_POINT('',(9.94225256291349,19.3445356366732,-20.5));
#5439=CARTESIAN_POINT('Origin',(9.5,7.5,-20.));
#5440=CARTESIAN_POINT('',(9.5,12.2,-20.5));
#5441=CARTESIAN_POINT('',(9.5,12.2,-30.));
#5442=CARTESIAN_POINT('Origin',(9.5,11.0566680356586,-20.5));
#5443=CARTESIAN_POINT('',(9.5,4.5,20.));
#5444=CARTESIAN_POINT('',(9.5,4.5,20.));
#5445=CARTESIAN_POINT('',(9.5,11.2000225164182,20.));
#5446=CARTESIAN_POINT('',(9.5,7.5,20.));
#5447=CARTESIAN_POINT('',(9.5,7.37000000000001,17.7886706025299));
#5448=CARTESIAN_POINT('',(9.5,1.52713935871432,14.4151944816952));
#5449=CARTESIAN_POINT('',(9.5,7.37,12.2113288014237));
#5450=CARTESIAN_POINT('',(9.5,7.37,-1.25000014901161));
#5451=CARTESIAN_POINT('',(9.5,12.066022000242,9.49999970197678));
#5452=CARTESIAN_POINT('',(9.5,14.517806079006,8.08441997982669));
#5453=CARTESIAN_POINT('',(9.5,19.733977999758,9.49999970197678));
#5454=CARTESIAN_POINT('',(9.5,9.85,9.49999970197678));
#5455=CARTESIAN_POINT('',(9.5,24.43,12.2113288014237));
#5456=CARTESIAN_POINT('',(9.5,8.81728632505983,3.19705993598474));
#5457=CARTESIAN_POINT('',(9.5,24.43,17.7886706025299));
#5458=CARTESIAN_POINT('',(9.5,24.43,-3.75000014901161));
#5459=CARTESIAN_POINT('',(9.5,20.5999774835818,20.));
#5460=CARTESIAN_POINT('',(9.5,26.1379530453515,16.8025545255371));
#5461=CARTESIAN_POINT('',(9.5,27.3,20.));
#5462=CARTESIAN_POINT('',(9.5,7.5,20.));
#5463=CARTESIAN_POINT('',(9.5,27.3,20.));
#5464=CARTESIAN_POINT('Origin',(9.5,21.1699164874292,-20.5));
#5465=CARTESIAN_POINT('',(9.5,7.37,-2.78867119857634));
#5466=CARTESIAN_POINT('',(9.5,7.37000000000001,2.7886706025299));
#5467=CARTESIAN_POINT('',(9.5,7.37,-8.75000014901161));
#5468=CARTESIAN_POINT('',(9.5,12.066022000242,-5.50000029802322));
#5469=CARTESIAN_POINT('',(9.5,11.2701631827185,-5.04049751654315));
#5470=CARTESIAN_POINT('',(9.5,19.733977999758,-5.50000029802322));
#5471=CARTESIAN_POINT('',(9.5,9.85,-5.50000029802322));
#5472=CARTESIAN_POINT('',(9.5,24.43,-2.78867119857633));
#5473=CARTESIAN_POINT('',(9.5,12.0649292213473,-9.92785756038509));
#5474=CARTESIAN_POINT('',(9.5,24.43,2.78867060252989));
#5475=CARTESIAN_POINT('',(9.5,24.43,-11.2500001490116));
#5476=CARTESIAN_POINT('',(9.5,19.7339777369972,5.49999985368626));
#5477=CARTESIAN_POINT('',(9.5,22.890310149064,3.67763702916729));
#5478=CARTESIAN_POINT('',(9.5,12.0660219955693,5.4999996992789));
#5479=CARTESIAN_POINT('',(9.5,13.5499997382228,5.49999972916132));
#5480=CARTESIAN_POINT('',(9.5,4.77478225500175,1.29027698532536));
#5481=CARTESIAN_POINT('',(9.5,11.2000214840658,-20.));
#5482=CARTESIAN_POINT('',(9.5,20.5999785159342,-20.));
#5483=CARTESIAN_POINT('',(9.5,7.5,-20.));
#5484=CARTESIAN_POINT('',(9.5,24.43,-17.7886711985763));
#5485=CARTESIAN_POINT('',(9.5,15.3125721176347,-23.0527750567549));
#5486=CARTESIAN_POINT('',(9.5,24.43,-12.2113293974701));
#5487=CARTESIAN_POINT('',(9.5,24.43,-18.7500001490116));
#5488=CARTESIAN_POINT('',(9.5,19.7339777369972,-9.50000014631374));
#5489=CARTESIAN_POINT('',(9.5,19.6426672527766,-9.44728046720255));
#5490=CARTESIAN_POINT('',(9.5,12.0660219955693,-9.5000003007211));
#5491=CARTESIAN_POINT('',(9.5,13.5499998892481,-9.50000027083868));
#5492=CARTESIAN_POINT('',(9.5,7.37,-12.2113293974701));
#5493=CARTESIAN_POINT('',(9.5,8.02242515128919,-11.8346405110445));
#5494=CARTESIAN_POINT('',(9.5,7.37,-17.7886711985763));
#5495=CARTESIAN_POINT('',(9.5,7.37,-16.2500001490116));
#5496=CARTESIAN_POINT('',(9.5,8.02252028643108,-18.165415012913));
#5497=CARTESIAN_POINT('Origin',(7.39439121330946,7.87,-30.));
#5498=CARTESIAN_POINT('',(7.39439121330946,7.87,-20.5));
#5499=CARTESIAN_POINT('',(7.39439121330946,7.87,-30.));
#5500=CARTESIAN_POINT('',(5.70613042591653,4.39823959720409,-20.5));
#5501=CARTESIAN_POINT('Origin',(19.,7.37000000000001,8.74999985098839));
#5502=CARTESIAN_POINT('',(19.,7.87,-17.5000002980232));
#5503=CARTESIAN_POINT('',(19.,7.87,-12.5000002980232));
#5504=CARTESIAN_POINT('',(19.,7.87000000000001,8.74999985098839));
#5505=CARTESIAN_POINT('',(19.5,7.37,-12.2113293974701));
#5506=CARTESIAN_POINT('Origin',(19.,7.37,-12.2113293974701));
#5507=CARTESIAN_POINT('',(19.5,7.37000000000001,-17.7886711985763));
#5508=CARTESIAN_POINT('',(19.5,7.37000000000001,8.74999985098839));
#5509=CARTESIAN_POINT('Origin',(19.,7.37,-17.7886711985763));
#5510=CARTESIAN_POINT('Origin',(19.,18.8479014722473,-5.58436549894396));
#5511=CARTESIAN_POINT('',(19.,12.2,-10.0000002980232));
#5512=CARTESIAN_POINT('',(19.,19.0979069724288,-6.01737502525833));
#5513=CARTESIAN_POINT('',(19.5,12.0660219955693,-9.5000003007211));
#5514=CARTESIAN_POINT('Origin',(19.,12.0660219955693,-9.5000003007211));
#5515=CARTESIAN_POINT('',(19.5,18.8479014722473,-5.58436549894396));
#5516=CARTESIAN_POINT('Origin',(19.,13.5500003926657,-9.50000027083867));
#5517=CARTESIAN_POINT('',(19.5,19.7339777369972,-9.50000014631374));
#5518=CARTESIAN_POINT('',(19.5,13.5500003926657,-9.50000027083867));
#5519=CARTESIAN_POINT('',(19.,19.6,-10.0000001490116));
#5520=CARTESIAN_POINT('',(19.,13.5500004027341,-10.0000002708387));
#5521=CARTESIAN_POINT('Origin',(19.,19.7339777369972,-9.50000014631374));
#5522=CARTESIAN_POINT('Origin',(19.,8.81719093181847,-3.19700545510203));
#5523=CARTESIAN_POINT('',(19.5,24.43,-12.2113293974701));
#5524=CARTESIAN_POINT('',(19.5,8.81719093181847,-3.19700545510203));
#5525=CARTESIAN_POINT('',(19.,23.93,-12.5000002980232));
#5526=CARTESIAN_POINT('',(19.,8.56718543163697,-3.6300149814164));
#5527=CARTESIAN_POINT('Origin',(19.,24.43,-12.2113293974701));
#5528=CARTESIAN_POINT('Origin',(19.,24.43,6.24999985098839));
#5529=CARTESIAN_POINT('',(19.5,24.43,-17.7886711985763));
#5530=CARTESIAN_POINT('',(19.5,24.43,6.24999985098839));
#5531=CARTESIAN_POINT('',(19.,23.93,-17.5000002980232));
#5532=CARTESIAN_POINT('',(19.,23.93,6.24999985098839));
#5533=CARTESIAN_POINT('Origin',(19.,24.43,-17.7886711985763));
#5534=CARTESIAN_POINT('Origin',(19.,-2.80295603452705,-11.9151400008124));
#5535=CARTESIAN_POINT('',(19.,12.2,-20.0000002980232));
#5536=CARTESIAN_POINT('',(19.,-2.55295053434554,-11.4821304744981));
#5537=CARTESIAN_POINT('',(19.5,12.0660214840658,-20.5));
#5538=CARTESIAN_POINT('',(19.5,-2.80295603452705,-11.9151400008124));
#5539=CARTESIAN_POINT('Origin',(19.,12.0660214840658,-20.5));
#5540=CARTESIAN_POINT('Origin',(19.,26.1380484385929,-16.8025000446544));
#5541=CARTESIAN_POINT('',(19.5,19.7339785159342,-20.5));
#5542=CARTESIAN_POINT('',(19.5,26.1380484385929,-16.8025000446544));
#5543=CARTESIAN_POINT('',(19.,19.6,-20.0000002980232));
#5544=CARTESIAN_POINT('',(19.,25.8880429384113,-16.36949051834));
#5545=CARTESIAN_POINT('Origin',(19.,19.7339785159342,-20.5));
#5546=CARTESIAN_POINT('Origin',(19.,7.5,-20.5));
#5547=CARTESIAN_POINT('',(19.5,7.5,-20.5));
#5548=CARTESIAN_POINT('',(19.,7.5,-20.));
#5549=CARTESIAN_POINT('Origin',(-19.5,23.93,-12.5000002980232));
#5550=CARTESIAN_POINT('',(10.,19.6,-10.0000001490116));
#5551=CARTESIAN_POINT('',(-19.5,19.6,-10.0000001490116));
#5552=CARTESIAN_POINT('',(10.,23.93,-12.5000002980232));
#5553=CARTESIAN_POINT('',(10.,19.3926617525951,-9.88028999351692));
#5554=CARTESIAN_POINT('',(-19.5,23.93,-12.5000002980232));
#5555=CARTESIAN_POINT('Origin',(-19.5,19.6,-10.0000001490116));
#5556=CARTESIAN_POINT('',(10.,12.2,-10.0000002980232));
#5557=CARTESIAN_POINT('',(-19.5,12.2,-10.0000002980232));
#5558=CARTESIAN_POINT('',(10.,13.5499998993165,-10.0000002708387));
#5559=CARTESIAN_POINT('Origin',(-19.5,12.2,-10.0000002980232));
#5560=CARTESIAN_POINT('',(10.,7.87,-12.5000002980232));
#5561=CARTESIAN_POINT('',(-19.5,7.87,-12.5000002980232));
#5562=CARTESIAN_POINT('',(10.,8.2724306514707,-12.2676500373588));
#5563=CARTESIAN_POINT('Origin',(-19.5,7.87,-12.5000002980232));
#5564=CARTESIAN_POINT('',(10.,7.87,-17.5000002980232));
#5565=CARTESIAN_POINT('',(-19.5,7.87,-17.5000002980232));
#5566=CARTESIAN_POINT('',(10.,7.87,-16.2500001490116));
#5567=CARTESIAN_POINT('Origin',(19.5,7.5,30.));
#5568=CARTESIAN_POINT('',(19.5,27.3,30.));
#5569=CARTESIAN_POINT('',(19.5,27.3,30.));
#5570=CARTESIAN_POINT('',(19.5,4.5,30.));
#5571=CARTESIAN_POINT('',(19.5,7.5,30.));
#5572=CARTESIAN_POINT('',(19.5,4.5,30.));
#5573=CARTESIAN_POINT('',(19.5,7.37,2.78867060252989));
#5574=CARTESIAN_POINT('',(19.5,7.37,-2.78867119857634));
#5575=CARTESIAN_POINT('',(19.5,7.37000000000001,16.2499998509884));
#5576=CARTESIAN_POINT('',(19.5,12.0660219955693,5.4999996992789));
#5577=CARTESIAN_POINT('',(19.5,15.6002585759599,7.54055199742588));
#5578=CARTESIAN_POINT('',(19.5,19.7339777369972,5.49999985368626));
#5579=CARTESIAN_POINT('',(19.5,13.5500002416405,5.49999972916133));
#5580=CARTESIAN_POINT('',(19.5,24.43,2.7886706025299));
#5581=CARTESIAN_POINT('',(19.5,12.0648338281059,9.92791204126782));
#5582=CARTESIAN_POINT('',(19.5,24.43,-2.78867119857634));
#5583=CARTESIAN_POINT('',(19.5,24.43,13.7499998509884));
#5584=CARTESIAN_POINT('',(19.5,19.733977999758,-5.50000029802322));
#5585=CARTESIAN_POINT('',(19.5,22.8904055423054,-3.67758254828453));
#5586=CARTESIAN_POINT('',(19.5,12.066022000242,-5.50000029802322));
#5587=CARTESIAN_POINT('',(19.5,9.85,-5.50000029802322));
#5588=CARTESIAN_POINT('',(19.5,0.444686861760388,1.20977749555739));
#5589=CARTESIAN_POINT('',(19.5,7.37,17.7886706025299));
#5590=CARTESIAN_POINT('',(19.5,7.37,12.2113288014237));
#5591=CARTESIAN_POINT('',(19.5,7.37000000000001,23.7499998509884));
#5592=CARTESIAN_POINT('',(19.5,12.0660219955693,20.4999996992789));
#5593=CARTESIAN_POINT('',(19.5,12.3526156796724,20.6654694937957));
#5594=CARTESIAN_POINT('',(19.5,19.7339777369972,20.4999998536863));
#5595=CARTESIAN_POINT('',(19.5,13.5500000906152,20.4999997291613));
#5596=CARTESIAN_POINT('',(19.5,24.43,17.7886706025299));
#5597=CARTESIAN_POINT('',(19.5,15.3124767243933,23.0528295376377));
#5598=CARTESIAN_POINT('',(19.5,24.43,12.2113288014237));
#5599=CARTESIAN_POINT('',(19.5,24.43,21.2499998509884));
#5600=CARTESIAN_POINT('',(19.5,19.733977999758,9.49999970197678));
#5601=CARTESIAN_POINT('',(19.5,19.642762646018,9.4473349480853));
#5602=CARTESIAN_POINT('',(19.5,12.066022000242,9.49999970197678));
#5603=CARTESIAN_POINT('',(19.5,9.85,9.49999970197678));
#5604=CARTESIAN_POINT('',(19.5,3.69232975804783,14.3346949919272));
#5605=CARTESIAN_POINT('Origin',(6.15578381953934,4.17958044326011,-20.5));
#5606=CARTESIAN_POINT('Origin',(7.70723311559034,7.37,-20.5));
#5607=CARTESIAN_POINT('Origin',(-3.,7.37000000000002,-20.5));
#5608=CARTESIAN_POINT('',(3.5,7.87000000000001,-20.5));
#5609=CARTESIAN_POINT('',(-3.,7.87000000000002,-20.5));
#5610=CARTESIAN_POINT('Origin',(3.1801869867946,7.37000000000001,-20.5));
#5611=CARTESIAN_POINT('Origin',(0.973594670367063,12.1472723650656,-20.5));
#5612=CARTESIAN_POINT('',(1.5,12.2,-20.5));
#5613=CARTESIAN_POINT('',(1.42751297864952,12.3569344012238,-20.5));
#5614=CARTESIAN_POINT('Origin',(1.,12.0901048264103,-20.5));
#5615=CARTESIAN_POINT('Origin',(1.,13.8202355819955,-20.5));
#5616=CARTESIAN_POINT('',(1.5,20.140471163991,-20.5));
#5617=CARTESIAN_POINT('',(1.5,13.8202355819955,-20.5));
#5618=CARTESIAN_POINT('Origin',(1.,20.2643186455472,-20.5));
#5619=CARTESIAN_POINT('Origin',(-1.74935155385573,15.054945148716,-20.5));
#5620=CARTESIAN_POINT('',(-1.30715777536349,14.8215684955076,-20.5));
#5621=CARTESIAN_POINT('Origin',(3.1985220510104,24.43,-20.5));
#5622=CARTESIAN_POINT('Origin',(-1.05280439334527,24.43,-20.5));
#5623=CARTESIAN_POINT('Origin',(7.68857151206073,24.43,-20.5));
#5624=CARTESIAN_POINT('Origin',(10.3793157773736,19.5873848626671,-20.5));
#5625=CARTESIAN_POINT('Origin',(10.,7.37,-16.2500001490116));
#5626=CARTESIAN_POINT('Origin',(10.,7.37,-17.7886711985763));
#5627=CARTESIAN_POINT('Origin',(10.,7.37,-12.2113293974701));
#5628=CARTESIAN_POINT('Origin',(10.,8.02252028643108,-18.165415012913));
#5629=CARTESIAN_POINT('',(10.,12.2,-20.0000002980232));
#5630=CARTESIAN_POINT('',(10.,8.27252578661259,-17.7324054865986));
#5631=CARTESIAN_POINT('Origin',(10.,11.2000214840658,-20.));
#5632=CARTESIAN_POINT('Origin',(10.,8.02242515128919,-11.8346405110445));
#5633=CARTESIAN_POINT('Origin',(10.,12.0660219955693,-9.5000003007211));
#5634=CARTESIAN_POINT('Origin',(10.,13.5499998892481,-9.50000027083868));
#5635=CARTESIAN_POINT('Origin',(10.,19.7339777369972,-9.50000014631374));
#5636=CARTESIAN_POINT('Origin',(10.,19.6426672527766,-9.44728046720255));
#5637=CARTESIAN_POINT('Origin',(10.,24.43,-12.2113293974701));
#5638=CARTESIAN_POINT('Origin',(10.,24.43,-18.7500001490116));
#5639=CARTESIAN_POINT('',(10.,23.93,-17.5000002980232));
#5640=CARTESIAN_POINT('',(10.,23.93,-18.7500001490116));
#5641=CARTESIAN_POINT('Origin',(10.,24.43,-17.7886711985763));
#5642=CARTESIAN_POINT('Origin',(10.,15.3125721176347,-23.0527750567549));
#5643=CARTESIAN_POINT('',(10.,19.6,-20.0000002980232));
#5644=CARTESIAN_POINT('Origin',(10.,20.5999785159342,-20.));
#5645=CARTESIAN_POINT('',(10.,15.0625666174532,-22.6197655304406));
#5646=CARTESIAN_POINT('Origin',(-19.5,7.87,-17.5000002980232));
#5647=CARTESIAN_POINT('',(-19.5,12.2,-20.0000002980232));
#5648=CARTESIAN_POINT('Origin',(-19.5,23.93,-17.5000002980232));
#5649=CARTESIAN_POINT('',(-19.5,23.93,-17.5000002980232));
#5650=CARTESIAN_POINT('Origin',(-19.5,19.6,-20.0000002980232));
#5651=CARTESIAN_POINT('',(-19.5,19.6,-20.0000002980232));
#5652=CARTESIAN_POINT('Origin',(19.,7.37000000000001,16.2499998509884));
#5653=CARTESIAN_POINT('',(19.,7.87,-2.50000029802322));
#5654=CARTESIAN_POINT('',(19.,7.87,2.49999970197678));
#5655=CARTESIAN_POINT('',(19.,7.87000000000001,16.2499998509884));
#5656=CARTESIAN_POINT('Origin',(19.,7.37,2.78867060252989));
#5657=CARTESIAN_POINT('Origin',(19.,7.37,-2.78867119857634));
#5658=CARTESIAN_POINT('Origin',(19.,15.6002585759599,7.54055199742588));
#5659=CARTESIAN_POINT('',(19.,12.2,4.99999970197677));
#5660=CARTESIAN_POINT('',(19.,15.8502640761414,7.10754247111151));
#5661=CARTESIAN_POINT('Origin',(19.,12.0660219955693,5.4999996992789));
#5662=CARTESIAN_POINT('Origin',(19.,13.5500002416405,5.49999972916133));
#5663=CARTESIAN_POINT('',(19.,19.6,4.99999985098839));
#5664=CARTESIAN_POINT('',(19.,13.5500002517088,4.99999972916133));
#5665=CARTESIAN_POINT('Origin',(19.,19.7339777369972,5.49999985368626));
#5666=CARTESIAN_POINT('Origin',(19.,12.0648338281059,9.92791204126782));
#5667=CARTESIAN_POINT('',(19.,23.93,2.49999970197678));
#5668=CARTESIAN_POINT('',(19.,11.8148283279244,9.49490251495344));
#5669=CARTESIAN_POINT('Origin',(19.,24.43,2.7886706025299));
#5670=CARTESIAN_POINT('Origin',(19.,24.43,13.7499998509884));
#5671=CARTESIAN_POINT('',(19.,23.93,-2.50000029802322));
#5672=CARTESIAN_POINT('',(19.,23.93,13.7499998509884));
#5673=CARTESIAN_POINT('Origin',(19.,24.43,-2.78867119857634));
#5674=CARTESIAN_POINT('Origin',(19.,0.444686861760388,1.20977749555739));
#5675=CARTESIAN_POINT('',(19.,12.2,-5.00000029802322));
#5676=CARTESIAN_POINT('',(19.,0.694692361941896,1.64278702187177));
#5677=CARTESIAN_POINT('Origin',(19.,12.066022000242,-5.50000029802322));
#5678=CARTESIAN_POINT('Origin',(19.,22.8904055423054,-3.67758254828453));
#5679=CARTESIAN_POINT('',(19.,19.6,-5.00000029802322));
#5680=CARTESIAN_POINT('',(19.,22.6404000421239,-3.24457302197016));
#5681=CARTESIAN_POINT('Origin',(19.,19.733977999758,-5.50000029802322));
#5682=CARTESIAN_POINT('Origin',(19.,9.85,-5.50000029802322));
#5683=CARTESIAN_POINT('',(19.,9.85,-5.00000029802322));
#5684=CARTESIAN_POINT('Origin',(-19.5,23.93,2.49999970197678));
#5685=CARTESIAN_POINT('',(10.,19.6,4.99999985098839));
#5686=CARTESIAN_POINT('',(-19.5,19.6,4.99999985098839));
#5687=CARTESIAN_POINT('',(10.,23.93,2.49999970197678));
#5688=CARTESIAN_POINT('',(10.,22.6403046488825,3.24462750285293));
#5689=CARTESIAN_POINT('',(-19.5,23.93,2.49999970197678));
#5690=CARTESIAN_POINT('Origin',(-19.5,19.6,4.99999985098839));
#5691=CARTESIAN_POINT('',(10.,12.2,4.99999970197677));
#5692=CARTESIAN_POINT('',(-19.5,12.2,4.99999970197677));
#5693=CARTESIAN_POINT('',(10.,13.5499997482912,4.99999972916132));
#5694=CARTESIAN_POINT('Origin',(-19.5,12.2,4.99999970197677));
#5695=CARTESIAN_POINT('',(10.,7.87,2.49999970197678));
#5696=CARTESIAN_POINT('',(-19.5,7.87,2.49999970197678));
#5697=CARTESIAN_POINT('',(10.,5.02478775518326,0.857267459010992));
#5698=CARTESIAN_POINT('Origin',(-19.5,7.87,2.49999970197678));
#5699=CARTESIAN_POINT('',(10.,7.87,-2.50000029802322));
#5700=CARTESIAN_POINT('',(-19.5,7.87,-2.50000029802322));
#5701=CARTESIAN_POINT('',(10.,7.87,-8.75000014901161));
#5702=CARTESIAN_POINT('Origin',(10.,9.85,-5.50000029802322));
#5703=CARTESIAN_POINT('',(10.,12.2,-5.00000029802322));
#5704=CARTESIAN_POINT('Origin',(10.,12.066022000242,-5.50000029802322));
#5705=CARTESIAN_POINT('',(10.,19.6,-5.00000029802322));
#5706=CARTESIAN_POINT('',(10.,9.85,-5.00000029802322));
#5707=CARTESIAN_POINT('Origin',(10.,19.733977999758,-5.50000029802322));
#5708=CARTESIAN_POINT('Origin',(10.,7.37,-8.75000014901161));
#5709=CARTESIAN_POINT('Origin',(10.,7.37,2.7886706025299));
#5710=CARTESIAN_POINT('Origin',(10.,7.37,-2.78867119857634));
#5711=CARTESIAN_POINT('Origin',(10.,4.77478225500175,1.29027698532536));
#5712=CARTESIAN_POINT('Origin',(10.,12.0660219955693,5.4999996992789));
#5713=CARTESIAN_POINT('Origin',(10.,13.5499997382228,5.49999972916132));
#5714=CARTESIAN_POINT('Origin',(10.,19.7339777369972,5.49999985368626));
#5715=CARTESIAN_POINT('Origin',(10.,22.890310149064,3.67763702916729));
#5716=CARTESIAN_POINT('Origin',(10.,24.43,2.7886706025299));
#5717=CARTESIAN_POINT('Origin',(10.,24.43,-11.2500001490116));
#5718=CARTESIAN_POINT('',(10.,23.93,-2.50000029802322));
#5719=CARTESIAN_POINT('',(10.,23.93,-11.2500001490116));
#5720=CARTESIAN_POINT('Origin',(10.,24.43,-2.78867119857633));
#5721=CARTESIAN_POINT('Origin',(10.,12.0649292213473,-9.92785756038509));
#5722=CARTESIAN_POINT('',(10.,11.8149237211658,-9.49484803407072));
#5723=CARTESIAN_POINT('Origin',(10.,11.2701631827185,-5.04049751654315));
#5724=CARTESIAN_POINT('',(10.,11.5201686829,-4.60748799022878));
#5725=CARTESIAN_POINT('Origin',(-19.5,19.6,-5.00000029802322));
#5726=CARTESIAN_POINT('',(-19.5,23.93,-2.50000029802322));
#5727=CARTESIAN_POINT('',(-19.5,19.6,-5.00000029802322));
#5728=CARTESIAN_POINT('Origin',(-19.5,12.2,-5.00000029802322));
#5729=CARTESIAN_POINT('',(-19.5,12.2,-5.00000029802322));
#5730=CARTESIAN_POINT('Origin',(-19.5,7.87,-2.50000029802322));
#5731=CARTESIAN_POINT('Origin',(10.,26.1379530453515,16.8025545255371));
#5732=CARTESIAN_POINT('',(10.,23.93,17.4999997019768));
#5733=CARTESIAN_POINT('',(10.,19.6,19.9999998509884));
#5734=CARTESIAN_POINT('',(10.,25.88794754517,16.3695449992228));
#5735=CARTESIAN_POINT('Origin',(10.,20.5999777067939,19.9999998711246));
#5736=CARTESIAN_POINT('Origin',(10.,24.43,17.7886706025299));
#5737=CARTESIAN_POINT('Origin',(10.,24.43,-3.75000014901161));
#5738=CARTESIAN_POINT('',(10.,23.93,12.4999997019768));
#5739=CARTESIAN_POINT('Origin',(10.,24.43,12.2113288014237));
#5740=CARTESIAN_POINT('',(10.,23.93,-3.75000014901161));
#5741=CARTESIAN_POINT('Origin',(10.,8.81728632505983,3.19705993598474));
#5742=CARTESIAN_POINT('',(10.,19.6,9.99999970197678));
#5743=CARTESIAN_POINT('Origin',(10.,19.733977999758,9.49999970197678));
#5744=CARTESIAN_POINT('',(10.,8.56728082487832,3.63006946229911));
#5745=CARTESIAN_POINT('Origin',(10.,9.85,9.49999970197678));
#5746=CARTESIAN_POINT('',(10.,12.2,9.99999970197678));
#5747=CARTESIAN_POINT('Origin',(10.,12.066022000242,9.49999970197678));
#5748=CARTESIAN_POINT('',(10.,9.85,9.99999970197678));
#5749=CARTESIAN_POINT('Origin',(10.,7.37,-1.25000014901161));
#5750=CARTESIAN_POINT('',(10.,7.87,17.4999997019768));
#5751=CARTESIAN_POINT('Origin',(10.,7.37,17.7886706025299));
#5752=CARTESIAN_POINT('',(10.,7.87,12.4999997019768));
#5753=CARTESIAN_POINT('',(10.,7.87,-1.25000014901161));
#5754=CARTESIAN_POINT('Origin',(10.,7.37,12.2113288014237));
#5755=CARTESIAN_POINT('Origin',(10.,1.52713935871432,14.4151944816952));
#5756=CARTESIAN_POINT('',(10.,12.2,19.9999997019768));
#5757=CARTESIAN_POINT('Origin',(10.,11.2000225164182,20.));
#5758=CARTESIAN_POINT('',(10.,1.77714485889583,13.9821849553808));
#5759=CARTESIAN_POINT('Origin',(10.,14.517806079006,8.08441997982669));
#5760=CARTESIAN_POINT('',(10.,14.7678115791875,8.51742950614106));
#5761=CARTESIAN_POINT('Origin',(-19.5,23.93,17.4999997019768));
#5762=CARTESIAN_POINT('',(19.,23.93,17.4999997019768));
#5763=CARTESIAN_POINT('',(-19.5,23.93,17.4999997019768));
#5764=CARTESIAN_POINT('',(19.,19.6,19.9999998509884));
#5765=CARTESIAN_POINT('',(19.,15.0624712242118,22.6198200113233));
#5766=CARTESIAN_POINT('',(-19.5,19.6,19.9999998509884));
#5767=CARTESIAN_POINT('Origin',(-19.5,23.93,12.4999997019768));
#5768=CARTESIAN_POINT('',(19.,23.93,12.4999997019768));
#5769=CARTESIAN_POINT('',(-19.5,23.93,12.4999997019768));
#5770=CARTESIAN_POINT('',(19.,23.93,21.2499998509884));
#5771=CARTESIAN_POINT('Origin',(-19.5,19.6,9.99999970197678));
#5772=CARTESIAN_POINT('',(19.,19.6,9.99999970197678));
#5773=CARTESIAN_POINT('',(-19.5,19.6,9.99999970197678));
#5774=CARTESIAN_POINT('',(19.,19.3927571458365,9.88034447439967));
#5775=CARTESIAN_POINT('Origin',(-19.5,12.2,9.99999970197678));
#5776=CARTESIAN_POINT('',(19.,12.2,9.99999970197678));
#5777=CARTESIAN_POINT('',(-19.5,12.2,9.99999970197678));
#5778=CARTESIAN_POINT('',(19.,9.85,9.99999970197678));
#5779=CARTESIAN_POINT('Origin',(-19.5,7.87,12.4999997019768));
#5780=CARTESIAN_POINT('',(19.,7.87,12.4999997019768));
#5781=CARTESIAN_POINT('',(-19.5,7.87,12.4999997019768));
#5782=CARTESIAN_POINT('',(19.,3.94233525822934,14.7677045182416));
#5783=CARTESIAN_POINT('Origin',(-19.5,7.87,17.4999997019768));
#5784=CARTESIAN_POINT('',(19.,7.87,17.4999997019768));
#5785=CARTESIAN_POINT('',(-19.5,7.87,17.4999997019768));
#5786=CARTESIAN_POINT('',(19.,7.87000000000001,23.7499998509884));
#5787=CARTESIAN_POINT('Origin',(-19.5,12.2,19.9999997019768));
#5788=CARTESIAN_POINT('',(19.,12.2,19.9999997019768));
#5789=CARTESIAN_POINT('',(-19.5,12.2,19.9999997019768));
#5790=CARTESIAN_POINT('',(19.,12.6026211798539,20.2324599674814));
#5791=CARTESIAN_POINT('Origin',(19.,15.3124767243933,23.0528295376377));
#5792=CARTESIAN_POINT('Origin',(19.,24.43,17.7886706025299));
#5793=CARTESIAN_POINT('Origin',(19.,19.7339777369972,20.4999998536863));
#5794=CARTESIAN_POINT('Origin',(19.,7.37000000000001,23.7499998509884));
#5795=CARTESIAN_POINT('Origin',(19.,7.37,12.2113288014237));
#5796=CARTESIAN_POINT('Origin',(19.,7.37,17.7886706025299));
#5797=CARTESIAN_POINT('Origin',(19.,24.43,21.2499998509884));
#5798=CARTESIAN_POINT('Origin',(19.,24.43,12.2113288014237));
#5799=CARTESIAN_POINT('Origin',(19.,19.642762646018,9.4473349480853));
#5800=CARTESIAN_POINT('Origin',(19.,19.733977999758,9.49999970197678));
#5801=CARTESIAN_POINT('Origin',(19.,9.85,9.49999970197678));
#5802=CARTESIAN_POINT('Origin',(19.,12.066022000242,9.49999970197678));
#5803=CARTESIAN_POINT('Origin',(19.,3.69232975804783,14.3346949919272));
#5804=CARTESIAN_POINT('Origin',(19.,12.3526156796724,20.6654694937957));
#5805=CARTESIAN_POINT('Origin',(19.,12.0660219955693,20.4999996992789));
#5806=CARTESIAN_POINT('Origin',(19.,13.5500000906152,20.4999997291613));
#5807=CARTESIAN_POINT('',(19.,13.5500001006835,19.9999997291613));
#5808=CARTESIAN_POINT('Origin',(-19.5,19.6,19.9999998509884));
#5809=CARTESIAN_POINT('',(9.5,12.2000005161762,20.));
#5810=CARTESIAN_POINT('',(-19.5,12.2,19.9999997019768));
#5811=CARTESIAN_POINT('',(9.5,7.5,20.));
#5812=CARTESIAN_POINT('Origin',(3.5,7.87000000000001,-30.));
#5813=CARTESIAN_POINT('',(3.5,7.87000000000001,-30.));
#5814=CARTESIAN_POINT('Origin',(1.5,12.2,-30.));
#5815=CARTESIAN_POINT('',(1.5,12.2,-30.));
#5816=CARTESIAN_POINT('Origin',(1.5,20.140471163991,-30.));
#5817=CARTESIAN_POINT('',(1.5,20.140471163991,-30.));
#5818=CARTESIAN_POINT('Origin',(3.5,23.93,-30.));
#5819=CARTESIAN_POINT('Origin',(-9.5,12.2,-30.));
#5820=CARTESIAN_POINT('Origin',(-7.5,23.93,-30.));
#5821=CARTESIAN_POINT('',(-7.5,23.93,-30.));
#5822=CARTESIAN_POINT('Origin',(-3.60560878669054,23.93,-30.));
#5823=CARTESIAN_POINT('Origin',(-9.5,7.5,-20.));
#5824=CARTESIAN_POINT('Origin',(-19.5,23.93,-2.50000029802322));
#5825=CARTESIAN_POINT('Origin',(-19.5,23.93,-2.50000029802322));
#5826=CARTESIAN_POINT('Origin',(-19.5,23.93,12.4999997019768));
#5827=CARTESIAN_POINT('',(-19.5,23.93,17.4999997019768));
#5828=CARTESIAN_POINT('Origin',(-19.5,23.93,17.4999997019768));
#5829=CARTESIAN_POINT('',(-19.5,19.6,19.9999998509884));
#5830=CARTESIAN_POINT('Origin',(-19.5,12.2,19.9999997019768));
#5831=CARTESIAN_POINT('',(-19.5,12.2,19.9999997019768));
#5832=CARTESIAN_POINT('Origin',(-19.5,19.6,19.9999998509884));
#5833=CARTESIAN_POINT('',(-9.5,19.6,19.9999998509884));
#5834=CARTESIAN_POINT('',(-19.5,19.6,19.9999998509884));
#5835=CARTESIAN_POINT('',(-9.5,7.5,20.));
#5836=CARTESIAN_POINT('Origin',(5.55111512312578E-16,24.3,25.8822820740179));
#5837=CARTESIAN_POINT('',(-3.4999999217689,24.3,30.));
#5838=CARTESIAN_POINT('',(3.4999999217689,24.3,30.));
#5839=CARTESIAN_POINT('',(-9.75,24.3,30.));
#5840=CARTESIAN_POINT('',(-3.4999999217689,24.3,20.));
#5841=CARTESIAN_POINT('',(-3.4999999217689,24.3,20.));
#5842=CARTESIAN_POINT('',(3.4999999217689,24.3,20.));
#5843=CARTESIAN_POINT('',(4.75,24.3,20.));
#5844=CARTESIAN_POINT('',(3.4999999217689,24.3,31.7645641480359));
#5845=CARTESIAN_POINT('Origin',(-19.5,7.5,30.));
#5846=CARTESIAN_POINT('',(-3.4999999217689,4.5,30.));
#5847=CARTESIAN_POINT('',(-3.4999999217689,8.74999991618097,30.));
#5848=CARTESIAN_POINT('',(3.4999999217689,4.5,30.));
#5849=CARTESIAN_POINT('',(3.4999999217689,6.,30.));
#5850=CARTESIAN_POINT('',(-19.5,4.5,30.));
#5851=CARTESIAN_POINT('',(-19.5,27.3,30.));
#5852=CARTESIAN_POINT('',(-19.5,4.5,30.));
#5853=CARTESIAN_POINT('Origin',(0.,4.5,0.));
#5854=CARTESIAN_POINT('',(3.4999999217689,4.5,20.));
#5855=CARTESIAN_POINT('',(3.4999999217689,4.5,10.));
#5856=CARTESIAN_POINT('',(-9.5,4.5,20.));
#5857=CARTESIAN_POINT('',(-3.4999999217689,4.5,20.));
#5858=CARTESIAN_POINT('',(-9.5,4.5,20.));
#5859=CARTESIAN_POINT('',(-3.4999999217689,4.5,10.));
#5860=CARTESIAN_POINT('Origin',(3.4999999217689,6.99999992176891,20.));
#5861=CARTESIAN_POINT('',(3.4999999217689,6.,20.));
#5862=CARTESIAN_POINT('Origin',(-3.4999999217689,9.99999983236194,20.));
#5863=CARTESIAN_POINT('',(-3.4999999217689,8.74999991618097,20.));
#5864=CARTESIAN_POINT('Origin',(9.5,7.5,20.));
#5865=CARTESIAN_POINT('',(-9.5,27.3,20.));
#5866=CARTESIAN_POINT('Origin',(0.,27.3,0.));
#5867=CARTESIAN_POINT('',(0.,0.,0.));
#5868=UNCERTAINTY_MEASURE_WITH_UNIT(LENGTH_MEASURE(0.01),#5874,
'DISTANCE_ACCURACY_VALUE',
'Maximum model space distance between geometric entities at asserted c
onnectivities');
#5869=UNCERTAINTY_MEASURE_WITH_UNIT(LENGTH_MEASURE(0.01),#5874,
'DISTANCE_ACCURACY_VALUE',
'Maximum model space distance between geometric entities at asserted c
onnectivities');
#5870=UNCERTAINTY_MEASURE_WITH_UNIT(LENGTH_MEASURE(0.01),#5874,
'DISTANCE_ACCURACY_VALUE',
'Maximum model space distance between geometric entities at asserted c
onnectivities');
#5871=(
GEOMETRIC_REPRESENTATION_CONTEXT(3)
GLOBAL_UNCERTAINTY_ASSIGNED_CONTEXT((#5868))
GLOBAL_UNIT_ASSIGNED_CONTEXT((#5874,#5876,#5877))
REPRESENTATION_CONTEXT('','3D')
);
#5872=(
GEOMETRIC_REPRESENTATION_CONTEXT(3)
GLOBAL_UNCERTAINTY_ASSIGNED_CONTEXT((#5869))
GLOBAL_UNIT_ASSIGNED_CONTEXT((#5874,#5876,#5877))
REPRESENTATION_CONTEXT('','3D')
);
#5873=(
GEOMETRIC_REPRESENTATION_CONTEXT(3)
GLOBAL_UNCERTAINTY_ASSIGNED_CONTEXT((#5870))
GLOBAL_UNIT_ASSIGNED_CONTEXT((#5874,#5876,#5877))
REPRESENTATION_CONTEXT('','3D')
);
#5874=(
LENGTH_UNIT()
NAMED_UNIT(*)
SI_UNIT(.MILLI.,.METRE.)
);
#5875=(
LENGTH_UNIT()
NAMED_UNIT(*)
SI_UNIT($,.METRE.)
);
#5876=(
NAMED_UNIT(*)
PLANE_ANGLE_UNIT()
SI_UNIT($,.RADIAN.)
);
#5877=(
NAMED_UNIT(*)
SI_UNIT($,.STERADIAN.)
SOLID_ANGLE_UNIT()
);
#5878=SHAPE_DEFINITION_REPRESENTATION(#5880,#5883);
#5879=SHAPE_DEFINITION_REPRESENTATION(#5881,#5884);
#5880=PRODUCT_DEFINITION_SHAPE('',$,#5886);
#5881=PRODUCT_DEFINITION_SHAPE('',$,#5887);
#5882=PRODUCT_DEFINITION_SHAPE($,$,#14);
#5883=SHAPE_REPRESENTATION('',(#3502,#3841),#5871);
#5884=SHAPE_REPRESENTATION('',(#3503),#5872);
#5885=PRODUCT_DEFINITION_CONTEXT('part definition',#5893,'design');
#5886=PRODUCT_DEFINITION('Servo Mount Femur Joint Middle',
'Servo Mount Femur Joint Middle v2',#5888,#5885);
#5887=PRODUCT_DEFINITION('Component1','Component1',#5889,#5885);
#5888=PRODUCT_DEFINITION_FORMATION('',$,#5895);
#5889=PRODUCT_DEFINITION_FORMATION('',$,#5896);
#5890=PRODUCT_RELATED_PRODUCT_CATEGORY(
'Servo Mount Femur Joint Middle v2','Servo Mount Femur Joint Middle v2',
(#5895));
#5891=PRODUCT_RELATED_PRODUCT_CATEGORY('Component1','Component1',(#5896));
#5892=APPLICATION_PROTOCOL_DEFINITION('international standard',
'automotive_design',2009,#5893);
#5893=APPLICATION_CONTEXT(
'Core Data for Automotive Mechanical Design Process');
#5894=PRODUCT_CONTEXT('part definition',#5893,'mechanical');
#5895=PRODUCT('Servo Mount Femur Joint Middle',
'Servo Mount Femur Joint Middle v2',$,(#5894));
#5896=PRODUCT('Component1','Component1',$,(#5894));
#5897=PRESENTATION_STYLE_ASSIGNMENT((#5899));
#5898=PRESENTATION_STYLE_ASSIGNMENT((#5900));
#5899=SURFACE_STYLE_USAGE(.BOTH.,#5901);
#5900=SURFACE_STYLE_USAGE(.BOTH.,#5902);
#5901=SURFACE_SIDE_STYLE('',(#5903));
#5902=SURFACE_SIDE_STYLE('',(#5904));
#5903=SURFACE_STYLE_FILL_AREA(#5905);
#5904=SURFACE_STYLE_FILL_AREA(#5906);
#5905=FILL_AREA_STYLE('Steel - Satin',(#5907));
#5906=FILL_AREA_STYLE(
'HP 3D HR CB PA 12 (with HP Jet Fusion 580 Color 3D Printer)',(#5908));
#5907=FILL_AREA_STYLE_COLOUR('Steel - Satin',#5909);
#5908=FILL_AREA_STYLE_COLOUR(
'HP 3D HR CB PA 12 (with HP Jet Fusion 580 Color 3D Printer)',#5910);
#5909=COLOUR_RGB('Steel - Satin',0.627450980392157,0.627450980392157,0.627450980392157);
#5910=COLOUR_RGB(
'HP 3D HR CB PA 12 (with HP Jet Fusion 580 Color 3D Printer)',0.964705882352941,
0.964705882352941,0.952941176470588);
ENDSEC;
END-ISO-10303-21;
