ISO-10303-21;
HEADER;
/* Generated by software containing ST-Developer
 * from STEP Tools, Inc. (www.steptools.com) 
 */

FILE_DESCRIPTION(
/* description */ (''),
/* implementation_level */ '2;1');

FILE_NAME(
/* name */ 'body new.step',
/* time_stamp */ '2026-09-01T00:17:22+04:00',
/* author */ (''),
/* organization */ (''),
/* preprocessor_version */ 'ST-DEVELOPER v20.1',
/* originating_system */ 'Autodesk Translation Framework v15.8.0.0',
/* authorisation */ '');

FILE_SCHEMA (('AUTOMOTIVE_DESIGN { 1 0 10303 214 3 1 1 }'));
ENDSEC;

DATA;
#10=MECHANICAL_DESIGN_GEOMETRIC_PRESENTATION_REPRESENTATION('',(#13),#7143);
#11=SHAPE_REPRESENTATION_RELATIONSHIP('SRR','None',#7150,#12);
#12=ADVANCED_BREP_SHAPE_REPRESENTATION('',(#14),#7142);
#13=STYLED_ITEM('',(#7159),#14);
#14=MANIFOLD_SOLID_BREP('Body1',#4403);
#15=FACE_BOUND('',#573,.T.);
#16=FACE_BOUND('',#574,.T.);
#17=FACE_BOUND('',#575,.T.);
#18=FACE_BOUND('',#576,.T.);
#19=FACE_BOUND('',#578,.T.);
#20=FACE_BOUND('',#580,.T.);
#21=FACE_BOUND('',#581,.T.);
#22=FACE_BOUND('',#585,.T.);
#23=FACE_BOUND('',#586,.T.);
#24=FACE_BOUND('',#588,.T.);
#25=FACE_BOUND('',#589,.T.);
#26=FACE_BOUND('',#590,.T.);
#27=FACE_BOUND('',#591,.T.);
#28=FACE_BOUND('',#593,.T.);
#29=FACE_BOUND('',#594,.T.);
#30=FACE_BOUND('',#597,.T.);
#31=FACE_BOUND('',#600,.T.);
#32=FACE_BOUND('',#601,.T.);
#33=FACE_BOUND('',#603,.T.);
#34=FACE_BOUND('',#604,.T.);
#35=FACE_BOUND('',#605,.T.);
#36=FACE_BOUND('',#606,.T.);
#37=FACE_BOUND('',#609,.T.);
#38=FACE_BOUND('',#610,.T.);
#39=FACE_BOUND('',#611,.T.);
#40=FACE_BOUND('',#612,.T.);
#41=FACE_BOUND('',#614,.T.);
#42=FACE_BOUND('',#616,.T.);
#43=FACE_BOUND('',#617,.T.);
#44=FACE_BOUND('',#620,.T.);
#45=FACE_BOUND('',#622,.T.);
#46=FACE_BOUND('',#623,.T.);
#47=FACE_BOUND('',#624,.T.);
#48=FACE_BOUND('',#625,.T.);
#49=FACE_BOUND('',#627,.T.);
#50=FACE_BOUND('',#630,.T.);
#51=FACE_BOUND('',#631,.T.);
#52=FACE_BOUND('',#632,.T.);
#53=FACE_BOUND('',#633,.T.);
#54=FACE_BOUND('',#635,.T.);
#55=FACE_BOUND('',#637,.T.);
#56=FACE_BOUND('',#638,.T.);
#57=FACE_BOUND('',#645,.T.);
#58=FACE_BOUND('',#646,.T.);
#59=FACE_BOUND('',#647,.T.);
#60=FACE_BOUND('',#648,.T.);
#61=FACE_BOUND('',#653,.T.);
#62=FACE_BOUND('',#654,.T.);
#63=FACE_BOUND('',#655,.T.);
#64=FACE_BOUND('',#656,.T.);
#65=FACE_BOUND('',#663,.T.);
#66=FACE_BOUND('',#664,.T.);
#67=FACE_BOUND('',#665,.T.);
#68=FACE_BOUND('',#666,.T.);
#69=FACE_BOUND('',#673,.T.);
#70=FACE_BOUND('',#674,.T.);
#71=FACE_BOUND('',#675,.T.);
#72=FACE_BOUND('',#676,.T.);
#73=FACE_BOUND('',#692,.T.);
#74=FACE_BOUND('',#693,.T.);
#75=FACE_BOUND('',#695,.T.);
#76=FACE_BOUND('',#696,.T.);
#77=FACE_BOUND('',#698,.T.);
#78=FACE_BOUND('',#699,.T.);
#79=FACE_BOUND('',#702,.T.);
#80=FACE_BOUND('',#707,.T.);
#81=FACE_BOUND('',#712,.T.);
#82=FACE_BOUND('',#720,.T.);
#83=FACE_BOUND('',#722,.T.);
#84=FACE_BOUND('',#725,.T.);
#85=FACE_BOUND('',#726,.T.);
#86=FACE_BOUND('',#727,.T.);
#87=FACE_BOUND('',#728,.T.);
#88=FACE_BOUND('',#731,.T.);
#89=FACE_BOUND('',#734,.T.);
#90=FACE_BOUND('',#735,.T.);
#91=FACE_BOUND('',#736,.T.);
#92=FACE_BOUND('',#737,.T.);
#93=FACE_BOUND('',#739,.T.);
#94=FACE_BOUND('',#743,.T.);
#95=FACE_BOUND('',#747,.T.);
#96=FACE_BOUND('',#752,.T.);
#97=FACE_BOUND('',#756,.T.);
#98=FACE_BOUND('',#760,.T.);
#99=FACE_BOUND('',#764,.T.);
#100=FACE_BOUND('',#767,.T.);
#101=FACE_BOUND('',#770,.T.);
#102=FACE_BOUND('',#773,.T.);
#103=FACE_BOUND('',#776,.T.);
#104=FACE_BOUND('',#779,.T.);
#105=FACE_BOUND('',#782,.T.);
#106=FACE_BOUND('',#783,.T.);
#107=FACE_BOUND('',#785,.T.);
#108=FACE_BOUND('',#786,.T.);
#109=FACE_BOUND('',#788,.T.);
#110=FACE_BOUND('',#789,.T.);
#111=FACE_BOUND('',#791,.T.);
#112=FACE_BOUND('',#792,.T.);
#113=FACE_BOUND('',#794,.T.);
#114=FACE_BOUND('',#795,.T.);
#115=FACE_BOUND('',#797,.T.);
#116=FACE_BOUND('',#798,.T.);
#117=FACE_BOUND('',#800,.T.);
#118=FACE_BOUND('',#801,.T.);
#119=FACE_BOUND('',#803,.T.);
#120=FACE_BOUND('',#804,.T.);
#121=FACE_BOUND('',#806,.T.);
#122=FACE_BOUND('',#807,.T.);
#123=PLANE('',#4426);
#124=PLANE('',#4430);
#125=PLANE('',#4434);
#126=PLANE('',#4438);
#127=PLANE('',#4442);
#128=PLANE('',#4446);
#129=PLANE('',#4450);
#130=PLANE('',#4454);
#131=PLANE('',#4458);
#132=PLANE('',#4462);
#133=PLANE('',#4466);
#134=PLANE('',#4470);
#135=PLANE('',#4609);
#136=PLANE('',#4610);
#137=PLANE('',#4611);
#138=PLANE('',#4612);
#139=PLANE('',#4613);
#140=PLANE('',#4614);
#141=PLANE('',#4615);
#142=PLANE('',#4616);
#143=PLANE('',#4617);
#144=PLANE('',#4618);
#145=PLANE('',#4619);
#146=PLANE('',#4620);
#147=PLANE('',#4621);
#148=PLANE('',#4622);
#149=PLANE('',#4623);
#150=PLANE('',#4624);
#151=PLANE('',#4625);
#152=PLANE('',#4626);
#153=PLANE('',#4627);
#154=PLANE('',#4628);
#155=PLANE('',#4629);
#156=PLANE('',#4630);
#157=PLANE('',#4631);
#158=PLANE('',#4632);
#159=PLANE('',#4633);
#160=PLANE('',#4634);
#161=PLANE('',#4635);
#162=PLANE('',#4636);
#163=PLANE('',#4637);
#164=PLANE('',#4638);
#165=PLANE('',#4639);
#166=PLANE('',#4640);
#167=PLANE('',#4641);
#168=PLANE('',#4642);
#169=PLANE('',#4643);
#170=PLANE('',#4644);
#171=PLANE('',#4645);
#172=PLANE('',#4646);
#173=PLANE('',#4647);
#174=PLANE('',#4648);
#175=PLANE('',#4649);
#176=PLANE('',#4650);
#177=PLANE('',#4651);
#178=PLANE('',#4652);
#179=PLANE('',#4653);
#180=PLANE('',#4654);
#181=PLANE('',#4655);
#182=PLANE('',#4656);
#183=PLANE('',#4657);
#184=PLANE('',#4658);
#185=PLANE('',#4659);
#186=PLANE('',#4660);
#187=PLANE('',#4661);
#188=PLANE('',#4662);
#189=PLANE('',#4663);
#190=PLANE('',#4664);
#191=PLANE('',#4665);
#192=PLANE('',#4666);
#193=PLANE('',#4667);
#194=PLANE('',#4668);
#195=PLANE('',#4669);
#196=PLANE('',#4670);
#197=PLANE('',#4671);
#198=PLANE('',#4672);
#199=PLANE('',#4673);
#200=PLANE('',#4674);
#201=PLANE('',#4675);
#202=PLANE('',#4676);
#203=PLANE('',#4677);
#204=PLANE('',#4678);
#205=PLANE('',#4679);
#206=PLANE('',#4680);
#207=PLANE('',#4681);
#208=PLANE('',#4682);
#209=PLANE('',#4683);
#210=PLANE('',#4684);
#211=PLANE('',#4685);
#212=PLANE('',#4686);
#213=PLANE('',#4687);
#214=PLANE('',#4688);
#215=PLANE('',#4689);
#216=PLANE('',#4690);
#217=PLANE('',#4691);
#218=PLANE('',#4692);
#219=PLANE('',#4693);
#220=PLANE('',#4694);
#221=PLANE('',#4695);
#222=PLANE('',#4696);
#223=PLANE('',#4697);
#224=PLANE('',#4698);
#225=PLANE('',#4699);
#226=PLANE('',#4700);
#227=PLANE('',#4701);
#228=PLANE('',#4702);
#229=PLANE('',#4703);
#230=PLANE('',#4704);
#231=PLANE('',#4705);
#232=PLANE('',#4706);
#233=PLANE('',#4707);
#234=PLANE('',#4708);
#235=PLANE('',#4709);
#236=PLANE('',#4710);
#237=PLANE('',#4711);
#238=PLANE('',#4712);
#239=PLANE('',#4713);
#240=PLANE('',#4714);
#241=PLANE('',#4715);
#242=PLANE('',#4716);
#243=PLANE('',#4717);
#244=PLANE('',#4718);
#245=PLANE('',#4719);
#246=PLANE('',#4720);
#247=PLANE('',#4721);
#248=PLANE('',#4722);
#249=PLANE('',#4723);
#250=PLANE('',#4724);
#251=PLANE('',#4725);
#252=PLANE('',#4726);
#253=PLANE('',#4727);
#254=PLANE('',#4728);
#255=PLANE('',#4729);
#256=PLANE('',#4730);
#257=PLANE('',#4731);
#258=PLANE('',#4732);
#259=PLANE('',#4733);
#260=PLANE('',#4734);
#261=PLANE('',#4735);
#262=PLANE('',#4736);
#263=PLANE('',#4737);
#264=PLANE('',#4738);
#265=PLANE('',#4739);
#266=PLANE('',#4740);
#267=PLANE('',#4741);
#268=PLANE('',#4742);
#269=PLANE('',#4743);
#270=PLANE('',#4744);
#271=PLANE('',#4745);
#272=PLANE('',#4746);
#273=PLANE('',#4747);
#274=PLANE('',#4748);
#275=PLANE('',#4749);
#276=PLANE('',#4750);
#277=PLANE('',#4751);
#278=PLANE('',#4752);
#279=PLANE('',#4753);
#280=PLANE('',#4754);
#281=FACE_OUTER_BOUND('',#499,.T.);
#282=FACE_OUTER_BOUND('',#500,.T.);
#283=FACE_OUTER_BOUND('',#501,.T.);
#284=FACE_OUTER_BOUND('',#502,.T.);
#285=FACE_OUTER_BOUND('',#503,.T.);
#286=FACE_OUTER_BOUND('',#504,.T.);
#287=FACE_OUTER_BOUND('',#505,.T.);
#288=FACE_OUTER_BOUND('',#506,.T.);
#289=FACE_OUTER_BOUND('',#507,.T.);
#290=FACE_OUTER_BOUND('',#508,.T.);
#291=FACE_OUTER_BOUND('',#509,.T.);
#292=FACE_OUTER_BOUND('',#510,.T.);
#293=FACE_OUTER_BOUND('',#511,.T.);
#294=FACE_OUTER_BOUND('',#512,.T.);
#295=FACE_OUTER_BOUND('',#513,.T.);
#296=FACE_OUTER_BOUND('',#514,.T.);
#297=FACE_OUTER_BOUND('',#515,.T.);
#298=FACE_OUTER_BOUND('',#516,.T.);
#299=FACE_OUTER_BOUND('',#517,.T.);
#300=FACE_OUTER_BOUND('',#518,.T.);
#301=FACE_OUTER_BOUND('',#519,.T.);
#302=FACE_OUTER_BOUND('',#520,.T.);
#303=FACE_OUTER_BOUND('',#521,.T.);
#304=FACE_OUTER_BOUND('',#522,.T.);
#305=FACE_OUTER_BOUND('',#523,.T.);
#306=FACE_OUTER_BOUND('',#524,.T.);
#307=FACE_OUTER_BOUND('',#525,.T.);
#308=FACE_OUTER_BOUND('',#526,.T.);
#309=FACE_OUTER_BOUND('',#527,.T.);
#310=FACE_OUTER_BOUND('',#528,.T.);
#311=FACE_OUTER_BOUND('',#529,.T.);
#312=FACE_OUTER_BOUND('',#530,.T.);
#313=FACE_OUTER_BOUND('',#531,.T.);
#314=FACE_OUTER_BOUND('',#532,.T.);
#315=FACE_OUTER_BOUND('',#533,.T.);
#316=FACE_OUTER_BOUND('',#534,.T.);
#317=FACE_OUTER_BOUND('',#535,.T.);
#318=FACE_OUTER_BOUND('',#536,.T.);
#319=FACE_OUTER_BOUND('',#537,.T.);
#320=FACE_OUTER_BOUND('',#538,.T.);
#321=FACE_OUTER_BOUND('',#539,.T.);
#322=FACE_OUTER_BOUND('',#540,.T.);
#323=FACE_OUTER_BOUND('',#541,.T.);
#324=FACE_OUTER_BOUND('',#542,.T.);
#325=FACE_OUTER_BOUND('',#543,.T.);
#326=FACE_OUTER_BOUND('',#544,.T.);
#327=FACE_OUTER_BOUND('',#545,.T.);
#328=FACE_OUTER_BOUND('',#546,.T.);
#329=FACE_OUTER_BOUND('',#547,.T.);
#330=FACE_OUTER_BOUND('',#548,.T.);
#331=FACE_OUTER_BOUND('',#549,.T.);
#332=FACE_OUTER_BOUND('',#550,.T.);
#333=FACE_OUTER_BOUND('',#551,.T.);
#334=FACE_OUTER_BOUND('',#552,.T.);
#335=FACE_OUTER_BOUND('',#553,.T.);
#336=FACE_OUTER_BOUND('',#554,.T.);
#337=FACE_OUTER_BOUND('',#555,.T.);
#338=FACE_OUTER_BOUND('',#556,.T.);
#339=FACE_OUTER_BOUND('',#557,.T.);
#340=FACE_OUTER_BOUND('',#558,.T.);
#341=FACE_OUTER_BOUND('',#559,.T.);
#342=FACE_OUTER_BOUND('',#560,.T.);
#343=FACE_OUTER_BOUND('',#561,.T.);
#344=FACE_OUTER_BOUND('',#562,.T.);
#345=FACE_OUTER_BOUND('',#563,.T.);
#346=FACE_OUTER_BOUND('',#564,.T.);
#347=FACE_OUTER_BOUND('',#565,.T.);
#348=FACE_OUTER_BOUND('',#566,.T.);
#349=FACE_OUTER_BOUND('',#567,.T.);
#350=FACE_OUTER_BOUND('',#568,.T.);
#351=FACE_OUTER_BOUND('',#569,.T.);
#352=FACE_OUTER_BOUND('',#570,.T.);
#353=FACE_OUTER_BOUND('',#571,.T.);
#354=FACE_OUTER_BOUND('',#572,.T.);
#355=FACE_OUTER_BOUND('',#577,.T.);
#356=FACE_OUTER_BOUND('',#579,.T.);
#357=FACE_OUTER_BOUND('',#582,.T.);
#358=FACE_OUTER_BOUND('',#583,.T.);
#359=FACE_OUTER_BOUND('',#584,.T.);
#360=FACE_OUTER_BOUND('',#587,.T.);
#361=FACE_OUTER_BOUND('',#592,.T.);
#362=FACE_OUTER_BOUND('',#595,.T.);
#363=FACE_OUTER_BOUND('',#596,.T.);
#364=FACE_OUTER_BOUND('',#598,.T.);
#365=FACE_OUTER_BOUND('',#599,.T.);
#366=FACE_OUTER_BOUND('',#602,.T.);
#367=FACE_OUTER_BOUND('',#607,.T.);
#368=FACE_OUTER_BOUND('',#608,.T.);
#369=FACE_OUTER_BOUND('',#613,.T.);
#370=FACE_OUTER_BOUND('',#615,.T.);
#371=FACE_OUTER_BOUND('',#618,.T.);
#372=FACE_OUTER_BOUND('',#619,.T.);
#373=FACE_OUTER_BOUND('',#621,.T.);
#374=FACE_OUTER_BOUND('',#626,.T.);
#375=FACE_OUTER_BOUND('',#628,.T.);
#376=FACE_OUTER_BOUND('',#629,.T.);
#377=FACE_OUTER_BOUND('',#634,.T.);
#378=FACE_OUTER_BOUND('',#636,.T.);
#379=FACE_OUTER_BOUND('',#639,.T.);
#380=FACE_OUTER_BOUND('',#640,.T.);
#381=FACE_OUTER_BOUND('',#641,.T.);
#382=FACE_OUTER_BOUND('',#642,.T.);
#383=FACE_OUTER_BOUND('',#643,.T.);
#384=FACE_OUTER_BOUND('',#644,.T.);
#385=FACE_OUTER_BOUND('',#649,.T.);
#386=FACE_OUTER_BOUND('',#650,.T.);
#387=FACE_OUTER_BOUND('',#651,.T.);
#388=FACE_OUTER_BOUND('',#652,.T.);
#389=FACE_OUTER_BOUND('',#657,.T.);
#390=FACE_OUTER_BOUND('',#658,.T.);
#391=FACE_OUTER_BOUND('',#659,.T.);
#392=FACE_OUTER_BOUND('',#660,.T.);
#393=FACE_OUTER_BOUND('',#661,.T.);
#394=FACE_OUTER_BOUND('',#662,.T.);
#395=FACE_OUTER_BOUND('',#667,.T.);
#396=FACE_OUTER_BOUND('',#668,.T.);
#397=FACE_OUTER_BOUND('',#669,.T.);
#398=FACE_OUTER_BOUND('',#670,.T.);
#399=FACE_OUTER_BOUND('',#671,.T.);
#400=FACE_OUTER_BOUND('',#672,.T.);
#401=FACE_OUTER_BOUND('',#677,.T.);
#402=FACE_OUTER_BOUND('',#678,.T.);
#403=FACE_OUTER_BOUND('',#679,.T.);
#404=FACE_OUTER_BOUND('',#680,.T.);
#405=FACE_OUTER_BOUND('',#681,.T.);
#406=FACE_OUTER_BOUND('',#682,.T.);
#407=FACE_OUTER_BOUND('',#683,.T.);
#408=FACE_OUTER_BOUND('',#684,.T.);
#409=FACE_OUTER_BOUND('',#685,.T.);
#410=FACE_OUTER_BOUND('',#686,.T.);
#411=FACE_OUTER_BOUND('',#687,.T.);
#412=FACE_OUTER_BOUND('',#688,.T.);
#413=FACE_OUTER_BOUND('',#689,.T.);
#414=FACE_OUTER_BOUND('',#690,.T.);
#415=FACE_OUTER_BOUND('',#691,.T.);
#416=FACE_OUTER_BOUND('',#694,.T.);
#417=FACE_OUTER_BOUND('',#697,.T.);
#418=FACE_OUTER_BOUND('',#700,.T.);
#419=FACE_OUTER_BOUND('',#701,.T.);
#420=FACE_OUTER_BOUND('',#703,.T.);
#421=FACE_OUTER_BOUND('',#704,.T.);
#422=FACE_OUTER_BOUND('',#705,.T.);
#423=FACE_OUTER_BOUND('',#706,.T.);
#424=FACE_OUTER_BOUND('',#708,.T.);
#425=FACE_OUTER_BOUND('',#709,.T.);
#426=FACE_OUTER_BOUND('',#710,.T.);
#427=FACE_OUTER_BOUND('',#711,.T.);
#428=FACE_OUTER_BOUND('',#713,.T.);
#429=FACE_OUTER_BOUND('',#714,.T.);
#430=FACE_OUTER_BOUND('',#715,.T.);
#431=FACE_OUTER_BOUND('',#716,.T.);
#432=FACE_OUTER_BOUND('',#717,.T.);
#433=FACE_OUTER_BOUND('',#718,.T.);
#434=FACE_OUTER_BOUND('',#719,.T.);
#435=FACE_OUTER_BOUND('',#721,.T.);
#436=FACE_OUTER_BOUND('',#723,.T.);
#437=FACE_OUTER_BOUND('',#724,.T.);
#438=FACE_OUTER_BOUND('',#729,.T.);
#439=FACE_OUTER_BOUND('',#730,.T.);
#440=FACE_OUTER_BOUND('',#732,.T.);
#441=FACE_OUTER_BOUND('',#733,.T.);
#442=FACE_OUTER_BOUND('',#738,.T.);
#443=FACE_OUTER_BOUND('',#740,.T.);
#444=FACE_OUTER_BOUND('',#741,.T.);
#445=FACE_OUTER_BOUND('',#742,.T.);
#446=FACE_OUTER_BOUND('',#744,.T.);
#447=FACE_OUTER_BOUND('',#745,.T.);
#448=FACE_OUTER_BOUND('',#746,.T.);
#449=FACE_OUTER_BOUND('',#748,.T.);
#450=FACE_OUTER_BOUND('',#749,.T.);
#451=FACE_OUTER_BOUND('',#750,.T.);
#452=FACE_OUTER_BOUND('',#751,.T.);
#453=FACE_OUTER_BOUND('',#753,.T.);
#454=FACE_OUTER_BOUND('',#754,.T.);
#455=FACE_OUTER_BOUND('',#755,.T.);
#456=FACE_OUTER_BOUND('',#757,.T.);
#457=FACE_OUTER_BOUND('',#758,.T.);
#458=FACE_OUTER_BOUND('',#759,.T.);
#459=FACE_OUTER_BOUND('',#761,.T.);
#460=FACE_OUTER_BOUND('',#762,.T.);
#461=FACE_OUTER_BOUND('',#763,.T.);
#462=FACE_OUTER_BOUND('',#765,.T.);
#463=FACE_OUTER_BOUND('',#766,.T.);
#464=FACE_OUTER_BOUND('',#768,.T.);
#465=FACE_OUTER_BOUND('',#769,.T.);
#466=FACE_OUTER_BOUND('',#771,.T.);
#467=FACE_OUTER_BOUND('',#772,.T.);
#468=FACE_OUTER_BOUND('',#774,.T.);
#469=FACE_OUTER_BOUND('',#775,.T.);
#470=FACE_OUTER_BOUND('',#777,.T.);
#471=FACE_OUTER_BOUND('',#778,.T.);
#472=FACE_OUTER_BOUND('',#780,.T.);
#473=FACE_OUTER_BOUND('',#781,.T.);
#474=FACE_OUTER_BOUND('',#784,.T.);
#475=FACE_OUTER_BOUND('',#787,.T.);
#476=FACE_OUTER_BOUND('',#790,.T.);
#477=FACE_OUTER_BOUND('',#793,.T.);
#478=FACE_OUTER_BOUND('',#796,.T.);
#479=FACE_OUTER_BOUND('',#799,.T.);
#480=FACE_OUTER_BOUND('',#802,.T.);
#481=FACE_OUTER_BOUND('',#805,.T.);
#482=FACE_OUTER_BOUND('',#808,.T.);
#483=FACE_OUTER_BOUND('',#809,.T.);
#484=FACE_OUTER_BOUND('',#810,.T.);
#485=FACE_OUTER_BOUND('',#811,.T.);
#486=FACE_OUTER_BOUND('',#812,.T.);
#487=FACE_OUTER_BOUND('',#813,.T.);
#488=FACE_OUTER_BOUND('',#814,.T.);
#489=FACE_OUTER_BOUND('',#815,.T.);
#490=FACE_OUTER_BOUND('',#816,.T.);
#491=FACE_OUTER_BOUND('',#817,.T.);
#492=FACE_OUTER_BOUND('',#818,.T.);
#493=FACE_OUTER_BOUND('',#819,.T.);
#494=FACE_OUTER_BOUND('',#820,.T.);
#495=FACE_OUTER_BOUND('',#821,.T.);
#496=FACE_OUTER_BOUND('',#822,.T.);
#497=FACE_OUTER_BOUND('',#823,.T.);
#498=FACE_OUTER_BOUND('',#824,.T.);
#499=EDGE_LOOP('',(#2917,#2918,#2919,#2920));
#500=EDGE_LOOP('',(#2921,#2922,#2923,#2924));
#501=EDGE_LOOP('',(#2925,#2926,#2927,#2928));
#502=EDGE_LOOP('',(#2929));
#503=EDGE_LOOP('',(#2930,#2931,#2932,#2933));
#504=EDGE_LOOP('',(#2934));
#505=EDGE_LOOP('',(#2935,#2936,#2937,#2938));
#506=EDGE_LOOP('',(#2939));
#507=EDGE_LOOP('',(#2940,#2941,#2942,#2943));
#508=EDGE_LOOP('',(#2944));
#509=EDGE_LOOP('',(#2945,#2946,#2947,#2948));
#510=EDGE_LOOP('',(#2949));
#511=EDGE_LOOP('',(#2950,#2951,#2952,#2953));
#512=EDGE_LOOP('',(#2954));
#513=EDGE_LOOP('',(#2955,#2956,#2957,#2958));
#514=EDGE_LOOP('',(#2959));
#515=EDGE_LOOP('',(#2960,#2961,#2962,#2963));
#516=EDGE_LOOP('',(#2964));
#517=EDGE_LOOP('',(#2965,#2966,#2967,#2968));
#518=EDGE_LOOP('',(#2969));
#519=EDGE_LOOP('',(#2970,#2971,#2972,#2973));
#520=EDGE_LOOP('',(#2974));
#521=EDGE_LOOP('',(#2975,#2976,#2977,#2978));
#522=EDGE_LOOP('',(#2979));
#523=EDGE_LOOP('',(#2980,#2981,#2982,#2983));
#524=EDGE_LOOP('',(#2984));
#525=EDGE_LOOP('',(#2985,#2986,#2987,#2988));
#526=EDGE_LOOP('',(#2989,#2990,#2991,#2992));
#527=EDGE_LOOP('',(#2993,#2994,#2995,#2996));
#528=EDGE_LOOP('',(#2997,#2998,#2999,#3000));
#529=EDGE_LOOP('',(#3001,#3002,#3003,#3004));
#530=EDGE_LOOP('',(#3005,#3006,#3007,#3008));
#531=EDGE_LOOP('',(#3009,#3010,#3011,#3012));
#532=EDGE_LOOP('',(#3013,#3014,#3015,#3016));
#533=EDGE_LOOP('',(#3017,#3018,#3019,#3020));
#534=EDGE_LOOP('',(#3021,#3022,#3023,#3024));
#535=EDGE_LOOP('',(#3025,#3026,#3027,#3028));
#536=EDGE_LOOP('',(#3029,#3030,#3031,#3032));
#537=EDGE_LOOP('',(#3033,#3034,#3035,#3036));
#538=EDGE_LOOP('',(#3037,#3038,#3039,#3040));
#539=EDGE_LOOP('',(#3041,#3042,#3043,#3044));
#540=EDGE_LOOP('',(#3045,#3046,#3047,#3048));
#541=EDGE_LOOP('',(#3049,#3050,#3051,#3052));
#542=EDGE_LOOP('',(#3053,#3054,#3055,#3056));
#543=EDGE_LOOP('',(#3057,#3058,#3059,#3060));
#544=EDGE_LOOP('',(#3061,#3062,#3063,#3064));
#545=EDGE_LOOP('',(#3065,#3066,#3067,#3068));
#546=EDGE_LOOP('',(#3069,#3070,#3071,#3072));
#547=EDGE_LOOP('',(#3073,#3074,#3075,#3076));
#548=EDGE_LOOP('',(#3077,#3078,#3079,#3080));
#549=EDGE_LOOP('',(#3081,#3082,#3083,#3084));
#550=EDGE_LOOP('',(#3085,#3086,#3087,#3088));
#551=EDGE_LOOP('',(#3089,#3090,#3091,#3092));
#552=EDGE_LOOP('',(#3093,#3094,#3095,#3096));
#553=EDGE_LOOP('',(#3097,#3098,#3099,#3100));
#554=EDGE_LOOP('',(#3101,#3102,#3103,#3104));
#555=EDGE_LOOP('',(#3105,#3106,#3107,#3108));
#556=EDGE_LOOP('',(#3109,#3110,#3111,#3112));
#557=EDGE_LOOP('',(#3113,#3114,#3115,#3116));
#558=EDGE_LOOP('',(#3117,#3118,#3119,#3120));
#559=EDGE_LOOP('',(#3121,#3122,#3123,#3124));
#560=EDGE_LOOP('',(#3125,#3126,#3127,#3128));
#561=EDGE_LOOP('',(#3129,#3130,#3131,#3132));
#562=EDGE_LOOP('',(#3133,#3134,#3135,#3136));
#563=EDGE_LOOP('',(#3137,#3138,#3139,#3140));
#564=EDGE_LOOP('',(#3141,#3142,#3143,#3144));
#565=EDGE_LOOP('',(#3145,#3146,#3147,#3148));
#566=EDGE_LOOP('',(#3149,#3150,#3151,#3152));
#567=EDGE_LOOP('',(#3153,#3154,#3155,#3156));
#568=EDGE_LOOP('',(#3157,#3158,#3159,#3160));
#569=EDGE_LOOP('',(#3161,#3162,#3163,#3164));
#570=EDGE_LOOP('',(#3165,#3166,#3167,#3168));
#571=EDGE_LOOP('',(#3169,#3170,#3171,#3172));
#572=EDGE_LOOP('',(#3173,#3174,#3175,#3176,#3177,#3178,#3179,#3180,#3181,
#3182,#3183,#3184));
#573=EDGE_LOOP('',(#3185));
#574=EDGE_LOOP('',(#3186));
#575=EDGE_LOOP('',(#3187));
#576=EDGE_LOOP('',(#3188));
#577=EDGE_LOOP('',(#3189,#3190,#3191,#3192));
#578=EDGE_LOOP('',(#3193));
#579=EDGE_LOOP('',(#3194,#3195,#3196,#3197,#3198,#3199,#3200,#3201));
#580=EDGE_LOOP('',(#3202));
#581=EDGE_LOOP('',(#3203));
#582=EDGE_LOOP('',(#3204,#3205,#3206,#3207));
#583=EDGE_LOOP('',(#3208,#3209,#3210,#3211,#3212,#3213,#3214,#3215));
#584=EDGE_LOOP('',(#3216,#3217,#3218,#3219,#3220,#3221,#3222,#3223));
#585=EDGE_LOOP('',(#3224));
#586=EDGE_LOOP('',(#3225));
#587=EDGE_LOOP('',(#3226,#3227,#3228,#3229,#3230,#3231,#3232,#3233));
#588=EDGE_LOOP('',(#3234));
#589=EDGE_LOOP('',(#3235));
#590=EDGE_LOOP('',(#3236));
#591=EDGE_LOOP('',(#3237));
#592=EDGE_LOOP('',(#3238,#3239,#3240,#3241,#3242,#3243,#3244,#3245));
#593=EDGE_LOOP('',(#3246));
#594=EDGE_LOOP('',(#3247));
#595=EDGE_LOOP('',(#3248,#3249,#3250,#3251));
#596=EDGE_LOOP('',(#3252,#3253,#3254,#3255));
#597=EDGE_LOOP('',(#3256));
#598=EDGE_LOOP('',(#3257,#3258,#3259,#3260,#3261,#3262,#3263,#3264));
#599=EDGE_LOOP('',(#3265,#3266,#3267,#3268,#3269,#3270,#3271,#3272));
#600=EDGE_LOOP('',(#3273));
#601=EDGE_LOOP('',(#3274));
#602=EDGE_LOOP('',(#3275,#3276,#3277,#3278,#3279,#3280,#3281,#3282));
#603=EDGE_LOOP('',(#3283));
#604=EDGE_LOOP('',(#3284));
#605=EDGE_LOOP('',(#3285));
#606=EDGE_LOOP('',(#3286));
#607=EDGE_LOOP('',(#3287,#3288,#3289,#3290));
#608=EDGE_LOOP('',(#3291,#3292,#3293,#3294,#3295,#3296,#3297,#3298,#3299,
#3300,#3301,#3302));
#609=EDGE_LOOP('',(#3303));
#610=EDGE_LOOP('',(#3304));
#611=EDGE_LOOP('',(#3305));
#612=EDGE_LOOP('',(#3306));
#613=EDGE_LOOP('',(#3307,#3308,#3309,#3310));
#614=EDGE_LOOP('',(#3311));
#615=EDGE_LOOP('',(#3312,#3313,#3314,#3315,#3316,#3317,#3318,#3319));
#616=EDGE_LOOP('',(#3320));
#617=EDGE_LOOP('',(#3321));
#618=EDGE_LOOP('',(#3322,#3323,#3324,#3325));
#619=EDGE_LOOP('',(#3326,#3327,#3328,#3329));
#620=EDGE_LOOP('',(#3330));
#621=EDGE_LOOP('',(#3331,#3332,#3333,#3334,#3335,#3336,#3337,#3338,#3339,
#3340,#3341,#3342));
#622=EDGE_LOOP('',(#3343));
#623=EDGE_LOOP('',(#3344));
#624=EDGE_LOOP('',(#3345));
#625=EDGE_LOOP('',(#3346));
#626=EDGE_LOOP('',(#3347,#3348,#3349,#3350));
#627=EDGE_LOOP('',(#3351));
#628=EDGE_LOOP('',(#3352,#3353,#3354,#3355));
#629=EDGE_LOOP('',(#3356,#3357,#3358,#3359,#3360,#3361,#3362,#3363,#3364,
#3365,#3366,#3367));
#630=EDGE_LOOP('',(#3368));
#631=EDGE_LOOP('',(#3369));
#632=EDGE_LOOP('',(#3370));
#633=EDGE_LOOP('',(#3371));
#634=EDGE_LOOP('',(#3372,#3373,#3374,#3375));
#635=EDGE_LOOP('',(#3376));
#636=EDGE_LOOP('',(#3377,#3378,#3379,#3380,#3381,#3382,#3383,#3384));
#637=EDGE_LOOP('',(#3385));
#638=EDGE_LOOP('',(#3386));
#639=EDGE_LOOP('',(#3387,#3388,#3389,#3390,#3391,#3392,#3393,#3394,#3395,
#3396,#3397,#3398));
#640=EDGE_LOOP('',(#3399,#3400,#3401,#3402,#3403,#3404,#3405,#3406));
#641=EDGE_LOOP('',(#3407,#3408,#3409,#3410,#3411,#3412,#3413,#3414,#3415,
#3416,#3417,#3418));
#642=EDGE_LOOP('',(#3419,#3420,#3421,#3422,#3423,#3424,#3425,#3426,#3427,
#3428,#3429,#3430));
#643=EDGE_LOOP('',(#3431,#3432,#3433,#3434,#3435,#3436,#3437,#3438,#3439,
#3440,#3441,#3442));
#644=EDGE_LOOP('',(#3443,#3444,#3445,#3446,#3447,#3448,#3449,#3450));
#645=EDGE_LOOP('',(#3451));
#646=EDGE_LOOP('',(#3452));
#647=EDGE_LOOP('',(#3453));
#648=EDGE_LOOP('',(#3454));
#649=EDGE_LOOP('',(#3455,#3456,#3457,#3458));
#650=EDGE_LOOP('',(#3459,#3460,#3461,#3462));
#651=EDGE_LOOP('',(#3463,#3464,#3465,#3466));
#652=EDGE_LOOP('',(#3467,#3468,#3469,#3470,#3471,#3472,#3473,#3474));
#653=EDGE_LOOP('',(#3475));
#654=EDGE_LOOP('',(#3476));
#655=EDGE_LOOP('',(#3477));
#656=EDGE_LOOP('',(#3478));
#657=EDGE_LOOP('',(#3479,#3480,#3481,#3482));
#658=EDGE_LOOP('',(#3483,#3484,#3485,#3486));
#659=EDGE_LOOP('',(#3487,#3488,#3489,#3490));
#660=EDGE_LOOP('',(#3491,#3492,#3493,#3494));
#661=EDGE_LOOP('',(#3495,#3496,#3497,#3498));
#662=EDGE_LOOP('',(#3499,#3500,#3501,#3502,#3503,#3504,#3505,#3506));
#663=EDGE_LOOP('',(#3507));
#664=EDGE_LOOP('',(#3508));
#665=EDGE_LOOP('',(#3509));
#666=EDGE_LOOP('',(#3510));
#667=EDGE_LOOP('',(#3511,#3512,#3513,#3514));
#668=EDGE_LOOP('',(#3515,#3516,#3517,#3518));
#669=EDGE_LOOP('',(#3519,#3520,#3521,#3522));
#670=EDGE_LOOP('',(#3523,#3524,#3525,#3526));
#671=EDGE_LOOP('',(#3527,#3528,#3529,#3530));
#672=EDGE_LOOP('',(#3531,#3532,#3533,#3534,#3535,#3536,#3537,#3538));
#673=EDGE_LOOP('',(#3539));
#674=EDGE_LOOP('',(#3540));
#675=EDGE_LOOP('',(#3541));
#676=EDGE_LOOP('',(#3542));
#677=EDGE_LOOP('',(#3543,#3544,#3545,#3546));
#678=EDGE_LOOP('',(#3547,#3548,#3549,#3550));
#679=EDGE_LOOP('',(#3551,#3552,#3553,#3554));
#680=EDGE_LOOP('',(#3555,#3556,#3557,#3558));
#681=EDGE_LOOP('',(#3559,#3560,#3561,#3562));
#682=EDGE_LOOP('',(#3563,#3564,#3565,#3566));
#683=EDGE_LOOP('',(#3567,#3568,#3569,#3570));
#684=EDGE_LOOP('',(#3571,#3572,#3573,#3574));
#685=EDGE_LOOP('',(#3575,#3576,#3577,#3578));
#686=EDGE_LOOP('',(#3579,#3580,#3581,#3582));
#687=EDGE_LOOP('',(#3583,#3584,#3585,#3586));
#688=EDGE_LOOP('',(#3587,#3588,#3589,#3590));
#689=EDGE_LOOP('',(#3591,#3592,#3593,#3594));
#690=EDGE_LOOP('',(#3595,#3596,#3597,#3598,#3599,#3600,#3601,#3602));
#691=EDGE_LOOP('',(#3603,#3604,#3605,#3606,#3607,#3608,#3609,#3610));
#692=EDGE_LOOP('',(#3611));
#693=EDGE_LOOP('',(#3612));
#694=EDGE_LOOP('',(#3613,#3614,#3615,#3616,#3617,#3618,#3619,#3620));
#695=EDGE_LOOP('',(#3621));
#696=EDGE_LOOP('',(#3622));
#697=EDGE_LOOP('',(#3623,#3624,#3625,#3626,#3627,#3628,#3629,#3630));
#698=EDGE_LOOP('',(#3631));
#699=EDGE_LOOP('',(#3632));
#700=EDGE_LOOP('',(#3633,#3634,#3635,#3636));
#701=EDGE_LOOP('',(#3637,#3638,#3639,#3640));
#702=EDGE_LOOP('',(#3641));
#703=EDGE_LOOP('',(#3642,#3643,#3644,#3645,#3646,#3647,#3648,#3649));
#704=EDGE_LOOP('',(#3650,#3651,#3652,#3653));
#705=EDGE_LOOP('',(#3654,#3655,#3656,#3657));
#706=EDGE_LOOP('',(#3658,#3659,#3660,#3661));
#707=EDGE_LOOP('',(#3662));
#708=EDGE_LOOP('',(#3663,#3664,#3665,#3666,#3667,#3668,#3669,#3670));
#709=EDGE_LOOP('',(#3671,#3672,#3673,#3674));
#710=EDGE_LOOP('',(#3675,#3676,#3677,#3678));
#711=EDGE_LOOP('',(#3679,#3680,#3681,#3682));
#712=EDGE_LOOP('',(#3683));
#713=EDGE_LOOP('',(#3684,#3685,#3686,#3687,#3688,#3689,#3690,#3691));
#714=EDGE_LOOP('',(#3692,#3693,#3694,#3695));
#715=EDGE_LOOP('',(#3696,#3697,#3698,#3699));
#716=EDGE_LOOP('',(#3700,#3701,#3702,#3703,#3704,#3705,#3706,#3707));
#717=EDGE_LOOP('',(#3708,#3709,#3710,#3711));
#718=EDGE_LOOP('',(#3712,#3713,#3714,#3715));
#719=EDGE_LOOP('',(#3716,#3717,#3718,#3719));
#720=EDGE_LOOP('',(#3720));
#721=EDGE_LOOP('',(#3721,#3722,#3723,#3724));
#722=EDGE_LOOP('',(#3725));
#723=EDGE_LOOP('',(#3726,#3727,#3728,#3729));
#724=EDGE_LOOP('',(#3730,#3731,#3732,#3733,#3734,#3735,#3736,#3737,#3738,
#3739,#3740,#3741));
#725=EDGE_LOOP('',(#3742));
#726=EDGE_LOOP('',(#3743));
#727=EDGE_LOOP('',(#3744));
#728=EDGE_LOOP('',(#3745));
#729=EDGE_LOOP('',(#3746,#3747,#3748,#3749));
#730=EDGE_LOOP('',(#3750,#3751,#3752,#3753));
#731=EDGE_LOOP('',(#3754));
#732=EDGE_LOOP('',(#3755,#3756,#3757,#3758));
#733=EDGE_LOOP('',(#3759,#3760,#3761,#3762,#3763,#3764,#3765,#3766,#3767,
#3768,#3769,#3770));
#734=EDGE_LOOP('',(#3771));
#735=EDGE_LOOP('',(#3772));
#736=EDGE_LOOP('',(#3773));
#737=EDGE_LOOP('',(#3774));
#738=EDGE_LOOP('',(#3775,#3776,#3777,#3778));
#739=EDGE_LOOP('',(#3779));
#740=EDGE_LOOP('',(#3780,#3781,#3782,#3783));
#741=EDGE_LOOP('',(#3784,#3785,#3786,#3787,#3788,#3789,#3790,#3791,#3792,
#3793,#3794,#3795,#3796,#3797,#3798,#3799,#3800,#3801,#3802,#3803,#3804,
#3805,#3806,#3807,#3808,#3809,#3810,#3811,#3812,#3813,#3814,#3815));
#742=EDGE_LOOP('',(#3816,#3817,#3818,#3819));
#743=EDGE_LOOP('',(#3820));
#744=EDGE_LOOP('',(#3821,#3822,#3823,#3824));
#745=EDGE_LOOP('',(#3825,#3826,#3827,#3828));
#746=EDGE_LOOP('',(#3829,#3830,#3831,#3832));
#747=EDGE_LOOP('',(#3833));
#748=EDGE_LOOP('',(#3834,#3835,#3836,#3837));
#749=EDGE_LOOP('',(#3838,#3839,#3840,#3841));
#750=EDGE_LOOP('',(#3842,#3843,#3844,#3845));
#751=EDGE_LOOP('',(#3846,#3847,#3848,#3849));
#752=EDGE_LOOP('',(#3850));
#753=EDGE_LOOP('',(#3851,#3852,#3853,#3854));
#754=EDGE_LOOP('',(#3855,#3856,#3857,#3858));
#755=EDGE_LOOP('',(#3859,#3860,#3861,#3862));
#756=EDGE_LOOP('',(#3863));
#757=EDGE_LOOP('',(#3864,#3865,#3866,#3867));
#758=EDGE_LOOP('',(#3868,#3869,#3870,#3871));
#759=EDGE_LOOP('',(#3872,#3873,#3874,#3875));
#760=EDGE_LOOP('',(#3876));
#761=EDGE_LOOP('',(#3877,#3878,#3879,#3880));
#762=EDGE_LOOP('',(#3881,#3882,#3883,#3884));
#763=EDGE_LOOP('',(#3885,#3886,#3887,#3888));
#764=EDGE_LOOP('',(#3889));
#765=EDGE_LOOP('',(#3890,#3891,#3892,#3893));
#766=EDGE_LOOP('',(#3894,#3895,#3896,#3897));
#767=EDGE_LOOP('',(#3898));
#768=EDGE_LOOP('',(#3899,#3900,#3901,#3902));
#769=EDGE_LOOP('',(#3903,#3904,#3905,#3906));
#770=EDGE_LOOP('',(#3907));
#771=EDGE_LOOP('',(#3908,#3909,#3910,#3911));
#772=EDGE_LOOP('',(#3912,#3913,#3914,#3915));
#773=EDGE_LOOP('',(#3916));
#774=EDGE_LOOP('',(#3917,#3918,#3919,#3920));
#775=EDGE_LOOP('',(#3921,#3922,#3923,#3924));
#776=EDGE_LOOP('',(#3925));
#777=EDGE_LOOP('',(#3926,#3927,#3928,#3929));
#778=EDGE_LOOP('',(#3930,#3931,#3932,#3933));
#779=EDGE_LOOP('',(#3934));
#780=EDGE_LOOP('',(#3935,#3936,#3937,#3938));
#781=EDGE_LOOP('',(#3939,#3940,#3941,#3942,#3943,#3944,#3945,#3946));
#782=EDGE_LOOP('',(#3947));
#783=EDGE_LOOP('',(#3948));
#784=EDGE_LOOP('',(#3949,#3950,#3951,#3952,#3953,#3954,#3955,#3956));
#785=EDGE_LOOP('',(#3957));
#786=EDGE_LOOP('',(#3958));
#787=EDGE_LOOP('',(#3959,#3960,#3961,#3962));
#788=EDGE_LOOP('',(#3963));
#789=EDGE_LOOP('',(#3964));
#790=EDGE_LOOP('',(#3965,#3966,#3967,#3968));
#791=EDGE_LOOP('',(#3969));
#792=EDGE_LOOP('',(#3970));
#793=EDGE_LOOP('',(#3971,#3972,#3973,#3974));
#794=EDGE_LOOP('',(#3975));
#795=EDGE_LOOP('',(#3976));
#796=EDGE_LOOP('',(#3977,#3978,#3979,#3980,#3981,#3982,#3983,#3984));
#797=EDGE_LOOP('',(#3985));
#798=EDGE_LOOP('',(#3986));
#799=EDGE_LOOP('',(#3987,#3988,#3989,#3990));
#800=EDGE_LOOP('',(#3991));
#801=EDGE_LOOP('',(#3992));
#802=EDGE_LOOP('',(#3993,#3994,#3995,#3996));
#803=EDGE_LOOP('',(#3997));
#804=EDGE_LOOP('',(#3998));
#805=EDGE_LOOP('',(#3999,#4000,#4001,#4002));
#806=EDGE_LOOP('',(#4003));
#807=EDGE_LOOP('',(#4004));
#808=EDGE_LOOP('',(#4005,#4006,#4007,#4008));
#809=EDGE_LOOP('',(#4009,#4010,#4011,#4012,#4013,#4014,#4015,#4016,#4017,
#4018));
#810=EDGE_LOOP('',(#4019,#4020,#4021,#4022));
#811=EDGE_LOOP('',(#4023,#4024,#4025,#4026,#4027,#4028,#4029,#4030,#4031,
#4032));
#812=EDGE_LOOP('',(#4033,#4034,#4035,#4036));
#813=EDGE_LOOP('',(#4037,#4038,#4039,#4040));
#814=EDGE_LOOP('',(#4041,#4042,#4043,#4044,#4045,#4046,#4047,#4048,#4049,
#4050,#4051,#4052));
#815=EDGE_LOOP('',(#4053,#4054,#4055,#4056));
#816=EDGE_LOOP('',(#4057,#4058,#4059,#4060));
#817=EDGE_LOOP('',(#4061,#4062,#4063,#4064,#4065,#4066,#4067,#4068,#4069,
#4070));
#818=EDGE_LOOP('',(#4071,#4072,#4073,#4074));
#819=EDGE_LOOP('',(#4075,#4076,#4077,#4078,#4079,#4080,#4081,#4082,#4083,
#4084));
#820=EDGE_LOOP('',(#4085,#4086,#4087,#4088));
#821=EDGE_LOOP('',(#4089,#4090,#4091,#4092));
#822=EDGE_LOOP('',(#4093,#4094,#4095,#4096,#4097,#4098,#4099,#4100,#4101,
#4102,#4103,#4104));
#823=EDGE_LOOP('',(#4105,#4106,#4107,#4108));
#824=EDGE_LOOP('',(#4109,#4110,#4111,#4112,#4113,#4114,#4115,#4116,#4117,
#4118,#4119,#4120,#4121,#4122,#4123,#4124));
#825=LINE('',#5922,#1309);
#826=LINE('',#5928,#1310);
#827=LINE('',#5934,#1311);
#828=LINE('',#5941,#1312);
#829=LINE('',#5948,#1313);
#830=LINE('',#5955,#1314);
#831=LINE('',#5962,#1315);
#832=LINE('',#5969,#1316);
#833=LINE('',#5976,#1317);
#834=LINE('',#5983,#1318);
#835=LINE('',#5990,#1319);
#836=LINE('',#5997,#1320);
#837=LINE('',#6004,#1321);
#838=LINE('',#6011,#1322);
#839=LINE('',#6018,#1323);
#840=LINE('',#6024,#1324);
#841=LINE('',#6030,#1325);
#842=LINE('',#6036,#1326);
#843=LINE('',#6042,#1327);
#844=LINE('',#6048,#1328);
#845=LINE('',#6054,#1329);
#846=LINE('',#6060,#1330);
#847=LINE('',#6066,#1331);
#848=LINE('',#6072,#1332);
#849=LINE('',#6078,#1333);
#850=LINE('',#6084,#1334);
#851=LINE('',#6090,#1335);
#852=LINE('',#6096,#1336);
#853=LINE('',#6102,#1337);
#854=LINE('',#6108,#1338);
#855=LINE('',#6114,#1339);
#856=LINE('',#6120,#1340);
#857=LINE('',#6126,#1341);
#858=LINE('',#6132,#1342);
#859=LINE('',#6138,#1343);
#860=LINE('',#6144,#1344);
#861=LINE('',#6150,#1345);
#862=LINE('',#6156,#1346);
#863=LINE('',#6162,#1347);
#864=LINE('',#6168,#1348);
#865=LINE('',#6174,#1349);
#866=LINE('',#6180,#1350);
#867=LINE('',#6186,#1351);
#868=LINE('',#6192,#1352);
#869=LINE('',#6198,#1353);
#870=LINE('',#6204,#1354);
#871=LINE('',#6210,#1355);
#872=LINE('',#6216,#1356);
#873=LINE('',#6222,#1357);
#874=LINE('',#6228,#1358);
#875=LINE('',#6234,#1359);
#876=LINE('',#6240,#1360);
#877=LINE('',#6246,#1361);
#878=LINE('',#6252,#1362);
#879=LINE('',#6258,#1363);
#880=LINE('',#6264,#1364);
#881=LINE('',#6270,#1365);
#882=LINE('',#6276,#1366);
#883=LINE('',#6282,#1367);
#884=LINE('',#6288,#1368);
#885=LINE('',#6293,#1369);
#886=LINE('',#6295,#1370);
#887=LINE('',#6297,#1371);
#888=LINE('',#6298,#1372);
#889=LINE('',#6301,#1373);
#890=LINE('',#6303,#1374);
#891=LINE('',#6305,#1375);
#892=LINE('',#6307,#1376);
#893=LINE('',#6309,#1377);
#894=LINE('',#6311,#1378);
#895=LINE('',#6313,#1379);
#896=LINE('',#6315,#1380);
#897=LINE('',#6317,#1381);
#898=LINE('',#6319,#1382);
#899=LINE('',#6320,#1383);
#900=LINE('',#6323,#1384);
#901=LINE('',#6324,#1385);
#902=LINE('',#6328,#1386);
#903=LINE('',#6330,#1387);
#904=LINE('',#6332,#1388);
#905=LINE('',#6333,#1389);
#906=LINE('',#6335,#1390);
#907=LINE('',#6337,#1391);
#908=LINE('',#6338,#1392);
#909=LINE('',#6342,#1393);
#910=LINE('',#6344,#1394);
#911=LINE('',#6346,#1395);
#912=LINE('',#6347,#1396);
#913=LINE('',#6351,#1397);
#914=LINE('',#6353,#1398);
#915=LINE('',#6354,#1399);
#916=LINE('',#6356,#1400);
#917=LINE('',#6358,#1401);
#918=LINE('',#6360,#1402);
#919=LINE('',#6361,#1403);
#920=LINE('',#6365,#1404);
#921=LINE('',#6367,#1405);
#922=LINE('',#6369,#1406);
#923=LINE('',#6371,#1407);
#924=LINE('',#6373,#1408);
#925=LINE('',#6374,#1409);
#926=LINE('',#6375,#1410);
#927=LINE('',#6379,#1411);
#928=LINE('',#6381,#1412);
#929=LINE('',#6383,#1413);
#930=LINE('',#6385,#1414);
#931=LINE('',#6387,#1415);
#932=LINE('',#6388,#1416);
#933=LINE('',#6389,#1417);
#934=LINE('',#6392,#1418);
#935=LINE('',#6394,#1419);
#936=LINE('',#6396,#1420);
#937=LINE('',#6398,#1421);
#938=LINE('',#6399,#1422);
#939=LINE('',#6400,#1423);
#940=LINE('',#6404,#1424);
#941=LINE('',#6406,#1425);
#942=LINE('',#6408,#1426);
#943=LINE('',#6409,#1427);
#944=LINE('',#6412,#1428);
#945=LINE('',#6414,#1429);
#946=LINE('',#6415,#1430);
#947=LINE('',#6419,#1431);
#948=LINE('',#6420,#1432);
#949=LINE('',#6422,#1433);
#950=LINE('',#6424,#1434);
#951=LINE('',#6426,#1435);
#952=LINE('',#6427,#1436);
#953=LINE('',#6431,#1437);
#954=LINE('',#6433,#1438);
#955=LINE('',#6435,#1439);
#956=LINE('',#6437,#1440);
#957=LINE('',#6439,#1441);
#958=LINE('',#6440,#1442);
#959=LINE('',#6441,#1443);
#960=LINE('',#6445,#1444);
#961=LINE('',#6447,#1445);
#962=LINE('',#6449,#1446);
#963=LINE('',#6451,#1447);
#964=LINE('',#6453,#1448);
#965=LINE('',#6454,#1449);
#966=LINE('',#6455,#1450);
#967=LINE('',#6459,#1451);
#968=LINE('',#6461,#1452);
#969=LINE('',#6463,#1453);
#970=LINE('',#6464,#1454);
#971=LINE('',#6467,#1455);
#972=LINE('',#6469,#1456);
#973=LINE('',#6471,#1457);
#974=LINE('',#6473,#1458);
#975=LINE('',#6475,#1459);
#976=LINE('',#6477,#1460);
#977=LINE('',#6479,#1461);
#978=LINE('',#6481,#1462);
#979=LINE('',#6483,#1463);
#980=LINE('',#6485,#1464);
#981=LINE('',#6486,#1465);
#982=LINE('',#6489,#1466);
#983=LINE('',#6490,#1467);
#984=LINE('',#6494,#1468);
#985=LINE('',#6496,#1469);
#986=LINE('',#6498,#1470);
#987=LINE('',#6499,#1471);
#988=LINE('',#6501,#1472);
#989=LINE('',#6503,#1473);
#990=LINE('',#6504,#1474);
#991=LINE('',#6508,#1475);
#992=LINE('',#6510,#1476);
#993=LINE('',#6512,#1477);
#994=LINE('',#6513,#1478);
#995=LINE('',#6516,#1479);
#996=LINE('',#6518,#1480);
#997=LINE('',#6519,#1481);
#998=LINE('',#6522,#1482);
#999=LINE('',#6524,#1483);
#1000=LINE('',#6526,#1484);
#1001=LINE('',#6528,#1485);
#1002=LINE('',#6530,#1486);
#1003=LINE('',#6532,#1487);
#1004=LINE('',#6534,#1488);
#1005=LINE('',#6536,#1489);
#1006=LINE('',#6538,#1490);
#1007=LINE('',#6539,#1491);
#1008=LINE('',#6542,#1492);
#1009=LINE('',#6543,#1493);
#1010=LINE('',#6547,#1494);
#1011=LINE('',#6549,#1495);
#1012=LINE('',#6551,#1496);
#1013=LINE('',#6552,#1497);
#1014=LINE('',#6555,#1498);
#1015=LINE('',#6557,#1499);
#1016=LINE('',#6559,#1500);
#1017=LINE('',#6561,#1501);
#1018=LINE('',#6563,#1502);
#1019=LINE('',#6565,#1503);
#1020=LINE('',#6567,#1504);
#1021=LINE('',#6569,#1505);
#1022=LINE('',#6571,#1506);
#1023=LINE('',#6573,#1507);
#1024=LINE('',#6574,#1508);
#1025=LINE('',#6577,#1509);
#1026=LINE('',#6578,#1510);
#1027=LINE('',#6582,#1511);
#1028=LINE('',#6584,#1512);
#1029=LINE('',#6586,#1513);
#1030=LINE('',#6587,#1514);
#1031=LINE('',#6589,#1515);
#1032=LINE('',#6591,#1516);
#1033=LINE('',#6592,#1517);
#1034=LINE('',#6596,#1518);
#1035=LINE('',#6598,#1519);
#1036=LINE('',#6600,#1520);
#1037=LINE('',#6602,#1521);
#1038=LINE('',#6604,#1522);
#1039=LINE('',#6606,#1523);
#1040=LINE('',#6607,#1524);
#1041=LINE('',#6609,#1525);
#1042=LINE('',#6611,#1526);
#1043=LINE('',#6612,#1527);
#1044=LINE('',#6615,#1528);
#1045=LINE('',#6617,#1529);
#1046=LINE('',#6619,#1530);
#1047=LINE('',#6621,#1531);
#1048=LINE('',#6623,#1532);
#1049=LINE('',#6624,#1533);
#1050=LINE('',#6627,#1534);
#1051=LINE('',#6629,#1535);
#1052=LINE('',#6631,#1536);
#1053=LINE('',#6632,#1537);
#1054=LINE('',#6634,#1538);
#1055=LINE('',#6636,#1539);
#1056=LINE('',#6638,#1540);
#1057=LINE('',#6640,#1541);
#1058=LINE('',#6641,#1542);
#1059=LINE('',#6644,#1543);
#1060=LINE('',#6646,#1544);
#1061=LINE('',#6648,#1545);
#1062=LINE('',#6650,#1546);
#1063=LINE('',#6652,#1547);
#1064=LINE('',#6654,#1548);
#1065=LINE('',#6656,#1549);
#1066=LINE('',#6658,#1550);
#1067=LINE('',#6660,#1551);
#1068=LINE('',#6662,#1552);
#1069=LINE('',#6663,#1553);
#1070=LINE('',#6666,#1554);
#1071=LINE('',#6668,#1555);
#1072=LINE('',#6670,#1556);
#1073=LINE('',#6672,#1557);
#1074=LINE('',#6674,#1558);
#1075=LINE('',#6676,#1559);
#1076=LINE('',#6678,#1560);
#1077=LINE('',#6680,#1561);
#1078=LINE('',#6682,#1562);
#1079=LINE('',#6684,#1563);
#1080=LINE('',#6685,#1564);
#1081=LINE('',#6689,#1565);
#1082=LINE('',#6690,#1566);
#1083=LINE('',#6692,#1567);
#1084=LINE('',#6694,#1568);
#1085=LINE('',#6696,#1569);
#1086=LINE('',#6698,#1570);
#1087=LINE('',#6699,#1571);
#1088=LINE('',#6702,#1572);
#1089=LINE('',#6704,#1573);
#1090=LINE('',#6705,#1574);
#1091=LINE('',#6708,#1575);
#1092=LINE('',#6710,#1576);
#1093=LINE('',#6711,#1577);
#1094=LINE('',#6714,#1578);
#1095=LINE('',#6716,#1579);
#1096=LINE('',#6717,#1580);
#1097=LINE('',#6720,#1581);
#1098=LINE('',#6722,#1582);
#1099=LINE('',#6723,#1583);
#1100=LINE('',#6724,#1584);
#1101=LINE('',#6725,#1585);
#1102=LINE('',#6728,#1586);
#1103=LINE('',#6729,#1587);
#1104=LINE('',#6732,#1588);
#1105=LINE('',#6733,#1589);
#1106=LINE('',#6736,#1590);
#1107=LINE('',#6737,#1591);
#1108=LINE('',#6740,#1592);
#1109=LINE('',#6741,#1593);
#1110=LINE('',#6744,#1594);
#1111=LINE('',#6745,#1595);
#1112=LINE('',#6748,#1596);
#1113=LINE('',#6750,#1597);
#1114=LINE('',#6751,#1598);
#1115=LINE('',#6752,#1599);
#1116=LINE('',#6755,#1600);
#1117=LINE('',#6756,#1601);
#1118=LINE('',#6759,#1602);
#1119=LINE('',#6760,#1603);
#1120=LINE('',#6763,#1604);
#1121=LINE('',#6764,#1605);
#1122=LINE('',#6767,#1606);
#1123=LINE('',#6768,#1607);
#1124=LINE('',#6771,#1608);
#1125=LINE('',#6772,#1609);
#1126=LINE('',#6775,#1610);
#1127=LINE('',#6777,#1611);
#1128=LINE('',#6778,#1612);
#1129=LINE('',#6779,#1613);
#1130=LINE('',#6782,#1614);
#1131=LINE('',#6783,#1615);
#1132=LINE('',#6786,#1616);
#1133=LINE('',#6787,#1617);
#1134=LINE('',#6789,#1618);
#1135=LINE('',#6792,#1619);
#1136=LINE('',#6793,#1620);
#1137=LINE('',#6796,#1621);
#1138=LINE('',#6797,#1622);
#1139=LINE('',#6800,#1623);
#1140=LINE('',#6801,#1624);
#1141=LINE('',#6804,#1625);
#1142=LINE('',#6805,#1626);
#1143=LINE('',#6807,#1627);
#1144=LINE('',#6810,#1628);
#1145=LINE('',#6811,#1629);
#1146=LINE('',#6814,#1630);
#1147=LINE('',#6815,#1631);
#1148=LINE('',#6818,#1632);
#1149=LINE('',#6819,#1633);
#1150=LINE('',#6822,#1634);
#1151=LINE('',#6823,#1635);
#1152=LINE('',#6825,#1636);
#1153=LINE('',#6828,#1637);
#1154=LINE('',#6829,#1638);
#1155=LINE('',#6832,#1639);
#1156=LINE('',#6834,#1640);
#1157=LINE('',#6836,#1641);
#1158=LINE('',#6837,#1642);
#1159=LINE('',#6838,#1643);
#1160=LINE('',#6842,#1644);
#1161=LINE('',#6843,#1645);
#1162=LINE('',#6845,#1646);
#1163=LINE('',#6846,#1647);
#1164=LINE('',#6847,#1648);
#1165=LINE('',#6851,#1649);
#1166=LINE('',#6852,#1650);
#1167=LINE('',#6854,#1651);
#1168=LINE('',#6855,#1652);
#1169=LINE('',#6856,#1653);
#1170=LINE('',#6859,#1654);
#1171=LINE('',#6860,#1655);
#1172=LINE('',#6862,#1656);
#1173=LINE('',#6864,#1657);
#1174=LINE('',#6865,#1658);
#1175=LINE('',#6869,#1659);
#1176=LINE('',#6870,#1660);
#1177=LINE('',#6872,#1661);
#1178=LINE('',#6874,#1662);
#1179=LINE('',#6875,#1663);
#1180=LINE('',#6879,#1664);
#1181=LINE('',#6881,#1665);
#1182=LINE('',#6882,#1666);
#1183=LINE('',#6884,#1667);
#1184=LINE('',#6887,#1668);
#1185=LINE('',#6888,#1669);
#1186=LINE('',#6889,#1670);
#1187=LINE('',#6893,#1671);
#1188=LINE('',#6894,#1672);
#1189=LINE('',#6897,#1673);
#1190=LINE('',#6899,#1674);
#1191=LINE('',#6901,#1675);
#1192=LINE('',#6902,#1676);
#1193=LINE('',#6904,#1677);
#1194=LINE('',#6907,#1678);
#1195=LINE('',#6908,#1679);
#1196=LINE('',#6910,#1680);
#1197=LINE('',#6913,#1681);
#1198=LINE('',#6914,#1682);
#1199=LINE('',#6916,#1683);
#1200=LINE('',#6919,#1684);
#1201=LINE('',#6921,#1685);
#1202=LINE('',#6923,#1686);
#1203=LINE('',#6925,#1687);
#1204=LINE('',#6926,#1688);
#1205=LINE('',#6929,#1689);
#1206=LINE('',#6930,#1690);
#1207=LINE('',#6932,#1691);
#1208=LINE('',#6934,#1692);
#1209=LINE('',#6937,#1693);
#1210=LINE('',#6939,#1694);
#1211=LINE('',#6941,#1695);
#1212=LINE('',#6943,#1696);
#1213=LINE('',#6944,#1697);
#1214=LINE('',#6947,#1698);
#1215=LINE('',#6949,#1699);
#1216=LINE('',#6950,#1700);
#1217=LINE('',#6952,#1701);
#1218=LINE('',#6956,#1702);
#1219=LINE('',#6958,#1703);
#1220=LINE('',#6959,#1704);
#1221=LINE('',#6962,#1705);
#1222=LINE('',#6963,#1706);
#1223=LINE('',#6966,#1707);
#1224=LINE('',#6967,#1708);
#1225=LINE('',#6970,#1709);
#1226=LINE('',#6972,#1710);
#1227=LINE('',#6973,#1711);
#1228=LINE('',#6975,#1712);
#1229=LINE('',#6978,#1713);
#1230=LINE('',#6979,#1714);
#1231=LINE('',#6982,#1715);
#1232=LINE('',#6983,#1716);
#1233=LINE('',#6986,#1717);
#1234=LINE('',#6988,#1718);
#1235=LINE('',#6989,#1719);
#1236=LINE('',#6991,#1720);
#1237=LINE('',#6994,#1721);
#1238=LINE('',#6995,#1722);
#1239=LINE('',#6998,#1723);
#1240=LINE('',#7000,#1724);
#1241=LINE('',#7001,#1725);
#1242=LINE('',#7003,#1726);
#1243=LINE('',#7006,#1727);
#1244=LINE('',#7007,#1728);
#1245=LINE('',#7010,#1729);
#1246=LINE('',#7012,#1730);
#1247=LINE('',#7013,#1731);
#1248=LINE('',#7015,#1732);
#1249=LINE('',#7018,#1733);
#1250=LINE('',#7019,#1734);
#1251=LINE('',#7022,#1735);
#1252=LINE('',#7023,#1736);
#1253=LINE('',#7025,#1737);
#1254=LINE('',#7028,#1738);
#1255=LINE('',#7029,#1739);
#1256=LINE('',#7032,#1740);
#1257=LINE('',#7033,#1741);
#1258=LINE('',#7036,#1742);
#1259=LINE('',#7037,#1743);
#1260=LINE('',#7039,#1744);
#1261=LINE('',#7042,#1745);
#1262=LINE('',#7043,#1746);
#1263=LINE('',#7045,#1747);
#1264=LINE('',#7048,#1748);
#1265=LINE('',#7049,#1749);
#1266=LINE('',#7051,#1750);
#1267=LINE('',#7054,#1751);
#1268=LINE('',#7055,#1752);
#1269=LINE('',#7058,#1753);
#1270=LINE('',#7059,#1754);
#1271=LINE('',#7061,#1755);
#1272=LINE('',#7062,#1756);
#1273=LINE('',#7064,#1757);
#1274=LINE('',#7065,#1758);
#1275=LINE('',#7070,#1759);
#1276=LINE('',#7071,#1760);
#1277=LINE('',#7078,#1761);
#1278=LINE('',#7079,#1762);
#1279=LINE('',#7080,#1763);
#1280=LINE('',#7083,#1764);
#1281=LINE('',#7084,#1765);
#1282=LINE('',#7087,#1766);
#1283=LINE('',#7088,#1767);
#1284=LINE('',#7091,#1768);
#1285=LINE('',#7092,#1769);
#1286=LINE('',#7095,#1770);
#1287=LINE('',#7096,#1771);
#1288=LINE('',#7099,#1772);
#1289=LINE('',#7100,#1773);
#1290=LINE('',#7103,#1774);
#1291=LINE('',#7104,#1775);
#1292=LINE('',#7107,#1776);
#1293=LINE('',#7108,#1777);
#1294=LINE('',#7111,#1778);
#1295=LINE('',#7112,#1779);
#1296=LINE('',#7115,#1780);
#1297=LINE('',#7116,#1781);
#1298=LINE('',#7119,#1782);
#1299=LINE('',#7120,#1783);
#1300=LINE('',#7123,#1784);
#1301=LINE('',#7124,#1785);
#1302=LINE('',#7127,#1786);
#1303=LINE('',#7128,#1787);
#1304=LINE('',#7131,#1788);
#1305=LINE('',#7132,#1789);
#1306=LINE('',#7135,#1790);
#1307=LINE('',#7136,#1791);
#1308=LINE('',#7138,#1792);
#1309=VECTOR('',#4761,1.6);
#1310=VECTOR('',#4768,1.6);
#1311=VECTOR('',#4775,1.6);
#1312=VECTOR('',#4784,1.6);
#1313=VECTOR('',#4793,1.6);
#1314=VECTOR('',#4802,1.6);
#1315=VECTOR('',#4811,1.6);
#1316=VECTOR('',#4820,1.6);
#1317=VECTOR('',#4829,1.6);
#1318=VECTOR('',#4838,1.6);
#1319=VECTOR('',#4847,1.6);
#1320=VECTOR('',#4856,1.6);
#1321=VECTOR('',#4865,1.6);
#1322=VECTOR('',#4874,1.6);
#1323=VECTOR('',#4883,1.6);
#1324=VECTOR('',#4890,1.6);
#1325=VECTOR('',#4897,1.6);
#1326=VECTOR('',#4904,1.6);
#1327=VECTOR('',#4911,1.6);
#1328=VECTOR('',#4918,1.6);
#1329=VECTOR('',#4925,1.6);
#1330=VECTOR('',#4932,1.6);
#1331=VECTOR('',#4939,1.6);
#1332=VECTOR('',#4946,1.6);
#1333=VECTOR('',#4953,1.6);
#1334=VECTOR('',#4960,1.6);
#1335=VECTOR('',#4967,1.6);
#1336=VECTOR('',#4974,1.6);
#1337=VECTOR('',#4981,1.6);
#1338=VECTOR('',#4988,1.6);
#1339=VECTOR('',#4995,1.59999999999999);
#1340=VECTOR('',#5002,1.6);
#1341=VECTOR('',#5009,1.6);
#1342=VECTOR('',#5016,1.6);
#1343=VECTOR('',#5023,1.6);
#1344=VECTOR('',#5030,1.6);
#1345=VECTOR('',#5037,1.6);
#1346=VECTOR('',#5044,1.6);
#1347=VECTOR('',#5051,1.6);
#1348=VECTOR('',#5058,1.6);
#1349=VECTOR('',#5065,1.6);
#1350=VECTOR('',#5072,1.6);
#1351=VECTOR('',#5079,1.6);
#1352=VECTOR('',#5086,1.6);
#1353=VECTOR('',#5093,1.6);
#1354=VECTOR('',#5100,1.6);
#1355=VECTOR('',#5107,1.6);
#1356=VECTOR('',#5114,1.6);
#1357=VECTOR('',#5121,1.6);
#1358=VECTOR('',#5128,1.6);
#1359=VECTOR('',#5135,1.6);
#1360=VECTOR('',#5142,1.6);
#1361=VECTOR('',#5149,1.6);
#1362=VECTOR('',#5156,1.6);
#1363=VECTOR('',#5163,1.6);
#1364=VECTOR('',#5170,1.6);
#1365=VECTOR('',#5177,1.6);
#1366=VECTOR('',#5184,1.6);
#1367=VECTOR('',#5191,1.6);
#1368=VECTOR('',#5198,1.6);
#1369=VECTOR('',#5203,10.);
#1370=VECTOR('',#5204,10.);
#1371=VECTOR('',#5205,10.);
#1372=VECTOR('',#5206,10.);
#1373=VECTOR('',#5209,10.);
#1374=VECTOR('',#5210,10.);
#1375=VECTOR('',#5211,10.);
#1376=VECTOR('',#5212,10.);
#1377=VECTOR('',#5213,10.);
#1378=VECTOR('',#5214,10.);
#1379=VECTOR('',#5215,10.);
#1380=VECTOR('',#5216,10.);
#1381=VECTOR('',#5217,10.);
#1382=VECTOR('',#5218,10.);
#1383=VECTOR('',#5219,10.);
#1384=VECTOR('',#5222,10.);
#1385=VECTOR('',#5223,10.);
#1386=VECTOR('',#5226,10.);
#1387=VECTOR('',#5227,10.);
#1388=VECTOR('',#5228,10.);
#1389=VECTOR('',#5229,10.);
#1390=VECTOR('',#5230,10.);
#1391=VECTOR('',#5231,10.);
#1392=VECTOR('',#5232,10.);
#1393=VECTOR('',#5235,10.);
#1394=VECTOR('',#5236,10.);
#1395=VECTOR('',#5237,10.);
#1396=VECTOR('',#5238,10.);
#1397=VECTOR('',#5241,10.);
#1398=VECTOR('',#5242,10.);
#1399=VECTOR('',#5243,10.);
#1400=VECTOR('',#5244,10.);
#1401=VECTOR('',#5245,10.);
#1402=VECTOR('',#5246,10.);
#1403=VECTOR('',#5247,10.);
#1404=VECTOR('',#5250,10.);
#1405=VECTOR('',#5251,10.);
#1406=VECTOR('',#5252,10.);
#1407=VECTOR('',#5253,10.);
#1408=VECTOR('',#5254,10.);
#1409=VECTOR('',#5255,10.);
#1410=VECTOR('',#5256,10.);
#1411=VECTOR('',#5259,10.);
#1412=VECTOR('',#5260,10.);
#1413=VECTOR('',#5261,10.);
#1414=VECTOR('',#5262,10.);
#1415=VECTOR('',#5263,10.);
#1416=VECTOR('',#5264,10.);
#1417=VECTOR('',#5265,10.);
#1418=VECTOR('',#5268,10.);
#1419=VECTOR('',#5269,10.);
#1420=VECTOR('',#5270,10.);
#1421=VECTOR('',#5271,10.);
#1422=VECTOR('',#5272,10.);
#1423=VECTOR('',#5273,10.);
#1424=VECTOR('',#5276,10.);
#1425=VECTOR('',#5277,10.);
#1426=VECTOR('',#5278,10.);
#1427=VECTOR('',#5279,10.);
#1428=VECTOR('',#5282,10.);
#1429=VECTOR('',#5283,10.);
#1430=VECTOR('',#5284,10.);
#1431=VECTOR('',#5287,10.);
#1432=VECTOR('',#5288,10.);
#1433=VECTOR('',#5289,10.);
#1434=VECTOR('',#5290,10.);
#1435=VECTOR('',#5291,10.);
#1436=VECTOR('',#5292,10.);
#1437=VECTOR('',#5295,10.);
#1438=VECTOR('',#5296,10.);
#1439=VECTOR('',#5297,10.);
#1440=VECTOR('',#5298,10.);
#1441=VECTOR('',#5299,10.);
#1442=VECTOR('',#5300,10.);
#1443=VECTOR('',#5301,10.);
#1444=VECTOR('',#5304,10.);
#1445=VECTOR('',#5305,10.);
#1446=VECTOR('',#5306,10.);
#1447=VECTOR('',#5307,10.);
#1448=VECTOR('',#5308,10.);
#1449=VECTOR('',#5309,10.);
#1450=VECTOR('',#5310,10.);
#1451=VECTOR('',#5313,10.);
#1452=VECTOR('',#5314,10.);
#1453=VECTOR('',#5315,10.);
#1454=VECTOR('',#5316,10.);
#1455=VECTOR('',#5319,10.);
#1456=VECTOR('',#5320,10.);
#1457=VECTOR('',#5321,10.);
#1458=VECTOR('',#5322,10.);
#1459=VECTOR('',#5323,10.);
#1460=VECTOR('',#5324,10.);
#1461=VECTOR('',#5325,10.);
#1462=VECTOR('',#5326,10.);
#1463=VECTOR('',#5327,10.);
#1464=VECTOR('',#5328,10.);
#1465=VECTOR('',#5329,10.);
#1466=VECTOR('',#5332,10.);
#1467=VECTOR('',#5333,10.);
#1468=VECTOR('',#5336,10.);
#1469=VECTOR('',#5337,10.);
#1470=VECTOR('',#5338,10.);
#1471=VECTOR('',#5339,10.);
#1472=VECTOR('',#5340,10.);
#1473=VECTOR('',#5341,10.);
#1474=VECTOR('',#5342,10.);
#1475=VECTOR('',#5345,10.);
#1476=VECTOR('',#5346,10.);
#1477=VECTOR('',#5347,10.);
#1478=VECTOR('',#5348,10.);
#1479=VECTOR('',#5351,10.);
#1480=VECTOR('',#5352,10.);
#1481=VECTOR('',#5353,10.);
#1482=VECTOR('',#5356,10.);
#1483=VECTOR('',#5357,10.);
#1484=VECTOR('',#5358,10.);
#1485=VECTOR('',#5359,10.);
#1486=VECTOR('',#5360,10.);
#1487=VECTOR('',#5361,10.);
#1488=VECTOR('',#5362,10.);
#1489=VECTOR('',#5363,10.);
#1490=VECTOR('',#5364,10.);
#1491=VECTOR('',#5365,10.);
#1492=VECTOR('',#5368,10.);
#1493=VECTOR('',#5369,10.);
#1494=VECTOR('',#5372,10.);
#1495=VECTOR('',#5373,10.);
#1496=VECTOR('',#5374,10.);
#1497=VECTOR('',#5375,10.);
#1498=VECTOR('',#5378,10.);
#1499=VECTOR('',#5379,10.);
#1500=VECTOR('',#5380,10.);
#1501=VECTOR('',#5381,10.);
#1502=VECTOR('',#5382,10.);
#1503=VECTOR('',#5383,10.);
#1504=VECTOR('',#5384,10.);
#1505=VECTOR('',#5385,10.);
#1506=VECTOR('',#5386,10.);
#1507=VECTOR('',#5387,10.);
#1508=VECTOR('',#5388,10.);
#1509=VECTOR('',#5391,10.);
#1510=VECTOR('',#5392,10.);
#1511=VECTOR('',#5395,10.);
#1512=VECTOR('',#5396,10.);
#1513=VECTOR('',#5397,10.);
#1514=VECTOR('',#5398,10.);
#1515=VECTOR('',#5399,10.);
#1516=VECTOR('',#5400,10.);
#1517=VECTOR('',#5401,10.);
#1518=VECTOR('',#5404,10.);
#1519=VECTOR('',#5405,10.);
#1520=VECTOR('',#5406,10.);
#1521=VECTOR('',#5407,10.);
#1522=VECTOR('',#5408,10.);
#1523=VECTOR('',#5409,10.);
#1524=VECTOR('',#5410,10.);
#1525=VECTOR('',#5411,10.);
#1526=VECTOR('',#5412,10.);
#1527=VECTOR('',#5413,10.);
#1528=VECTOR('',#5416,10.);
#1529=VECTOR('',#5417,10.);
#1530=VECTOR('',#5418,10.);
#1531=VECTOR('',#5419,10.);
#1532=VECTOR('',#5420,10.);
#1533=VECTOR('',#5421,10.);
#1534=VECTOR('',#5424,10.);
#1535=VECTOR('',#5425,10.);
#1536=VECTOR('',#5426,10.);
#1537=VECTOR('',#5427,10.);
#1538=VECTOR('',#5428,10.);
#1539=VECTOR('',#5429,10.);
#1540=VECTOR('',#5430,10.);
#1541=VECTOR('',#5431,10.);
#1542=VECTOR('',#5432,10.);
#1543=VECTOR('',#5435,10.);
#1544=VECTOR('',#5436,10.);
#1545=VECTOR('',#5437,10.);
#1546=VECTOR('',#5438,10.);
#1547=VECTOR('',#5439,10.);
#1548=VECTOR('',#5440,10.);
#1549=VECTOR('',#5441,10.);
#1550=VECTOR('',#5442,10.);
#1551=VECTOR('',#5443,10.);
#1552=VECTOR('',#5444,10.);
#1553=VECTOR('',#5445,10.);
#1554=VECTOR('',#5448,10.);
#1555=VECTOR('',#5449,10.);
#1556=VECTOR('',#5450,10.);
#1557=VECTOR('',#5451,10.);
#1558=VECTOR('',#5452,10.);
#1559=VECTOR('',#5453,10.);
#1560=VECTOR('',#5454,10.);
#1561=VECTOR('',#5455,10.);
#1562=VECTOR('',#5456,10.);
#1563=VECTOR('',#5457,10.);
#1564=VECTOR('',#5458,10.);
#1565=VECTOR('',#5461,10.);
#1566=VECTOR('',#5462,10.);
#1567=VECTOR('',#5463,10.);
#1568=VECTOR('',#5464,10.);
#1569=VECTOR('',#5465,10.);
#1570=VECTOR('',#5466,10.);
#1571=VECTOR('',#5467,10.);
#1572=VECTOR('',#5470,10.);
#1573=VECTOR('',#5471,10.);
#1574=VECTOR('',#5472,10.);
#1575=VECTOR('',#5475,10.);
#1576=VECTOR('',#5476,10.);
#1577=VECTOR('',#5477,10.);
#1578=VECTOR('',#5480,10.);
#1579=VECTOR('',#5481,10.);
#1580=VECTOR('',#5482,10.);
#1581=VECTOR('',#5485,10.);
#1582=VECTOR('',#5486,10.);
#1583=VECTOR('',#5487,10.);
#1584=VECTOR('',#5488,10.);
#1585=VECTOR('',#5489,10.);
#1586=VECTOR('',#5492,10.);
#1587=VECTOR('',#5493,10.);
#1588=VECTOR('',#5496,10.);
#1589=VECTOR('',#5497,10.);
#1590=VECTOR('',#5500,10.);
#1591=VECTOR('',#5501,10.);
#1592=VECTOR('',#5504,10.);
#1593=VECTOR('',#5505,10.);
#1594=VECTOR('',#5508,10.);
#1595=VECTOR('',#5509,10.);
#1596=VECTOR('',#5512,10.);
#1597=VECTOR('',#5513,10.);
#1598=VECTOR('',#5514,10.);
#1599=VECTOR('',#5515,10.);
#1600=VECTOR('',#5518,10.);
#1601=VECTOR('',#5519,10.);
#1602=VECTOR('',#5522,10.);
#1603=VECTOR('',#5523,10.);
#1604=VECTOR('',#5526,10.);
#1605=VECTOR('',#5527,10.);
#1606=VECTOR('',#5530,10.);
#1607=VECTOR('',#5531,10.);
#1608=VECTOR('',#5534,10.);
#1609=VECTOR('',#5535,10.);
#1610=VECTOR('',#5538,10.);
#1611=VECTOR('',#5539,10.);
#1612=VECTOR('',#5540,10.);
#1613=VECTOR('',#5541,10.);
#1614=VECTOR('',#5544,10.);
#1615=VECTOR('',#5545,10.);
#1616=VECTOR('',#5548,10.);
#1617=VECTOR('',#5549,10.);
#1618=VECTOR('',#5552,10.);
#1619=VECTOR('',#5555,10.);
#1620=VECTOR('',#5556,10.);
#1621=VECTOR('',#5559,10.);
#1622=VECTOR('',#5560,10.);
#1623=VECTOR('',#5563,10.);
#1624=VECTOR('',#5564,10.);
#1625=VECTOR('',#5567,10.);
#1626=VECTOR('',#5568,10.);
#1627=VECTOR('',#5571,10.);
#1628=VECTOR('',#5574,10.);
#1629=VECTOR('',#5575,10.);
#1630=VECTOR('',#5578,10.);
#1631=VECTOR('',#5579,10.);
#1632=VECTOR('',#5582,10.);
#1633=VECTOR('',#5583,10.);
#1634=VECTOR('',#5586,10.);
#1635=VECTOR('',#5587,10.);
#1636=VECTOR('',#5590,10.);
#1637=VECTOR('',#5593,10.);
#1638=VECTOR('',#5594,10.);
#1639=VECTOR('',#5597,10.);
#1640=VECTOR('',#5598,10.);
#1641=VECTOR('',#5599,10.);
#1642=VECTOR('',#5600,10.);
#1643=VECTOR('',#5601,10.);
#1644=VECTOR('',#5604,10.);
#1645=VECTOR('',#5605,10.);
#1646=VECTOR('',#5606,10.);
#1647=VECTOR('',#5607,10.);
#1648=VECTOR('',#5608,10.);
#1649=VECTOR('',#5611,10.);
#1650=VECTOR('',#5612,10.);
#1651=VECTOR('',#5613,10.);
#1652=VECTOR('',#5614,10.);
#1653=VECTOR('',#5615,10.);
#1654=VECTOR('',#5618,10.);
#1655=VECTOR('',#5619,10.);
#1656=VECTOR('',#5622,10.);
#1657=VECTOR('',#5625,10.);
#1658=VECTOR('',#5626,10.);
#1659=VECTOR('',#5631,10.);
#1660=VECTOR('',#5632,10.);
#1661=VECTOR('',#5635,10.);
#1662=VECTOR('',#5638,10.);
#1663=VECTOR('',#5639,10.);
#1664=VECTOR('',#5644,10.);
#1665=VECTOR('',#5645,10.);
#1666=VECTOR('',#5646,10.);
#1667=VECTOR('',#5649,10.);
#1668=VECTOR('',#5652,10.);
#1669=VECTOR('',#5653,10.);
#1670=VECTOR('',#5654,10.);
#1671=VECTOR('',#5659,10.);
#1672=VECTOR('',#5660,10.);
#1673=VECTOR('',#5663,10.);
#1674=VECTOR('',#5664,10.);
#1675=VECTOR('',#5665,10.);
#1676=VECTOR('',#5666,10.);
#1677=VECTOR('',#5669,10.);
#1678=VECTOR('',#5672,10.);
#1679=VECTOR('',#5673,10.);
#1680=VECTOR('',#5676,10.);
#1681=VECTOR('',#5679,10.);
#1682=VECTOR('',#5680,10.);
#1683=VECTOR('',#5683,10.);
#1684=VECTOR('',#5686,10.);
#1685=VECTOR('',#5687,10.);
#1686=VECTOR('',#5688,10.);
#1687=VECTOR('',#5689,10.);
#1688=VECTOR('',#5690,10.);
#1689=VECTOR('',#5693,10.);
#1690=VECTOR('',#5694,10.);
#1691=VECTOR('',#5697,10.);
#1692=VECTOR('',#5700,10.);
#1693=VECTOR('',#5703,10.);
#1694=VECTOR('',#5704,10.);
#1695=VECTOR('',#5705,10.);
#1696=VECTOR('',#5706,10.);
#1697=VECTOR('',#5707,10.);
#1698=VECTOR('',#5710,10.);
#1699=VECTOR('',#5711,10.);
#1700=VECTOR('',#5712,10.);
#1701=VECTOR('',#5715,10.);
#1702=VECTOR('',#5720,10.);
#1703=VECTOR('',#5721,10.);
#1704=VECTOR('',#5722,10.);
#1705=VECTOR('',#5725,10.);
#1706=VECTOR('',#5726,10.);
#1707=VECTOR('',#5729,10.);
#1708=VECTOR('',#5730,10.);
#1709=VECTOR('',#5733,10.);
#1710=VECTOR('',#5734,10.);
#1711=VECTOR('',#5735,10.);
#1712=VECTOR('',#5738,10.);
#1713=VECTOR('',#5741,10.);
#1714=VECTOR('',#5742,10.);
#1715=VECTOR('',#5745,10.);
#1716=VECTOR('',#5746,10.);
#1717=VECTOR('',#5749,10.);
#1718=VECTOR('',#5750,10.);
#1719=VECTOR('',#5751,10.);
#1720=VECTOR('',#5754,10.);
#1721=VECTOR('',#5757,10.);
#1722=VECTOR('',#5758,10.);
#1723=VECTOR('',#5761,10.);
#1724=VECTOR('',#5762,10.);
#1725=VECTOR('',#5763,10.);
#1726=VECTOR('',#5766,10.);
#1727=VECTOR('',#5769,10.);
#1728=VECTOR('',#5770,10.);
#1729=VECTOR('',#5773,10.);
#1730=VECTOR('',#5774,10.);
#1731=VECTOR('',#5775,10.);
#1732=VECTOR('',#5778,10.);
#1733=VECTOR('',#5781,10.);
#1734=VECTOR('',#5782,10.);
#1735=VECTOR('',#5785,10.);
#1736=VECTOR('',#5786,10.);
#1737=VECTOR('',#5789,10.);
#1738=VECTOR('',#5792,10.);
#1739=VECTOR('',#5793,10.);
#1740=VECTOR('',#5796,10.);
#1741=VECTOR('',#5797,10.);
#1742=VECTOR('',#5800,10.);
#1743=VECTOR('',#5801,10.);
#1744=VECTOR('',#5804,10.);
#1745=VECTOR('',#5807,10.);
#1746=VECTOR('',#5808,10.);
#1747=VECTOR('',#5811,10.);
#1748=VECTOR('',#5814,10.);
#1749=VECTOR('',#5815,10.);
#1750=VECTOR('',#5818,10.);
#1751=VECTOR('',#5821,10.);
#1752=VECTOR('',#5822,10.);
#1753=VECTOR('',#5825,10.);
#1754=VECTOR('',#5826,10.);
#1755=VECTOR('',#5829,10.);
#1756=VECTOR('',#5830,10.);
#1757=VECTOR('',#5833,10.);
#1758=VECTOR('',#5834,10.);
#1759=VECTOR('',#5843,10.);
#1760=VECTOR('',#5844,10.);
#1761=VECTOR('',#5853,10.);
#1762=VECTOR('',#5854,10.);
#1763=VECTOR('',#5855,10.);
#1764=VECTOR('',#5858,10.);
#1765=VECTOR('',#5859,10.);
#1766=VECTOR('',#5862,10.);
#1767=VECTOR('',#5863,10.);
#1768=VECTOR('',#5866,10.);
#1769=VECTOR('',#5867,10.);
#1770=VECTOR('',#5870,10.);
#1771=VECTOR('',#5871,10.);
#1772=VECTOR('',#5874,10.);
#1773=VECTOR('',#5875,10.);
#1774=VECTOR('',#5878,10.);
#1775=VECTOR('',#5879,10.);
#1776=VECTOR('',#5882,10.);
#1777=VECTOR('',#5883,10.);
#1778=VECTOR('',#5886,10.);
#1779=VECTOR('',#5887,10.);
#1780=VECTOR('',#5890,10.);
#1781=VECTOR('',#5891,10.);
#1782=VECTOR('',#5894,10.);
#1783=VECTOR('',#5895,10.);
#1784=VECTOR('',#5898,10.);
#1785=VECTOR('',#5899,10.);
#1786=VECTOR('',#5902,10.);
#1787=VECTOR('',#5903,10.);
#1788=VECTOR('',#5906,10.);
#1789=VECTOR('',#5907,10.);
#1790=VECTOR('',#5910,10.);
#1791=VECTOR('',#5911,10.);
#1792=VECTOR('',#5914,10.);
#1793=CIRCLE('',#4418,1.6);
#1794=CIRCLE('',#4419,1.6);
#1795=CIRCLE('',#4421,1.6);
#1796=CIRCLE('',#4422,1.6);
#1797=CIRCLE('',#4424,1.6);
#1798=CIRCLE('',#4425,1.6);
#1799=CIRCLE('',#4428,1.6);
#1800=CIRCLE('',#4429,1.6);
#1801=CIRCLE('',#4432,1.6);
#1802=CIRCLE('',#4433,1.6);
#1803=CIRCLE('',#4436,1.6);
#1804=CIRCLE('',#4437,1.6);
#1805=CIRCLE('',#4440,1.6);
#1806=CIRCLE('',#4441,1.6);
#1807=CIRCLE('',#4444,1.6);
#1808=CIRCLE('',#4445,1.6);
#1809=CIRCLE('',#4448,1.6);
#1810=CIRCLE('',#4449,1.6);
#1811=CIRCLE('',#4452,1.6);
#1812=CIRCLE('',#4453,1.6);
#1813=CIRCLE('',#4456,1.6);
#1814=CIRCLE('',#4457,1.6);
#1815=CIRCLE('',#4460,1.6);
#1816=CIRCLE('',#4461,1.6);
#1817=CIRCLE('',#4464,1.6);
#1818=CIRCLE('',#4465,1.6);
#1819=CIRCLE('',#4468,1.6);
#1820=CIRCLE('',#4469,1.6);
#1821=CIRCLE('',#4472,1.6);
#1822=CIRCLE('',#4473,1.6);
#1823=CIRCLE('',#4475,1.6);
#1824=CIRCLE('',#4476,1.6);
#1825=CIRCLE('',#4478,1.6);
#1826=CIRCLE('',#4479,1.6);
#1827=CIRCLE('',#4481,1.6);
#1828=CIRCLE('',#4482,1.6);
#1829=CIRCLE('',#4484,1.6);
#1830=CIRCLE('',#4485,1.6);
#1831=CIRCLE('',#4487,1.6);
#1832=CIRCLE('',#4488,1.6);
#1833=CIRCLE('',#4490,1.6);
#1834=CIRCLE('',#4491,1.6);
#1835=CIRCLE('',#4493,1.6);
#1836=CIRCLE('',#4494,1.6);
#1837=CIRCLE('',#4496,1.6);
#1838=CIRCLE('',#4497,1.6);
#1839=CIRCLE('',#4499,1.6);
#1840=CIRCLE('',#4500,1.6);
#1841=CIRCLE('',#4502,1.6);
#1842=CIRCLE('',#4503,1.6);
#1843=CIRCLE('',#4505,1.6);
#1844=CIRCLE('',#4506,1.6);
#1845=CIRCLE('',#4508,1.6);
#1846=CIRCLE('',#4509,1.6);
#1847=CIRCLE('',#4511,1.6);
#1848=CIRCLE('',#4512,1.6);
#1849=CIRCLE('',#4514,1.6);
#1850=CIRCLE('',#4515,1.6);
#1851=CIRCLE('',#4517,1.6);
#1852=CIRCLE('',#4518,1.6);
#1853=CIRCLE('',#4520,1.59999999999999);
#1854=CIRCLE('',#4521,1.59999999999999);
#1855=CIRCLE('',#4523,1.6);
#1856=CIRCLE('',#4524,1.6);
#1857=CIRCLE('',#4526,1.6);
#1858=CIRCLE('',#4527,1.6);
#1859=CIRCLE('',#4529,1.6);
#1860=CIRCLE('',#4530,1.6);
#1861=CIRCLE('',#4532,1.6);
#1862=CIRCLE('',#4533,1.6);
#1863=CIRCLE('',#4535,1.6);
#1864=CIRCLE('',#4536,1.6);
#1865=CIRCLE('',#4538,1.6);
#1866=CIRCLE('',#4539,1.6);
#1867=CIRCLE('',#4541,1.6);
#1868=CIRCLE('',#4542,1.6);
#1869=CIRCLE('',#4544,1.6);
#1870=CIRCLE('',#4545,1.6);
#1871=CIRCLE('',#4547,1.6);
#1872=CIRCLE('',#4548,1.6);
#1873=CIRCLE('',#4550,1.6);
#1874=CIRCLE('',#4551,1.6);
#1875=CIRCLE('',#4553,1.6);
#1876=CIRCLE('',#4554,1.6);
#1877=CIRCLE('',#4556,1.6);
#1878=CIRCLE('',#4557,1.6);
#1879=CIRCLE('',#4559,1.6);
#1880=CIRCLE('',#4560,1.6);
#1881=CIRCLE('',#4562,1.6);
#1882=CIRCLE('',#4563,1.6);
#1883=CIRCLE('',#4565,1.6);
#1884=CIRCLE('',#4566,1.6);
#1885=CIRCLE('',#4568,1.6);
#1886=CIRCLE('',#4569,1.6);
#1887=CIRCLE('',#4571,1.6);
#1888=CIRCLE('',#4572,1.6);
#1889=CIRCLE('',#4574,1.6);
#1890=CIRCLE('',#4575,1.6);
#1891=CIRCLE('',#4577,1.6);
#1892=CIRCLE('',#4578,1.6);
#1893=CIRCLE('',#4580,1.6);
#1894=CIRCLE('',#4581,1.6);
#1895=CIRCLE('',#4583,1.6);
#1896=CIRCLE('',#4584,1.6);
#1897=CIRCLE('',#4586,1.6);
#1898=CIRCLE('',#4587,1.6);
#1899=CIRCLE('',#4589,1.6);
#1900=CIRCLE('',#4590,1.6);
#1901=CIRCLE('',#4592,1.6);
#1902=CIRCLE('',#4593,1.6);
#1903=CIRCLE('',#4595,1.6);
#1904=CIRCLE('',#4596,1.6);
#1905=CIRCLE('',#4598,1.6);
#1906=CIRCLE('',#4599,1.6);
#1907=CIRCLE('',#4601,1.6);
#1908=CIRCLE('',#4602,1.6);
#1909=CIRCLE('',#4604,1.6);
#1910=CIRCLE('',#4605,1.6);
#1911=CIRCLE('',#4607,1.6);
#1912=CIRCLE('',#4608,1.6);
#1913=VERTEX_POINT('',#5919);
#1914=VERTEX_POINT('',#5921);
#1915=VERTEX_POINT('',#5925);
#1916=VERTEX_POINT('',#5927);
#1917=VERTEX_POINT('',#5931);
#1918=VERTEX_POINT('',#5933);
#1919=VERTEX_POINT('',#5938);
#1920=VERTEX_POINT('',#5940);
#1921=VERTEX_POINT('',#5945);
#1922=VERTEX_POINT('',#5947);
#1923=VERTEX_POINT('',#5952);
#1924=VERTEX_POINT('',#5954);
#1925=VERTEX_POINT('',#5959);
#1926=VERTEX_POINT('',#5961);
#1927=VERTEX_POINT('',#5966);
#1928=VERTEX_POINT('',#5968);
#1929=VERTEX_POINT('',#5973);
#1930=VERTEX_POINT('',#5975);
#1931=VERTEX_POINT('',#5980);
#1932=VERTEX_POINT('',#5982);
#1933=VERTEX_POINT('',#5987);
#1934=VERTEX_POINT('',#5989);
#1935=VERTEX_POINT('',#5994);
#1936=VERTEX_POINT('',#5996);
#1937=VERTEX_POINT('',#6001);
#1938=VERTEX_POINT('',#6003);
#1939=VERTEX_POINT('',#6008);
#1940=VERTEX_POINT('',#6010);
#1941=VERTEX_POINT('',#6015);
#1942=VERTEX_POINT('',#6017);
#1943=VERTEX_POINT('',#6021);
#1944=VERTEX_POINT('',#6023);
#1945=VERTEX_POINT('',#6027);
#1946=VERTEX_POINT('',#6029);
#1947=VERTEX_POINT('',#6033);
#1948=VERTEX_POINT('',#6035);
#1949=VERTEX_POINT('',#6039);
#1950=VERTEX_POINT('',#6041);
#1951=VERTEX_POINT('',#6045);
#1952=VERTEX_POINT('',#6047);
#1953=VERTEX_POINT('',#6051);
#1954=VERTEX_POINT('',#6053);
#1955=VERTEX_POINT('',#6057);
#1956=VERTEX_POINT('',#6059);
#1957=VERTEX_POINT('',#6063);
#1958=VERTEX_POINT('',#6065);
#1959=VERTEX_POINT('',#6069);
#1960=VERTEX_POINT('',#6071);
#1961=VERTEX_POINT('',#6075);
#1962=VERTEX_POINT('',#6077);
#1963=VERTEX_POINT('',#6081);
#1964=VERTEX_POINT('',#6083);
#1965=VERTEX_POINT('',#6087);
#1966=VERTEX_POINT('',#6089);
#1967=VERTEX_POINT('',#6093);
#1968=VERTEX_POINT('',#6095);
#1969=VERTEX_POINT('',#6099);
#1970=VERTEX_POINT('',#6101);
#1971=VERTEX_POINT('',#6105);
#1972=VERTEX_POINT('',#6107);
#1973=VERTEX_POINT('',#6111);
#1974=VERTEX_POINT('',#6113);
#1975=VERTEX_POINT('',#6117);
#1976=VERTEX_POINT('',#6119);
#1977=VERTEX_POINT('',#6123);
#1978=VERTEX_POINT('',#6125);
#1979=VERTEX_POINT('',#6129);
#1980=VERTEX_POINT('',#6131);
#1981=VERTEX_POINT('',#6135);
#1982=VERTEX_POINT('',#6137);
#1983=VERTEX_POINT('',#6141);
#1984=VERTEX_POINT('',#6143);
#1985=VERTEX_POINT('',#6147);
#1986=VERTEX_POINT('',#6149);
#1987=VERTEX_POINT('',#6153);
#1988=VERTEX_POINT('',#6155);
#1989=VERTEX_POINT('',#6159);
#1990=VERTEX_POINT('',#6161);
#1991=VERTEX_POINT('',#6165);
#1992=VERTEX_POINT('',#6167);
#1993=VERTEX_POINT('',#6171);
#1994=VERTEX_POINT('',#6173);
#1995=VERTEX_POINT('',#6177);
#1996=VERTEX_POINT('',#6179);
#1997=VERTEX_POINT('',#6183);
#1998=VERTEX_POINT('',#6185);
#1999=VERTEX_POINT('',#6189);
#2000=VERTEX_POINT('',#6191);
#2001=VERTEX_POINT('',#6195);
#2002=VERTEX_POINT('',#6197);
#2003=VERTEX_POINT('',#6201);
#2004=VERTEX_POINT('',#6203);
#2005=VERTEX_POINT('',#6207);
#2006=VERTEX_POINT('',#6209);
#2007=VERTEX_POINT('',#6213);
#2008=VERTEX_POINT('',#6215);
#2009=VERTEX_POINT('',#6219);
#2010=VERTEX_POINT('',#6221);
#2011=VERTEX_POINT('',#6225);
#2012=VERTEX_POINT('',#6227);
#2013=VERTEX_POINT('',#6231);
#2014=VERTEX_POINT('',#6233);
#2015=VERTEX_POINT('',#6237);
#2016=VERTEX_POINT('',#6239);
#2017=VERTEX_POINT('',#6243);
#2018=VERTEX_POINT('',#6245);
#2019=VERTEX_POINT('',#6249);
#2020=VERTEX_POINT('',#6251);
#2021=VERTEX_POINT('',#6255);
#2022=VERTEX_POINT('',#6257);
#2023=VERTEX_POINT('',#6261);
#2024=VERTEX_POINT('',#6263);
#2025=VERTEX_POINT('',#6267);
#2026=VERTEX_POINT('',#6269);
#2027=VERTEX_POINT('',#6273);
#2028=VERTEX_POINT('',#6275);
#2029=VERTEX_POINT('',#6279);
#2030=VERTEX_POINT('',#6281);
#2031=VERTEX_POINT('',#6285);
#2032=VERTEX_POINT('',#6287);
#2033=VERTEX_POINT('',#6291);
#2034=VERTEX_POINT('',#6292);
#2035=VERTEX_POINT('',#6294);
#2036=VERTEX_POINT('',#6296);
#2037=VERTEX_POINT('',#6300);
#2038=VERTEX_POINT('',#6302);
#2039=VERTEX_POINT('',#6304);
#2040=VERTEX_POINT('',#6306);
#2041=VERTEX_POINT('',#6308);
#2042=VERTEX_POINT('',#6310);
#2043=VERTEX_POINT('',#6312);
#2044=VERTEX_POINT('',#6314);
#2045=VERTEX_POINT('',#6316);
#2046=VERTEX_POINT('',#6318);
#2047=VERTEX_POINT('',#6322);
#2048=VERTEX_POINT('',#6326);
#2049=VERTEX_POINT('',#6327);
#2050=VERTEX_POINT('',#6329);
#2051=VERTEX_POINT('',#6331);
#2052=VERTEX_POINT('',#6334);
#2053=VERTEX_POINT('',#6336);
#2054=VERTEX_POINT('',#6340);
#2055=VERTEX_POINT('',#6341);
#2056=VERTEX_POINT('',#6343);
#2057=VERTEX_POINT('',#6345);
#2058=VERTEX_POINT('',#6349);
#2059=VERTEX_POINT('',#6350);
#2060=VERTEX_POINT('',#6352);
#2061=VERTEX_POINT('',#6355);
#2062=VERTEX_POINT('',#6357);
#2063=VERTEX_POINT('',#6359);
#2064=VERTEX_POINT('',#6363);
#2065=VERTEX_POINT('',#6364);
#2066=VERTEX_POINT('',#6366);
#2067=VERTEX_POINT('',#6368);
#2068=VERTEX_POINT('',#6370);
#2069=VERTEX_POINT('',#6372);
#2070=VERTEX_POINT('',#6377);
#2071=VERTEX_POINT('',#6378);
#2072=VERTEX_POINT('',#6380);
#2073=VERTEX_POINT('',#6382);
#2074=VERTEX_POINT('',#6384);
#2075=VERTEX_POINT('',#6386);
#2076=VERTEX_POINT('',#6391);
#2077=VERTEX_POINT('',#6393);
#2078=VERTEX_POINT('',#6395);
#2079=VERTEX_POINT('',#6397);
#2080=VERTEX_POINT('',#6402);
#2081=VERTEX_POINT('',#6403);
#2082=VERTEX_POINT('',#6405);
#2083=VERTEX_POINT('',#6407);
#2084=VERTEX_POINT('',#6411);
#2085=VERTEX_POINT('',#6413);
#2086=VERTEX_POINT('',#6417);
#2087=VERTEX_POINT('',#6418);
#2088=VERTEX_POINT('',#6421);
#2089=VERTEX_POINT('',#6423);
#2090=VERTEX_POINT('',#6425);
#2091=VERTEX_POINT('',#6429);
#2092=VERTEX_POINT('',#6430);
#2093=VERTEX_POINT('',#6432);
#2094=VERTEX_POINT('',#6434);
#2095=VERTEX_POINT('',#6436);
#2096=VERTEX_POINT('',#6438);
#2097=VERTEX_POINT('',#6443);
#2098=VERTEX_POINT('',#6444);
#2099=VERTEX_POINT('',#6446);
#2100=VERTEX_POINT('',#6448);
#2101=VERTEX_POINT('',#6450);
#2102=VERTEX_POINT('',#6452);
#2103=VERTEX_POINT('',#6457);
#2104=VERTEX_POINT('',#6458);
#2105=VERTEX_POINT('',#6460);
#2106=VERTEX_POINT('',#6462);
#2107=VERTEX_POINT('',#6466);
#2108=VERTEX_POINT('',#6468);
#2109=VERTEX_POINT('',#6470);
#2110=VERTEX_POINT('',#6472);
#2111=VERTEX_POINT('',#6474);
#2112=VERTEX_POINT('',#6476);
#2113=VERTEX_POINT('',#6478);
#2114=VERTEX_POINT('',#6480);
#2115=VERTEX_POINT('',#6482);
#2116=VERTEX_POINT('',#6484);
#2117=VERTEX_POINT('',#6488);
#2118=VERTEX_POINT('',#6492);
#2119=VERTEX_POINT('',#6493);
#2120=VERTEX_POINT('',#6495);
#2121=VERTEX_POINT('',#6497);
#2122=VERTEX_POINT('',#6500);
#2123=VERTEX_POINT('',#6502);
#2124=VERTEX_POINT('',#6506);
#2125=VERTEX_POINT('',#6507);
#2126=VERTEX_POINT('',#6509);
#2127=VERTEX_POINT('',#6511);
#2128=VERTEX_POINT('',#6515);
#2129=VERTEX_POINT('',#6517);
#2130=VERTEX_POINT('',#6521);
#2131=VERTEX_POINT('',#6523);
#2132=VERTEX_POINT('',#6525);
#2133=VERTEX_POINT('',#6527);
#2134=VERTEX_POINT('',#6529);
#2135=VERTEX_POINT('',#6531);
#2136=VERTEX_POINT('',#6533);
#2137=VERTEX_POINT('',#6535);
#2138=VERTEX_POINT('',#6537);
#2139=VERTEX_POINT('',#6541);
#2140=VERTEX_POINT('',#6545);
#2141=VERTEX_POINT('',#6546);
#2142=VERTEX_POINT('',#6548);
#2143=VERTEX_POINT('',#6550);
#2144=VERTEX_POINT('',#6554);
#2145=VERTEX_POINT('',#6556);
#2146=VERTEX_POINT('',#6558);
#2147=VERTEX_POINT('',#6560);
#2148=VERTEX_POINT('',#6562);
#2149=VERTEX_POINT('',#6564);
#2150=VERTEX_POINT('',#6566);
#2151=VERTEX_POINT('',#6568);
#2152=VERTEX_POINT('',#6570);
#2153=VERTEX_POINT('',#6572);
#2154=VERTEX_POINT('',#6576);
#2155=VERTEX_POINT('',#6580);
#2156=VERTEX_POINT('',#6581);
#2157=VERTEX_POINT('',#6583);
#2158=VERTEX_POINT('',#6585);
#2159=VERTEX_POINT('',#6588);
#2160=VERTEX_POINT('',#6590);
#2161=VERTEX_POINT('',#6594);
#2162=VERTEX_POINT('',#6595);
#2163=VERTEX_POINT('',#6597);
#2164=VERTEX_POINT('',#6599);
#2165=VERTEX_POINT('',#6601);
#2166=VERTEX_POINT('',#6603);
#2167=VERTEX_POINT('',#6605);
#2168=VERTEX_POINT('',#6608);
#2169=VERTEX_POINT('',#6610);
#2170=VERTEX_POINT('',#6614);
#2171=VERTEX_POINT('',#6616);
#2172=VERTEX_POINT('',#6618);
#2173=VERTEX_POINT('',#6620);
#2174=VERTEX_POINT('',#6622);
#2175=VERTEX_POINT('',#6626);
#2176=VERTEX_POINT('',#6628);
#2177=VERTEX_POINT('',#6630);
#2178=VERTEX_POINT('',#6633);
#2179=VERTEX_POINT('',#6635);
#2180=VERTEX_POINT('',#6637);
#2181=VERTEX_POINT('',#6639);
#2182=VERTEX_POINT('',#6643);
#2183=VERTEX_POINT('',#6645);
#2184=VERTEX_POINT('',#6647);
#2185=VERTEX_POINT('',#6649);
#2186=VERTEX_POINT('',#6651);
#2187=VERTEX_POINT('',#6653);
#2188=VERTEX_POINT('',#6655);
#2189=VERTEX_POINT('',#6657);
#2190=VERTEX_POINT('',#6659);
#2191=VERTEX_POINT('',#6661);
#2192=VERTEX_POINT('',#6665);
#2193=VERTEX_POINT('',#6667);
#2194=VERTEX_POINT('',#6669);
#2195=VERTEX_POINT('',#6671);
#2196=VERTEX_POINT('',#6673);
#2197=VERTEX_POINT('',#6675);
#2198=VERTEX_POINT('',#6677);
#2199=VERTEX_POINT('',#6679);
#2200=VERTEX_POINT('',#6681);
#2201=VERTEX_POINT('',#6683);
#2202=VERTEX_POINT('',#6687);
#2203=VERTEX_POINT('',#6688);
#2204=VERTEX_POINT('',#6691);
#2205=VERTEX_POINT('',#6693);
#2206=VERTEX_POINT('',#6695);
#2207=VERTEX_POINT('',#6697);
#2208=VERTEX_POINT('',#6701);
#2209=VERTEX_POINT('',#6703);
#2210=VERTEX_POINT('',#6707);
#2211=VERTEX_POINT('',#6709);
#2212=VERTEX_POINT('',#6713);
#2213=VERTEX_POINT('',#6715);
#2214=VERTEX_POINT('',#6719);
#2215=VERTEX_POINT('',#6721);
#2216=VERTEX_POINT('',#6727);
#2217=VERTEX_POINT('',#6731);
#2218=VERTEX_POINT('',#6735);
#2219=VERTEX_POINT('',#6739);
#2220=VERTEX_POINT('',#6743);
#2221=VERTEX_POINT('',#6747);
#2222=VERTEX_POINT('',#6749);
#2223=VERTEX_POINT('',#6754);
#2224=VERTEX_POINT('',#6758);
#2225=VERTEX_POINT('',#6762);
#2226=VERTEX_POINT('',#6766);
#2227=VERTEX_POINT('',#6770);
#2228=VERTEX_POINT('',#6774);
#2229=VERTEX_POINT('',#6776);
#2230=VERTEX_POINT('',#6781);
#2231=VERTEX_POINT('',#6785);
#2232=VERTEX_POINT('',#6791);
#2233=VERTEX_POINT('',#6795);
#2234=VERTEX_POINT('',#6799);
#2235=VERTEX_POINT('',#6803);
#2236=VERTEX_POINT('',#6809);
#2237=VERTEX_POINT('',#6813);
#2238=VERTEX_POINT('',#6817);
#2239=VERTEX_POINT('',#6821);
#2240=VERTEX_POINT('',#6827);
#2241=VERTEX_POINT('',#6831);
#2242=VERTEX_POINT('',#6833);
#2243=VERTEX_POINT('',#6835);
#2244=VERTEX_POINT('',#6840);
#2245=VERTEX_POINT('',#6841);
#2246=VERTEX_POINT('',#6844);
#2247=VERTEX_POINT('',#6849);
#2248=VERTEX_POINT('',#6850);
#2249=VERTEX_POINT('',#6853);
#2250=VERTEX_POINT('',#6858);
#2251=VERTEX_POINT('',#6868);
#2252=VERTEX_POINT('',#6878);
#2253=VERTEX_POINT('',#6880);
#2254=VERTEX_POINT('',#6886);
#2255=VERTEX_POINT('',#6892);
#2256=VERTEX_POINT('',#6896);
#2257=VERTEX_POINT('',#6898);
#2258=VERTEX_POINT('',#6900);
#2259=VERTEX_POINT('',#6906);
#2260=VERTEX_POINT('',#6912);
#2261=VERTEX_POINT('',#6918);
#2262=VERTEX_POINT('',#6920);
#2263=VERTEX_POINT('',#6922);
#2264=VERTEX_POINT('',#6924);
#2265=VERTEX_POINT('',#6928);
#2266=VERTEX_POINT('',#6936);
#2267=VERTEX_POINT('',#6938);
#2268=VERTEX_POINT('',#6940);
#2269=VERTEX_POINT('',#6942);
#2270=VERTEX_POINT('',#6946);
#2271=VERTEX_POINT('',#6948);
#2272=VERTEX_POINT('',#6955);
#2273=VERTEX_POINT('',#6957);
#2274=VERTEX_POINT('',#6961);
#2275=VERTEX_POINT('',#6965);
#2276=VERTEX_POINT('',#6969);
#2277=VERTEX_POINT('',#6971);
#2278=VERTEX_POINT('',#6977);
#2279=VERTEX_POINT('',#6981);
#2280=VERTEX_POINT('',#6985);
#2281=VERTEX_POINT('',#6987);
#2282=VERTEX_POINT('',#6993);
#2283=VERTEX_POINT('',#6997);
#2284=VERTEX_POINT('',#6999);
#2285=VERTEX_POINT('',#7005);
#2286=VERTEX_POINT('',#7009);
#2287=VERTEX_POINT('',#7011);
#2288=VERTEX_POINT('',#7017);
#2289=VERTEX_POINT('',#7021);
#2290=VERTEX_POINT('',#7027);
#2291=VERTEX_POINT('',#7031);
#2292=VERTEX_POINT('',#7035);
#2293=VERTEX_POINT('',#7041);
#2294=VERTEX_POINT('',#7047);
#2295=VERTEX_POINT('',#7053);
#2296=VERTEX_POINT('',#7057);
#2297=VERTEX_POINT('',#7076);
#2298=VERTEX_POINT('',#7077);
#2299=VERTEX_POINT('',#7082);
#2300=VERTEX_POINT('',#7086);
#2301=VERTEX_POINT('',#7090);
#2302=VERTEX_POINT('',#7094);
#2303=VERTEX_POINT('',#7098);
#2304=VERTEX_POINT('',#7102);
#2305=VERTEX_POINT('',#7106);
#2306=VERTEX_POINT('',#7110);
#2307=VERTEX_POINT('',#7114);
#2308=VERTEX_POINT('',#7118);
#2309=VERTEX_POINT('',#7122);
#2310=VERTEX_POINT('',#7126);
#2311=VERTEX_POINT('',#7130);
#2312=VERTEX_POINT('',#7134);
#2313=EDGE_CURVE('',#1913,#1913,#1793,.T.);
#2314=EDGE_CURVE('',#1913,#1914,#825,.T.);
#2315=EDGE_CURVE('',#1914,#1914,#1794,.T.);
#2316=EDGE_CURVE('',#1915,#1915,#1795,.T.);
#2317=EDGE_CURVE('',#1915,#1916,#826,.T.);
#2318=EDGE_CURVE('',#1916,#1916,#1796,.T.);
#2319=EDGE_CURVE('',#1917,#1917,#1797,.T.);
#2320=EDGE_CURVE('',#1917,#1918,#827,.T.);
#2321=EDGE_CURVE('',#1918,#1918,#1798,.T.);
#2322=EDGE_CURVE('',#1919,#1919,#1799,.T.);
#2323=EDGE_CURVE('',#1919,#1920,#828,.T.);
#2324=EDGE_CURVE('',#1920,#1920,#1800,.T.);
#2325=EDGE_CURVE('',#1921,#1921,#1801,.T.);
#2326=EDGE_CURVE('',#1921,#1922,#829,.T.);
#2327=EDGE_CURVE('',#1922,#1922,#1802,.T.);
#2328=EDGE_CURVE('',#1923,#1923,#1803,.T.);
#2329=EDGE_CURVE('',#1923,#1924,#830,.T.);
#2330=EDGE_CURVE('',#1924,#1924,#1804,.T.);
#2331=EDGE_CURVE('',#1925,#1925,#1805,.T.);
#2332=EDGE_CURVE('',#1925,#1926,#831,.T.);
#2333=EDGE_CURVE('',#1926,#1926,#1806,.T.);
#2334=EDGE_CURVE('',#1927,#1927,#1807,.T.);
#2335=EDGE_CURVE('',#1927,#1928,#832,.T.);
#2336=EDGE_CURVE('',#1928,#1928,#1808,.T.);
#2337=EDGE_CURVE('',#1929,#1929,#1809,.T.);
#2338=EDGE_CURVE('',#1929,#1930,#833,.T.);
#2339=EDGE_CURVE('',#1930,#1930,#1810,.T.);
#2340=EDGE_CURVE('',#1931,#1931,#1811,.T.);
#2341=EDGE_CURVE('',#1931,#1932,#834,.T.);
#2342=EDGE_CURVE('',#1932,#1932,#1812,.T.);
#2343=EDGE_CURVE('',#1933,#1933,#1813,.T.);
#2344=EDGE_CURVE('',#1933,#1934,#835,.T.);
#2345=EDGE_CURVE('',#1934,#1934,#1814,.T.);
#2346=EDGE_CURVE('',#1935,#1935,#1815,.T.);
#2347=EDGE_CURVE('',#1935,#1936,#836,.T.);
#2348=EDGE_CURVE('',#1936,#1936,#1816,.T.);
#2349=EDGE_CURVE('',#1937,#1937,#1817,.T.);
#2350=EDGE_CURVE('',#1937,#1938,#837,.T.);
#2351=EDGE_CURVE('',#1938,#1938,#1818,.T.);
#2352=EDGE_CURVE('',#1939,#1939,#1819,.T.);
#2353=EDGE_CURVE('',#1939,#1940,#838,.T.);
#2354=EDGE_CURVE('',#1940,#1940,#1820,.T.);
#2355=EDGE_CURVE('',#1941,#1941,#1821,.T.);
#2356=EDGE_CURVE('',#1941,#1942,#839,.T.);
#2357=EDGE_CURVE('',#1942,#1942,#1822,.T.);
#2358=EDGE_CURVE('',#1943,#1943,#1823,.T.);
#2359=EDGE_CURVE('',#1943,#1944,#840,.T.);
#2360=EDGE_CURVE('',#1944,#1944,#1824,.T.);
#2361=EDGE_CURVE('',#1945,#1945,#1825,.T.);
#2362=EDGE_CURVE('',#1945,#1946,#841,.T.);
#2363=EDGE_CURVE('',#1946,#1946,#1826,.T.);
#2364=EDGE_CURVE('',#1947,#1947,#1827,.T.);
#2365=EDGE_CURVE('',#1947,#1948,#842,.T.);
#2366=EDGE_CURVE('',#1948,#1948,#1828,.T.);
#2367=EDGE_CURVE('',#1949,#1949,#1829,.T.);
#2368=EDGE_CURVE('',#1949,#1950,#843,.T.);
#2369=EDGE_CURVE('',#1950,#1950,#1830,.T.);
#2370=EDGE_CURVE('',#1951,#1951,#1831,.T.);
#2371=EDGE_CURVE('',#1951,#1952,#844,.T.);
#2372=EDGE_CURVE('',#1952,#1952,#1832,.T.);
#2373=EDGE_CURVE('',#1953,#1953,#1833,.T.);
#2374=EDGE_CURVE('',#1953,#1954,#845,.T.);
#2375=EDGE_CURVE('',#1954,#1954,#1834,.T.);
#2376=EDGE_CURVE('',#1955,#1955,#1835,.T.);
#2377=EDGE_CURVE('',#1955,#1956,#846,.T.);
#2378=EDGE_CURVE('',#1956,#1956,#1836,.T.);
#2379=EDGE_CURVE('',#1957,#1957,#1837,.T.);
#2380=EDGE_CURVE('',#1957,#1958,#847,.T.);
#2381=EDGE_CURVE('',#1958,#1958,#1838,.T.);
#2382=EDGE_CURVE('',#1959,#1959,#1839,.T.);
#2383=EDGE_CURVE('',#1959,#1960,#848,.T.);
#2384=EDGE_CURVE('',#1960,#1960,#1840,.T.);
#2385=EDGE_CURVE('',#1961,#1961,#1841,.T.);
#2386=EDGE_CURVE('',#1961,#1962,#849,.T.);
#2387=EDGE_CURVE('',#1962,#1962,#1842,.T.);
#2388=EDGE_CURVE('',#1963,#1963,#1843,.T.);
#2389=EDGE_CURVE('',#1963,#1964,#850,.T.);
#2390=EDGE_CURVE('',#1964,#1964,#1844,.T.);
#2391=EDGE_CURVE('',#1965,#1965,#1845,.T.);
#2392=EDGE_CURVE('',#1965,#1966,#851,.T.);
#2393=EDGE_CURVE('',#1966,#1966,#1846,.T.);
#2394=EDGE_CURVE('',#1967,#1967,#1847,.T.);
#2395=EDGE_CURVE('',#1967,#1968,#852,.T.);
#2396=EDGE_CURVE('',#1968,#1968,#1848,.T.);
#2397=EDGE_CURVE('',#1969,#1969,#1849,.T.);
#2398=EDGE_CURVE('',#1969,#1970,#853,.T.);
#2399=EDGE_CURVE('',#1970,#1970,#1850,.T.);
#2400=EDGE_CURVE('',#1971,#1971,#1851,.T.);
#2401=EDGE_CURVE('',#1971,#1972,#854,.T.);
#2402=EDGE_CURVE('',#1972,#1972,#1852,.T.);
#2403=EDGE_CURVE('',#1973,#1973,#1853,.T.);
#2404=EDGE_CURVE('',#1973,#1974,#855,.T.);
#2405=EDGE_CURVE('',#1974,#1974,#1854,.T.);
#2406=EDGE_CURVE('',#1975,#1975,#1855,.T.);
#2407=EDGE_CURVE('',#1975,#1976,#856,.T.);
#2408=EDGE_CURVE('',#1976,#1976,#1856,.T.);
#2409=EDGE_CURVE('',#1977,#1977,#1857,.T.);
#2410=EDGE_CURVE('',#1977,#1978,#857,.T.);
#2411=EDGE_CURVE('',#1978,#1978,#1858,.T.);
#2412=EDGE_CURVE('',#1979,#1979,#1859,.T.);
#2413=EDGE_CURVE('',#1979,#1980,#858,.T.);
#2414=EDGE_CURVE('',#1980,#1980,#1860,.T.);
#2415=EDGE_CURVE('',#1981,#1981,#1861,.T.);
#2416=EDGE_CURVE('',#1981,#1982,#859,.T.);
#2417=EDGE_CURVE('',#1982,#1982,#1862,.T.);
#2418=EDGE_CURVE('',#1983,#1983,#1863,.T.);
#2419=EDGE_CURVE('',#1983,#1984,#860,.T.);
#2420=EDGE_CURVE('',#1984,#1984,#1864,.T.);
#2421=EDGE_CURVE('',#1985,#1985,#1865,.T.);
#2422=EDGE_CURVE('',#1985,#1986,#861,.T.);
#2423=EDGE_CURVE('',#1986,#1986,#1866,.T.);
#2424=EDGE_CURVE('',#1987,#1987,#1867,.T.);
#2425=EDGE_CURVE('',#1987,#1988,#862,.T.);
#2426=EDGE_CURVE('',#1988,#1988,#1868,.T.);
#2427=EDGE_CURVE('',#1989,#1989,#1869,.T.);
#2428=EDGE_CURVE('',#1989,#1990,#863,.T.);
#2429=EDGE_CURVE('',#1990,#1990,#1870,.T.);
#2430=EDGE_CURVE('',#1991,#1991,#1871,.T.);
#2431=EDGE_CURVE('',#1991,#1992,#864,.T.);
#2432=EDGE_CURVE('',#1992,#1992,#1872,.T.);
#2433=EDGE_CURVE('',#1993,#1993,#1873,.T.);
#2434=EDGE_CURVE('',#1993,#1994,#865,.T.);
#2435=EDGE_CURVE('',#1994,#1994,#1874,.T.);
#2436=EDGE_CURVE('',#1995,#1995,#1875,.T.);
#2437=EDGE_CURVE('',#1995,#1996,#866,.T.);
#2438=EDGE_CURVE('',#1996,#1996,#1876,.T.);
#2439=EDGE_CURVE('',#1997,#1997,#1877,.T.);
#2440=EDGE_CURVE('',#1997,#1998,#867,.T.);
#2441=EDGE_CURVE('',#1998,#1998,#1878,.T.);
#2442=EDGE_CURVE('',#1999,#1999,#1879,.T.);
#2443=EDGE_CURVE('',#1999,#2000,#868,.T.);
#2444=EDGE_CURVE('',#2000,#2000,#1880,.T.);
#2445=EDGE_CURVE('',#2001,#2001,#1881,.T.);
#2446=EDGE_CURVE('',#2001,#2002,#869,.T.);
#2447=EDGE_CURVE('',#2002,#2002,#1882,.T.);
#2448=EDGE_CURVE('',#2003,#2003,#1883,.T.);
#2449=EDGE_CURVE('',#2003,#2004,#870,.T.);
#2450=EDGE_CURVE('',#2004,#2004,#1884,.T.);
#2451=EDGE_CURVE('',#2005,#2005,#1885,.T.);
#2452=EDGE_CURVE('',#2005,#2006,#871,.T.);
#2453=EDGE_CURVE('',#2006,#2006,#1886,.T.);
#2454=EDGE_CURVE('',#2007,#2007,#1887,.T.);
#2455=EDGE_CURVE('',#2007,#2008,#872,.T.);
#2456=EDGE_CURVE('',#2008,#2008,#1888,.T.);
#2457=EDGE_CURVE('',#2009,#2009,#1889,.T.);
#2458=EDGE_CURVE('',#2009,#2010,#873,.T.);
#2459=EDGE_CURVE('',#2010,#2010,#1890,.T.);
#2460=EDGE_CURVE('',#2011,#2011,#1891,.T.);
#2461=EDGE_CURVE('',#2011,#2012,#874,.T.);
#2462=EDGE_CURVE('',#2012,#2012,#1892,.T.);
#2463=EDGE_CURVE('',#2013,#2013,#1893,.T.);
#2464=EDGE_CURVE('',#2013,#2014,#875,.T.);
#2465=EDGE_CURVE('',#2014,#2014,#1894,.T.);
#2466=EDGE_CURVE('',#2015,#2015,#1895,.T.);
#2467=EDGE_CURVE('',#2015,#2016,#876,.T.);
#2468=EDGE_CURVE('',#2016,#2016,#1896,.T.);
#2469=EDGE_CURVE('',#2017,#2017,#1897,.T.);
#2470=EDGE_CURVE('',#2017,#2018,#877,.T.);
#2471=EDGE_CURVE('',#2018,#2018,#1898,.T.);
#2472=EDGE_CURVE('',#2019,#2019,#1899,.T.);
#2473=EDGE_CURVE('',#2019,#2020,#878,.T.);
#2474=EDGE_CURVE('',#2020,#2020,#1900,.T.);
#2475=EDGE_CURVE('',#2021,#2021,#1901,.T.);
#2476=EDGE_CURVE('',#2021,#2022,#879,.T.);
#2477=EDGE_CURVE('',#2022,#2022,#1902,.T.);
#2478=EDGE_CURVE('',#2023,#2023,#1903,.T.);
#2479=EDGE_CURVE('',#2023,#2024,#880,.T.);
#2480=EDGE_CURVE('',#2024,#2024,#1904,.T.);
#2481=EDGE_CURVE('',#2025,#2025,#1905,.T.);
#2482=EDGE_CURVE('',#2025,#2026,#881,.T.);
#2483=EDGE_CURVE('',#2026,#2026,#1906,.T.);
#2484=EDGE_CURVE('',#2027,#2027,#1907,.T.);
#2485=EDGE_CURVE('',#2027,#2028,#882,.T.);
#2486=EDGE_CURVE('',#2028,#2028,#1908,.T.);
#2487=EDGE_CURVE('',#2029,#2029,#1909,.T.);
#2488=EDGE_CURVE('',#2029,#2030,#883,.T.);
#2489=EDGE_CURVE('',#2030,#2030,#1910,.T.);
#2490=EDGE_CURVE('',#2031,#2031,#1911,.T.);
#2491=EDGE_CURVE('',#2031,#2032,#884,.T.);
#2492=EDGE_CURVE('',#2032,#2032,#1912,.T.);
#2493=EDGE_CURVE('',#2033,#2034,#885,.T.);
#2494=EDGE_CURVE('',#2033,#2035,#886,.T.);
#2495=EDGE_CURVE('',#2036,#2035,#887,.T.);
#2496=EDGE_CURVE('',#2034,#2036,#888,.T.);
#2497=EDGE_CURVE('',#2036,#2037,#889,.T.);
#2498=EDGE_CURVE('',#2037,#2038,#890,.T.);
#2499=EDGE_CURVE('',#2039,#2038,#891,.T.);
#2500=EDGE_CURVE('',#2039,#2040,#892,.T.);
#2501=EDGE_CURVE('',#2040,#2041,#893,.T.);
#2502=EDGE_CURVE('',#2042,#2041,#894,.T.);
#2503=EDGE_CURVE('',#2042,#2043,#895,.T.);
#2504=EDGE_CURVE('',#2043,#2044,#896,.T.);
#2505=EDGE_CURVE('',#2044,#2045,#897,.T.);
#2506=EDGE_CURVE('',#2045,#2046,#898,.T.);
#2507=EDGE_CURVE('',#2046,#2034,#899,.T.);
#2508=EDGE_CURVE('',#2047,#2035,#900,.T.);
#2509=EDGE_CURVE('',#2037,#2047,#901,.T.);
#2510=EDGE_CURVE('',#2048,#2049,#902,.T.);
#2511=EDGE_CURVE('',#2048,#2050,#903,.T.);
#2512=EDGE_CURVE('',#2050,#2051,#904,.T.);
#2513=EDGE_CURVE('',#2039,#2051,#905,.T.);
#2514=EDGE_CURVE('',#2038,#2052,#906,.T.);
#2515=EDGE_CURVE('',#2053,#2052,#907,.T.);
#2516=EDGE_CURVE('',#2053,#2049,#908,.T.);
#2517=EDGE_CURVE('',#2054,#2055,#909,.T.);
#2518=EDGE_CURVE('',#2056,#2054,#910,.T.);
#2519=EDGE_CURVE('',#2057,#2056,#911,.T.);
#2520=EDGE_CURVE('',#2057,#2055,#912,.T.);
#2521=EDGE_CURVE('',#2058,#2059,#913,.T.);
#2522=EDGE_CURVE('',#2059,#2060,#914,.T.);
#2523=EDGE_CURVE('',#2060,#2055,#915,.T.);
#2524=EDGE_CURVE('',#2057,#2061,#916,.T.);
#2525=EDGE_CURVE('',#2061,#2062,#917,.T.);
#2526=EDGE_CURVE('',#2062,#2063,#918,.T.);
#2527=EDGE_CURVE('',#2063,#2058,#919,.T.);
#2528=EDGE_CURVE('',#2064,#2065,#920,.T.);
#2529=EDGE_CURVE('',#2064,#2066,#921,.T.);
#2530=EDGE_CURVE('',#2066,#2067,#922,.T.);
#2531=EDGE_CURVE('',#2068,#2067,#923,.T.);
#2532=EDGE_CURVE('',#2068,#2069,#924,.T.);
#2533=EDGE_CURVE('',#2069,#2059,#925,.T.);
#2534=EDGE_CURVE('',#2058,#2065,#926,.T.);
#2535=EDGE_CURVE('',#2070,#2071,#927,.T.);
#2536=EDGE_CURVE('',#2072,#2071,#928,.T.);
#2537=EDGE_CURVE('',#2073,#2072,#929,.T.);
#2538=EDGE_CURVE('',#2074,#2073,#930,.T.);
#2539=EDGE_CURVE('',#2074,#2075,#931,.T.);
#2540=EDGE_CURVE('',#2064,#2075,#932,.T.);
#2541=EDGE_CURVE('',#2065,#2070,#933,.T.);
#2542=EDGE_CURVE('',#2076,#2062,#934,.T.);
#2543=EDGE_CURVE('',#2077,#2076,#935,.T.);
#2544=EDGE_CURVE('',#2078,#2077,#936,.T.);
#2545=EDGE_CURVE('',#2079,#2078,#937,.T.);
#2546=EDGE_CURVE('',#2071,#2079,#938,.T.);
#2547=EDGE_CURVE('',#2070,#2063,#939,.T.);
#2548=EDGE_CURVE('',#2080,#2081,#940,.T.);
#2549=EDGE_CURVE('',#2082,#2080,#941,.T.);
#2550=EDGE_CURVE('',#2083,#2082,#942,.T.);
#2551=EDGE_CURVE('',#2083,#2081,#943,.T.);
#2552=EDGE_CURVE('',#2084,#2081,#944,.T.);
#2553=EDGE_CURVE('',#2085,#2084,#945,.T.);
#2554=EDGE_CURVE('',#2080,#2085,#946,.T.);
#2555=EDGE_CURVE('',#2086,#2087,#947,.T.);
#2556=EDGE_CURVE('',#2087,#2084,#948,.T.);
#2557=EDGE_CURVE('',#2083,#2088,#949,.T.);
#2558=EDGE_CURVE('',#2088,#2089,#950,.T.);
#2559=EDGE_CURVE('',#2089,#2090,#951,.T.);
#2560=EDGE_CURVE('',#2090,#2086,#952,.T.);
#2561=EDGE_CURVE('',#2091,#2092,#953,.T.);
#2562=EDGE_CURVE('',#2091,#2093,#954,.T.);
#2563=EDGE_CURVE('',#2093,#2094,#955,.T.);
#2564=EDGE_CURVE('',#2095,#2094,#956,.T.);
#2565=EDGE_CURVE('',#2095,#2096,#957,.T.);
#2566=EDGE_CURVE('',#2096,#2087,#958,.T.);
#2567=EDGE_CURVE('',#2086,#2092,#959,.T.);
#2568=EDGE_CURVE('',#2097,#2098,#960,.T.);
#2569=EDGE_CURVE('',#2099,#2098,#961,.T.);
#2570=EDGE_CURVE('',#2100,#2099,#962,.T.);
#2571=EDGE_CURVE('',#2101,#2100,#963,.T.);
#2572=EDGE_CURVE('',#2101,#2102,#964,.T.);
#2573=EDGE_CURVE('',#2091,#2102,#965,.T.);
#2574=EDGE_CURVE('',#2092,#2097,#966,.T.);
#2575=EDGE_CURVE('',#2103,#2104,#967,.T.);
#2576=EDGE_CURVE('',#2103,#2105,#968,.T.);
#2577=EDGE_CURVE('',#2106,#2105,#969,.T.);
#2578=EDGE_CURVE('',#2104,#2106,#970,.T.);
#2579=EDGE_CURVE('',#2106,#2107,#971,.T.);
#2580=EDGE_CURVE('',#2107,#2108,#972,.T.);
#2581=EDGE_CURVE('',#2109,#2108,#973,.T.);
#2582=EDGE_CURVE('',#2109,#2110,#974,.T.);
#2583=EDGE_CURVE('',#2110,#2111,#975,.T.);
#2584=EDGE_CURVE('',#2112,#2111,#976,.T.);
#2585=EDGE_CURVE('',#2112,#2113,#977,.T.);
#2586=EDGE_CURVE('',#2113,#2114,#978,.T.);
#2587=EDGE_CURVE('',#2114,#2115,#979,.T.);
#2588=EDGE_CURVE('',#2115,#2116,#980,.T.);
#2589=EDGE_CURVE('',#2116,#2104,#981,.T.);
#2590=EDGE_CURVE('',#2117,#2105,#982,.T.);
#2591=EDGE_CURVE('',#2107,#2117,#983,.T.);
#2592=EDGE_CURVE('',#2118,#2119,#984,.T.);
#2593=EDGE_CURVE('',#2118,#2120,#985,.T.);
#2594=EDGE_CURVE('',#2120,#2121,#986,.T.);
#2595=EDGE_CURVE('',#2109,#2121,#987,.T.);
#2596=EDGE_CURVE('',#2108,#2122,#988,.T.);
#2597=EDGE_CURVE('',#2123,#2122,#989,.T.);
#2598=EDGE_CURVE('',#2123,#2119,#990,.T.);
#2599=EDGE_CURVE('',#2124,#2125,#991,.T.);
#2600=EDGE_CURVE('',#2126,#2125,#992,.T.);
#2601=EDGE_CURVE('',#2127,#2126,#993,.T.);
#2602=EDGE_CURVE('',#2124,#2127,#994,.T.);
#2603=EDGE_CURVE('',#2128,#2127,#995,.T.);
#2604=EDGE_CURVE('',#2128,#2129,#996,.T.);
#2605=EDGE_CURVE('',#2124,#2129,#997,.T.);
#2606=EDGE_CURVE('',#2126,#2130,#998,.T.);
#2607=EDGE_CURVE('',#2130,#2131,#999,.T.);
#2608=EDGE_CURVE('',#2132,#2131,#1000,.T.);
#2609=EDGE_CURVE('',#2132,#2133,#1001,.T.);
#2610=EDGE_CURVE('',#2133,#2134,#1002,.T.);
#2611=EDGE_CURVE('',#2135,#2134,#1003,.T.);
#2612=EDGE_CURVE('',#2135,#2136,#1004,.T.);
#2613=EDGE_CURVE('',#2136,#2137,#1005,.T.);
#2614=EDGE_CURVE('',#2137,#2138,#1006,.T.);
#2615=EDGE_CURVE('',#2138,#2128,#1007,.T.);
#2616=EDGE_CURVE('',#2139,#2125,#1008,.T.);
#2617=EDGE_CURVE('',#2130,#2139,#1009,.T.);
#2618=EDGE_CURVE('',#2140,#2141,#1010,.T.);
#2619=EDGE_CURVE('',#2140,#2142,#1011,.T.);
#2620=EDGE_CURVE('',#2143,#2142,#1012,.T.);
#2621=EDGE_CURVE('',#2141,#2143,#1013,.T.);
#2622=EDGE_CURVE('',#2143,#2144,#1014,.T.);
#2623=EDGE_CURVE('',#2144,#2145,#1015,.T.);
#2624=EDGE_CURVE('',#2146,#2145,#1016,.T.);
#2625=EDGE_CURVE('',#2146,#2147,#1017,.T.);
#2626=EDGE_CURVE('',#2147,#2148,#1018,.T.);
#2627=EDGE_CURVE('',#2149,#2148,#1019,.T.);
#2628=EDGE_CURVE('',#2149,#2150,#1020,.T.);
#2629=EDGE_CURVE('',#2150,#2151,#1021,.T.);
#2630=EDGE_CURVE('',#2151,#2152,#1022,.T.);
#2631=EDGE_CURVE('',#2152,#2153,#1023,.T.);
#2632=EDGE_CURVE('',#2153,#2141,#1024,.T.);
#2633=EDGE_CURVE('',#2154,#2142,#1025,.T.);
#2634=EDGE_CURVE('',#2144,#2154,#1026,.T.);
#2635=EDGE_CURVE('',#2155,#2156,#1027,.T.);
#2636=EDGE_CURVE('',#2155,#2157,#1028,.T.);
#2637=EDGE_CURVE('',#2157,#2158,#1029,.T.);
#2638=EDGE_CURVE('',#2146,#2158,#1030,.T.);
#2639=EDGE_CURVE('',#2145,#2159,#1031,.T.);
#2640=EDGE_CURVE('',#2160,#2159,#1032,.T.);
#2641=EDGE_CURVE('',#2160,#2156,#1033,.T.);
#2642=EDGE_CURVE('',#2161,#2162,#1034,.T.);
#2643=EDGE_CURVE('',#2161,#2163,#1035,.T.);
#2644=EDGE_CURVE('',#2163,#2164,#1036,.T.);
#2645=EDGE_CURVE('',#2164,#2165,#1037,.T.);
#2646=EDGE_CURVE('',#2165,#2166,#1038,.T.);
#2647=EDGE_CURVE('',#2166,#2167,#1039,.T.);
#2648=EDGE_CURVE('',#2167,#2072,#1040,.T.);
#2649=EDGE_CURVE('',#2079,#2168,#1041,.T.);
#2650=EDGE_CURVE('',#2168,#2169,#1042,.T.);
#2651=EDGE_CURVE('',#2169,#2162,#1043,.T.);
#2652=EDGE_CURVE('',#2102,#2170,#1044,.T.);
#2653=EDGE_CURVE('',#2170,#2171,#1045,.T.);
#2654=EDGE_CURVE('',#2171,#2172,#1046,.T.);
#2655=EDGE_CURVE('',#2172,#2173,#1047,.T.);
#2656=EDGE_CURVE('',#2173,#2174,#1048,.T.);
#2657=EDGE_CURVE('',#2174,#2093,#1049,.T.);
#2658=EDGE_CURVE('',#2098,#2175,#1050,.T.);
#2659=EDGE_CURVE('',#2175,#2176,#1051,.T.);
#2660=EDGE_CURVE('',#2176,#2177,#1052,.T.);
#2661=EDGE_CURVE('',#2177,#2066,#1053,.T.);
#2662=EDGE_CURVE('',#2075,#2178,#1054,.T.);
#2663=EDGE_CURVE('',#2178,#2179,#1055,.T.);
#2664=EDGE_CURVE('',#2179,#2180,#1056,.T.);
#2665=EDGE_CURVE('',#2180,#2181,#1057,.T.);
#2666=EDGE_CURVE('',#2181,#2099,#1058,.T.);
#2667=EDGE_CURVE('',#2155,#2182,#1059,.T.);
#2668=EDGE_CURVE('',#2182,#2183,#1060,.T.);
#2669=EDGE_CURVE('',#2183,#2184,#1061,.T.);
#2670=EDGE_CURVE('',#2184,#2185,#1062,.T.);
#2671=EDGE_CURVE('',#2185,#2186,#1063,.T.);
#2672=EDGE_CURVE('',#2186,#2187,#1064,.T.);
#2673=EDGE_CURVE('',#2187,#2188,#1065,.T.);
#2674=EDGE_CURVE('',#2188,#2189,#1066,.T.);
#2675=EDGE_CURVE('',#2189,#2190,#1067,.T.);
#2676=EDGE_CURVE('',#2190,#2191,#1068,.T.);
#2677=EDGE_CURVE('',#2191,#2157,#1069,.T.);
#2678=EDGE_CURVE('',#2118,#2192,#1070,.T.);
#2679=EDGE_CURVE('',#2192,#2193,#1071,.T.);
#2680=EDGE_CURVE('',#2193,#2194,#1072,.T.);
#2681=EDGE_CURVE('',#2194,#2195,#1073,.T.);
#2682=EDGE_CURVE('',#2195,#2196,#1074,.T.);
#2683=EDGE_CURVE('',#2196,#2197,#1075,.T.);
#2684=EDGE_CURVE('',#2197,#2198,#1076,.T.);
#2685=EDGE_CURVE('',#2198,#2199,#1077,.T.);
#2686=EDGE_CURVE('',#2199,#2200,#1078,.T.);
#2687=EDGE_CURVE('',#2200,#2201,#1079,.T.);
#2688=EDGE_CURVE('',#2201,#2120,#1080,.T.);
#2689=EDGE_CURVE('',#2202,#2203,#1081,.T.);
#2690=EDGE_CURVE('',#2202,#2163,#1082,.T.);
#2691=EDGE_CURVE('',#2161,#2204,#1083,.T.);
#2692=EDGE_CURVE('',#2204,#2205,#1084,.T.);
#2693=EDGE_CURVE('',#2205,#2206,#1085,.T.);
#2694=EDGE_CURVE('',#2207,#2206,#1086,.T.);
#2695=EDGE_CURVE('',#2203,#2207,#1087,.T.);
#2696=EDGE_CURVE('',#2203,#2208,#1088,.T.);
#2697=EDGE_CURVE('',#2209,#2207,#1089,.T.);
#2698=EDGE_CURVE('',#2208,#2209,#1090,.T.);
#2699=EDGE_CURVE('',#2208,#2210,#1091,.T.);
#2700=EDGE_CURVE('',#2211,#2209,#1092,.T.);
#2701=EDGE_CURVE('',#2210,#2211,#1093,.T.);
#2702=EDGE_CURVE('',#2210,#2212,#1094,.T.);
#2703=EDGE_CURVE('',#2213,#2211,#1095,.T.);
#2704=EDGE_CURVE('',#2212,#2213,#1096,.T.);
#2705=EDGE_CURVE('',#2214,#2198,#1097,.T.);
#2706=EDGE_CURVE('',#2215,#2197,#1098,.T.);
#2707=EDGE_CURVE('',#2212,#2215,#1099,.T.);
#2708=EDGE_CURVE('',#2048,#2213,#1100,.T.);
#2709=EDGE_CURVE('',#2049,#2214,#1101,.T.);
#2710=EDGE_CURVE('',#2215,#2216,#1102,.T.);
#2711=EDGE_CURVE('',#2216,#2196,#1103,.T.);
#2712=EDGE_CURVE('',#2216,#2217,#1104,.T.);
#2713=EDGE_CURVE('',#2217,#2195,#1105,.T.);
#2714=EDGE_CURVE('',#2217,#2218,#1106,.T.);
#2715=EDGE_CURVE('',#2218,#2194,#1107,.T.);
#2716=EDGE_CURVE('',#2218,#2219,#1108,.T.);
#2717=EDGE_CURVE('',#2219,#2193,#1109,.T.);
#2718=EDGE_CURVE('',#2219,#2220,#1110,.T.);
#2719=EDGE_CURVE('',#2220,#2192,#1111,.T.);
#2720=EDGE_CURVE('',#2221,#2188,#1112,.T.);
#2721=EDGE_CURVE('',#2222,#2187,#1113,.T.);
#2722=EDGE_CURVE('',#2220,#2222,#1114,.T.);
#2723=EDGE_CURVE('',#2119,#2221,#1115,.T.);
#2724=EDGE_CURVE('',#2222,#2223,#1116,.T.);
#2725=EDGE_CURVE('',#2223,#2186,#1117,.T.);
#2726=EDGE_CURVE('',#2223,#2224,#1118,.T.);
#2727=EDGE_CURVE('',#2224,#2185,#1119,.T.);
#2728=EDGE_CURVE('',#2224,#2225,#1120,.T.);
#2729=EDGE_CURVE('',#2225,#2184,#1121,.T.);
#2730=EDGE_CURVE('',#2225,#2226,#1122,.T.);
#2731=EDGE_CURVE('',#2226,#2183,#1123,.T.);
#2732=EDGE_CURVE('',#2226,#2227,#1124,.T.);
#2733=EDGE_CURVE('',#2227,#2182,#1125,.T.);
#2734=EDGE_CURVE('',#2228,#2173,#1126,.T.);
#2735=EDGE_CURVE('',#2229,#2172,#1127,.T.);
#2736=EDGE_CURVE('',#2227,#2229,#1128,.T.);
#2737=EDGE_CURVE('',#2156,#2228,#1129,.T.);
#2738=EDGE_CURVE('',#2229,#2230,#1130,.T.);
#2739=EDGE_CURVE('',#2230,#2171,#1131,.T.);
#2740=EDGE_CURVE('',#2230,#2231,#1132,.T.);
#2741=EDGE_CURVE('',#2231,#2170,#1133,.T.);
#2742=EDGE_CURVE('',#2231,#2101,#1134,.T.);
#2743=EDGE_CURVE('',#2100,#2232,#1135,.T.);
#2744=EDGE_CURVE('',#2232,#2181,#1136,.T.);
#2745=EDGE_CURVE('',#2232,#2233,#1137,.T.);
#2746=EDGE_CURVE('',#2233,#2180,#1138,.T.);
#2747=EDGE_CURVE('',#2233,#2234,#1139,.T.);
#2748=EDGE_CURVE('',#2234,#2179,#1140,.T.);
#2749=EDGE_CURVE('',#2234,#2235,#1141,.T.);
#2750=EDGE_CURVE('',#2235,#2178,#1142,.T.);
#2751=EDGE_CURVE('',#2235,#2074,#1143,.T.);
#2752=EDGE_CURVE('',#2073,#2236,#1144,.T.);
#2753=EDGE_CURVE('',#2236,#2167,#1145,.T.);
#2754=EDGE_CURVE('',#2236,#2237,#1146,.T.);
#2755=EDGE_CURVE('',#2237,#2166,#1147,.T.);
#2756=EDGE_CURVE('',#2237,#2238,#1148,.T.);
#2757=EDGE_CURVE('',#2238,#2165,#1149,.T.);
#2758=EDGE_CURVE('',#2238,#2239,#1150,.T.);
#2759=EDGE_CURVE('',#2239,#2164,#1151,.T.);
#2760=EDGE_CURVE('',#2239,#2202,#1152,.T.);
#2761=EDGE_CURVE('',#2206,#2240,#1153,.T.);
#2762=EDGE_CURVE('',#2240,#2050,#1154,.T.);
#2763=EDGE_CURVE('',#2241,#2089,#1155,.T.);
#2764=EDGE_CURVE('',#2242,#2241,#1156,.T.);
#2765=EDGE_CURVE('',#2243,#2242,#1157,.T.);
#2766=EDGE_CURVE('',#2175,#2243,#1158,.T.);
#2767=EDGE_CURVE('',#2097,#2090,#1159,.T.);
#2768=EDGE_CURVE('',#2244,#2245,#1160,.T.);
#2769=EDGE_CURVE('',#2152,#2244,#1161,.T.);
#2770=EDGE_CURVE('',#2246,#2151,#1162,.T.);
#2771=EDGE_CURVE('',#2174,#2246,#1163,.T.);
#2772=EDGE_CURVE('',#2228,#2245,#1164,.T.);
#2773=EDGE_CURVE('',#2247,#2248,#1165,.T.);
#2774=EDGE_CURVE('',#2115,#2247,#1166,.T.);
#2775=EDGE_CURVE('',#2249,#2114,#1167,.T.);
#2776=EDGE_CURVE('',#2189,#2249,#1168,.T.);
#2777=EDGE_CURVE('',#2221,#2248,#1169,.T.);
#2778=EDGE_CURVE('',#2250,#2244,#1170,.T.);
#2779=EDGE_CURVE('',#2153,#2250,#1171,.T.);
#2780=EDGE_CURVE('',#2140,#2250,#1172,.T.);
#2781=EDGE_CURVE('',#2245,#2160,#1173,.T.);
#2782=EDGE_CURVE('',#2159,#2154,#1174,.T.);
#2783=EDGE_CURVE('',#2251,#2247,#1175,.T.);
#2784=EDGE_CURVE('',#2116,#2251,#1176,.T.);
#2785=EDGE_CURVE('',#2103,#2251,#1177,.T.);
#2786=EDGE_CURVE('',#2248,#2123,#1178,.T.);
#2787=EDGE_CURVE('',#2122,#2117,#1179,.T.);
#2788=EDGE_CURVE('',#2045,#2252,#1180,.T.);
#2789=EDGE_CURVE('',#2253,#2252,#1181,.T.);
#2790=EDGE_CURVE('',#2046,#2253,#1182,.T.);
#2791=EDGE_CURVE('',#2033,#2253,#1183,.T.);
#2792=EDGE_CURVE('',#2252,#2254,#1184,.T.);
#2793=EDGE_CURVE('',#2254,#2053,#1185,.T.);
#2794=EDGE_CURVE('',#2052,#2047,#1186,.T.);
#2795=EDGE_CURVE('',#2138,#2255,#1187,.T.);
#2796=EDGE_CURVE('',#2129,#2255,#1188,.T.);
#2797=EDGE_CURVE('',#2255,#2256,#1189,.T.);
#2798=EDGE_CURVE('',#2256,#2257,#1190,.T.);
#2799=EDGE_CURVE('',#2257,#2258,#1191,.T.);
#2800=EDGE_CURVE('',#2258,#2139,#1192,.T.);
#2801=EDGE_CURVE('',#2131,#2258,#1193,.T.);
#2802=EDGE_CURVE('',#2076,#2259,#1194,.T.);
#2803=EDGE_CURVE('',#2259,#2061,#1195,.T.);
#2804=EDGE_CURVE('',#2259,#2056,#1196,.T.);
#2805=EDGE_CURVE('',#2260,#2060,#1197,.T.);
#2806=EDGE_CURVE('',#2054,#2260,#1198,.T.);
#2807=EDGE_CURVE('',#2260,#2069,#1199,.T.);
#2808=EDGE_CURVE('',#2068,#2261,#1200,.T.);
#2809=EDGE_CURVE('',#2261,#2262,#1201,.T.);
#2810=EDGE_CURVE('',#2263,#2262,#1202,.T.);
#2811=EDGE_CURVE('',#2263,#2264,#1203,.T.);
#2812=EDGE_CURVE('',#2264,#2077,#1204,.T.);
#2813=EDGE_CURVE('',#2241,#2265,#1205,.T.);
#2814=EDGE_CURVE('',#2265,#2088,#1206,.T.);
#2815=EDGE_CURVE('',#2265,#2082,#1207,.T.);
#2816=EDGE_CURVE('',#2085,#2096,#1208,.T.);
#2817=EDGE_CURVE('',#2095,#2266,#1209,.T.);
#2818=EDGE_CURVE('',#2266,#2267,#1210,.T.);
#2819=EDGE_CURVE('',#2268,#2267,#1211,.T.);
#2820=EDGE_CURVE('',#2268,#2269,#1212,.T.);
#2821=EDGE_CURVE('',#2269,#2242,#1213,.T.);
#2822=EDGE_CURVE('',#2270,#2112,#1214,.T.);
#2823=EDGE_CURVE('',#2270,#2271,#1215,.T.);
#2824=EDGE_CURVE('',#2113,#2271,#1216,.T.);
#2825=EDGE_CURVE('',#2271,#2249,#1217,.T.);
#2826=EDGE_CURVE('',#2272,#2135,#1218,.T.);
#2827=EDGE_CURVE('',#2272,#2273,#1219,.T.);
#2828=EDGE_CURVE('',#2136,#2273,#1220,.T.);
#2829=EDGE_CURVE('',#2274,#2137,#1221,.T.);
#2830=EDGE_CURVE('',#2273,#2274,#1222,.T.);
#2831=EDGE_CURVE('',#2111,#2275,#1223,.T.);
#2832=EDGE_CURVE('',#2275,#2270,#1224,.T.);
#2833=EDGE_CURVE('',#2148,#2276,#1225,.T.);
#2834=EDGE_CURVE('',#2277,#2147,#1226,.T.);
#2835=EDGE_CURVE('',#2276,#2277,#1227,.T.);
#2836=EDGE_CURVE('',#2158,#2277,#1228,.T.);
#2837=EDGE_CURVE('',#2276,#2278,#1229,.T.);
#2838=EDGE_CURVE('',#2278,#2149,#1230,.T.);
#2839=EDGE_CURVE('',#2134,#2279,#1231,.T.);
#2840=EDGE_CURVE('',#2279,#2272,#1232,.T.);
#2841=EDGE_CURVE('',#2267,#2280,#1233,.T.);
#2842=EDGE_CURVE('',#2281,#2266,#1234,.T.);
#2843=EDGE_CURVE('',#2280,#2281,#1235,.T.);
#2844=EDGE_CURVE('',#2094,#2281,#1236,.T.);
#2845=EDGE_CURVE('',#2280,#2282,#1237,.T.);
#2846=EDGE_CURVE('',#2282,#2268,#1238,.T.);
#2847=EDGE_CURVE('',#2262,#2283,#1239,.T.);
#2848=EDGE_CURVE('',#2284,#2261,#1240,.T.);
#2849=EDGE_CURVE('',#2283,#2284,#1241,.T.);
#2850=EDGE_CURVE('',#2067,#2284,#1242,.T.);
#2851=EDGE_CURVE('',#2283,#2285,#1243,.T.);
#2852=EDGE_CURVE('',#2285,#2263,#1244,.T.);
#2853=EDGE_CURVE('',#2041,#2286,#1245,.T.);
#2854=EDGE_CURVE('',#2287,#2040,#1246,.T.);
#2855=EDGE_CURVE('',#2286,#2287,#1247,.T.);
#2856=EDGE_CURVE('',#2051,#2287,#1248,.T.);
#2857=EDGE_CURVE('',#2286,#2288,#1249,.T.);
#2858=EDGE_CURVE('',#2288,#2042,#1250,.T.);
#2859=EDGE_CURVE('',#2289,#2110,#1251,.T.);
#2860=EDGE_CURVE('',#2275,#2289,#1252,.T.);
#2861=EDGE_CURVE('',#2121,#2289,#1253,.T.);
#2862=EDGE_CURVE('',#2290,#2133,#1254,.T.);
#2863=EDGE_CURVE('',#2279,#2290,#1255,.T.);
#2864=EDGE_CURVE('',#2132,#2291,#1256,.T.);
#2865=EDGE_CURVE('',#2291,#2290,#1257,.T.);
#2866=EDGE_CURVE('',#2278,#2292,#1258,.T.);
#2867=EDGE_CURVE('',#2150,#2292,#1259,.T.);
#2868=EDGE_CURVE('',#2292,#2246,#1260,.T.);
#2869=EDGE_CURVE('',#2282,#2293,#1261,.T.);
#2870=EDGE_CURVE('',#2269,#2293,#1262,.T.);
#2871=EDGE_CURVE('',#2293,#2243,#1263,.T.);
#2872=EDGE_CURVE('',#2285,#2294,#1264,.T.);
#2873=EDGE_CURVE('',#2264,#2294,#1265,.T.);
#2874=EDGE_CURVE('',#2294,#2078,#1266,.T.);
#2875=EDGE_CURVE('',#2288,#2295,#1267,.T.);
#2876=EDGE_CURVE('',#2043,#2295,#1268,.T.);
#2877=EDGE_CURVE('',#2296,#2044,#1269,.T.);
#2878=EDGE_CURVE('',#2295,#2296,#1270,.T.);
#2879=EDGE_CURVE('',#2162,#2291,#1271,.T.);
#2880=EDGE_CURVE('',#2257,#2204,#1272,.T.);
#2881=EDGE_CURVE('',#2205,#2256,#1273,.T.);
#2882=EDGE_CURVE('',#2240,#2274,#1274,.T.);
#2883=EDGE_CURVE('',#2199,#2296,#1275,.T.);
#2884=EDGE_CURVE('',#2214,#2254,#1276,.T.);
#2885=EDGE_CURVE('',#2297,#2298,#1277,.T.);
#2886=EDGE_CURVE('',#2297,#2176,#1278,.T.);
#2887=EDGE_CURVE('',#2298,#2175,#1279,.T.);
#2888=EDGE_CURVE('',#2299,#2298,#1280,.T.);
#2889=EDGE_CURVE('',#2299,#2093,#1281,.T.);
#2890=EDGE_CURVE('',#2299,#2300,#1282,.T.);
#2891=EDGE_CURVE('',#2300,#2174,#1283,.T.);
#2892=EDGE_CURVE('',#2300,#2301,#1284,.T.);
#2893=EDGE_CURVE('',#2301,#2157,#1285,.T.);
#2894=EDGE_CURVE('',#2301,#2302,#1286,.T.);
#2895=EDGE_CURVE('',#2302,#2191,#1287,.T.);
#2896=EDGE_CURVE('',#2302,#2303,#1288,.T.);
#2897=EDGE_CURVE('',#2303,#2190,#1289,.T.);
#2898=EDGE_CURVE('',#2304,#2303,#1290,.T.);
#2899=EDGE_CURVE('',#2304,#2201,#1291,.T.);
#2900=EDGE_CURVE('',#2305,#2304,#1292,.T.);
#2901=EDGE_CURVE('',#2305,#2200,#1293,.T.);
#2902=EDGE_CURVE('',#2305,#2306,#1294,.T.);
#2903=EDGE_CURVE('',#2306,#2199,#1295,.T.);
#2904=EDGE_CURVE('',#2306,#2307,#1296,.T.);
#2905=EDGE_CURVE('',#2307,#2050,#1297,.T.);
#2906=EDGE_CURVE('',#2307,#2308,#1298,.T.);
#2907=EDGE_CURVE('',#2308,#2240,#1299,.T.);
#2908=EDGE_CURVE('',#2309,#2308,#1300,.T.);
#2909=EDGE_CURVE('',#2309,#2162,#1301,.T.);
#2910=EDGE_CURVE('',#2309,#2310,#1302,.T.);
#2911=EDGE_CURVE('',#2310,#2169,#1303,.T.);
#2912=EDGE_CURVE('',#2311,#2310,#1304,.T.);
#2913=EDGE_CURVE('',#2311,#2168,#1305,.T.);
#2914=EDGE_CURVE('',#2312,#2311,#1306,.T.);
#2915=EDGE_CURVE('',#2312,#2177,#1307,.T.);
#2916=EDGE_CURVE('',#2297,#2312,#1308,.T.);
#2917=ORIENTED_EDGE('',*,*,#2313,.F.);
#2918=ORIENTED_EDGE('',*,*,#2314,.T.);
#2919=ORIENTED_EDGE('',*,*,#2315,.F.);
#2920=ORIENTED_EDGE('',*,*,#2314,.F.);
#2921=ORIENTED_EDGE('',*,*,#2316,.F.);
#2922=ORIENTED_EDGE('',*,*,#2317,.T.);
#2923=ORIENTED_EDGE('',*,*,#2318,.F.);
#2924=ORIENTED_EDGE('',*,*,#2317,.F.);
#2925=ORIENTED_EDGE('',*,*,#2319,.F.);
#2926=ORIENTED_EDGE('',*,*,#2320,.T.);
#2927=ORIENTED_EDGE('',*,*,#2321,.T.);
#2928=ORIENTED_EDGE('',*,*,#2320,.F.);
#2929=ORIENTED_EDGE('',*,*,#2321,.F.);
#2930=ORIENTED_EDGE('',*,*,#2322,.F.);
#2931=ORIENTED_EDGE('',*,*,#2323,.T.);
#2932=ORIENTED_EDGE('',*,*,#2324,.T.);
#2933=ORIENTED_EDGE('',*,*,#2323,.F.);
#2934=ORIENTED_EDGE('',*,*,#2324,.F.);
#2935=ORIENTED_EDGE('',*,*,#2325,.F.);
#2936=ORIENTED_EDGE('',*,*,#2326,.T.);
#2937=ORIENTED_EDGE('',*,*,#2327,.T.);
#2938=ORIENTED_EDGE('',*,*,#2326,.F.);
#2939=ORIENTED_EDGE('',*,*,#2327,.F.);
#2940=ORIENTED_EDGE('',*,*,#2328,.F.);
#2941=ORIENTED_EDGE('',*,*,#2329,.T.);
#2942=ORIENTED_EDGE('',*,*,#2330,.T.);
#2943=ORIENTED_EDGE('',*,*,#2329,.F.);
#2944=ORIENTED_EDGE('',*,*,#2330,.F.);
#2945=ORIENTED_EDGE('',*,*,#2331,.F.);
#2946=ORIENTED_EDGE('',*,*,#2332,.T.);
#2947=ORIENTED_EDGE('',*,*,#2333,.T.);
#2948=ORIENTED_EDGE('',*,*,#2332,.F.);
#2949=ORIENTED_EDGE('',*,*,#2333,.F.);
#2950=ORIENTED_EDGE('',*,*,#2334,.F.);
#2951=ORIENTED_EDGE('',*,*,#2335,.T.);
#2952=ORIENTED_EDGE('',*,*,#2336,.T.);
#2953=ORIENTED_EDGE('',*,*,#2335,.F.);
#2954=ORIENTED_EDGE('',*,*,#2336,.F.);
#2955=ORIENTED_EDGE('',*,*,#2337,.F.);
#2956=ORIENTED_EDGE('',*,*,#2338,.T.);
#2957=ORIENTED_EDGE('',*,*,#2339,.T.);
#2958=ORIENTED_EDGE('',*,*,#2338,.F.);
#2959=ORIENTED_EDGE('',*,*,#2339,.F.);
#2960=ORIENTED_EDGE('',*,*,#2340,.F.);
#2961=ORIENTED_EDGE('',*,*,#2341,.T.);
#2962=ORIENTED_EDGE('',*,*,#2342,.T.);
#2963=ORIENTED_EDGE('',*,*,#2341,.F.);
#2964=ORIENTED_EDGE('',*,*,#2342,.F.);
#2965=ORIENTED_EDGE('',*,*,#2343,.F.);
#2966=ORIENTED_EDGE('',*,*,#2344,.T.);
#2967=ORIENTED_EDGE('',*,*,#2345,.T.);
#2968=ORIENTED_EDGE('',*,*,#2344,.F.);
#2969=ORIENTED_EDGE('',*,*,#2345,.F.);
#2970=ORIENTED_EDGE('',*,*,#2346,.F.);
#2971=ORIENTED_EDGE('',*,*,#2347,.T.);
#2972=ORIENTED_EDGE('',*,*,#2348,.T.);
#2973=ORIENTED_EDGE('',*,*,#2347,.F.);
#2974=ORIENTED_EDGE('',*,*,#2348,.F.);
#2975=ORIENTED_EDGE('',*,*,#2349,.F.);
#2976=ORIENTED_EDGE('',*,*,#2350,.T.);
#2977=ORIENTED_EDGE('',*,*,#2351,.T.);
#2978=ORIENTED_EDGE('',*,*,#2350,.F.);
#2979=ORIENTED_EDGE('',*,*,#2351,.F.);
#2980=ORIENTED_EDGE('',*,*,#2352,.F.);
#2981=ORIENTED_EDGE('',*,*,#2353,.T.);
#2982=ORIENTED_EDGE('',*,*,#2354,.T.);
#2983=ORIENTED_EDGE('',*,*,#2353,.F.);
#2984=ORIENTED_EDGE('',*,*,#2354,.F.);
#2985=ORIENTED_EDGE('',*,*,#2355,.F.);
#2986=ORIENTED_EDGE('',*,*,#2356,.T.);
#2987=ORIENTED_EDGE('',*,*,#2357,.F.);
#2988=ORIENTED_EDGE('',*,*,#2356,.F.);
#2989=ORIENTED_EDGE('',*,*,#2358,.F.);
#2990=ORIENTED_EDGE('',*,*,#2359,.T.);
#2991=ORIENTED_EDGE('',*,*,#2360,.F.);
#2992=ORIENTED_EDGE('',*,*,#2359,.F.);
#2993=ORIENTED_EDGE('',*,*,#2361,.F.);
#2994=ORIENTED_EDGE('',*,*,#2362,.T.);
#2995=ORIENTED_EDGE('',*,*,#2363,.F.);
#2996=ORIENTED_EDGE('',*,*,#2362,.F.);
#2997=ORIENTED_EDGE('',*,*,#2364,.F.);
#2998=ORIENTED_EDGE('',*,*,#2365,.T.);
#2999=ORIENTED_EDGE('',*,*,#2366,.F.);
#3000=ORIENTED_EDGE('',*,*,#2365,.F.);
#3001=ORIENTED_EDGE('',*,*,#2367,.F.);
#3002=ORIENTED_EDGE('',*,*,#2368,.T.);
#3003=ORIENTED_EDGE('',*,*,#2369,.F.);
#3004=ORIENTED_EDGE('',*,*,#2368,.F.);
#3005=ORIENTED_EDGE('',*,*,#2370,.F.);
#3006=ORIENTED_EDGE('',*,*,#2371,.T.);
#3007=ORIENTED_EDGE('',*,*,#2372,.F.);
#3008=ORIENTED_EDGE('',*,*,#2371,.F.);
#3009=ORIENTED_EDGE('',*,*,#2373,.F.);
#3010=ORIENTED_EDGE('',*,*,#2374,.T.);
#3011=ORIENTED_EDGE('',*,*,#2375,.F.);
#3012=ORIENTED_EDGE('',*,*,#2374,.F.);
#3013=ORIENTED_EDGE('',*,*,#2376,.F.);
#3014=ORIENTED_EDGE('',*,*,#2377,.T.);
#3015=ORIENTED_EDGE('',*,*,#2378,.F.);
#3016=ORIENTED_EDGE('',*,*,#2377,.F.);
#3017=ORIENTED_EDGE('',*,*,#2379,.F.);
#3018=ORIENTED_EDGE('',*,*,#2380,.T.);
#3019=ORIENTED_EDGE('',*,*,#2381,.F.);
#3020=ORIENTED_EDGE('',*,*,#2380,.F.);
#3021=ORIENTED_EDGE('',*,*,#2382,.F.);
#3022=ORIENTED_EDGE('',*,*,#2383,.T.);
#3023=ORIENTED_EDGE('',*,*,#2384,.F.);
#3024=ORIENTED_EDGE('',*,*,#2383,.F.);
#3025=ORIENTED_EDGE('',*,*,#2385,.F.);
#3026=ORIENTED_EDGE('',*,*,#2386,.T.);
#3027=ORIENTED_EDGE('',*,*,#2387,.F.);
#3028=ORIENTED_EDGE('',*,*,#2386,.F.);
#3029=ORIENTED_EDGE('',*,*,#2388,.F.);
#3030=ORIENTED_EDGE('',*,*,#2389,.T.);
#3031=ORIENTED_EDGE('',*,*,#2390,.F.);
#3032=ORIENTED_EDGE('',*,*,#2389,.F.);
#3033=ORIENTED_EDGE('',*,*,#2391,.F.);
#3034=ORIENTED_EDGE('',*,*,#2392,.T.);
#3035=ORIENTED_EDGE('',*,*,#2393,.F.);
#3036=ORIENTED_EDGE('',*,*,#2392,.F.);
#3037=ORIENTED_EDGE('',*,*,#2394,.F.);
#3038=ORIENTED_EDGE('',*,*,#2395,.T.);
#3039=ORIENTED_EDGE('',*,*,#2396,.F.);
#3040=ORIENTED_EDGE('',*,*,#2395,.F.);
#3041=ORIENTED_EDGE('',*,*,#2397,.F.);
#3042=ORIENTED_EDGE('',*,*,#2398,.T.);
#3043=ORIENTED_EDGE('',*,*,#2399,.F.);
#3044=ORIENTED_EDGE('',*,*,#2398,.F.);
#3045=ORIENTED_EDGE('',*,*,#2400,.F.);
#3046=ORIENTED_EDGE('',*,*,#2401,.T.);
#3047=ORIENTED_EDGE('',*,*,#2402,.F.);
#3048=ORIENTED_EDGE('',*,*,#2401,.F.);
#3049=ORIENTED_EDGE('',*,*,#2403,.F.);
#3050=ORIENTED_EDGE('',*,*,#2404,.T.);
#3051=ORIENTED_EDGE('',*,*,#2405,.F.);
#3052=ORIENTED_EDGE('',*,*,#2404,.F.);
#3053=ORIENTED_EDGE('',*,*,#2406,.F.);
#3054=ORIENTED_EDGE('',*,*,#2407,.T.);
#3055=ORIENTED_EDGE('',*,*,#2408,.F.);
#3056=ORIENTED_EDGE('',*,*,#2407,.F.);
#3057=ORIENTED_EDGE('',*,*,#2409,.F.);
#3058=ORIENTED_EDGE('',*,*,#2410,.T.);
#3059=ORIENTED_EDGE('',*,*,#2411,.F.);
#3060=ORIENTED_EDGE('',*,*,#2410,.F.);
#3061=ORIENTED_EDGE('',*,*,#2412,.F.);
#3062=ORIENTED_EDGE('',*,*,#2413,.T.);
#3063=ORIENTED_EDGE('',*,*,#2414,.F.);
#3064=ORIENTED_EDGE('',*,*,#2413,.F.);
#3065=ORIENTED_EDGE('',*,*,#2415,.F.);
#3066=ORIENTED_EDGE('',*,*,#2416,.T.);
#3067=ORIENTED_EDGE('',*,*,#2417,.F.);
#3068=ORIENTED_EDGE('',*,*,#2416,.F.);
#3069=ORIENTED_EDGE('',*,*,#2418,.F.);
#3070=ORIENTED_EDGE('',*,*,#2419,.T.);
#3071=ORIENTED_EDGE('',*,*,#2420,.F.);
#3072=ORIENTED_EDGE('',*,*,#2419,.F.);
#3073=ORIENTED_EDGE('',*,*,#2421,.F.);
#3074=ORIENTED_EDGE('',*,*,#2422,.T.);
#3075=ORIENTED_EDGE('',*,*,#2423,.F.);
#3076=ORIENTED_EDGE('',*,*,#2422,.F.);
#3077=ORIENTED_EDGE('',*,*,#2424,.F.);
#3078=ORIENTED_EDGE('',*,*,#2425,.T.);
#3079=ORIENTED_EDGE('',*,*,#2426,.F.);
#3080=ORIENTED_EDGE('',*,*,#2425,.F.);
#3081=ORIENTED_EDGE('',*,*,#2427,.F.);
#3082=ORIENTED_EDGE('',*,*,#2428,.T.);
#3083=ORIENTED_EDGE('',*,*,#2429,.F.);
#3084=ORIENTED_EDGE('',*,*,#2428,.F.);
#3085=ORIENTED_EDGE('',*,*,#2430,.F.);
#3086=ORIENTED_EDGE('',*,*,#2431,.T.);
#3087=ORIENTED_EDGE('',*,*,#2432,.F.);
#3088=ORIENTED_EDGE('',*,*,#2431,.F.);
#3089=ORIENTED_EDGE('',*,*,#2433,.F.);
#3090=ORIENTED_EDGE('',*,*,#2434,.T.);
#3091=ORIENTED_EDGE('',*,*,#2435,.F.);
#3092=ORIENTED_EDGE('',*,*,#2434,.F.);
#3093=ORIENTED_EDGE('',*,*,#2436,.F.);
#3094=ORIENTED_EDGE('',*,*,#2437,.T.);
#3095=ORIENTED_EDGE('',*,*,#2438,.F.);
#3096=ORIENTED_EDGE('',*,*,#2437,.F.);
#3097=ORIENTED_EDGE('',*,*,#2439,.F.);
#3098=ORIENTED_EDGE('',*,*,#2440,.T.);
#3099=ORIENTED_EDGE('',*,*,#2441,.F.);
#3100=ORIENTED_EDGE('',*,*,#2440,.F.);
#3101=ORIENTED_EDGE('',*,*,#2442,.F.);
#3102=ORIENTED_EDGE('',*,*,#2443,.T.);
#3103=ORIENTED_EDGE('',*,*,#2444,.F.);
#3104=ORIENTED_EDGE('',*,*,#2443,.F.);
#3105=ORIENTED_EDGE('',*,*,#2445,.F.);
#3106=ORIENTED_EDGE('',*,*,#2446,.T.);
#3107=ORIENTED_EDGE('',*,*,#2447,.F.);
#3108=ORIENTED_EDGE('',*,*,#2446,.F.);
#3109=ORIENTED_EDGE('',*,*,#2448,.F.);
#3110=ORIENTED_EDGE('',*,*,#2449,.T.);
#3111=ORIENTED_EDGE('',*,*,#2450,.F.);
#3112=ORIENTED_EDGE('',*,*,#2449,.F.);
#3113=ORIENTED_EDGE('',*,*,#2451,.F.);
#3114=ORIENTED_EDGE('',*,*,#2452,.T.);
#3115=ORIENTED_EDGE('',*,*,#2453,.F.);
#3116=ORIENTED_EDGE('',*,*,#2452,.F.);
#3117=ORIENTED_EDGE('',*,*,#2454,.F.);
#3118=ORIENTED_EDGE('',*,*,#2455,.T.);
#3119=ORIENTED_EDGE('',*,*,#2456,.F.);
#3120=ORIENTED_EDGE('',*,*,#2455,.F.);
#3121=ORIENTED_EDGE('',*,*,#2457,.F.);
#3122=ORIENTED_EDGE('',*,*,#2458,.T.);
#3123=ORIENTED_EDGE('',*,*,#2459,.F.);
#3124=ORIENTED_EDGE('',*,*,#2458,.F.);
#3125=ORIENTED_EDGE('',*,*,#2460,.F.);
#3126=ORIENTED_EDGE('',*,*,#2461,.T.);
#3127=ORIENTED_EDGE('',*,*,#2462,.F.);
#3128=ORIENTED_EDGE('',*,*,#2461,.F.);
#3129=ORIENTED_EDGE('',*,*,#2463,.F.);
#3130=ORIENTED_EDGE('',*,*,#2464,.T.);
#3131=ORIENTED_EDGE('',*,*,#2465,.F.);
#3132=ORIENTED_EDGE('',*,*,#2464,.F.);
#3133=ORIENTED_EDGE('',*,*,#2466,.F.);
#3134=ORIENTED_EDGE('',*,*,#2467,.T.);
#3135=ORIENTED_EDGE('',*,*,#2468,.F.);
#3136=ORIENTED_EDGE('',*,*,#2467,.F.);
#3137=ORIENTED_EDGE('',*,*,#2469,.F.);
#3138=ORIENTED_EDGE('',*,*,#2470,.T.);
#3139=ORIENTED_EDGE('',*,*,#2471,.F.);
#3140=ORIENTED_EDGE('',*,*,#2470,.F.);
#3141=ORIENTED_EDGE('',*,*,#2472,.F.);
#3142=ORIENTED_EDGE('',*,*,#2473,.T.);
#3143=ORIENTED_EDGE('',*,*,#2474,.F.);
#3144=ORIENTED_EDGE('',*,*,#2473,.F.);
#3145=ORIENTED_EDGE('',*,*,#2475,.F.);
#3146=ORIENTED_EDGE('',*,*,#2476,.T.);
#3147=ORIENTED_EDGE('',*,*,#2477,.F.);
#3148=ORIENTED_EDGE('',*,*,#2476,.F.);
#3149=ORIENTED_EDGE('',*,*,#2478,.F.);
#3150=ORIENTED_EDGE('',*,*,#2479,.T.);
#3151=ORIENTED_EDGE('',*,*,#2480,.F.);
#3152=ORIENTED_EDGE('',*,*,#2479,.F.);
#3153=ORIENTED_EDGE('',*,*,#2481,.F.);
#3154=ORIENTED_EDGE('',*,*,#2482,.T.);
#3155=ORIENTED_EDGE('',*,*,#2483,.F.);
#3156=ORIENTED_EDGE('',*,*,#2482,.F.);
#3157=ORIENTED_EDGE('',*,*,#2484,.F.);
#3158=ORIENTED_EDGE('',*,*,#2485,.T.);
#3159=ORIENTED_EDGE('',*,*,#2486,.F.);
#3160=ORIENTED_EDGE('',*,*,#2485,.F.);
#3161=ORIENTED_EDGE('',*,*,#2487,.F.);
#3162=ORIENTED_EDGE('',*,*,#2488,.T.);
#3163=ORIENTED_EDGE('',*,*,#2489,.F.);
#3164=ORIENTED_EDGE('',*,*,#2488,.F.);
#3165=ORIENTED_EDGE('',*,*,#2490,.F.);
#3166=ORIENTED_EDGE('',*,*,#2491,.T.);
#3167=ORIENTED_EDGE('',*,*,#2492,.F.);
#3168=ORIENTED_EDGE('',*,*,#2491,.F.);
#3169=ORIENTED_EDGE('',*,*,#2493,.F.);
#3170=ORIENTED_EDGE('',*,*,#2494,.T.);
#3171=ORIENTED_EDGE('',*,*,#2495,.F.);
#3172=ORIENTED_EDGE('',*,*,#2496,.F.);
#3173=ORIENTED_EDGE('',*,*,#2496,.T.);
#3174=ORIENTED_EDGE('',*,*,#2497,.T.);
#3175=ORIENTED_EDGE('',*,*,#2498,.T.);
#3176=ORIENTED_EDGE('',*,*,#2499,.F.);
#3177=ORIENTED_EDGE('',*,*,#2500,.T.);
#3178=ORIENTED_EDGE('',*,*,#2501,.T.);
#3179=ORIENTED_EDGE('',*,*,#2502,.F.);
#3180=ORIENTED_EDGE('',*,*,#2503,.T.);
#3181=ORIENTED_EDGE('',*,*,#2504,.T.);
#3182=ORIENTED_EDGE('',*,*,#2505,.T.);
#3183=ORIENTED_EDGE('',*,*,#2506,.T.);
#3184=ORIENTED_EDGE('',*,*,#2507,.T.);
#3185=ORIENTED_EDGE('',*,*,#2477,.T.);
#3186=ORIENTED_EDGE('',*,*,#2480,.T.);
#3187=ORIENTED_EDGE('',*,*,#2483,.T.);
#3188=ORIENTED_EDGE('',*,*,#2486,.T.);
#3189=ORIENTED_EDGE('',*,*,#2495,.T.);
#3190=ORIENTED_EDGE('',*,*,#2508,.F.);
#3191=ORIENTED_EDGE('',*,*,#2509,.F.);
#3192=ORIENTED_EDGE('',*,*,#2497,.F.);
#3193=ORIENTED_EDGE('',*,*,#2474,.T.);
#3194=ORIENTED_EDGE('',*,*,#2510,.F.);
#3195=ORIENTED_EDGE('',*,*,#2511,.T.);
#3196=ORIENTED_EDGE('',*,*,#2512,.T.);
#3197=ORIENTED_EDGE('',*,*,#2513,.F.);
#3198=ORIENTED_EDGE('',*,*,#2499,.T.);
#3199=ORIENTED_EDGE('',*,*,#2514,.T.);
#3200=ORIENTED_EDGE('',*,*,#2515,.F.);
#3201=ORIENTED_EDGE('',*,*,#2516,.T.);
#3202=ORIENTED_EDGE('',*,*,#2472,.T.);
#3203=ORIENTED_EDGE('',*,*,#2490,.T.);
#3204=ORIENTED_EDGE('',*,*,#2517,.F.);
#3205=ORIENTED_EDGE('',*,*,#2518,.F.);
#3206=ORIENTED_EDGE('',*,*,#2519,.F.);
#3207=ORIENTED_EDGE('',*,*,#2520,.T.);
#3208=ORIENTED_EDGE('',*,*,#2521,.T.);
#3209=ORIENTED_EDGE('',*,*,#2522,.T.);
#3210=ORIENTED_EDGE('',*,*,#2523,.T.);
#3211=ORIENTED_EDGE('',*,*,#2520,.F.);
#3212=ORIENTED_EDGE('',*,*,#2524,.T.);
#3213=ORIENTED_EDGE('',*,*,#2525,.T.);
#3214=ORIENTED_EDGE('',*,*,#2526,.T.);
#3215=ORIENTED_EDGE('',*,*,#2527,.T.);
#3216=ORIENTED_EDGE('',*,*,#2528,.F.);
#3217=ORIENTED_EDGE('',*,*,#2529,.T.);
#3218=ORIENTED_EDGE('',*,*,#2530,.T.);
#3219=ORIENTED_EDGE('',*,*,#2531,.F.);
#3220=ORIENTED_EDGE('',*,*,#2532,.T.);
#3221=ORIENTED_EDGE('',*,*,#2533,.T.);
#3222=ORIENTED_EDGE('',*,*,#2521,.F.);
#3223=ORIENTED_EDGE('',*,*,#2534,.T.);
#3224=ORIENTED_EDGE('',*,*,#2393,.T.);
#3225=ORIENTED_EDGE('',*,*,#2402,.T.);
#3226=ORIENTED_EDGE('',*,*,#2535,.T.);
#3227=ORIENTED_EDGE('',*,*,#2536,.F.);
#3228=ORIENTED_EDGE('',*,*,#2537,.F.);
#3229=ORIENTED_EDGE('',*,*,#2538,.F.);
#3230=ORIENTED_EDGE('',*,*,#2539,.T.);
#3231=ORIENTED_EDGE('',*,*,#2540,.F.);
#3232=ORIENTED_EDGE('',*,*,#2528,.T.);
#3233=ORIENTED_EDGE('',*,*,#2541,.T.);
#3234=ORIENTED_EDGE('',*,*,#2379,.T.);
#3235=ORIENTED_EDGE('',*,*,#2382,.T.);
#3236=ORIENTED_EDGE('',*,*,#2385,.T.);
#3237=ORIENTED_EDGE('',*,*,#2388,.T.);
#3238=ORIENTED_EDGE('',*,*,#2526,.F.);
#3239=ORIENTED_EDGE('',*,*,#2542,.F.);
#3240=ORIENTED_EDGE('',*,*,#2543,.F.);
#3241=ORIENTED_EDGE('',*,*,#2544,.F.);
#3242=ORIENTED_EDGE('',*,*,#2545,.F.);
#3243=ORIENTED_EDGE('',*,*,#2546,.F.);
#3244=ORIENTED_EDGE('',*,*,#2535,.F.);
#3245=ORIENTED_EDGE('',*,*,#2547,.T.);
#3246=ORIENTED_EDGE('',*,*,#2394,.T.);
#3247=ORIENTED_EDGE('',*,*,#2397,.T.);
#3248=ORIENTED_EDGE('',*,*,#2548,.F.);
#3249=ORIENTED_EDGE('',*,*,#2549,.F.);
#3250=ORIENTED_EDGE('',*,*,#2550,.F.);
#3251=ORIENTED_EDGE('',*,*,#2551,.T.);
#3252=ORIENTED_EDGE('',*,*,#2548,.T.);
#3253=ORIENTED_EDGE('',*,*,#2552,.F.);
#3254=ORIENTED_EDGE('',*,*,#2553,.F.);
#3255=ORIENTED_EDGE('',*,*,#2554,.F.);
#3256=ORIENTED_EDGE('',*,*,#2418,.T.);
#3257=ORIENTED_EDGE('',*,*,#2555,.T.);
#3258=ORIENTED_EDGE('',*,*,#2556,.T.);
#3259=ORIENTED_EDGE('',*,*,#2552,.T.);
#3260=ORIENTED_EDGE('',*,*,#2551,.F.);
#3261=ORIENTED_EDGE('',*,*,#2557,.T.);
#3262=ORIENTED_EDGE('',*,*,#2558,.T.);
#3263=ORIENTED_EDGE('',*,*,#2559,.T.);
#3264=ORIENTED_EDGE('',*,*,#2560,.T.);
#3265=ORIENTED_EDGE('',*,*,#2561,.F.);
#3266=ORIENTED_EDGE('',*,*,#2562,.T.);
#3267=ORIENTED_EDGE('',*,*,#2563,.T.);
#3268=ORIENTED_EDGE('',*,*,#2564,.F.);
#3269=ORIENTED_EDGE('',*,*,#2565,.T.);
#3270=ORIENTED_EDGE('',*,*,#2566,.T.);
#3271=ORIENTED_EDGE('',*,*,#2555,.F.);
#3272=ORIENTED_EDGE('',*,*,#2567,.T.);
#3273=ORIENTED_EDGE('',*,*,#2420,.T.);
#3274=ORIENTED_EDGE('',*,*,#2426,.T.);
#3275=ORIENTED_EDGE('',*,*,#2568,.T.);
#3276=ORIENTED_EDGE('',*,*,#2569,.F.);
#3277=ORIENTED_EDGE('',*,*,#2570,.F.);
#3278=ORIENTED_EDGE('',*,*,#2571,.F.);
#3279=ORIENTED_EDGE('',*,*,#2572,.T.);
#3280=ORIENTED_EDGE('',*,*,#2573,.F.);
#3281=ORIENTED_EDGE('',*,*,#2561,.T.);
#3282=ORIENTED_EDGE('',*,*,#2574,.T.);
#3283=ORIENTED_EDGE('',*,*,#2403,.T.);
#3284=ORIENTED_EDGE('',*,*,#2406,.T.);
#3285=ORIENTED_EDGE('',*,*,#2409,.T.);
#3286=ORIENTED_EDGE('',*,*,#2412,.T.);
#3287=ORIENTED_EDGE('',*,*,#2575,.F.);
#3288=ORIENTED_EDGE('',*,*,#2576,.T.);
#3289=ORIENTED_EDGE('',*,*,#2577,.F.);
#3290=ORIENTED_EDGE('',*,*,#2578,.F.);
#3291=ORIENTED_EDGE('',*,*,#2578,.T.);
#3292=ORIENTED_EDGE('',*,*,#2579,.T.);
#3293=ORIENTED_EDGE('',*,*,#2580,.T.);
#3294=ORIENTED_EDGE('',*,*,#2581,.F.);
#3295=ORIENTED_EDGE('',*,*,#2582,.T.);
#3296=ORIENTED_EDGE('',*,*,#2583,.T.);
#3297=ORIENTED_EDGE('',*,*,#2584,.F.);
#3298=ORIENTED_EDGE('',*,*,#2585,.T.);
#3299=ORIENTED_EDGE('',*,*,#2586,.T.);
#3300=ORIENTED_EDGE('',*,*,#2587,.T.);
#3301=ORIENTED_EDGE('',*,*,#2588,.T.);
#3302=ORIENTED_EDGE('',*,*,#2589,.T.);
#3303=ORIENTED_EDGE('',*,*,#2453,.T.);
#3304=ORIENTED_EDGE('',*,*,#2456,.T.);
#3305=ORIENTED_EDGE('',*,*,#2459,.T.);
#3306=ORIENTED_EDGE('',*,*,#2462,.T.);
#3307=ORIENTED_EDGE('',*,*,#2577,.T.);
#3308=ORIENTED_EDGE('',*,*,#2590,.F.);
#3309=ORIENTED_EDGE('',*,*,#2591,.F.);
#3310=ORIENTED_EDGE('',*,*,#2579,.F.);
#3311=ORIENTED_EDGE('',*,*,#2466,.T.);
#3312=ORIENTED_EDGE('',*,*,#2592,.F.);
#3313=ORIENTED_EDGE('',*,*,#2593,.T.);
#3314=ORIENTED_EDGE('',*,*,#2594,.T.);
#3315=ORIENTED_EDGE('',*,*,#2595,.F.);
#3316=ORIENTED_EDGE('',*,*,#2581,.T.);
#3317=ORIENTED_EDGE('',*,*,#2596,.T.);
#3318=ORIENTED_EDGE('',*,*,#2597,.F.);
#3319=ORIENTED_EDGE('',*,*,#2598,.T.);
#3320=ORIENTED_EDGE('',*,*,#2315,.T.);
#3321=ORIENTED_EDGE('',*,*,#2468,.T.);
#3322=ORIENTED_EDGE('',*,*,#2599,.T.);
#3323=ORIENTED_EDGE('',*,*,#2600,.F.);
#3324=ORIENTED_EDGE('',*,*,#2601,.F.);
#3325=ORIENTED_EDGE('',*,*,#2602,.F.);
#3326=ORIENTED_EDGE('',*,*,#2602,.T.);
#3327=ORIENTED_EDGE('',*,*,#2603,.F.);
#3328=ORIENTED_EDGE('',*,*,#2604,.T.);
#3329=ORIENTED_EDGE('',*,*,#2605,.F.);
#3330=ORIENTED_EDGE('',*,*,#2360,.T.);
#3331=ORIENTED_EDGE('',*,*,#2601,.T.);
#3332=ORIENTED_EDGE('',*,*,#2606,.T.);
#3333=ORIENTED_EDGE('',*,*,#2607,.T.);
#3334=ORIENTED_EDGE('',*,*,#2608,.F.);
#3335=ORIENTED_EDGE('',*,*,#2609,.T.);
#3336=ORIENTED_EDGE('',*,*,#2610,.T.);
#3337=ORIENTED_EDGE('',*,*,#2611,.F.);
#3338=ORIENTED_EDGE('',*,*,#2612,.T.);
#3339=ORIENTED_EDGE('',*,*,#2613,.T.);
#3340=ORIENTED_EDGE('',*,*,#2614,.T.);
#3341=ORIENTED_EDGE('',*,*,#2615,.T.);
#3342=ORIENTED_EDGE('',*,*,#2603,.T.);
#3343=ORIENTED_EDGE('',*,*,#2369,.T.);
#3344=ORIENTED_EDGE('',*,*,#2372,.T.);
#3345=ORIENTED_EDGE('',*,*,#2375,.T.);
#3346=ORIENTED_EDGE('',*,*,#2378,.T.);
#3347=ORIENTED_EDGE('',*,*,#2600,.T.);
#3348=ORIENTED_EDGE('',*,*,#2616,.F.);
#3349=ORIENTED_EDGE('',*,*,#2617,.F.);
#3350=ORIENTED_EDGE('',*,*,#2606,.F.);
#3351=ORIENTED_EDGE('',*,*,#2355,.T.);
#3352=ORIENTED_EDGE('',*,*,#2618,.F.);
#3353=ORIENTED_EDGE('',*,*,#2619,.T.);
#3354=ORIENTED_EDGE('',*,*,#2620,.F.);
#3355=ORIENTED_EDGE('',*,*,#2621,.F.);
#3356=ORIENTED_EDGE('',*,*,#2621,.T.);
#3357=ORIENTED_EDGE('',*,*,#2622,.T.);
#3358=ORIENTED_EDGE('',*,*,#2623,.T.);
#3359=ORIENTED_EDGE('',*,*,#2624,.F.);
#3360=ORIENTED_EDGE('',*,*,#2625,.T.);
#3361=ORIENTED_EDGE('',*,*,#2626,.T.);
#3362=ORIENTED_EDGE('',*,*,#2627,.F.);
#3363=ORIENTED_EDGE('',*,*,#2628,.T.);
#3364=ORIENTED_EDGE('',*,*,#2629,.T.);
#3365=ORIENTED_EDGE('',*,*,#2630,.T.);
#3366=ORIENTED_EDGE('',*,*,#2631,.T.);
#3367=ORIENTED_EDGE('',*,*,#2632,.T.);
#3368=ORIENTED_EDGE('',*,*,#2429,.T.);
#3369=ORIENTED_EDGE('',*,*,#2432,.T.);
#3370=ORIENTED_EDGE('',*,*,#2435,.T.);
#3371=ORIENTED_EDGE('',*,*,#2438,.T.);
#3372=ORIENTED_EDGE('',*,*,#2620,.T.);
#3373=ORIENTED_EDGE('',*,*,#2633,.F.);
#3374=ORIENTED_EDGE('',*,*,#2634,.F.);
#3375=ORIENTED_EDGE('',*,*,#2622,.F.);
#3376=ORIENTED_EDGE('',*,*,#2444,.T.);
#3377=ORIENTED_EDGE('',*,*,#2635,.F.);
#3378=ORIENTED_EDGE('',*,*,#2636,.T.);
#3379=ORIENTED_EDGE('',*,*,#2637,.T.);
#3380=ORIENTED_EDGE('',*,*,#2638,.F.);
#3381=ORIENTED_EDGE('',*,*,#2624,.T.);
#3382=ORIENTED_EDGE('',*,*,#2639,.T.);
#3383=ORIENTED_EDGE('',*,*,#2640,.F.);
#3384=ORIENTED_EDGE('',*,*,#2641,.T.);
#3385=ORIENTED_EDGE('',*,*,#2442,.T.);
#3386=ORIENTED_EDGE('',*,*,#2448,.T.);
#3387=ORIENTED_EDGE('',*,*,#2642,.F.);
#3388=ORIENTED_EDGE('',*,*,#2643,.T.);
#3389=ORIENTED_EDGE('',*,*,#2644,.T.);
#3390=ORIENTED_EDGE('',*,*,#2645,.T.);
#3391=ORIENTED_EDGE('',*,*,#2646,.T.);
#3392=ORIENTED_EDGE('',*,*,#2647,.T.);
#3393=ORIENTED_EDGE('',*,*,#2648,.T.);
#3394=ORIENTED_EDGE('',*,*,#2536,.T.);
#3395=ORIENTED_EDGE('',*,*,#2546,.T.);
#3396=ORIENTED_EDGE('',*,*,#2649,.T.);
#3397=ORIENTED_EDGE('',*,*,#2650,.T.);
#3398=ORIENTED_EDGE('',*,*,#2651,.T.);
#3399=ORIENTED_EDGE('',*,*,#2562,.F.);
#3400=ORIENTED_EDGE('',*,*,#2573,.T.);
#3401=ORIENTED_EDGE('',*,*,#2652,.T.);
#3402=ORIENTED_EDGE('',*,*,#2653,.T.);
#3403=ORIENTED_EDGE('',*,*,#2654,.T.);
#3404=ORIENTED_EDGE('',*,*,#2655,.T.);
#3405=ORIENTED_EDGE('',*,*,#2656,.T.);
#3406=ORIENTED_EDGE('',*,*,#2657,.T.);
#3407=ORIENTED_EDGE('',*,*,#2658,.T.);
#3408=ORIENTED_EDGE('',*,*,#2659,.T.);
#3409=ORIENTED_EDGE('',*,*,#2660,.T.);
#3410=ORIENTED_EDGE('',*,*,#2661,.T.);
#3411=ORIENTED_EDGE('',*,*,#2529,.F.);
#3412=ORIENTED_EDGE('',*,*,#2540,.T.);
#3413=ORIENTED_EDGE('',*,*,#2662,.T.);
#3414=ORIENTED_EDGE('',*,*,#2663,.T.);
#3415=ORIENTED_EDGE('',*,*,#2664,.T.);
#3416=ORIENTED_EDGE('',*,*,#2665,.T.);
#3417=ORIENTED_EDGE('',*,*,#2666,.T.);
#3418=ORIENTED_EDGE('',*,*,#2569,.T.);
#3419=ORIENTED_EDGE('',*,*,#2636,.F.);
#3420=ORIENTED_EDGE('',*,*,#2667,.T.);
#3421=ORIENTED_EDGE('',*,*,#2668,.T.);
#3422=ORIENTED_EDGE('',*,*,#2669,.T.);
#3423=ORIENTED_EDGE('',*,*,#2670,.T.);
#3424=ORIENTED_EDGE('',*,*,#2671,.T.);
#3425=ORIENTED_EDGE('',*,*,#2672,.T.);
#3426=ORIENTED_EDGE('',*,*,#2673,.T.);
#3427=ORIENTED_EDGE('',*,*,#2674,.T.);
#3428=ORIENTED_EDGE('',*,*,#2675,.T.);
#3429=ORIENTED_EDGE('',*,*,#2676,.T.);
#3430=ORIENTED_EDGE('',*,*,#2677,.T.);
#3431=ORIENTED_EDGE('',*,*,#2593,.F.);
#3432=ORIENTED_EDGE('',*,*,#2678,.T.);
#3433=ORIENTED_EDGE('',*,*,#2679,.T.);
#3434=ORIENTED_EDGE('',*,*,#2680,.T.);
#3435=ORIENTED_EDGE('',*,*,#2681,.T.);
#3436=ORIENTED_EDGE('',*,*,#2682,.T.);
#3437=ORIENTED_EDGE('',*,*,#2683,.T.);
#3438=ORIENTED_EDGE('',*,*,#2684,.T.);
#3439=ORIENTED_EDGE('',*,*,#2685,.T.);
#3440=ORIENTED_EDGE('',*,*,#2686,.T.);
#3441=ORIENTED_EDGE('',*,*,#2687,.T.);
#3442=ORIENTED_EDGE('',*,*,#2688,.T.);
#3443=ORIENTED_EDGE('',*,*,#2689,.F.);
#3444=ORIENTED_EDGE('',*,*,#2690,.T.);
#3445=ORIENTED_EDGE('',*,*,#2643,.F.);
#3446=ORIENTED_EDGE('',*,*,#2691,.T.);
#3447=ORIENTED_EDGE('',*,*,#2692,.T.);
#3448=ORIENTED_EDGE('',*,*,#2693,.T.);
#3449=ORIENTED_EDGE('',*,*,#2694,.F.);
#3450=ORIENTED_EDGE('',*,*,#2695,.F.);
#3451=ORIENTED_EDGE('',*,*,#2367,.T.);
#3452=ORIENTED_EDGE('',*,*,#2370,.T.);
#3453=ORIENTED_EDGE('',*,*,#2373,.T.);
#3454=ORIENTED_EDGE('',*,*,#2376,.T.);
#3455=ORIENTED_EDGE('',*,*,#2696,.F.);
#3456=ORIENTED_EDGE('',*,*,#2695,.T.);
#3457=ORIENTED_EDGE('',*,*,#2697,.F.);
#3458=ORIENTED_EDGE('',*,*,#2698,.F.);
#3459=ORIENTED_EDGE('',*,*,#2699,.F.);
#3460=ORIENTED_EDGE('',*,*,#2698,.T.);
#3461=ORIENTED_EDGE('',*,*,#2700,.F.);
#3462=ORIENTED_EDGE('',*,*,#2701,.F.);
#3463=ORIENTED_EDGE('',*,*,#2702,.F.);
#3464=ORIENTED_EDGE('',*,*,#2701,.T.);
#3465=ORIENTED_EDGE('',*,*,#2703,.F.);
#3466=ORIENTED_EDGE('',*,*,#2704,.F.);
#3467=ORIENTED_EDGE('',*,*,#2705,.T.);
#3468=ORIENTED_EDGE('',*,*,#2684,.F.);
#3469=ORIENTED_EDGE('',*,*,#2706,.F.);
#3470=ORIENTED_EDGE('',*,*,#2707,.F.);
#3471=ORIENTED_EDGE('',*,*,#2704,.T.);
#3472=ORIENTED_EDGE('',*,*,#2708,.F.);
#3473=ORIENTED_EDGE('',*,*,#2510,.T.);
#3474=ORIENTED_EDGE('',*,*,#2709,.T.);
#3475=ORIENTED_EDGE('',*,*,#2475,.T.);
#3476=ORIENTED_EDGE('',*,*,#2478,.T.);
#3477=ORIENTED_EDGE('',*,*,#2481,.T.);
#3478=ORIENTED_EDGE('',*,*,#2484,.T.);
#3479=ORIENTED_EDGE('',*,*,#2710,.F.);
#3480=ORIENTED_EDGE('',*,*,#2706,.T.);
#3481=ORIENTED_EDGE('',*,*,#2683,.F.);
#3482=ORIENTED_EDGE('',*,*,#2711,.F.);
#3483=ORIENTED_EDGE('',*,*,#2712,.F.);
#3484=ORIENTED_EDGE('',*,*,#2711,.T.);
#3485=ORIENTED_EDGE('',*,*,#2682,.F.);
#3486=ORIENTED_EDGE('',*,*,#2713,.F.);
#3487=ORIENTED_EDGE('',*,*,#2714,.F.);
#3488=ORIENTED_EDGE('',*,*,#2713,.T.);
#3489=ORIENTED_EDGE('',*,*,#2681,.F.);
#3490=ORIENTED_EDGE('',*,*,#2715,.F.);
#3491=ORIENTED_EDGE('',*,*,#2716,.F.);
#3492=ORIENTED_EDGE('',*,*,#2715,.T.);
#3493=ORIENTED_EDGE('',*,*,#2680,.F.);
#3494=ORIENTED_EDGE('',*,*,#2717,.F.);
#3495=ORIENTED_EDGE('',*,*,#2718,.F.);
#3496=ORIENTED_EDGE('',*,*,#2717,.T.);
#3497=ORIENTED_EDGE('',*,*,#2679,.F.);
#3498=ORIENTED_EDGE('',*,*,#2719,.F.);
#3499=ORIENTED_EDGE('',*,*,#2720,.T.);
#3500=ORIENTED_EDGE('',*,*,#2673,.F.);
#3501=ORIENTED_EDGE('',*,*,#2721,.F.);
#3502=ORIENTED_EDGE('',*,*,#2722,.F.);
#3503=ORIENTED_EDGE('',*,*,#2719,.T.);
#3504=ORIENTED_EDGE('',*,*,#2678,.F.);
#3505=ORIENTED_EDGE('',*,*,#2592,.T.);
#3506=ORIENTED_EDGE('',*,*,#2723,.T.);
#3507=ORIENTED_EDGE('',*,*,#2451,.T.);
#3508=ORIENTED_EDGE('',*,*,#2454,.T.);
#3509=ORIENTED_EDGE('',*,*,#2457,.T.);
#3510=ORIENTED_EDGE('',*,*,#2460,.T.);
#3511=ORIENTED_EDGE('',*,*,#2724,.F.);
#3512=ORIENTED_EDGE('',*,*,#2721,.T.);
#3513=ORIENTED_EDGE('',*,*,#2672,.F.);
#3514=ORIENTED_EDGE('',*,*,#2725,.F.);
#3515=ORIENTED_EDGE('',*,*,#2726,.F.);
#3516=ORIENTED_EDGE('',*,*,#2725,.T.);
#3517=ORIENTED_EDGE('',*,*,#2671,.F.);
#3518=ORIENTED_EDGE('',*,*,#2727,.F.);
#3519=ORIENTED_EDGE('',*,*,#2728,.F.);
#3520=ORIENTED_EDGE('',*,*,#2727,.T.);
#3521=ORIENTED_EDGE('',*,*,#2670,.F.);
#3522=ORIENTED_EDGE('',*,*,#2729,.F.);
#3523=ORIENTED_EDGE('',*,*,#2730,.F.);
#3524=ORIENTED_EDGE('',*,*,#2729,.T.);
#3525=ORIENTED_EDGE('',*,*,#2669,.F.);
#3526=ORIENTED_EDGE('',*,*,#2731,.F.);
#3527=ORIENTED_EDGE('',*,*,#2732,.F.);
#3528=ORIENTED_EDGE('',*,*,#2731,.T.);
#3529=ORIENTED_EDGE('',*,*,#2668,.F.);
#3530=ORIENTED_EDGE('',*,*,#2733,.F.);
#3531=ORIENTED_EDGE('',*,*,#2734,.T.);
#3532=ORIENTED_EDGE('',*,*,#2655,.F.);
#3533=ORIENTED_EDGE('',*,*,#2735,.F.);
#3534=ORIENTED_EDGE('',*,*,#2736,.F.);
#3535=ORIENTED_EDGE('',*,*,#2733,.T.);
#3536=ORIENTED_EDGE('',*,*,#2667,.F.);
#3537=ORIENTED_EDGE('',*,*,#2635,.T.);
#3538=ORIENTED_EDGE('',*,*,#2737,.T.);
#3539=ORIENTED_EDGE('',*,*,#2427,.T.);
#3540=ORIENTED_EDGE('',*,*,#2430,.T.);
#3541=ORIENTED_EDGE('',*,*,#2433,.T.);
#3542=ORIENTED_EDGE('',*,*,#2436,.T.);
#3543=ORIENTED_EDGE('',*,*,#2738,.F.);
#3544=ORIENTED_EDGE('',*,*,#2735,.T.);
#3545=ORIENTED_EDGE('',*,*,#2654,.F.);
#3546=ORIENTED_EDGE('',*,*,#2739,.F.);
#3547=ORIENTED_EDGE('',*,*,#2740,.F.);
#3548=ORIENTED_EDGE('',*,*,#2739,.T.);
#3549=ORIENTED_EDGE('',*,*,#2653,.F.);
#3550=ORIENTED_EDGE('',*,*,#2741,.F.);
#3551=ORIENTED_EDGE('',*,*,#2742,.F.);
#3552=ORIENTED_EDGE('',*,*,#2741,.T.);
#3553=ORIENTED_EDGE('',*,*,#2652,.F.);
#3554=ORIENTED_EDGE('',*,*,#2572,.F.);
#3555=ORIENTED_EDGE('',*,*,#2743,.F.);
#3556=ORIENTED_EDGE('',*,*,#2570,.T.);
#3557=ORIENTED_EDGE('',*,*,#2666,.F.);
#3558=ORIENTED_EDGE('',*,*,#2744,.F.);
#3559=ORIENTED_EDGE('',*,*,#2745,.F.);
#3560=ORIENTED_EDGE('',*,*,#2744,.T.);
#3561=ORIENTED_EDGE('',*,*,#2665,.F.);
#3562=ORIENTED_EDGE('',*,*,#2746,.F.);
#3563=ORIENTED_EDGE('',*,*,#2747,.F.);
#3564=ORIENTED_EDGE('',*,*,#2746,.T.);
#3565=ORIENTED_EDGE('',*,*,#2664,.F.);
#3566=ORIENTED_EDGE('',*,*,#2748,.F.);
#3567=ORIENTED_EDGE('',*,*,#2749,.F.);
#3568=ORIENTED_EDGE('',*,*,#2748,.T.);
#3569=ORIENTED_EDGE('',*,*,#2663,.F.);
#3570=ORIENTED_EDGE('',*,*,#2750,.F.);
#3571=ORIENTED_EDGE('',*,*,#2751,.F.);
#3572=ORIENTED_EDGE('',*,*,#2750,.T.);
#3573=ORIENTED_EDGE('',*,*,#2662,.F.);
#3574=ORIENTED_EDGE('',*,*,#2539,.F.);
#3575=ORIENTED_EDGE('',*,*,#2752,.F.);
#3576=ORIENTED_EDGE('',*,*,#2537,.T.);
#3577=ORIENTED_EDGE('',*,*,#2648,.F.);
#3578=ORIENTED_EDGE('',*,*,#2753,.F.);
#3579=ORIENTED_EDGE('',*,*,#2754,.F.);
#3580=ORIENTED_EDGE('',*,*,#2753,.T.);
#3581=ORIENTED_EDGE('',*,*,#2647,.F.);
#3582=ORIENTED_EDGE('',*,*,#2755,.F.);
#3583=ORIENTED_EDGE('',*,*,#2756,.F.);
#3584=ORIENTED_EDGE('',*,*,#2755,.T.);
#3585=ORIENTED_EDGE('',*,*,#2646,.F.);
#3586=ORIENTED_EDGE('',*,*,#2757,.F.);
#3587=ORIENTED_EDGE('',*,*,#2758,.F.);
#3588=ORIENTED_EDGE('',*,*,#2757,.T.);
#3589=ORIENTED_EDGE('',*,*,#2645,.F.);
#3590=ORIENTED_EDGE('',*,*,#2759,.F.);
#3591=ORIENTED_EDGE('',*,*,#2760,.F.);
#3592=ORIENTED_EDGE('',*,*,#2759,.T.);
#3593=ORIENTED_EDGE('',*,*,#2644,.F.);
#3594=ORIENTED_EDGE('',*,*,#2690,.F.);
#3595=ORIENTED_EDGE('',*,*,#2761,.T.);
#3596=ORIENTED_EDGE('',*,*,#2762,.T.);
#3597=ORIENTED_EDGE('',*,*,#2511,.F.);
#3598=ORIENTED_EDGE('',*,*,#2708,.T.);
#3599=ORIENTED_EDGE('',*,*,#2703,.T.);
#3600=ORIENTED_EDGE('',*,*,#2700,.T.);
#3601=ORIENTED_EDGE('',*,*,#2697,.T.);
#3602=ORIENTED_EDGE('',*,*,#2694,.T.);
#3603=ORIENTED_EDGE('',*,*,#2559,.F.);
#3604=ORIENTED_EDGE('',*,*,#2763,.F.);
#3605=ORIENTED_EDGE('',*,*,#2764,.F.);
#3606=ORIENTED_EDGE('',*,*,#2765,.F.);
#3607=ORIENTED_EDGE('',*,*,#2766,.F.);
#3608=ORIENTED_EDGE('',*,*,#2658,.F.);
#3609=ORIENTED_EDGE('',*,*,#2568,.F.);
#3610=ORIENTED_EDGE('',*,*,#2767,.T.);
#3611=ORIENTED_EDGE('',*,*,#2415,.T.);
#3612=ORIENTED_EDGE('',*,*,#2421,.T.);
#3613=ORIENTED_EDGE('',*,*,#2768,.F.);
#3614=ORIENTED_EDGE('',*,*,#2769,.F.);
#3615=ORIENTED_EDGE('',*,*,#2630,.F.);
#3616=ORIENTED_EDGE('',*,*,#2770,.F.);
#3617=ORIENTED_EDGE('',*,*,#2771,.F.);
#3618=ORIENTED_EDGE('',*,*,#2656,.F.);
#3619=ORIENTED_EDGE('',*,*,#2734,.F.);
#3620=ORIENTED_EDGE('',*,*,#2772,.T.);
#3621=ORIENTED_EDGE('',*,*,#2441,.T.);
#3622=ORIENTED_EDGE('',*,*,#2447,.T.);
#3623=ORIENTED_EDGE('',*,*,#2773,.F.);
#3624=ORIENTED_EDGE('',*,*,#2774,.F.);
#3625=ORIENTED_EDGE('',*,*,#2587,.F.);
#3626=ORIENTED_EDGE('',*,*,#2775,.F.);
#3627=ORIENTED_EDGE('',*,*,#2776,.F.);
#3628=ORIENTED_EDGE('',*,*,#2674,.F.);
#3629=ORIENTED_EDGE('',*,*,#2720,.F.);
#3630=ORIENTED_EDGE('',*,*,#2777,.T.);
#3631=ORIENTED_EDGE('',*,*,#2316,.T.);
#3632=ORIENTED_EDGE('',*,*,#2463,.T.);
#3633=ORIENTED_EDGE('',*,*,#2631,.F.);
#3634=ORIENTED_EDGE('',*,*,#2769,.T.);
#3635=ORIENTED_EDGE('',*,*,#2778,.F.);
#3636=ORIENTED_EDGE('',*,*,#2779,.F.);
#3637=ORIENTED_EDGE('',*,*,#2618,.T.);
#3638=ORIENTED_EDGE('',*,*,#2632,.F.);
#3639=ORIENTED_EDGE('',*,*,#2779,.T.);
#3640=ORIENTED_EDGE('',*,*,#2780,.F.);
#3641=ORIENTED_EDGE('',*,*,#2439,.T.);
#3642=ORIENTED_EDGE('',*,*,#2780,.T.);
#3643=ORIENTED_EDGE('',*,*,#2778,.T.);
#3644=ORIENTED_EDGE('',*,*,#2768,.T.);
#3645=ORIENTED_EDGE('',*,*,#2781,.T.);
#3646=ORIENTED_EDGE('',*,*,#2640,.T.);
#3647=ORIENTED_EDGE('',*,*,#2782,.T.);
#3648=ORIENTED_EDGE('',*,*,#2633,.T.);
#3649=ORIENTED_EDGE('',*,*,#2619,.F.);
#3650=ORIENTED_EDGE('',*,*,#2623,.F.);
#3651=ORIENTED_EDGE('',*,*,#2634,.T.);
#3652=ORIENTED_EDGE('',*,*,#2782,.F.);
#3653=ORIENTED_EDGE('',*,*,#2639,.F.);
#3654=ORIENTED_EDGE('',*,*,#2588,.F.);
#3655=ORIENTED_EDGE('',*,*,#2774,.T.);
#3656=ORIENTED_EDGE('',*,*,#2783,.F.);
#3657=ORIENTED_EDGE('',*,*,#2784,.F.);
#3658=ORIENTED_EDGE('',*,*,#2575,.T.);
#3659=ORIENTED_EDGE('',*,*,#2589,.F.);
#3660=ORIENTED_EDGE('',*,*,#2784,.T.);
#3661=ORIENTED_EDGE('',*,*,#2785,.F.);
#3662=ORIENTED_EDGE('',*,*,#2465,.T.);
#3663=ORIENTED_EDGE('',*,*,#2785,.T.);
#3664=ORIENTED_EDGE('',*,*,#2783,.T.);
#3665=ORIENTED_EDGE('',*,*,#2773,.T.);
#3666=ORIENTED_EDGE('',*,*,#2786,.T.);
#3667=ORIENTED_EDGE('',*,*,#2597,.T.);
#3668=ORIENTED_EDGE('',*,*,#2787,.T.);
#3669=ORIENTED_EDGE('',*,*,#2590,.T.);
#3670=ORIENTED_EDGE('',*,*,#2576,.F.);
#3671=ORIENTED_EDGE('',*,*,#2580,.F.);
#3672=ORIENTED_EDGE('',*,*,#2591,.T.);
#3673=ORIENTED_EDGE('',*,*,#2787,.F.);
#3674=ORIENTED_EDGE('',*,*,#2596,.F.);
#3675=ORIENTED_EDGE('',*,*,#2506,.F.);
#3676=ORIENTED_EDGE('',*,*,#2788,.T.);
#3677=ORIENTED_EDGE('',*,*,#2789,.F.);
#3678=ORIENTED_EDGE('',*,*,#2790,.F.);
#3679=ORIENTED_EDGE('',*,*,#2493,.T.);
#3680=ORIENTED_EDGE('',*,*,#2507,.F.);
#3681=ORIENTED_EDGE('',*,*,#2790,.T.);
#3682=ORIENTED_EDGE('',*,*,#2791,.F.);
#3683=ORIENTED_EDGE('',*,*,#2469,.T.);
#3684=ORIENTED_EDGE('',*,*,#2791,.T.);
#3685=ORIENTED_EDGE('',*,*,#2789,.T.);
#3686=ORIENTED_EDGE('',*,*,#2792,.T.);
#3687=ORIENTED_EDGE('',*,*,#2793,.T.);
#3688=ORIENTED_EDGE('',*,*,#2515,.T.);
#3689=ORIENTED_EDGE('',*,*,#2794,.T.);
#3690=ORIENTED_EDGE('',*,*,#2508,.T.);
#3691=ORIENTED_EDGE('',*,*,#2494,.F.);
#3692=ORIENTED_EDGE('',*,*,#2498,.F.);
#3693=ORIENTED_EDGE('',*,*,#2509,.T.);
#3694=ORIENTED_EDGE('',*,*,#2794,.F.);
#3695=ORIENTED_EDGE('',*,*,#2514,.F.);
#3696=ORIENTED_EDGE('',*,*,#2615,.F.);
#3697=ORIENTED_EDGE('',*,*,#2795,.T.);
#3698=ORIENTED_EDGE('',*,*,#2796,.F.);
#3699=ORIENTED_EDGE('',*,*,#2604,.F.);
#3700=ORIENTED_EDGE('',*,*,#2797,.T.);
#3701=ORIENTED_EDGE('',*,*,#2798,.T.);
#3702=ORIENTED_EDGE('',*,*,#2799,.T.);
#3703=ORIENTED_EDGE('',*,*,#2800,.T.);
#3704=ORIENTED_EDGE('',*,*,#2616,.T.);
#3705=ORIENTED_EDGE('',*,*,#2599,.F.);
#3706=ORIENTED_EDGE('',*,*,#2605,.T.);
#3707=ORIENTED_EDGE('',*,*,#2796,.T.);
#3708=ORIENTED_EDGE('',*,*,#2607,.F.);
#3709=ORIENTED_EDGE('',*,*,#2617,.T.);
#3710=ORIENTED_EDGE('',*,*,#2800,.F.);
#3711=ORIENTED_EDGE('',*,*,#2801,.F.);
#3712=ORIENTED_EDGE('',*,*,#2802,.F.);
#3713=ORIENTED_EDGE('',*,*,#2542,.T.);
#3714=ORIENTED_EDGE('',*,*,#2525,.F.);
#3715=ORIENTED_EDGE('',*,*,#2803,.F.);
#3716=ORIENTED_EDGE('',*,*,#2519,.T.);
#3717=ORIENTED_EDGE('',*,*,#2804,.F.);
#3718=ORIENTED_EDGE('',*,*,#2803,.T.);
#3719=ORIENTED_EDGE('',*,*,#2524,.F.);
#3720=ORIENTED_EDGE('',*,*,#2396,.T.);
#3721=ORIENTED_EDGE('',*,*,#2517,.T.);
#3722=ORIENTED_EDGE('',*,*,#2523,.F.);
#3723=ORIENTED_EDGE('',*,*,#2805,.F.);
#3724=ORIENTED_EDGE('',*,*,#2806,.F.);
#3725=ORIENTED_EDGE('',*,*,#2391,.T.);
#3726=ORIENTED_EDGE('',*,*,#2807,.F.);
#3727=ORIENTED_EDGE('',*,*,#2805,.T.);
#3728=ORIENTED_EDGE('',*,*,#2522,.F.);
#3729=ORIENTED_EDGE('',*,*,#2533,.F.);
#3730=ORIENTED_EDGE('',*,*,#2518,.T.);
#3731=ORIENTED_EDGE('',*,*,#2806,.T.);
#3732=ORIENTED_EDGE('',*,*,#2807,.T.);
#3733=ORIENTED_EDGE('',*,*,#2532,.F.);
#3734=ORIENTED_EDGE('',*,*,#2808,.T.);
#3735=ORIENTED_EDGE('',*,*,#2809,.T.);
#3736=ORIENTED_EDGE('',*,*,#2810,.F.);
#3737=ORIENTED_EDGE('',*,*,#2811,.T.);
#3738=ORIENTED_EDGE('',*,*,#2812,.T.);
#3739=ORIENTED_EDGE('',*,*,#2543,.T.);
#3740=ORIENTED_EDGE('',*,*,#2802,.T.);
#3741=ORIENTED_EDGE('',*,*,#2804,.T.);
#3742=ORIENTED_EDGE('',*,*,#2381,.T.);
#3743=ORIENTED_EDGE('',*,*,#2384,.T.);
#3744=ORIENTED_EDGE('',*,*,#2387,.T.);
#3745=ORIENTED_EDGE('',*,*,#2390,.T.);
#3746=ORIENTED_EDGE('',*,*,#2813,.F.);
#3747=ORIENTED_EDGE('',*,*,#2763,.T.);
#3748=ORIENTED_EDGE('',*,*,#2558,.F.);
#3749=ORIENTED_EDGE('',*,*,#2814,.F.);
#3750=ORIENTED_EDGE('',*,*,#2550,.T.);
#3751=ORIENTED_EDGE('',*,*,#2815,.F.);
#3752=ORIENTED_EDGE('',*,*,#2814,.T.);
#3753=ORIENTED_EDGE('',*,*,#2557,.F.);
#3754=ORIENTED_EDGE('',*,*,#2417,.T.);
#3755=ORIENTED_EDGE('',*,*,#2816,.F.);
#3756=ORIENTED_EDGE('',*,*,#2553,.T.);
#3757=ORIENTED_EDGE('',*,*,#2556,.F.);
#3758=ORIENTED_EDGE('',*,*,#2566,.F.);
#3759=ORIENTED_EDGE('',*,*,#2549,.T.);
#3760=ORIENTED_EDGE('',*,*,#2554,.T.);
#3761=ORIENTED_EDGE('',*,*,#2816,.T.);
#3762=ORIENTED_EDGE('',*,*,#2565,.F.);
#3763=ORIENTED_EDGE('',*,*,#2817,.T.);
#3764=ORIENTED_EDGE('',*,*,#2818,.T.);
#3765=ORIENTED_EDGE('',*,*,#2819,.F.);
#3766=ORIENTED_EDGE('',*,*,#2820,.T.);
#3767=ORIENTED_EDGE('',*,*,#2821,.T.);
#3768=ORIENTED_EDGE('',*,*,#2764,.T.);
#3769=ORIENTED_EDGE('',*,*,#2813,.T.);
#3770=ORIENTED_EDGE('',*,*,#2815,.T.);
#3771=ORIENTED_EDGE('',*,*,#2405,.T.);
#3772=ORIENTED_EDGE('',*,*,#2408,.T.);
#3773=ORIENTED_EDGE('',*,*,#2411,.T.);
#3774=ORIENTED_EDGE('',*,*,#2414,.T.);
#3775=ORIENTED_EDGE('',*,*,#2822,.F.);
#3776=ORIENTED_EDGE('',*,*,#2823,.T.);
#3777=ORIENTED_EDGE('',*,*,#2824,.F.);
#3778=ORIENTED_EDGE('',*,*,#2585,.F.);
#3779=ORIENTED_EDGE('',*,*,#2318,.T.);
#3780=ORIENTED_EDGE('',*,*,#2586,.F.);
#3781=ORIENTED_EDGE('',*,*,#2824,.T.);
#3782=ORIENTED_EDGE('',*,*,#2825,.T.);
#3783=ORIENTED_EDGE('',*,*,#2775,.T.);
#3784=ORIENTED_EDGE('',*,*,#2689,.T.);
#3785=ORIENTED_EDGE('',*,*,#2696,.T.);
#3786=ORIENTED_EDGE('',*,*,#2699,.T.);
#3787=ORIENTED_EDGE('',*,*,#2702,.T.);
#3788=ORIENTED_EDGE('',*,*,#2707,.T.);
#3789=ORIENTED_EDGE('',*,*,#2710,.T.);
#3790=ORIENTED_EDGE('',*,*,#2712,.T.);
#3791=ORIENTED_EDGE('',*,*,#2714,.T.);
#3792=ORIENTED_EDGE('',*,*,#2716,.T.);
#3793=ORIENTED_EDGE('',*,*,#2718,.T.);
#3794=ORIENTED_EDGE('',*,*,#2722,.T.);
#3795=ORIENTED_EDGE('',*,*,#2724,.T.);
#3796=ORIENTED_EDGE('',*,*,#2726,.T.);
#3797=ORIENTED_EDGE('',*,*,#2728,.T.);
#3798=ORIENTED_EDGE('',*,*,#2730,.T.);
#3799=ORIENTED_EDGE('',*,*,#2732,.T.);
#3800=ORIENTED_EDGE('',*,*,#2736,.T.);
#3801=ORIENTED_EDGE('',*,*,#2738,.T.);
#3802=ORIENTED_EDGE('',*,*,#2740,.T.);
#3803=ORIENTED_EDGE('',*,*,#2742,.T.);
#3804=ORIENTED_EDGE('',*,*,#2571,.T.);
#3805=ORIENTED_EDGE('',*,*,#2743,.T.);
#3806=ORIENTED_EDGE('',*,*,#2745,.T.);
#3807=ORIENTED_EDGE('',*,*,#2747,.T.);
#3808=ORIENTED_EDGE('',*,*,#2749,.T.);
#3809=ORIENTED_EDGE('',*,*,#2751,.T.);
#3810=ORIENTED_EDGE('',*,*,#2538,.T.);
#3811=ORIENTED_EDGE('',*,*,#2752,.T.);
#3812=ORIENTED_EDGE('',*,*,#2754,.T.);
#3813=ORIENTED_EDGE('',*,*,#2756,.T.);
#3814=ORIENTED_EDGE('',*,*,#2758,.T.);
#3815=ORIENTED_EDGE('',*,*,#2760,.T.);
#3816=ORIENTED_EDGE('',*,*,#2826,.F.);
#3817=ORIENTED_EDGE('',*,*,#2827,.T.);
#3818=ORIENTED_EDGE('',*,*,#2828,.F.);
#3819=ORIENTED_EDGE('',*,*,#2612,.F.);
#3820=ORIENTED_EDGE('',*,*,#2366,.T.);
#3821=ORIENTED_EDGE('',*,*,#2829,.T.);
#3822=ORIENTED_EDGE('',*,*,#2613,.F.);
#3823=ORIENTED_EDGE('',*,*,#2828,.T.);
#3824=ORIENTED_EDGE('',*,*,#2830,.T.);
#3825=ORIENTED_EDGE('',*,*,#2822,.T.);
#3826=ORIENTED_EDGE('',*,*,#2584,.T.);
#3827=ORIENTED_EDGE('',*,*,#2831,.T.);
#3828=ORIENTED_EDGE('',*,*,#2832,.T.);
#3829=ORIENTED_EDGE('',*,*,#2833,.F.);
#3830=ORIENTED_EDGE('',*,*,#2626,.F.);
#3831=ORIENTED_EDGE('',*,*,#2834,.F.);
#3832=ORIENTED_EDGE('',*,*,#2835,.F.);
#3833=ORIENTED_EDGE('',*,*,#2450,.T.);
#3834=ORIENTED_EDGE('',*,*,#2638,.T.);
#3835=ORIENTED_EDGE('',*,*,#2836,.T.);
#3836=ORIENTED_EDGE('',*,*,#2834,.T.);
#3837=ORIENTED_EDGE('',*,*,#2625,.F.);
#3838=ORIENTED_EDGE('',*,*,#2833,.T.);
#3839=ORIENTED_EDGE('',*,*,#2837,.T.);
#3840=ORIENTED_EDGE('',*,*,#2838,.T.);
#3841=ORIENTED_EDGE('',*,*,#2627,.T.);
#3842=ORIENTED_EDGE('',*,*,#2826,.T.);
#3843=ORIENTED_EDGE('',*,*,#2611,.T.);
#3844=ORIENTED_EDGE('',*,*,#2839,.T.);
#3845=ORIENTED_EDGE('',*,*,#2840,.T.);
#3846=ORIENTED_EDGE('',*,*,#2841,.F.);
#3847=ORIENTED_EDGE('',*,*,#2818,.F.);
#3848=ORIENTED_EDGE('',*,*,#2842,.F.);
#3849=ORIENTED_EDGE('',*,*,#2843,.F.);
#3850=ORIENTED_EDGE('',*,*,#2424,.T.);
#3851=ORIENTED_EDGE('',*,*,#2844,.T.);
#3852=ORIENTED_EDGE('',*,*,#2842,.T.);
#3853=ORIENTED_EDGE('',*,*,#2817,.F.);
#3854=ORIENTED_EDGE('',*,*,#2564,.T.);
#3855=ORIENTED_EDGE('',*,*,#2841,.T.);
#3856=ORIENTED_EDGE('',*,*,#2845,.T.);
#3857=ORIENTED_EDGE('',*,*,#2846,.T.);
#3858=ORIENTED_EDGE('',*,*,#2819,.T.);
#3859=ORIENTED_EDGE('',*,*,#2847,.F.);
#3860=ORIENTED_EDGE('',*,*,#2809,.F.);
#3861=ORIENTED_EDGE('',*,*,#2848,.F.);
#3862=ORIENTED_EDGE('',*,*,#2849,.F.);
#3863=ORIENTED_EDGE('',*,*,#2400,.T.);
#3864=ORIENTED_EDGE('',*,*,#2531,.T.);
#3865=ORIENTED_EDGE('',*,*,#2850,.T.);
#3866=ORIENTED_EDGE('',*,*,#2848,.T.);
#3867=ORIENTED_EDGE('',*,*,#2808,.F.);
#3868=ORIENTED_EDGE('',*,*,#2847,.T.);
#3869=ORIENTED_EDGE('',*,*,#2851,.T.);
#3870=ORIENTED_EDGE('',*,*,#2852,.T.);
#3871=ORIENTED_EDGE('',*,*,#2810,.T.);
#3872=ORIENTED_EDGE('',*,*,#2853,.F.);
#3873=ORIENTED_EDGE('',*,*,#2501,.F.);
#3874=ORIENTED_EDGE('',*,*,#2854,.F.);
#3875=ORIENTED_EDGE('',*,*,#2855,.F.);
#3876=ORIENTED_EDGE('',*,*,#2492,.T.);
#3877=ORIENTED_EDGE('',*,*,#2856,.T.);
#3878=ORIENTED_EDGE('',*,*,#2854,.T.);
#3879=ORIENTED_EDGE('',*,*,#2500,.F.);
#3880=ORIENTED_EDGE('',*,*,#2513,.T.);
#3881=ORIENTED_EDGE('',*,*,#2853,.T.);
#3882=ORIENTED_EDGE('',*,*,#2857,.T.);
#3883=ORIENTED_EDGE('',*,*,#2858,.T.);
#3884=ORIENTED_EDGE('',*,*,#2502,.T.);
#3885=ORIENTED_EDGE('',*,*,#2831,.F.);
#3886=ORIENTED_EDGE('',*,*,#2583,.F.);
#3887=ORIENTED_EDGE('',*,*,#2859,.F.);
#3888=ORIENTED_EDGE('',*,*,#2860,.F.);
#3889=ORIENTED_EDGE('',*,*,#2313,.T.);
#3890=ORIENTED_EDGE('',*,*,#2595,.T.);
#3891=ORIENTED_EDGE('',*,*,#2861,.T.);
#3892=ORIENTED_EDGE('',*,*,#2859,.T.);
#3893=ORIENTED_EDGE('',*,*,#2582,.F.);
#3894=ORIENTED_EDGE('',*,*,#2839,.F.);
#3895=ORIENTED_EDGE('',*,*,#2610,.F.);
#3896=ORIENTED_EDGE('',*,*,#2862,.F.);
#3897=ORIENTED_EDGE('',*,*,#2863,.F.);
#3898=ORIENTED_EDGE('',*,*,#2361,.T.);
#3899=ORIENTED_EDGE('',*,*,#2862,.T.);
#3900=ORIENTED_EDGE('',*,*,#2609,.F.);
#3901=ORIENTED_EDGE('',*,*,#2864,.T.);
#3902=ORIENTED_EDGE('',*,*,#2865,.T.);
#3903=ORIENTED_EDGE('',*,*,#2838,.F.);
#3904=ORIENTED_EDGE('',*,*,#2866,.T.);
#3905=ORIENTED_EDGE('',*,*,#2867,.F.);
#3906=ORIENTED_EDGE('',*,*,#2628,.F.);
#3907=ORIENTED_EDGE('',*,*,#2445,.T.);
#3908=ORIENTED_EDGE('',*,*,#2629,.F.);
#3909=ORIENTED_EDGE('',*,*,#2867,.T.);
#3910=ORIENTED_EDGE('',*,*,#2868,.T.);
#3911=ORIENTED_EDGE('',*,*,#2770,.T.);
#3912=ORIENTED_EDGE('',*,*,#2846,.F.);
#3913=ORIENTED_EDGE('',*,*,#2869,.T.);
#3914=ORIENTED_EDGE('',*,*,#2870,.F.);
#3915=ORIENTED_EDGE('',*,*,#2820,.F.);
#3916=ORIENTED_EDGE('',*,*,#2423,.T.);
#3917=ORIENTED_EDGE('',*,*,#2821,.F.);
#3918=ORIENTED_EDGE('',*,*,#2870,.T.);
#3919=ORIENTED_EDGE('',*,*,#2871,.T.);
#3920=ORIENTED_EDGE('',*,*,#2765,.T.);
#3921=ORIENTED_EDGE('',*,*,#2852,.F.);
#3922=ORIENTED_EDGE('',*,*,#2872,.T.);
#3923=ORIENTED_EDGE('',*,*,#2873,.F.);
#3924=ORIENTED_EDGE('',*,*,#2811,.F.);
#3925=ORIENTED_EDGE('',*,*,#2399,.T.);
#3926=ORIENTED_EDGE('',*,*,#2812,.F.);
#3927=ORIENTED_EDGE('',*,*,#2873,.T.);
#3928=ORIENTED_EDGE('',*,*,#2874,.T.);
#3929=ORIENTED_EDGE('',*,*,#2544,.T.);
#3930=ORIENTED_EDGE('',*,*,#2858,.F.);
#3931=ORIENTED_EDGE('',*,*,#2875,.T.);
#3932=ORIENTED_EDGE('',*,*,#2876,.F.);
#3933=ORIENTED_EDGE('',*,*,#2503,.F.);
#3934=ORIENTED_EDGE('',*,*,#2487,.T.);
#3935=ORIENTED_EDGE('',*,*,#2877,.T.);
#3936=ORIENTED_EDGE('',*,*,#2504,.F.);
#3937=ORIENTED_EDGE('',*,*,#2876,.T.);
#3938=ORIENTED_EDGE('',*,*,#2878,.T.);
#3939=ORIENTED_EDGE('',*,*,#2642,.T.);
#3940=ORIENTED_EDGE('',*,*,#2879,.T.);
#3941=ORIENTED_EDGE('',*,*,#2864,.F.);
#3942=ORIENTED_EDGE('',*,*,#2608,.T.);
#3943=ORIENTED_EDGE('',*,*,#2801,.T.);
#3944=ORIENTED_EDGE('',*,*,#2799,.F.);
#3945=ORIENTED_EDGE('',*,*,#2880,.T.);
#3946=ORIENTED_EDGE('',*,*,#2691,.F.);
#3947=ORIENTED_EDGE('',*,*,#2357,.T.);
#3948=ORIENTED_EDGE('',*,*,#2363,.T.);
#3949=ORIENTED_EDGE('',*,*,#2761,.F.);
#3950=ORIENTED_EDGE('',*,*,#2693,.F.);
#3951=ORIENTED_EDGE('',*,*,#2881,.T.);
#3952=ORIENTED_EDGE('',*,*,#2797,.F.);
#3953=ORIENTED_EDGE('',*,*,#2795,.F.);
#3954=ORIENTED_EDGE('',*,*,#2614,.F.);
#3955=ORIENTED_EDGE('',*,*,#2829,.F.);
#3956=ORIENTED_EDGE('',*,*,#2882,.F.);
#3957=ORIENTED_EDGE('',*,*,#2358,.T.);
#3958=ORIENTED_EDGE('',*,*,#2364,.T.);
#3959=ORIENTED_EDGE('',*,*,#2881,.F.);
#3960=ORIENTED_EDGE('',*,*,#2692,.F.);
#3961=ORIENTED_EDGE('',*,*,#2880,.F.);
#3962=ORIENTED_EDGE('',*,*,#2798,.F.);
#3963=ORIENTED_EDGE('',*,*,#2328,.T.);
#3964=ORIENTED_EDGE('',*,*,#2346,.T.);
#3965=ORIENTED_EDGE('',*,*,#2781,.F.);
#3966=ORIENTED_EDGE('',*,*,#2772,.F.);
#3967=ORIENTED_EDGE('',*,*,#2737,.F.);
#3968=ORIENTED_EDGE('',*,*,#2641,.F.);
#3969=ORIENTED_EDGE('',*,*,#2334,.T.);
#3970=ORIENTED_EDGE('',*,*,#2352,.T.);
#3971=ORIENTED_EDGE('',*,*,#2786,.F.);
#3972=ORIENTED_EDGE('',*,*,#2777,.F.);
#3973=ORIENTED_EDGE('',*,*,#2723,.F.);
#3974=ORIENTED_EDGE('',*,*,#2598,.F.);
#3975=ORIENTED_EDGE('',*,*,#2331,.T.);
#3976=ORIENTED_EDGE('',*,*,#2349,.T.);
#3977=ORIENTED_EDGE('',*,*,#2792,.F.);
#3978=ORIENTED_EDGE('',*,*,#2788,.F.);
#3979=ORIENTED_EDGE('',*,*,#2505,.F.);
#3980=ORIENTED_EDGE('',*,*,#2877,.F.);
#3981=ORIENTED_EDGE('',*,*,#2883,.F.);
#3982=ORIENTED_EDGE('',*,*,#2685,.F.);
#3983=ORIENTED_EDGE('',*,*,#2705,.F.);
#3984=ORIENTED_EDGE('',*,*,#2884,.T.);
#3985=ORIENTED_EDGE('',*,*,#2471,.T.);
#3986=ORIENTED_EDGE('',*,*,#2489,.T.);
#3987=ORIENTED_EDGE('',*,*,#2793,.F.);
#3988=ORIENTED_EDGE('',*,*,#2884,.F.);
#3989=ORIENTED_EDGE('',*,*,#2709,.F.);
#3990=ORIENTED_EDGE('',*,*,#2516,.F.);
#3991=ORIENTED_EDGE('',*,*,#2322,.T.);
#3992=ORIENTED_EDGE('',*,*,#2340,.T.);
#3993=ORIENTED_EDGE('',*,*,#2560,.F.);
#3994=ORIENTED_EDGE('',*,*,#2767,.F.);
#3995=ORIENTED_EDGE('',*,*,#2574,.F.);
#3996=ORIENTED_EDGE('',*,*,#2567,.F.);
#3997=ORIENTED_EDGE('',*,*,#2319,.T.);
#3998=ORIENTED_EDGE('',*,*,#2337,.T.);
#3999=ORIENTED_EDGE('',*,*,#2527,.F.);
#4000=ORIENTED_EDGE('',*,*,#2547,.F.);
#4001=ORIENTED_EDGE('',*,*,#2541,.F.);
#4002=ORIENTED_EDGE('',*,*,#2534,.F.);
#4003=ORIENTED_EDGE('',*,*,#2325,.T.);
#4004=ORIENTED_EDGE('',*,*,#2343,.T.);
#4005=ORIENTED_EDGE('',*,*,#2885,.F.);
#4006=ORIENTED_EDGE('',*,*,#2886,.T.);
#4007=ORIENTED_EDGE('',*,*,#2659,.F.);
#4008=ORIENTED_EDGE('',*,*,#2887,.F.);
#4009=ORIENTED_EDGE('',*,*,#2888,.T.);
#4010=ORIENTED_EDGE('',*,*,#2887,.T.);
#4011=ORIENTED_EDGE('',*,*,#2766,.T.);
#4012=ORIENTED_EDGE('',*,*,#2871,.F.);
#4013=ORIENTED_EDGE('',*,*,#2869,.F.);
#4014=ORIENTED_EDGE('',*,*,#2845,.F.);
#4015=ORIENTED_EDGE('',*,*,#2843,.T.);
#4016=ORIENTED_EDGE('',*,*,#2844,.F.);
#4017=ORIENTED_EDGE('',*,*,#2563,.F.);
#4018=ORIENTED_EDGE('',*,*,#2889,.F.);
#4019=ORIENTED_EDGE('',*,*,#2890,.F.);
#4020=ORIENTED_EDGE('',*,*,#2889,.T.);
#4021=ORIENTED_EDGE('',*,*,#2657,.F.);
#4022=ORIENTED_EDGE('',*,*,#2891,.F.);
#4023=ORIENTED_EDGE('',*,*,#2892,.F.);
#4024=ORIENTED_EDGE('',*,*,#2891,.T.);
#4025=ORIENTED_EDGE('',*,*,#2771,.T.);
#4026=ORIENTED_EDGE('',*,*,#2868,.F.);
#4027=ORIENTED_EDGE('',*,*,#2866,.F.);
#4028=ORIENTED_EDGE('',*,*,#2837,.F.);
#4029=ORIENTED_EDGE('',*,*,#2835,.T.);
#4030=ORIENTED_EDGE('',*,*,#2836,.F.);
#4031=ORIENTED_EDGE('',*,*,#2637,.F.);
#4032=ORIENTED_EDGE('',*,*,#2893,.F.);
#4033=ORIENTED_EDGE('',*,*,#2894,.F.);
#4034=ORIENTED_EDGE('',*,*,#2893,.T.);
#4035=ORIENTED_EDGE('',*,*,#2677,.F.);
#4036=ORIENTED_EDGE('',*,*,#2895,.F.);
#4037=ORIENTED_EDGE('',*,*,#2896,.F.);
#4038=ORIENTED_EDGE('',*,*,#2895,.T.);
#4039=ORIENTED_EDGE('',*,*,#2676,.F.);
#4040=ORIENTED_EDGE('',*,*,#2897,.F.);
#4041=ORIENTED_EDGE('',*,*,#2898,.T.);
#4042=ORIENTED_EDGE('',*,*,#2897,.T.);
#4043=ORIENTED_EDGE('',*,*,#2675,.F.);
#4044=ORIENTED_EDGE('',*,*,#2776,.T.);
#4045=ORIENTED_EDGE('',*,*,#2825,.F.);
#4046=ORIENTED_EDGE('',*,*,#2823,.F.);
#4047=ORIENTED_EDGE('',*,*,#2832,.F.);
#4048=ORIENTED_EDGE('',*,*,#2860,.T.);
#4049=ORIENTED_EDGE('',*,*,#2861,.F.);
#4050=ORIENTED_EDGE('',*,*,#2594,.F.);
#4051=ORIENTED_EDGE('',*,*,#2688,.F.);
#4052=ORIENTED_EDGE('',*,*,#2899,.F.);
#4053=ORIENTED_EDGE('',*,*,#2900,.T.);
#4054=ORIENTED_EDGE('',*,*,#2899,.T.);
#4055=ORIENTED_EDGE('',*,*,#2687,.F.);
#4056=ORIENTED_EDGE('',*,*,#2901,.F.);
#4057=ORIENTED_EDGE('',*,*,#2902,.F.);
#4058=ORIENTED_EDGE('',*,*,#2901,.T.);
#4059=ORIENTED_EDGE('',*,*,#2686,.F.);
#4060=ORIENTED_EDGE('',*,*,#2903,.F.);
#4061=ORIENTED_EDGE('',*,*,#2904,.F.);
#4062=ORIENTED_EDGE('',*,*,#2903,.T.);
#4063=ORIENTED_EDGE('',*,*,#2883,.T.);
#4064=ORIENTED_EDGE('',*,*,#2878,.F.);
#4065=ORIENTED_EDGE('',*,*,#2875,.F.);
#4066=ORIENTED_EDGE('',*,*,#2857,.F.);
#4067=ORIENTED_EDGE('',*,*,#2855,.T.);
#4068=ORIENTED_EDGE('',*,*,#2856,.F.);
#4069=ORIENTED_EDGE('',*,*,#2512,.F.);
#4070=ORIENTED_EDGE('',*,*,#2905,.F.);
#4071=ORIENTED_EDGE('',*,*,#2906,.F.);
#4072=ORIENTED_EDGE('',*,*,#2905,.T.);
#4073=ORIENTED_EDGE('',*,*,#2762,.F.);
#4074=ORIENTED_EDGE('',*,*,#2907,.F.);
#4075=ORIENTED_EDGE('',*,*,#2908,.T.);
#4076=ORIENTED_EDGE('',*,*,#2907,.T.);
#4077=ORIENTED_EDGE('',*,*,#2882,.T.);
#4078=ORIENTED_EDGE('',*,*,#2830,.F.);
#4079=ORIENTED_EDGE('',*,*,#2827,.F.);
#4080=ORIENTED_EDGE('',*,*,#2840,.F.);
#4081=ORIENTED_EDGE('',*,*,#2863,.T.);
#4082=ORIENTED_EDGE('',*,*,#2865,.F.);
#4083=ORIENTED_EDGE('',*,*,#2879,.F.);
#4084=ORIENTED_EDGE('',*,*,#2909,.F.);
#4085=ORIENTED_EDGE('',*,*,#2910,.F.);
#4086=ORIENTED_EDGE('',*,*,#2909,.T.);
#4087=ORIENTED_EDGE('',*,*,#2651,.F.);
#4088=ORIENTED_EDGE('',*,*,#2911,.F.);
#4089=ORIENTED_EDGE('',*,*,#2912,.T.);
#4090=ORIENTED_EDGE('',*,*,#2911,.T.);
#4091=ORIENTED_EDGE('',*,*,#2650,.F.);
#4092=ORIENTED_EDGE('',*,*,#2913,.F.);
#4093=ORIENTED_EDGE('',*,*,#2914,.T.);
#4094=ORIENTED_EDGE('',*,*,#2913,.T.);
#4095=ORIENTED_EDGE('',*,*,#2649,.F.);
#4096=ORIENTED_EDGE('',*,*,#2545,.T.);
#4097=ORIENTED_EDGE('',*,*,#2874,.F.);
#4098=ORIENTED_EDGE('',*,*,#2872,.F.);
#4099=ORIENTED_EDGE('',*,*,#2851,.F.);
#4100=ORIENTED_EDGE('',*,*,#2849,.T.);
#4101=ORIENTED_EDGE('',*,*,#2850,.F.);
#4102=ORIENTED_EDGE('',*,*,#2530,.F.);
#4103=ORIENTED_EDGE('',*,*,#2661,.F.);
#4104=ORIENTED_EDGE('',*,*,#2915,.F.);
#4105=ORIENTED_EDGE('',*,*,#2916,.T.);
#4106=ORIENTED_EDGE('',*,*,#2915,.T.);
#4107=ORIENTED_EDGE('',*,*,#2660,.F.);
#4108=ORIENTED_EDGE('',*,*,#2886,.F.);
#4109=ORIENTED_EDGE('',*,*,#2916,.F.);
#4110=ORIENTED_EDGE('',*,*,#2885,.T.);
#4111=ORIENTED_EDGE('',*,*,#2888,.F.);
#4112=ORIENTED_EDGE('',*,*,#2890,.T.);
#4113=ORIENTED_EDGE('',*,*,#2892,.T.);
#4114=ORIENTED_EDGE('',*,*,#2894,.T.);
#4115=ORIENTED_EDGE('',*,*,#2896,.T.);
#4116=ORIENTED_EDGE('',*,*,#2898,.F.);
#4117=ORIENTED_EDGE('',*,*,#2900,.F.);
#4118=ORIENTED_EDGE('',*,*,#2902,.T.);
#4119=ORIENTED_EDGE('',*,*,#2904,.T.);
#4120=ORIENTED_EDGE('',*,*,#2906,.T.);
#4121=ORIENTED_EDGE('',*,*,#2908,.F.);
#4122=ORIENTED_EDGE('',*,*,#2910,.T.);
#4123=ORIENTED_EDGE('',*,*,#2912,.F.);
#4124=ORIENTED_EDGE('',*,*,#2914,.F.);
#4125=CYLINDRICAL_SURFACE('',#4417,1.6);
#4126=CYLINDRICAL_SURFACE('',#4420,1.6);
#4127=CYLINDRICAL_SURFACE('',#4423,1.6);
#4128=CYLINDRICAL_SURFACE('',#4427,1.6);
#4129=CYLINDRICAL_SURFACE('',#4431,1.6);
#4130=CYLINDRICAL_SURFACE('',#4435,1.6);
#4131=CYLINDRICAL_SURFACE('',#4439,1.6);
#4132=CYLINDRICAL_SURFACE('',#4443,1.6);
#4133=CYLINDRICAL_SURFACE('',#4447,1.6);
#4134=CYLINDRICAL_SURFACE('',#4451,1.6);
#4135=CYLINDRICAL_SURFACE('',#4455,1.6);
#4136=CYLINDRICAL_SURFACE('',#4459,1.6);
#4137=CYLINDRICAL_SURFACE('',#4463,1.6);
#4138=CYLINDRICAL_SURFACE('',#4467,1.6);
#4139=CYLINDRICAL_SURFACE('',#4471,1.6);
#4140=CYLINDRICAL_SURFACE('',#4474,1.6);
#4141=CYLINDRICAL_SURFACE('',#4477,1.6);
#4142=CYLINDRICAL_SURFACE('',#4480,1.6);
#4143=CYLINDRICAL_SURFACE('',#4483,1.6);
#4144=CYLINDRICAL_SURFACE('',#4486,1.6);
#4145=CYLINDRICAL_SURFACE('',#4489,1.6);
#4146=CYLINDRICAL_SURFACE('',#4492,1.6);
#4147=CYLINDRICAL_SURFACE('',#4495,1.6);
#4148=CYLINDRICAL_SURFACE('',#4498,1.6);
#4149=CYLINDRICAL_SURFACE('',#4501,1.6);
#4150=CYLINDRICAL_SURFACE('',#4504,1.6);
#4151=CYLINDRICAL_SURFACE('',#4507,1.6);
#4152=CYLINDRICAL_SURFACE('',#4510,1.6);
#4153=CYLINDRICAL_SURFACE('',#4513,1.6);
#4154=CYLINDRICAL_SURFACE('',#4516,1.6);
#4155=CYLINDRICAL_SURFACE('',#4519,1.59999999999999);
#4156=CYLINDRICAL_SURFACE('',#4522,1.6);
#4157=CYLINDRICAL_SURFACE('',#4525,1.6);
#4158=CYLINDRICAL_SURFACE('',#4528,1.6);
#4159=CYLINDRICAL_SURFACE('',#4531,1.6);
#4160=CYLINDRICAL_SURFACE('',#4534,1.6);
#4161=CYLINDRICAL_SURFACE('',#4537,1.6);
#4162=CYLINDRICAL_SURFACE('',#4540,1.6);
#4163=CYLINDRICAL_SURFACE('',#4543,1.6);
#4164=CYLINDRICAL_SURFACE('',#4546,1.6);
#4165=CYLINDRICAL_SURFACE('',#4549,1.6);
#4166=CYLINDRICAL_SURFACE('',#4552,1.6);
#4167=CYLINDRICAL_SURFACE('',#4555,1.6);
#4168=CYLINDRICAL_SURFACE('',#4558,1.6);
#4169=CYLINDRICAL_SURFACE('',#4561,1.6);
#4170=CYLINDRICAL_SURFACE('',#4564,1.6);
#4171=CYLINDRICAL_SURFACE('',#4567,1.6);
#4172=CYLINDRICAL_SURFACE('',#4570,1.6);
#4173=CYLINDRICAL_SURFACE('',#4573,1.6);
#4174=CYLINDRICAL_SURFACE('',#4576,1.6);
#4175=CYLINDRICAL_SURFACE('',#4579,1.6);
#4176=CYLINDRICAL_SURFACE('',#4582,1.6);
#4177=CYLINDRICAL_SURFACE('',#4585,1.6);
#4178=CYLINDRICAL_SURFACE('',#4588,1.6);
#4179=CYLINDRICAL_SURFACE('',#4591,1.6);
#4180=CYLINDRICAL_SURFACE('',#4594,1.6);
#4181=CYLINDRICAL_SURFACE('',#4597,1.6);
#4182=CYLINDRICAL_SURFACE('',#4600,1.6);
#4183=CYLINDRICAL_SURFACE('',#4603,1.6);
#4184=CYLINDRICAL_SURFACE('',#4606,1.6);
#4185=ADVANCED_FACE('',(#281),#4125,.F.);
#4186=ADVANCED_FACE('',(#282),#4126,.F.);
#4187=ADVANCED_FACE('',(#283),#4127,.F.);
#4188=ADVANCED_FACE('',(#284),#123,.T.);
#4189=ADVANCED_FACE('',(#285),#4128,.F.);
#4190=ADVANCED_FACE('',(#286),#124,.T.);
#4191=ADVANCED_FACE('',(#287),#4129,.F.);
#4192=ADVANCED_FACE('',(#288),#125,.T.);
#4193=ADVANCED_FACE('',(#289),#4130,.F.);
#4194=ADVANCED_FACE('',(#290),#126,.T.);
#4195=ADVANCED_FACE('',(#291),#4131,.F.);
#4196=ADVANCED_FACE('',(#292),#127,.T.);
#4197=ADVANCED_FACE('',(#293),#4132,.F.);
#4198=ADVANCED_FACE('',(#294),#128,.T.);
#4199=ADVANCED_FACE('',(#295),#4133,.F.);
#4200=ADVANCED_FACE('',(#296),#129,.T.);
#4201=ADVANCED_FACE('',(#297),#4134,.F.);
#4202=ADVANCED_FACE('',(#298),#130,.T.);
#4203=ADVANCED_FACE('',(#299),#4135,.F.);
#4204=ADVANCED_FACE('',(#300),#131,.T.);
#4205=ADVANCED_FACE('',(#301),#4136,.F.);
#4206=ADVANCED_FACE('',(#302),#132,.T.);
#4207=ADVANCED_FACE('',(#303),#4137,.F.);
#4208=ADVANCED_FACE('',(#304),#133,.T.);
#4209=ADVANCED_FACE('',(#305),#4138,.F.);
#4210=ADVANCED_FACE('',(#306),#134,.T.);
#4211=ADVANCED_FACE('',(#307),#4139,.F.);
#4212=ADVANCED_FACE('',(#308),#4140,.F.);
#4213=ADVANCED_FACE('',(#309),#4141,.F.);
#4214=ADVANCED_FACE('',(#310),#4142,.F.);
#4215=ADVANCED_FACE('',(#311),#4143,.F.);
#4216=ADVANCED_FACE('',(#312),#4144,.F.);
#4217=ADVANCED_FACE('',(#313),#4145,.F.);
#4218=ADVANCED_FACE('',(#314),#4146,.F.);
#4219=ADVANCED_FACE('',(#315),#4147,.F.);
#4220=ADVANCED_FACE('',(#316),#4148,.F.);
#4221=ADVANCED_FACE('',(#317),#4149,.F.);
#4222=ADVANCED_FACE('',(#318),#4150,.F.);
#4223=ADVANCED_FACE('',(#319),#4151,.F.);
#4224=ADVANCED_FACE('',(#320),#4152,.F.);
#4225=ADVANCED_FACE('',(#321),#4153,.F.);
#4226=ADVANCED_FACE('',(#322),#4154,.F.);
#4227=ADVANCED_FACE('',(#323),#4155,.F.);
#4228=ADVANCED_FACE('',(#324),#4156,.F.);
#4229=ADVANCED_FACE('',(#325),#4157,.F.);
#4230=ADVANCED_FACE('',(#326),#4158,.F.);
#4231=ADVANCED_FACE('',(#327),#4159,.F.);
#4232=ADVANCED_FACE('',(#328),#4160,.F.);
#4233=ADVANCED_FACE('',(#329),#4161,.F.);
#4234=ADVANCED_FACE('',(#330),#4162,.F.);
#4235=ADVANCED_FACE('',(#331),#4163,.F.);
#4236=ADVANCED_FACE('',(#332),#4164,.F.);
#4237=ADVANCED_FACE('',(#333),#4165,.F.);
#4238=ADVANCED_FACE('',(#334),#4166,.F.);
#4239=ADVANCED_FACE('',(#335),#4167,.F.);
#4240=ADVANCED_FACE('',(#336),#4168,.F.);
#4241=ADVANCED_FACE('',(#337),#4169,.F.);
#4242=ADVANCED_FACE('',(#338),#4170,.F.);
#4243=ADVANCED_FACE('',(#339),#4171,.F.);
#4244=ADVANCED_FACE('',(#340),#4172,.F.);
#4245=ADVANCED_FACE('',(#341),#4173,.F.);
#4246=ADVANCED_FACE('',(#342),#4174,.F.);
#4247=ADVANCED_FACE('',(#343),#4175,.F.);
#4248=ADVANCED_FACE('',(#344),#4176,.F.);
#4249=ADVANCED_FACE('',(#345),#4177,.F.);
#4250=ADVANCED_FACE('',(#346),#4178,.F.);
#4251=ADVANCED_FACE('',(#347),#4179,.F.);
#4252=ADVANCED_FACE('',(#348),#4180,.F.);
#4253=ADVANCED_FACE('',(#349),#4181,.F.);
#4254=ADVANCED_FACE('',(#350),#4182,.F.);
#4255=ADVANCED_FACE('',(#351),#4183,.F.);
#4256=ADVANCED_FACE('',(#352),#4184,.F.);
#4257=ADVANCED_FACE('',(#353),#135,.T.);
#4258=ADVANCED_FACE('',(#354,#15,#16,#17,#18),#136,.T.);
#4259=ADVANCED_FACE('',(#355,#19),#137,.T.);
#4260=ADVANCED_FACE('',(#356,#20,#21),#138,.T.);
#4261=ADVANCED_FACE('',(#357),#139,.T.);
#4262=ADVANCED_FACE('',(#358),#140,.T.);
#4263=ADVANCED_FACE('',(#359,#22,#23),#141,.T.);
#4264=ADVANCED_FACE('',(#360,#24,#25,#26,#27),#142,.T.);
#4265=ADVANCED_FACE('',(#361,#28,#29),#143,.T.);
#4266=ADVANCED_FACE('',(#362),#144,.T.);
#4267=ADVANCED_FACE('',(#363,#30),#145,.T.);
#4268=ADVANCED_FACE('',(#364),#146,.T.);
#4269=ADVANCED_FACE('',(#365,#31,#32),#147,.T.);
#4270=ADVANCED_FACE('',(#366,#33,#34,#35,#36),#148,.T.);
#4271=ADVANCED_FACE('',(#367),#149,.T.);
#4272=ADVANCED_FACE('',(#368,#37,#38,#39,#40),#150,.T.);
#4273=ADVANCED_FACE('',(#369,#41),#151,.T.);
#4274=ADVANCED_FACE('',(#370,#42,#43),#152,.T.);
#4275=ADVANCED_FACE('',(#371),#153,.T.);
#4276=ADVANCED_FACE('',(#372,#44),#154,.T.);
#4277=ADVANCED_FACE('',(#373,#45,#46,#47,#48),#155,.T.);
#4278=ADVANCED_FACE('',(#374,#49),#156,.T.);
#4279=ADVANCED_FACE('',(#375),#157,.T.);
#4280=ADVANCED_FACE('',(#376,#50,#51,#52,#53),#158,.T.);
#4281=ADVANCED_FACE('',(#377,#54),#159,.T.);
#4282=ADVANCED_FACE('',(#378,#55,#56),#160,.T.);
#4283=ADVANCED_FACE('',(#379),#161,.T.);
#4284=ADVANCED_FACE('',(#380),#162,.T.);
#4285=ADVANCED_FACE('',(#381),#163,.T.);
#4286=ADVANCED_FACE('',(#382),#164,.T.);
#4287=ADVANCED_FACE('',(#383),#165,.T.);
#4288=ADVANCED_FACE('',(#384,#57,#58,#59,#60),#166,.T.);
#4289=ADVANCED_FACE('',(#385),#167,.T.);
#4290=ADVANCED_FACE('',(#386),#168,.T.);
#4291=ADVANCED_FACE('',(#387),#169,.T.);
#4292=ADVANCED_FACE('',(#388,#61,#62,#63,#64),#170,.T.);
#4293=ADVANCED_FACE('',(#389),#171,.T.);
#4294=ADVANCED_FACE('',(#390),#172,.T.);
#4295=ADVANCED_FACE('',(#391),#173,.T.);
#4296=ADVANCED_FACE('',(#392),#174,.T.);
#4297=ADVANCED_FACE('',(#393),#175,.T.);
#4298=ADVANCED_FACE('',(#394,#65,#66,#67,#68),#176,.T.);
#4299=ADVANCED_FACE('',(#395),#177,.T.);
#4300=ADVANCED_FACE('',(#396),#178,.T.);
#4301=ADVANCED_FACE('',(#397),#179,.T.);
#4302=ADVANCED_FACE('',(#398),#180,.T.);
#4303=ADVANCED_FACE('',(#399),#181,.T.);
#4304=ADVANCED_FACE('',(#400,#69,#70,#71,#72),#182,.T.);
#4305=ADVANCED_FACE('',(#401),#183,.T.);
#4306=ADVANCED_FACE('',(#402),#184,.T.);
#4307=ADVANCED_FACE('',(#403),#185,.T.);
#4308=ADVANCED_FACE('',(#404),#186,.T.);
#4309=ADVANCED_FACE('',(#405),#187,.T.);
#4310=ADVANCED_FACE('',(#406),#188,.T.);
#4311=ADVANCED_FACE('',(#407),#189,.T.);
#4312=ADVANCED_FACE('',(#408),#190,.T.);
#4313=ADVANCED_FACE('',(#409),#191,.T.);
#4314=ADVANCED_FACE('',(#410),#192,.T.);
#4315=ADVANCED_FACE('',(#411),#193,.T.);
#4316=ADVANCED_FACE('',(#412),#194,.T.);
#4317=ADVANCED_FACE('',(#413),#195,.T.);
#4318=ADVANCED_FACE('',(#414),#196,.T.);
#4319=ADVANCED_FACE('',(#415,#73,#74),#197,.T.);
#4320=ADVANCED_FACE('',(#416,#75,#76),#198,.T.);
#4321=ADVANCED_FACE('',(#417,#77,#78),#199,.T.);
#4322=ADVANCED_FACE('',(#418),#200,.T.);
#4323=ADVANCED_FACE('',(#419,#79),#201,.T.);
#4324=ADVANCED_FACE('',(#420),#202,.T.);
#4325=ADVANCED_FACE('',(#421),#203,.T.);
#4326=ADVANCED_FACE('',(#422),#204,.T.);
#4327=ADVANCED_FACE('',(#423,#80),#205,.T.);
#4328=ADVANCED_FACE('',(#424),#206,.T.);
#4329=ADVANCED_FACE('',(#425),#207,.T.);
#4330=ADVANCED_FACE('',(#426),#208,.T.);
#4331=ADVANCED_FACE('',(#427,#81),#209,.T.);
#4332=ADVANCED_FACE('',(#428),#210,.T.);
#4333=ADVANCED_FACE('',(#429),#211,.T.);
#4334=ADVANCED_FACE('',(#430),#212,.T.);
#4335=ADVANCED_FACE('',(#431),#213,.T.);
#4336=ADVANCED_FACE('',(#432),#214,.T.);
#4337=ADVANCED_FACE('',(#433),#215,.T.);
#4338=ADVANCED_FACE('',(#434,#82),#216,.T.);
#4339=ADVANCED_FACE('',(#435,#83),#217,.T.);
#4340=ADVANCED_FACE('',(#436),#218,.T.);
#4341=ADVANCED_FACE('',(#437,#84,#85,#86,#87),#219,.T.);
#4342=ADVANCED_FACE('',(#438),#220,.T.);
#4343=ADVANCED_FACE('',(#439,#88),#221,.T.);
#4344=ADVANCED_FACE('',(#440),#222,.T.);
#4345=ADVANCED_FACE('',(#441,#89,#90,#91,#92),#223,.T.);
#4346=ADVANCED_FACE('',(#442,#93),#224,.T.);
#4347=ADVANCED_FACE('',(#443),#225,.T.);
#4348=ADVANCED_FACE('',(#444),#226,.T.);
#4349=ADVANCED_FACE('',(#445,#94),#227,.T.);
#4350=ADVANCED_FACE('',(#446),#228,.T.);
#4351=ADVANCED_FACE('',(#447),#229,.T.);
#4352=ADVANCED_FACE('',(#448,#95),#230,.T.);
#4353=ADVANCED_FACE('',(#449),#231,.T.);
#4354=ADVANCED_FACE('',(#450),#232,.T.);
#4355=ADVANCED_FACE('',(#451),#233,.T.);
#4356=ADVANCED_FACE('',(#452,#96),#234,.T.);
#4357=ADVANCED_FACE('',(#453),#235,.T.);
#4358=ADVANCED_FACE('',(#454),#236,.T.);
#4359=ADVANCED_FACE('',(#455,#97),#237,.T.);
#4360=ADVANCED_FACE('',(#456),#238,.T.);
#4361=ADVANCED_FACE('',(#457),#239,.T.);
#4362=ADVANCED_FACE('',(#458,#98),#240,.T.);
#4363=ADVANCED_FACE('',(#459),#241,.T.);
#4364=ADVANCED_FACE('',(#460),#242,.T.);
#4365=ADVANCED_FACE('',(#461,#99),#243,.T.);
#4366=ADVANCED_FACE('',(#462),#244,.T.);
#4367=ADVANCED_FACE('',(#463,#100),#245,.T.);
#4368=ADVANCED_FACE('',(#464),#246,.T.);
#4369=ADVANCED_FACE('',(#465,#101),#247,.T.);
#4370=ADVANCED_FACE('',(#466),#248,.T.);
#4371=ADVANCED_FACE('',(#467,#102),#249,.T.);
#4372=ADVANCED_FACE('',(#468),#250,.T.);
#4373=ADVANCED_FACE('',(#469,#103),#251,.T.);
#4374=ADVANCED_FACE('',(#470),#252,.T.);
#4375=ADVANCED_FACE('',(#471,#104),#253,.T.);
#4376=ADVANCED_FACE('',(#472),#254,.T.);
#4377=ADVANCED_FACE('',(#473,#105,#106),#255,.T.);
#4378=ADVANCED_FACE('',(#474,#107,#108),#256,.T.);
#4379=ADVANCED_FACE('',(#475,#109,#110),#257,.T.);
#4380=ADVANCED_FACE('',(#476,#111,#112),#258,.T.);
#4381=ADVANCED_FACE('',(#477,#113,#114),#259,.T.);
#4382=ADVANCED_FACE('',(#478,#115,#116),#260,.T.);
#4383=ADVANCED_FACE('',(#479,#117,#118),#261,.T.);
#4384=ADVANCED_FACE('',(#480,#119,#120),#262,.T.);
#4385=ADVANCED_FACE('',(#481,#121,#122),#263,.T.);
#4386=ADVANCED_FACE('',(#482),#264,.T.);
#4387=ADVANCED_FACE('',(#483),#265,.T.);
#4388=ADVANCED_FACE('',(#484),#266,.T.);
#4389=ADVANCED_FACE('',(#485),#267,.T.);
#4390=ADVANCED_FACE('',(#486),#268,.T.);
#4391=ADVANCED_FACE('',(#487),#269,.T.);
#4392=ADVANCED_FACE('',(#488),#270,.T.);
#4393=ADVANCED_FACE('',(#489),#271,.T.);
#4394=ADVANCED_FACE('',(#490),#272,.T.);
#4395=ADVANCED_FACE('',(#491),#273,.T.);
#4396=ADVANCED_FACE('',(#492),#274,.T.);
#4397=ADVANCED_FACE('',(#493),#275,.T.);
#4398=ADVANCED_FACE('',(#494),#276,.T.);
#4399=ADVANCED_FACE('',(#495),#277,.T.);
#4400=ADVANCED_FACE('',(#496),#278,.T.);
#4401=ADVANCED_FACE('',(#497),#279,.T.);
#4402=ADVANCED_FACE('',(#498),#280,.F.);
#4403=CLOSED_SHELL('',(#4185,#4186,#4187,#4188,#4189,#4190,#4191,#4192,
#4193,#4194,#4195,#4196,#4197,#4198,#4199,#4200,#4201,#4202,#4203,#4204,
#4205,#4206,#4207,#4208,#4209,#4210,#4211,#4212,#4213,#4214,#4215,#4216,
#4217,#4218,#4219,#4220,#4221,#4222,#4223,#4224,#4225,#4226,#4227,#4228,
#4229,#4230,#4231,#4232,#4233,#4234,#4235,#4236,#4237,#4238,#4239,#4240,
#4241,#4242,#4243,#4244,#4245,#4246,#4247,#4248,#4249,#4250,#4251,#4252,
#4253,#4254,#4255,#4256,#4257,#4258,#4259,#4260,#4261,#4262,#4263,#4264,
#4265,#4266,#4267,#4268,#4269,#4270,#4271,#4272,#4273,#4274,#4275,#4276,
#4277,#4278,#4279,#4280,#4281,#4282,#4283,#4284,#4285,#4286,#4287,#4288,
#4289,#4290,#4291,#4292,#4293,#4294,#4295,#4296,#4297,#4298,#4299,#4300,
#4301,#4302,#4303,#4304,#4305,#4306,#4307,#4308,#4309,#4310,#4311,#4312,
#4313,#4314,#4315,#4316,#4317,#4318,#4319,#4320,#4321,#4322,#4323,#4324,
#4325,#4326,#4327,#4328,#4329,#4330,#4331,#4332,#4333,#4334,#4335,#4336,
#4337,#4338,#4339,#4340,#4341,#4342,#4343,#4344,#4345,#4346,#4347,#4348,
#4349,#4350,#4351,#4352,#4353,#4354,#4355,#4356,#4357,#4358,#4359,#4360,
#4361,#4362,#4363,#4364,#4365,#4366,#4367,#4368,#4369,#4370,#4371,#4372,
#4373,#4374,#4375,#4376,#4377,#4378,#4379,#4380,#4381,#4382,#4383,#4384,
#4385,#4386,#4387,#4388,#4389,#4390,#4391,#4392,#4393,#4394,#4395,#4396,
#4397,#4398,#4399,#4400,#4401,#4402));
#4404=DERIVED_UNIT_ELEMENT(#4406,1.);
#4405=DERIVED_UNIT_ELEMENT(#7145,-3.);
#4406=(
MASS_UNIT()
NAMED_UNIT(*)
SI_UNIT(.KILO.,.GRAM.)
);
#4407=DERIVED_UNIT((#4404,#4405));
#4408=MEASURE_REPRESENTATION_ITEM('density measure',
POSITIVE_RATIO_MEASURE(7850.),#4407);
#4409=PROPERTY_DEFINITION_REPRESENTATION(#4414,#4411);
#4410=PROPERTY_DEFINITION_REPRESENTATION(#4415,#4412);
#4411=REPRESENTATION('material name',(#4413),#7142);
#4412=REPRESENTATION('density',(#4408),#7142);
#4413=DESCRIPTIVE_REPRESENTATION_ITEM('Steel','Steel');
#4414=PROPERTY_DEFINITION('material property','material name',#7152);
#4415=PROPERTY_DEFINITION('material property','density of part',#7152);
#4416=AXIS2_PLACEMENT_3D('',#5917,#4755,#4756);
#4417=AXIS2_PLACEMENT_3D('',#5918,#4757,#4758);
#4418=AXIS2_PLACEMENT_3D('',#5920,#4759,#4760);
#4419=AXIS2_PLACEMENT_3D('',#5923,#4762,#4763);
#4420=AXIS2_PLACEMENT_3D('',#5924,#4764,#4765);
#4421=AXIS2_PLACEMENT_3D('',#5926,#4766,#4767);
#4422=AXIS2_PLACEMENT_3D('',#5929,#4769,#4770);
#4423=AXIS2_PLACEMENT_3D('',#5930,#4771,#4772);
#4424=AXIS2_PLACEMENT_3D('',#5932,#4773,#4774);
#4425=AXIS2_PLACEMENT_3D('',#5935,#4776,#4777);
#4426=AXIS2_PLACEMENT_3D('',#5936,#4778,#4779);
#4427=AXIS2_PLACEMENT_3D('',#5937,#4780,#4781);
#4428=AXIS2_PLACEMENT_3D('',#5939,#4782,#4783);
#4429=AXIS2_PLACEMENT_3D('',#5942,#4785,#4786);
#4430=AXIS2_PLACEMENT_3D('',#5943,#4787,#4788);
#4431=AXIS2_PLACEMENT_3D('',#5944,#4789,#4790);
#4432=AXIS2_PLACEMENT_3D('',#5946,#4791,#4792);
#4433=AXIS2_PLACEMENT_3D('',#5949,#4794,#4795);
#4434=AXIS2_PLACEMENT_3D('',#5950,#4796,#4797);
#4435=AXIS2_PLACEMENT_3D('',#5951,#4798,#4799);
#4436=AXIS2_PLACEMENT_3D('',#5953,#4800,#4801);
#4437=AXIS2_PLACEMENT_3D('',#5956,#4803,#4804);
#4438=AXIS2_PLACEMENT_3D('',#5957,#4805,#4806);
#4439=AXIS2_PLACEMENT_3D('',#5958,#4807,#4808);
#4440=AXIS2_PLACEMENT_3D('',#5960,#4809,#4810);
#4441=AXIS2_PLACEMENT_3D('',#5963,#4812,#4813);
#4442=AXIS2_PLACEMENT_3D('',#5964,#4814,#4815);
#4443=AXIS2_PLACEMENT_3D('',#5965,#4816,#4817);
#4444=AXIS2_PLACEMENT_3D('',#5967,#4818,#4819);
#4445=AXIS2_PLACEMENT_3D('',#5970,#4821,#4822);
#4446=AXIS2_PLACEMENT_3D('',#5971,#4823,#4824);
#4447=AXIS2_PLACEMENT_3D('',#5972,#4825,#4826);
#4448=AXIS2_PLACEMENT_3D('',#5974,#4827,#4828);
#4449=AXIS2_PLACEMENT_3D('',#5977,#4830,#4831);
#4450=AXIS2_PLACEMENT_3D('',#5978,#4832,#4833);
#4451=AXIS2_PLACEMENT_3D('',#5979,#4834,#4835);
#4452=AXIS2_PLACEMENT_3D('',#5981,#4836,#4837);
#4453=AXIS2_PLACEMENT_3D('',#5984,#4839,#4840);
#4454=AXIS2_PLACEMENT_3D('',#5985,#4841,#4842);
#4455=AXIS2_PLACEMENT_3D('',#5986,#4843,#4844);
#4456=AXIS2_PLACEMENT_3D('',#5988,#4845,#4846);
#4457=AXIS2_PLACEMENT_3D('',#5991,#4848,#4849);
#4458=AXIS2_PLACEMENT_3D('',#5992,#4850,#4851);
#4459=AXIS2_PLACEMENT_3D('',#5993,#4852,#4853);
#4460=AXIS2_PLACEMENT_3D('',#5995,#4854,#4855);
#4461=AXIS2_PLACEMENT_3D('',#5998,#4857,#4858);
#4462=AXIS2_PLACEMENT_3D('',#5999,#4859,#4860);
#4463=AXIS2_PLACEMENT_3D('',#6000,#4861,#4862);
#4464=AXIS2_PLACEMENT_3D('',#6002,#4863,#4864);
#4465=AXIS2_PLACEMENT_3D('',#6005,#4866,#4867);
#4466=AXIS2_PLACEMENT_3D('',#6006,#4868,#4869);
#4467=AXIS2_PLACEMENT_3D('',#6007,#4870,#4871);
#4468=AXIS2_PLACEMENT_3D('',#6009,#4872,#4873);
#4469=AXIS2_PLACEMENT_3D('',#6012,#4875,#4876);
#4470=AXIS2_PLACEMENT_3D('',#6013,#4877,#4878);
#4471=AXIS2_PLACEMENT_3D('',#6014,#4879,#4880);
#4472=AXIS2_PLACEMENT_3D('',#6016,#4881,#4882);
#4473=AXIS2_PLACEMENT_3D('',#6019,#4884,#4885);
#4474=AXIS2_PLACEMENT_3D('',#6020,#4886,#4887);
#4475=AXIS2_PLACEMENT_3D('',#6022,#4888,#4889);
#4476=AXIS2_PLACEMENT_3D('',#6025,#4891,#4892);
#4477=AXIS2_PLACEMENT_3D('',#6026,#4893,#4894);
#4478=AXIS2_PLACEMENT_3D('',#6028,#4895,#4896);
#4479=AXIS2_PLACEMENT_3D('',#6031,#4898,#4899);
#4480=AXIS2_PLACEMENT_3D('',#6032,#4900,#4901);
#4481=AXIS2_PLACEMENT_3D('',#6034,#4902,#4903);
#4482=AXIS2_PLACEMENT_3D('',#6037,#4905,#4906);
#4483=AXIS2_PLACEMENT_3D('',#6038,#4907,#4908);
#4484=AXIS2_PLACEMENT_3D('',#6040,#4909,#4910);
#4485=AXIS2_PLACEMENT_3D('',#6043,#4912,#4913);
#4486=AXIS2_PLACEMENT_3D('',#6044,#4914,#4915);
#4487=AXIS2_PLACEMENT_3D('',#6046,#4916,#4917);
#4488=AXIS2_PLACEMENT_3D('',#6049,#4919,#4920);
#4489=AXIS2_PLACEMENT_3D('',#6050,#4921,#4922);
#4490=AXIS2_PLACEMENT_3D('',#6052,#4923,#4924);
#4491=AXIS2_PLACEMENT_3D('',#6055,#4926,#4927);
#4492=AXIS2_PLACEMENT_3D('',#6056,#4928,#4929);
#4493=AXIS2_PLACEMENT_3D('',#6058,#4930,#4931);
#4494=AXIS2_PLACEMENT_3D('',#6061,#4933,#4934);
#4495=AXIS2_PLACEMENT_3D('',#6062,#4935,#4936);
#4496=AXIS2_PLACEMENT_3D('',#6064,#4937,#4938);
#4497=AXIS2_PLACEMENT_3D('',#6067,#4940,#4941);
#4498=AXIS2_PLACEMENT_3D('',#6068,#4942,#4943);
#4499=AXIS2_PLACEMENT_3D('',#6070,#4944,#4945);
#4500=AXIS2_PLACEMENT_3D('',#6073,#4947,#4948);
#4501=AXIS2_PLACEMENT_3D('',#6074,#4949,#4950);
#4502=AXIS2_PLACEMENT_3D('',#6076,#4951,#4952);
#4503=AXIS2_PLACEMENT_3D('',#6079,#4954,#4955);
#4504=AXIS2_PLACEMENT_3D('',#6080,#4956,#4957);
#4505=AXIS2_PLACEMENT_3D('',#6082,#4958,#4959);
#4506=AXIS2_PLACEMENT_3D('',#6085,#4961,#4962);
#4507=AXIS2_PLACEMENT_3D('',#6086,#4963,#4964);
#4508=AXIS2_PLACEMENT_3D('',#6088,#4965,#4966);
#4509=AXIS2_PLACEMENT_3D('',#6091,#4968,#4969);
#4510=AXIS2_PLACEMENT_3D('',#6092,#4970,#4971);
#4511=AXIS2_PLACEMENT_3D('',#6094,#4972,#4973);
#4512=AXIS2_PLACEMENT_3D('',#6097,#4975,#4976);
#4513=AXIS2_PLACEMENT_3D('',#6098,#4977,#4978);
#4514=AXIS2_PLACEMENT_3D('',#6100,#4979,#4980);
#4515=AXIS2_PLACEMENT_3D('',#6103,#4982,#4983);
#4516=AXIS2_PLACEMENT_3D('',#6104,#4984,#4985);
#4517=AXIS2_PLACEMENT_3D('',#6106,#4986,#4987);
#4518=AXIS2_PLACEMENT_3D('',#6109,#4989,#4990);
#4519=AXIS2_PLACEMENT_3D('',#6110,#4991,#4992);
#4520=AXIS2_PLACEMENT_3D('',#6112,#4993,#4994);
#4521=AXIS2_PLACEMENT_3D('',#6115,#4996,#4997);
#4522=AXIS2_PLACEMENT_3D('',#6116,#4998,#4999);
#4523=AXIS2_PLACEMENT_3D('',#6118,#5000,#5001);
#4524=AXIS2_PLACEMENT_3D('',#6121,#5003,#5004);
#4525=AXIS2_PLACEMENT_3D('',#6122,#5005,#5006);
#4526=AXIS2_PLACEMENT_3D('',#6124,#5007,#5008);
#4527=AXIS2_PLACEMENT_3D('',#6127,#5010,#5011);
#4528=AXIS2_PLACEMENT_3D('',#6128,#5012,#5013);
#4529=AXIS2_PLACEMENT_3D('',#6130,#5014,#5015);
#4530=AXIS2_PLACEMENT_3D('',#6133,#5017,#5018);
#4531=AXIS2_PLACEMENT_3D('',#6134,#5019,#5020);
#4532=AXIS2_PLACEMENT_3D('',#6136,#5021,#5022);
#4533=AXIS2_PLACEMENT_3D('',#6139,#5024,#5025);
#4534=AXIS2_PLACEMENT_3D('',#6140,#5026,#5027);
#4535=AXIS2_PLACEMENT_3D('',#6142,#5028,#5029);
#4536=AXIS2_PLACEMENT_3D('',#6145,#5031,#5032);
#4537=AXIS2_PLACEMENT_3D('',#6146,#5033,#5034);
#4538=AXIS2_PLACEMENT_3D('',#6148,#5035,#5036);
#4539=AXIS2_PLACEMENT_3D('',#6151,#5038,#5039);
#4540=AXIS2_PLACEMENT_3D('',#6152,#5040,#5041);
#4541=AXIS2_PLACEMENT_3D('',#6154,#5042,#5043);
#4542=AXIS2_PLACEMENT_3D('',#6157,#5045,#5046);
#4543=AXIS2_PLACEMENT_3D('',#6158,#5047,#5048);
#4544=AXIS2_PLACEMENT_3D('',#6160,#5049,#5050);
#4545=AXIS2_PLACEMENT_3D('',#6163,#5052,#5053);
#4546=AXIS2_PLACEMENT_3D('',#6164,#5054,#5055);
#4547=AXIS2_PLACEMENT_3D('',#6166,#5056,#5057);
#4548=AXIS2_PLACEMENT_3D('',#6169,#5059,#5060);
#4549=AXIS2_PLACEMENT_3D('',#6170,#5061,#5062);
#4550=AXIS2_PLACEMENT_3D('',#6172,#5063,#5064);
#4551=AXIS2_PLACEMENT_3D('',#6175,#5066,#5067);
#4552=AXIS2_PLACEMENT_3D('',#6176,#5068,#5069);
#4553=AXIS2_PLACEMENT_3D('',#6178,#5070,#5071);
#4554=AXIS2_PLACEMENT_3D('',#6181,#5073,#5074);
#4555=AXIS2_PLACEMENT_3D('',#6182,#5075,#5076);
#4556=AXIS2_PLACEMENT_3D('',#6184,#5077,#5078);
#4557=AXIS2_PLACEMENT_3D('',#6187,#5080,#5081);
#4558=AXIS2_PLACEMENT_3D('',#6188,#5082,#5083);
#4559=AXIS2_PLACEMENT_3D('',#6190,#5084,#5085);
#4560=AXIS2_PLACEMENT_3D('',#6193,#5087,#5088);
#4561=AXIS2_PLACEMENT_3D('',#6194,#5089,#5090);
#4562=AXIS2_PLACEMENT_3D('',#6196,#5091,#5092);
#4563=AXIS2_PLACEMENT_3D('',#6199,#5094,#5095);
#4564=AXIS2_PLACEMENT_3D('',#6200,#5096,#5097);
#4565=AXIS2_PLACEMENT_3D('',#6202,#5098,#5099);
#4566=AXIS2_PLACEMENT_3D('',#6205,#5101,#5102);
#4567=AXIS2_PLACEMENT_3D('',#6206,#5103,#5104);
#4568=AXIS2_PLACEMENT_3D('',#6208,#5105,#5106);
#4569=AXIS2_PLACEMENT_3D('',#6211,#5108,#5109);
#4570=AXIS2_PLACEMENT_3D('',#6212,#5110,#5111);
#4571=AXIS2_PLACEMENT_3D('',#6214,#5112,#5113);
#4572=AXIS2_PLACEMENT_3D('',#6217,#5115,#5116);
#4573=AXIS2_PLACEMENT_3D('',#6218,#5117,#5118);
#4574=AXIS2_PLACEMENT_3D('',#6220,#5119,#5120);
#4575=AXIS2_PLACEMENT_3D('',#6223,#5122,#5123);
#4576=AXIS2_PLACEMENT_3D('',#6224,#5124,#5125);
#4577=AXIS2_PLACEMENT_3D('',#6226,#5126,#5127);
#4578=AXIS2_PLACEMENT_3D('',#6229,#5129,#5130);
#4579=AXIS2_PLACEMENT_3D('',#6230,#5131,#5132);
#4580=AXIS2_PLACEMENT_3D('',#6232,#5133,#5134);
#4581=AXIS2_PLACEMENT_3D('',#6235,#5136,#5137);
#4582=AXIS2_PLACEMENT_3D('',#6236,#5138,#5139);
#4583=AXIS2_PLACEMENT_3D('',#6238,#5140,#5141);
#4584=AXIS2_PLACEMENT_3D('',#6241,#5143,#5144);
#4585=AXIS2_PLACEMENT_3D('',#6242,#5145,#5146);
#4586=AXIS2_PLACEMENT_3D('',#6244,#5147,#5148);
#4587=AXIS2_PLACEMENT_3D('',#6247,#5150,#5151);
#4588=AXIS2_PLACEMENT_3D('',#6248,#5152,#5153);
#4589=AXIS2_PLACEMENT_3D('',#6250,#5154,#5155);
#4590=AXIS2_PLACEMENT_3D('',#6253,#5157,#5158);
#4591=AXIS2_PLACEMENT_3D('',#6254,#5159,#5160);
#4592=AXIS2_PLACEMENT_3D('',#6256,#5161,#5162);
#4593=AXIS2_PLACEMENT_3D('',#6259,#5164,#5165);
#4594=AXIS2_PLACEMENT_3D('',#6260,#5166,#5167);
#4595=AXIS2_PLACEMENT_3D('',#6262,#5168,#5169);
#4596=AXIS2_PLACEMENT_3D('',#6265,#5171,#5172);
#4597=AXIS2_PLACEMENT_3D('',#6266,#5173,#5174);
#4598=AXIS2_PLACEMENT_3D('',#6268,#5175,#5176);
#4599=AXIS2_PLACEMENT_3D('',#6271,#5178,#5179);
#4600=AXIS2_PLACEMENT_3D('',#6272,#5180,#5181);
#4601=AXIS2_PLACEMENT_3D('',#6274,#5182,#5183);
#4602=AXIS2_PLACEMENT_3D('',#6277,#5185,#5186);
#4603=AXIS2_PLACEMENT_3D('',#6278,#5187,#5188);
#4604=AXIS2_PLACEMENT_3D('',#6280,#5189,#5190);
#4605=AXIS2_PLACEMENT_3D('',#6283,#5192,#5193);
#4606=AXIS2_PLACEMENT_3D('',#6284,#5194,#5195);
#4607=AXIS2_PLACEMENT_3D('',#6286,#5196,#5197);
#4608=AXIS2_PLACEMENT_3D('',#6289,#5199,#5200);
#4609=AXIS2_PLACEMENT_3D('',#6290,#5201,#5202);
#4610=AXIS2_PLACEMENT_3D('',#6299,#5207,#5208);
#4611=AXIS2_PLACEMENT_3D('',#6321,#5220,#5221);
#4612=AXIS2_PLACEMENT_3D('',#6325,#5224,#5225);
#4613=AXIS2_PLACEMENT_3D('',#6339,#5233,#5234);
#4614=AXIS2_PLACEMENT_3D('',#6348,#5239,#5240);
#4615=AXIS2_PLACEMENT_3D('',#6362,#5248,#5249);
#4616=AXIS2_PLACEMENT_3D('',#6376,#5257,#5258);
#4617=AXIS2_PLACEMENT_3D('',#6390,#5266,#5267);
#4618=AXIS2_PLACEMENT_3D('',#6401,#5274,#5275);
#4619=AXIS2_PLACEMENT_3D('',#6410,#5280,#5281);
#4620=AXIS2_PLACEMENT_3D('',#6416,#5285,#5286);
#4621=AXIS2_PLACEMENT_3D('',#6428,#5293,#5294);
#4622=AXIS2_PLACEMENT_3D('',#6442,#5302,#5303);
#4623=AXIS2_PLACEMENT_3D('',#6456,#5311,#5312);
#4624=AXIS2_PLACEMENT_3D('',#6465,#5317,#5318);
#4625=AXIS2_PLACEMENT_3D('',#6487,#5330,#5331);
#4626=AXIS2_PLACEMENT_3D('',#6491,#5334,#5335);
#4627=AXIS2_PLACEMENT_3D('',#6505,#5343,#5344);
#4628=AXIS2_PLACEMENT_3D('',#6514,#5349,#5350);
#4629=AXIS2_PLACEMENT_3D('',#6520,#5354,#5355);
#4630=AXIS2_PLACEMENT_3D('',#6540,#5366,#5367);
#4631=AXIS2_PLACEMENT_3D('',#6544,#5370,#5371);
#4632=AXIS2_PLACEMENT_3D('',#6553,#5376,#5377);
#4633=AXIS2_PLACEMENT_3D('',#6575,#5389,#5390);
#4634=AXIS2_PLACEMENT_3D('',#6579,#5393,#5394);
#4635=AXIS2_PLACEMENT_3D('',#6593,#5402,#5403);
#4636=AXIS2_PLACEMENT_3D('',#6613,#5414,#5415);
#4637=AXIS2_PLACEMENT_3D('',#6625,#5422,#5423);
#4638=AXIS2_PLACEMENT_3D('',#6642,#5433,#5434);
#4639=AXIS2_PLACEMENT_3D('',#6664,#5446,#5447);
#4640=AXIS2_PLACEMENT_3D('',#6686,#5459,#5460);
#4641=AXIS2_PLACEMENT_3D('',#6700,#5468,#5469);
#4642=AXIS2_PLACEMENT_3D('',#6706,#5473,#5474);
#4643=AXIS2_PLACEMENT_3D('',#6712,#5478,#5479);
#4644=AXIS2_PLACEMENT_3D('',#6718,#5483,#5484);
#4645=AXIS2_PLACEMENT_3D('',#6726,#5490,#5491);
#4646=AXIS2_PLACEMENT_3D('',#6730,#5494,#5495);
#4647=AXIS2_PLACEMENT_3D('',#6734,#5498,#5499);
#4648=AXIS2_PLACEMENT_3D('',#6738,#5502,#5503);
#4649=AXIS2_PLACEMENT_3D('',#6742,#5506,#5507);
#4650=AXIS2_PLACEMENT_3D('',#6746,#5510,#5511);
#4651=AXIS2_PLACEMENT_3D('',#6753,#5516,#5517);
#4652=AXIS2_PLACEMENT_3D('',#6757,#5520,#5521);
#4653=AXIS2_PLACEMENT_3D('',#6761,#5524,#5525);
#4654=AXIS2_PLACEMENT_3D('',#6765,#5528,#5529);
#4655=AXIS2_PLACEMENT_3D('',#6769,#5532,#5533);
#4656=AXIS2_PLACEMENT_3D('',#6773,#5536,#5537);
#4657=AXIS2_PLACEMENT_3D('',#6780,#5542,#5543);
#4658=AXIS2_PLACEMENT_3D('',#6784,#5546,#5547);
#4659=AXIS2_PLACEMENT_3D('',#6788,#5550,#5551);
#4660=AXIS2_PLACEMENT_3D('',#6790,#5553,#5554);
#4661=AXIS2_PLACEMENT_3D('',#6794,#5557,#5558);
#4662=AXIS2_PLACEMENT_3D('',#6798,#5561,#5562);
#4663=AXIS2_PLACEMENT_3D('',#6802,#5565,#5566);
#4664=AXIS2_PLACEMENT_3D('',#6806,#5569,#5570);
#4665=AXIS2_PLACEMENT_3D('',#6808,#5572,#5573);
#4666=AXIS2_PLACEMENT_3D('',#6812,#5576,#5577);
#4667=AXIS2_PLACEMENT_3D('',#6816,#5580,#5581);
#4668=AXIS2_PLACEMENT_3D('',#6820,#5584,#5585);
#4669=AXIS2_PLACEMENT_3D('',#6824,#5588,#5589);
#4670=AXIS2_PLACEMENT_3D('',#6826,#5591,#5592);
#4671=AXIS2_PLACEMENT_3D('',#6830,#5595,#5596);
#4672=AXIS2_PLACEMENT_3D('',#6839,#5602,#5603);
#4673=AXIS2_PLACEMENT_3D('',#6848,#5609,#5610);
#4674=AXIS2_PLACEMENT_3D('',#6857,#5616,#5617);
#4675=AXIS2_PLACEMENT_3D('',#6861,#5620,#5621);
#4676=AXIS2_PLACEMENT_3D('',#6863,#5623,#5624);
#4677=AXIS2_PLACEMENT_3D('',#6866,#5627,#5628);
#4678=AXIS2_PLACEMENT_3D('',#6867,#5629,#5630);
#4679=AXIS2_PLACEMENT_3D('',#6871,#5633,#5634);
#4680=AXIS2_PLACEMENT_3D('',#6873,#5636,#5637);
#4681=AXIS2_PLACEMENT_3D('',#6876,#5640,#5641);
#4682=AXIS2_PLACEMENT_3D('',#6877,#5642,#5643);
#4683=AXIS2_PLACEMENT_3D('',#6883,#5647,#5648);
#4684=AXIS2_PLACEMENT_3D('',#6885,#5650,#5651);
#4685=AXIS2_PLACEMENT_3D('',#6890,#5655,#5656);
#4686=AXIS2_PLACEMENT_3D('',#6891,#5657,#5658);
#4687=AXIS2_PLACEMENT_3D('',#6895,#5661,#5662);
#4688=AXIS2_PLACEMENT_3D('',#6903,#5667,#5668);
#4689=AXIS2_PLACEMENT_3D('',#6905,#5670,#5671);
#4690=AXIS2_PLACEMENT_3D('',#6909,#5674,#5675);
#4691=AXIS2_PLACEMENT_3D('',#6911,#5677,#5678);
#4692=AXIS2_PLACEMENT_3D('',#6915,#5681,#5682);
#4693=AXIS2_PLACEMENT_3D('',#6917,#5684,#5685);
#4694=AXIS2_PLACEMENT_3D('',#6927,#5691,#5692);
#4695=AXIS2_PLACEMENT_3D('',#6931,#5695,#5696);
#4696=AXIS2_PLACEMENT_3D('',#6933,#5698,#5699);
#4697=AXIS2_PLACEMENT_3D('',#6935,#5701,#5702);
#4698=AXIS2_PLACEMENT_3D('',#6945,#5708,#5709);
#4699=AXIS2_PLACEMENT_3D('',#6951,#5713,#5714);
#4700=AXIS2_PLACEMENT_3D('',#6953,#5716,#5717);
#4701=AXIS2_PLACEMENT_3D('',#6954,#5718,#5719);
#4702=AXIS2_PLACEMENT_3D('',#6960,#5723,#5724);
#4703=AXIS2_PLACEMENT_3D('',#6964,#5727,#5728);
#4704=AXIS2_PLACEMENT_3D('',#6968,#5731,#5732);
#4705=AXIS2_PLACEMENT_3D('',#6974,#5736,#5737);
#4706=AXIS2_PLACEMENT_3D('',#6976,#5739,#5740);
#4707=AXIS2_PLACEMENT_3D('',#6980,#5743,#5744);
#4708=AXIS2_PLACEMENT_3D('',#6984,#5747,#5748);
#4709=AXIS2_PLACEMENT_3D('',#6990,#5752,#5753);
#4710=AXIS2_PLACEMENT_3D('',#6992,#5755,#5756);
#4711=AXIS2_PLACEMENT_3D('',#6996,#5759,#5760);
#4712=AXIS2_PLACEMENT_3D('',#7002,#5764,#5765);
#4713=AXIS2_PLACEMENT_3D('',#7004,#5767,#5768);
#4714=AXIS2_PLACEMENT_3D('',#7008,#5771,#5772);
#4715=AXIS2_PLACEMENT_3D('',#7014,#5776,#5777);
#4716=AXIS2_PLACEMENT_3D('',#7016,#5779,#5780);
#4717=AXIS2_PLACEMENT_3D('',#7020,#5783,#5784);
#4718=AXIS2_PLACEMENT_3D('',#7024,#5787,#5788);
#4719=AXIS2_PLACEMENT_3D('',#7026,#5790,#5791);
#4720=AXIS2_PLACEMENT_3D('',#7030,#5794,#5795);
#4721=AXIS2_PLACEMENT_3D('',#7034,#5798,#5799);
#4722=AXIS2_PLACEMENT_3D('',#7038,#5802,#5803);
#4723=AXIS2_PLACEMENT_3D('',#7040,#5805,#5806);
#4724=AXIS2_PLACEMENT_3D('',#7044,#5809,#5810);
#4725=AXIS2_PLACEMENT_3D('',#7046,#5812,#5813);
#4726=AXIS2_PLACEMENT_3D('',#7050,#5816,#5817);
#4727=AXIS2_PLACEMENT_3D('',#7052,#5819,#5820);
#4728=AXIS2_PLACEMENT_3D('',#7056,#5823,#5824);
#4729=AXIS2_PLACEMENT_3D('',#7060,#5827,#5828);
#4730=AXIS2_PLACEMENT_3D('',#7063,#5831,#5832);
#4731=AXIS2_PLACEMENT_3D('',#7066,#5835,#5836);
#4732=AXIS2_PLACEMENT_3D('',#7067,#5837,#5838);
#4733=AXIS2_PLACEMENT_3D('',#7068,#5839,#5840);
#4734=AXIS2_PLACEMENT_3D('',#7069,#5841,#5842);
#4735=AXIS2_PLACEMENT_3D('',#7072,#5845,#5846);
#4736=AXIS2_PLACEMENT_3D('',#7073,#5847,#5848);
#4737=AXIS2_PLACEMENT_3D('',#7074,#5849,#5850);
#4738=AXIS2_PLACEMENT_3D('',#7075,#5851,#5852);
#4739=AXIS2_PLACEMENT_3D('',#7081,#5856,#5857);
#4740=AXIS2_PLACEMENT_3D('',#7085,#5860,#5861);
#4741=AXIS2_PLACEMENT_3D('',#7089,#5864,#5865);
#4742=AXIS2_PLACEMENT_3D('',#7093,#5868,#5869);
#4743=AXIS2_PLACEMENT_3D('',#7097,#5872,#5873);
#4744=AXIS2_PLACEMENT_3D('',#7101,#5876,#5877);
#4745=AXIS2_PLACEMENT_3D('',#7105,#5880,#5881);
#4746=AXIS2_PLACEMENT_3D('',#7109,#5884,#5885);
#4747=AXIS2_PLACEMENT_3D('',#7113,#5888,#5889);
#4748=AXIS2_PLACEMENT_3D('',#7117,#5892,#5893);
#4749=AXIS2_PLACEMENT_3D('',#7121,#5896,#5897);
#4750=AXIS2_PLACEMENT_3D('',#7125,#5900,#5901);
#4751=AXIS2_PLACEMENT_3D('',#7129,#5904,#5905);
#4752=AXIS2_PLACEMENT_3D('',#7133,#5908,#5909);
#4753=AXIS2_PLACEMENT_3D('',#7137,#5912,#5913);
#4754=AXIS2_PLACEMENT_3D('',#7139,#5915,#5916);
#4755=DIRECTION('axis',(0.,0.,1.));
#4756=DIRECTION('refdir',(1.,0.,0.));
#4757=DIRECTION('center_axis',(1.,0.,0.));
#4758=DIRECTION('ref_axis',(0.,0.,1.));
#4759=DIRECTION('center_axis',(1.,0.,0.));
#4760=DIRECTION('ref_axis',(0.,0.,1.));
#4761=DIRECTION('',(1.,0.,0.));
#4762=DIRECTION('center_axis',(-1.,0.,0.));
#4763=DIRECTION('ref_axis',(0.,0.,1.));
#4764=DIRECTION('center_axis',(1.,0.,0.));
#4765=DIRECTION('ref_axis',(0.,0.,1.));
#4766=DIRECTION('center_axis',(1.,0.,0.));
#4767=DIRECTION('ref_axis',(0.,0.,1.));
#4768=DIRECTION('',(1.,0.,0.));
#4769=DIRECTION('center_axis',(-1.,0.,0.));
#4770=DIRECTION('ref_axis',(0.,0.,1.));
#4771=DIRECTION('center_axis',(0.,-1.,0.));
#4772=DIRECTION('ref_axis',(-1.,0.,0.));
#4773=DIRECTION('center_axis',(0.,-1.,0.));
#4774=DIRECTION('ref_axis',(-1.,0.,0.));
#4775=DIRECTION('',(0.,-1.,0.));
#4776=DIRECTION('center_axis',(0.,-1.,0.));
#4777=DIRECTION('ref_axis',(-1.,0.,0.));
#4778=DIRECTION('center_axis',(0.,1.,0.));
#4779=DIRECTION('ref_axis',(-1.,0.,0.));
#4780=DIRECTION('center_axis',(0.,-1.,0.));
#4781=DIRECTION('ref_axis',(-1.,0.,0.));
#4782=DIRECTION('center_axis',(0.,-1.,0.));
#4783=DIRECTION('ref_axis',(-1.,0.,0.));
#4784=DIRECTION('',(0.,-1.,0.));
#4785=DIRECTION('center_axis',(0.,-1.,0.));
#4786=DIRECTION('ref_axis',(-1.,0.,0.));
#4787=DIRECTION('center_axis',(0.,1.,0.));
#4788=DIRECTION('ref_axis',(-1.,0.,0.));
#4789=DIRECTION('center_axis',(0.,-1.,0.));
#4790=DIRECTION('ref_axis',(-1.,0.,0.));
#4791=DIRECTION('center_axis',(0.,-1.,0.));
#4792=DIRECTION('ref_axis',(-1.,0.,0.));
#4793=DIRECTION('',(0.,-1.,0.));
#4794=DIRECTION('center_axis',(0.,-1.,0.));
#4795=DIRECTION('ref_axis',(-1.,0.,0.));
#4796=DIRECTION('center_axis',(0.,1.,0.));
#4797=DIRECTION('ref_axis',(-1.,0.,0.));
#4798=DIRECTION('center_axis',(0.,-1.,0.));
#4799=DIRECTION('ref_axis',(-1.,0.,0.));
#4800=DIRECTION('center_axis',(0.,-1.,0.));
#4801=DIRECTION('ref_axis',(-1.,0.,0.));
#4802=DIRECTION('',(0.,-1.,0.));
#4803=DIRECTION('center_axis',(0.,-1.,0.));
#4804=DIRECTION('ref_axis',(-1.,0.,0.));
#4805=DIRECTION('center_axis',(0.,1.,0.));
#4806=DIRECTION('ref_axis',(-1.,0.,0.));
#4807=DIRECTION('center_axis',(0.,-1.,0.));
#4808=DIRECTION('ref_axis',(-1.,0.,0.));
#4809=DIRECTION('center_axis',(0.,-1.,0.));
#4810=DIRECTION('ref_axis',(-1.,0.,0.));
#4811=DIRECTION('',(0.,-1.,0.));
#4812=DIRECTION('center_axis',(0.,-1.,0.));
#4813=DIRECTION('ref_axis',(-1.,0.,0.));
#4814=DIRECTION('center_axis',(0.,1.,0.));
#4815=DIRECTION('ref_axis',(-1.,0.,0.));
#4816=DIRECTION('center_axis',(0.,-1.,0.));
#4817=DIRECTION('ref_axis',(-1.,0.,0.));
#4818=DIRECTION('center_axis',(0.,-1.,0.));
#4819=DIRECTION('ref_axis',(-1.,0.,0.));
#4820=DIRECTION('',(0.,-1.,0.));
#4821=DIRECTION('center_axis',(0.,-1.,0.));
#4822=DIRECTION('ref_axis',(-1.,0.,0.));
#4823=DIRECTION('center_axis',(0.,1.,0.));
#4824=DIRECTION('ref_axis',(-1.,0.,0.));
#4825=DIRECTION('center_axis',(0.,-1.,0.));
#4826=DIRECTION('ref_axis',(-1.,0.,0.));
#4827=DIRECTION('center_axis',(0.,-1.,0.));
#4828=DIRECTION('ref_axis',(-1.,0.,0.));
#4829=DIRECTION('',(0.,-1.,0.));
#4830=DIRECTION('center_axis',(0.,-1.,0.));
#4831=DIRECTION('ref_axis',(-1.,0.,0.));
#4832=DIRECTION('center_axis',(0.,1.,0.));
#4833=DIRECTION('ref_axis',(-1.,0.,0.));
#4834=DIRECTION('center_axis',(0.,-1.,0.));
#4835=DIRECTION('ref_axis',(-1.,0.,0.));
#4836=DIRECTION('center_axis',(0.,-1.,0.));
#4837=DIRECTION('ref_axis',(-1.,0.,0.));
#4838=DIRECTION('',(0.,-1.,0.));
#4839=DIRECTION('center_axis',(0.,-1.,0.));
#4840=DIRECTION('ref_axis',(-1.,0.,0.));
#4841=DIRECTION('center_axis',(0.,1.,0.));
#4842=DIRECTION('ref_axis',(-1.,0.,0.));
#4843=DIRECTION('center_axis',(0.,-1.,0.));
#4844=DIRECTION('ref_axis',(-1.,0.,0.));
#4845=DIRECTION('center_axis',(0.,-1.,0.));
#4846=DIRECTION('ref_axis',(-1.,0.,0.));
#4847=DIRECTION('',(0.,-1.,0.));
#4848=DIRECTION('center_axis',(0.,-1.,0.));
#4849=DIRECTION('ref_axis',(-1.,0.,0.));
#4850=DIRECTION('center_axis',(0.,1.,0.));
#4851=DIRECTION('ref_axis',(-1.,0.,0.));
#4852=DIRECTION('center_axis',(0.,-1.,0.));
#4853=DIRECTION('ref_axis',(-1.,0.,0.));
#4854=DIRECTION('center_axis',(0.,-1.,0.));
#4855=DIRECTION('ref_axis',(-1.,0.,0.));
#4856=DIRECTION('',(0.,-1.,0.));
#4857=DIRECTION('center_axis',(0.,-1.,0.));
#4858=DIRECTION('ref_axis',(-1.,0.,0.));
#4859=DIRECTION('center_axis',(0.,1.,0.));
#4860=DIRECTION('ref_axis',(-1.,0.,0.));
#4861=DIRECTION('center_axis',(0.,-1.,0.));
#4862=DIRECTION('ref_axis',(-1.,0.,0.));
#4863=DIRECTION('center_axis',(0.,-1.,0.));
#4864=DIRECTION('ref_axis',(-1.,0.,0.));
#4865=DIRECTION('',(0.,-1.,0.));
#4866=DIRECTION('center_axis',(0.,-1.,0.));
#4867=DIRECTION('ref_axis',(-1.,0.,0.));
#4868=DIRECTION('center_axis',(0.,1.,0.));
#4869=DIRECTION('ref_axis',(-1.,0.,0.));
#4870=DIRECTION('center_axis',(0.,-1.,0.));
#4871=DIRECTION('ref_axis',(-1.,0.,0.));
#4872=DIRECTION('center_axis',(0.,-1.,0.));
#4873=DIRECTION('ref_axis',(-1.,0.,0.));
#4874=DIRECTION('',(0.,-1.,0.));
#4875=DIRECTION('center_axis',(0.,-1.,0.));
#4876=DIRECTION('ref_axis',(-1.,0.,0.));
#4877=DIRECTION('center_axis',(0.,1.,0.));
#4878=DIRECTION('ref_axis',(-1.,0.,0.));
#4879=DIRECTION('center_axis',(-0.799999999999999,0.,0.600000000000001));
#4880=DIRECTION('ref_axis',(-0.600000000000001,0.,-0.799999999999999));
#4881=DIRECTION('center_axis',(-0.8,0.,0.6));
#4882=DIRECTION('ref_axis',(-0.600000000000001,0.,-0.799999999999999));
#4883=DIRECTION('',(-0.799999999999999,0.,0.600000000000001));
#4884=DIRECTION('center_axis',(0.799999999999999,0.,-0.600000000000001));
#4885=DIRECTION('ref_axis',(-0.600000000000001,0.,-0.799999999999999));
#4886=DIRECTION('center_axis',(-0.799999999999999,0.,0.600000000000001));
#4887=DIRECTION('ref_axis',(-0.600000000000001,0.,-0.799999999999999));
#4888=DIRECTION('center_axis',(-0.799999999999999,0.,0.600000000000001));
#4889=DIRECTION('ref_axis',(-0.600000000000001,0.,-0.799999999999999));
#4890=DIRECTION('',(-0.799999999999999,0.,0.600000000000001));
#4891=DIRECTION('center_axis',(0.8,0.,-0.6));
#4892=DIRECTION('ref_axis',(-0.600000000000001,0.,-0.799999999999999));
#4893=DIRECTION('center_axis',(-0.799999999999999,0.,0.600000000000001));
#4894=DIRECTION('ref_axis',(-0.600000000000001,0.,-0.799999999999999));
#4895=DIRECTION('center_axis',(-0.8,0.,0.6));
#4896=DIRECTION('ref_axis',(-0.600000000000001,0.,-0.799999999999999));
#4897=DIRECTION('',(-0.799999999999999,0.,0.600000000000001));
#4898=DIRECTION('center_axis',(0.799999999999999,0.,-0.600000000000001));
#4899=DIRECTION('ref_axis',(-0.600000000000001,0.,-0.799999999999999));
#4900=DIRECTION('center_axis',(-0.799999999999999,0.,0.600000000000001));
#4901=DIRECTION('ref_axis',(-0.600000000000001,0.,-0.799999999999999));
#4902=DIRECTION('center_axis',(-0.799999999999999,0.,0.600000000000001));
#4903=DIRECTION('ref_axis',(-0.600000000000001,0.,-0.799999999999999));
#4904=DIRECTION('',(-0.799999999999999,0.,0.600000000000001));
#4905=DIRECTION('center_axis',(0.8,0.,-0.6));
#4906=DIRECTION('ref_axis',(-0.600000000000001,0.,-0.799999999999999));
#4907=DIRECTION('center_axis',(0.6,0.,0.8));
#4908=DIRECTION('ref_axis',(-0.8,0.,0.6));
#4909=DIRECTION('center_axis',(0.6,0.,0.8));
#4910=DIRECTION('ref_axis',(-0.8,0.,0.6));
#4911=DIRECTION('',(0.6,0.,0.8));
#4912=DIRECTION('center_axis',(-0.6,0.,-0.8));
#4913=DIRECTION('ref_axis',(-0.8,0.,0.6));
#4914=DIRECTION('center_axis',(0.6,0.,0.8));
#4915=DIRECTION('ref_axis',(-0.8,0.,0.6));
#4916=DIRECTION('center_axis',(0.6,0.,0.8));
#4917=DIRECTION('ref_axis',(-0.8,0.,0.6));
#4918=DIRECTION('',(0.6,0.,0.8));
#4919=DIRECTION('center_axis',(-0.6,0.,-0.8));
#4920=DIRECTION('ref_axis',(-0.8,0.,0.6));
#4921=DIRECTION('center_axis',(0.6,0.,0.8));
#4922=DIRECTION('ref_axis',(-0.8,0.,0.6));
#4923=DIRECTION('center_axis',(0.6,0.,0.8));
#4924=DIRECTION('ref_axis',(-0.8,0.,0.6));
#4925=DIRECTION('',(0.6,0.,0.8));
#4926=DIRECTION('center_axis',(-0.6,0.,-0.8));
#4927=DIRECTION('ref_axis',(-0.8,0.,0.6));
#4928=DIRECTION('center_axis',(0.6,0.,0.8));
#4929=DIRECTION('ref_axis',(-0.8,0.,0.6));
#4930=DIRECTION('center_axis',(0.6,0.,0.8));
#4931=DIRECTION('ref_axis',(-0.8,0.,0.6));
#4932=DIRECTION('',(0.6,0.,0.8));
#4933=DIRECTION('center_axis',(-0.6,0.,-0.8));
#4934=DIRECTION('ref_axis',(-0.8,0.,0.6));
#4935=DIRECTION('center_axis',(0.,0.,1.));
#4936=DIRECTION('ref_axis',(-1.,0.,0.));
#4937=DIRECTION('center_axis',(0.,0.,1.));
#4938=DIRECTION('ref_axis',(-1.,0.,0.));
#4939=DIRECTION('',(0.,0.,1.));
#4940=DIRECTION('center_axis',(0.,0.,-1.));
#4941=DIRECTION('ref_axis',(-1.,0.,0.));
#4942=DIRECTION('center_axis',(0.,0.,1.));
#4943=DIRECTION('ref_axis',(-1.,0.,0.));
#4944=DIRECTION('center_axis',(0.,0.,1.));
#4945=DIRECTION('ref_axis',(-1.,0.,0.));
#4946=DIRECTION('',(0.,0.,1.));
#4947=DIRECTION('center_axis',(0.,0.,-1.));
#4948=DIRECTION('ref_axis',(-1.,0.,0.));
#4949=DIRECTION('center_axis',(0.,0.,1.));
#4950=DIRECTION('ref_axis',(-1.,0.,0.));
#4951=DIRECTION('center_axis',(0.,0.,1.));
#4952=DIRECTION('ref_axis',(-1.,0.,0.));
#4953=DIRECTION('',(0.,0.,1.));
#4954=DIRECTION('center_axis',(0.,0.,-1.));
#4955=DIRECTION('ref_axis',(-1.,0.,0.));
#4956=DIRECTION('center_axis',(0.,0.,1.));
#4957=DIRECTION('ref_axis',(-1.,0.,0.));
#4958=DIRECTION('center_axis',(0.,0.,1.));
#4959=DIRECTION('ref_axis',(-1.,0.,0.));
#4960=DIRECTION('',(0.,0.,1.));
#4961=DIRECTION('center_axis',(0.,0.,-1.));
#4962=DIRECTION('ref_axis',(-1.,0.,0.));
#4963=DIRECTION('center_axis',(-1.,0.,0.));
#4964=DIRECTION('ref_axis',(0.,0.,-1.));
#4965=DIRECTION('center_axis',(-1.,0.,0.));
#4966=DIRECTION('ref_axis',(0.,0.,-1.));
#4967=DIRECTION('',(-1.,0.,0.));
#4968=DIRECTION('center_axis',(1.,0.,0.));
#4969=DIRECTION('ref_axis',(0.,0.,-1.));
#4970=DIRECTION('center_axis',(-1.,0.,0.));
#4971=DIRECTION('ref_axis',(0.,0.,-1.));
#4972=DIRECTION('center_axis',(-1.,0.,0.));
#4973=DIRECTION('ref_axis',(0.,0.,-1.));
#4974=DIRECTION('',(-1.,0.,0.));
#4975=DIRECTION('center_axis',(1.,0.,0.));
#4976=DIRECTION('ref_axis',(0.,0.,-1.));
#4977=DIRECTION('center_axis',(-1.,0.,0.));
#4978=DIRECTION('ref_axis',(0.,0.,-1.));
#4979=DIRECTION('center_axis',(-1.,0.,0.));
#4980=DIRECTION('ref_axis',(0.,0.,-1.));
#4981=DIRECTION('',(-1.,0.,0.));
#4982=DIRECTION('center_axis',(1.,0.,0.));
#4983=DIRECTION('ref_axis',(0.,0.,-1.));
#4984=DIRECTION('center_axis',(-1.,0.,0.));
#4985=DIRECTION('ref_axis',(0.,0.,-1.));
#4986=DIRECTION('center_axis',(-1.,0.,0.));
#4987=DIRECTION('ref_axis',(0.,0.,-1.));
#4988=DIRECTION('',(-1.,0.,0.));
#4989=DIRECTION('center_axis',(1.,0.,0.));
#4990=DIRECTION('ref_axis',(0.,0.,-1.));
#4991=DIRECTION('center_axis',(-0.6,0.,0.8));
#4992=DIRECTION('ref_axis',(-0.8,0.,-0.6));
#4993=DIRECTION('center_axis',(-0.6,0.,0.8));
#4994=DIRECTION('ref_axis',(-0.8,0.,-0.6));
#4995=DIRECTION('',(-0.6,0.,0.8));
#4996=DIRECTION('center_axis',(0.600000000000001,0.,-0.8));
#4997=DIRECTION('ref_axis',(-0.8,0.,-0.6));
#4998=DIRECTION('center_axis',(-0.6,0.,0.8));
#4999=DIRECTION('ref_axis',(-0.8,0.,-0.6));
#5000=DIRECTION('center_axis',(-0.6,0.,0.8));
#5001=DIRECTION('ref_axis',(-0.8,0.,-0.6));
#5002=DIRECTION('',(-0.6,0.,0.8));
#5003=DIRECTION('center_axis',(0.600000000000001,0.,-0.8));
#5004=DIRECTION('ref_axis',(-0.8,0.,-0.6));
#5005=DIRECTION('center_axis',(-0.6,0.,0.8));
#5006=DIRECTION('ref_axis',(-0.8,0.,-0.6));
#5007=DIRECTION('center_axis',(-0.6,0.,0.8));
#5008=DIRECTION('ref_axis',(-0.8,0.,-0.6));
#5009=DIRECTION('',(-0.6,0.,0.8));
#5010=DIRECTION('center_axis',(0.600000000000001,0.,-0.8));
#5011=DIRECTION('ref_axis',(-0.8,0.,-0.6));
#5012=DIRECTION('center_axis',(-0.6,0.,0.8));
#5013=DIRECTION('ref_axis',(-0.8,0.,-0.6));
#5014=DIRECTION('center_axis',(-0.6,0.,0.8));
#5015=DIRECTION('ref_axis',(-0.8,0.,-0.6));
#5016=DIRECTION('',(-0.6,0.,0.8));
#5017=DIRECTION('center_axis',(0.600000000000001,0.,-0.8));
#5018=DIRECTION('ref_axis',(-0.8,0.,-0.6));
#5019=DIRECTION('center_axis',(-0.799999999999998,0.,-0.600000000000003));
#5020=DIRECTION('ref_axis',(0.600000000000003,0.,-0.799999999999998));
#5021=DIRECTION('center_axis',(-0.799999999999998,0.,-0.600000000000003));
#5022=DIRECTION('ref_axis',(0.600000000000003,0.,-0.799999999999998));
#5023=DIRECTION('',(-0.799999999999998,0.,-0.600000000000003));
#5024=DIRECTION('center_axis',(0.8,0.,0.6));
#5025=DIRECTION('ref_axis',(0.600000000000003,0.,-0.799999999999998));
#5026=DIRECTION('center_axis',(-0.799999999999998,0.,-0.600000000000003));
#5027=DIRECTION('ref_axis',(0.600000000000003,0.,-0.799999999999998));
#5028=DIRECTION('center_axis',(-0.8,0.,-0.6));
#5029=DIRECTION('ref_axis',(0.600000000000003,0.,-0.799999999999998));
#5030=DIRECTION('',(-0.799999999999998,0.,-0.600000000000003));
#5031=DIRECTION('center_axis',(0.799999999999999,0.,0.600000000000001));
#5032=DIRECTION('ref_axis',(0.600000000000003,0.,-0.799999999999998));
#5033=DIRECTION('center_axis',(-0.799999999999998,0.,-0.600000000000003));
#5034=DIRECTION('ref_axis',(0.600000000000003,0.,-0.799999999999998));
#5035=DIRECTION('center_axis',(-0.799999999999998,0.,-0.600000000000003));
#5036=DIRECTION('ref_axis',(0.600000000000003,0.,-0.799999999999998));
#5037=DIRECTION('',(-0.799999999999998,0.,-0.600000000000003));
#5038=DIRECTION('center_axis',(0.8,0.,0.6));
#5039=DIRECTION('ref_axis',(0.600000000000003,0.,-0.799999999999998));
#5040=DIRECTION('center_axis',(-0.799999999999998,0.,-0.600000000000003));
#5041=DIRECTION('ref_axis',(0.600000000000003,0.,-0.799999999999998));
#5042=DIRECTION('center_axis',(-0.8,0.,-0.6));
#5043=DIRECTION('ref_axis',(0.600000000000003,0.,-0.799999999999998));
#5044=DIRECTION('',(-0.799999999999998,0.,-0.600000000000003));
#5045=DIRECTION('center_axis',(0.799999999999999,0.,0.600000000000001));
#5046=DIRECTION('ref_axis',(0.600000000000003,0.,-0.799999999999998));
#5047=DIRECTION('center_axis',(-0.6,0.,-0.8));
#5048=DIRECTION('ref_axis',(0.8,0.,-0.6));
#5049=DIRECTION('center_axis',(-0.6,0.,-0.8));
#5050=DIRECTION('ref_axis',(0.8,0.,-0.6));
#5051=DIRECTION('',(-0.6,0.,-0.8));
#5052=DIRECTION('center_axis',(0.600000000000001,0.,0.8));
#5053=DIRECTION('ref_axis',(0.8,0.,-0.6));
#5054=DIRECTION('center_axis',(-0.6,0.,-0.8));
#5055=DIRECTION('ref_axis',(0.8,0.,-0.6));
#5056=DIRECTION('center_axis',(-0.6,0.,-0.8));
#5057=DIRECTION('ref_axis',(0.8,0.,-0.6));
#5058=DIRECTION('',(-0.6,0.,-0.8));
#5059=DIRECTION('center_axis',(0.600000000000001,0.,0.8));
#5060=DIRECTION('ref_axis',(0.8,0.,-0.6));
#5061=DIRECTION('center_axis',(-0.6,0.,-0.8));
#5062=DIRECTION('ref_axis',(0.8,0.,-0.6));
#5063=DIRECTION('center_axis',(-0.6,0.,-0.8));
#5064=DIRECTION('ref_axis',(0.8,0.,-0.6));
#5065=DIRECTION('',(-0.6,0.,-0.8));
#5066=DIRECTION('center_axis',(0.600000000000001,0.,0.8));
#5067=DIRECTION('ref_axis',(0.8,0.,-0.6));
#5068=DIRECTION('center_axis',(-0.6,0.,-0.8));
#5069=DIRECTION('ref_axis',(0.8,0.,-0.6));
#5070=DIRECTION('center_axis',(-0.6,0.,-0.8));
#5071=DIRECTION('ref_axis',(0.8,0.,-0.6));
#5072=DIRECTION('',(-0.6,0.,-0.8));
#5073=DIRECTION('center_axis',(0.600000000000001,0.,0.8));
#5074=DIRECTION('ref_axis',(0.8,0.,-0.6));
#5075=DIRECTION('center_axis',(-0.800000000000001,0.,0.599999999999998));
#5076=DIRECTION('ref_axis',(-0.599999999999998,0.,-0.800000000000001));
#5077=DIRECTION('center_axis',(-0.8,0.,0.6));
#5078=DIRECTION('ref_axis',(-0.599999999999998,0.,-0.800000000000001));
#5079=DIRECTION('',(-0.800000000000001,0.,0.599999999999998));
#5080=DIRECTION('center_axis',(0.800000000000001,0.,-0.599999999999998));
#5081=DIRECTION('ref_axis',(-0.599999999999998,0.,-0.800000000000001));
#5082=DIRECTION('center_axis',(-0.800000000000001,0.,0.599999999999998));
#5083=DIRECTION('ref_axis',(-0.599999999999998,0.,-0.800000000000001));
#5084=DIRECTION('center_axis',(-0.800000000000001,0.,0.599999999999998));
#5085=DIRECTION('ref_axis',(-0.599999999999998,0.,-0.800000000000001));
#5086=DIRECTION('',(-0.800000000000001,0.,0.599999999999998));
#5087=DIRECTION('center_axis',(0.8,0.,-0.6));
#5088=DIRECTION('ref_axis',(-0.599999999999998,0.,-0.800000000000001));
#5089=DIRECTION('center_axis',(-0.800000000000001,0.,0.599999999999998));
#5090=DIRECTION('ref_axis',(-0.599999999999998,0.,-0.800000000000001));
#5091=DIRECTION('center_axis',(-0.8,0.,0.6));
#5092=DIRECTION('ref_axis',(-0.599999999999998,0.,-0.800000000000001));
#5093=DIRECTION('',(-0.800000000000001,0.,0.599999999999998));
#5094=DIRECTION('center_axis',(0.800000000000001,0.,-0.599999999999998));
#5095=DIRECTION('ref_axis',(-0.599999999999998,0.,-0.800000000000001));
#5096=DIRECTION('center_axis',(-0.800000000000001,0.,0.599999999999998));
#5097=DIRECTION('ref_axis',(-0.599999999999998,0.,-0.800000000000001));
#5098=DIRECTION('center_axis',(-0.800000000000001,0.,0.599999999999998));
#5099=DIRECTION('ref_axis',(-0.599999999999998,0.,-0.800000000000001));
#5100=DIRECTION('',(-0.800000000000001,0.,0.599999999999998));
#5101=DIRECTION('center_axis',(0.8,0.,-0.6));
#5102=DIRECTION('ref_axis',(-0.599999999999998,0.,-0.800000000000001));
#5103=DIRECTION('center_axis',(0.,0.,-1.));
#5104=DIRECTION('ref_axis',(1.,0.,0.));
#5105=DIRECTION('center_axis',(0.,0.,-1.));
#5106=DIRECTION('ref_axis',(1.,0.,0.));
#5107=DIRECTION('',(0.,0.,-1.));
#5108=DIRECTION('center_axis',(0.,0.,1.));
#5109=DIRECTION('ref_axis',(1.,0.,0.));
#5110=DIRECTION('center_axis',(0.,0.,-1.));
#5111=DIRECTION('ref_axis',(1.,0.,0.));
#5112=DIRECTION('center_axis',(0.,0.,-1.));
#5113=DIRECTION('ref_axis',(1.,0.,0.));
#5114=DIRECTION('',(0.,0.,-1.));
#5115=DIRECTION('center_axis',(0.,0.,1.));
#5116=DIRECTION('ref_axis',(1.,0.,0.));
#5117=DIRECTION('center_axis',(0.,0.,-1.));
#5118=DIRECTION('ref_axis',(1.,0.,0.));
#5119=DIRECTION('center_axis',(0.,0.,-1.));
#5120=DIRECTION('ref_axis',(1.,0.,0.));
#5121=DIRECTION('',(0.,0.,-1.));
#5122=DIRECTION('center_axis',(0.,0.,1.));
#5123=DIRECTION('ref_axis',(1.,0.,0.));
#5124=DIRECTION('center_axis',(0.,0.,-1.));
#5125=DIRECTION('ref_axis',(1.,0.,0.));
#5126=DIRECTION('center_axis',(0.,0.,-1.));
#5127=DIRECTION('ref_axis',(1.,0.,0.));
#5128=DIRECTION('',(0.,0.,-1.));
#5129=DIRECTION('center_axis',(0.,0.,1.));
#5130=DIRECTION('ref_axis',(1.,0.,0.));
#5131=DIRECTION('center_axis',(1.,0.,0.));
#5132=DIRECTION('ref_axis',(0.,0.,1.));
#5133=DIRECTION('center_axis',(1.,0.,0.));
#5134=DIRECTION('ref_axis',(0.,0.,1.));
#5135=DIRECTION('',(1.,0.,0.));
#5136=DIRECTION('center_axis',(-1.,0.,0.));
#5137=DIRECTION('ref_axis',(0.,0.,1.));
#5138=DIRECTION('center_axis',(1.,0.,0.));
#5139=DIRECTION('ref_axis',(0.,0.,1.));
#5140=DIRECTION('center_axis',(1.,0.,0.));
#5141=DIRECTION('ref_axis',(0.,0.,1.));
#5142=DIRECTION('',(1.,0.,0.));
#5143=DIRECTION('center_axis',(-1.,0.,0.));
#5144=DIRECTION('ref_axis',(0.,0.,1.));
#5145=DIRECTION('center_axis',(-0.8,0.,-0.600000000000001));
#5146=DIRECTION('ref_axis',(0.6,0.,-0.8));
#5147=DIRECTION('center_axis',(-0.8,0.,-0.6));
#5148=DIRECTION('ref_axis',(0.6,0.,-0.8));
#5149=DIRECTION('',(-0.8,0.,-0.6));
#5150=DIRECTION('center_axis',(0.799999999999999,0.,0.600000000000001));
#5151=DIRECTION('ref_axis',(0.6,0.,-0.8));
#5152=DIRECTION('center_axis',(-0.8,0.,-0.600000000000001));
#5153=DIRECTION('ref_axis',(0.6,0.,-0.8));
#5154=DIRECTION('center_axis',(-0.8,0.,-0.600000000000001));
#5155=DIRECTION('ref_axis',(0.6,0.,-0.8));
#5156=DIRECTION('',(-0.8,0.,-0.6));
#5157=DIRECTION('center_axis',(0.8,0.,0.6));
#5158=DIRECTION('ref_axis',(0.6,0.,-0.8));
#5159=DIRECTION('center_axis',(0.6,0.,-0.8));
#5160=DIRECTION('ref_axis',(0.8,0.,0.6));
#5161=DIRECTION('center_axis',(0.6,0.,-0.8));
#5162=DIRECTION('ref_axis',(0.8,0.,0.6));
#5163=DIRECTION('',(0.6,0.,-0.8));
#5164=DIRECTION('center_axis',(-0.600000000000001,0.,0.8));
#5165=DIRECTION('ref_axis',(0.8,0.,0.6));
#5166=DIRECTION('center_axis',(0.6,0.,-0.8));
#5167=DIRECTION('ref_axis',(0.8,0.,0.6));
#5168=DIRECTION('center_axis',(0.6,0.,-0.8));
#5169=DIRECTION('ref_axis',(0.8,0.,0.6));
#5170=DIRECTION('',(0.6,0.,-0.8));
#5171=DIRECTION('center_axis',(-0.600000000000001,0.,0.8));
#5172=DIRECTION('ref_axis',(0.8,0.,0.6));
#5173=DIRECTION('center_axis',(0.6,0.,-0.8));
#5174=DIRECTION('ref_axis',(0.8,0.,0.6));
#5175=DIRECTION('center_axis',(0.6,0.,-0.8));
#5176=DIRECTION('ref_axis',(0.8,0.,0.6));
#5177=DIRECTION('',(0.6,0.,-0.8));
#5178=DIRECTION('center_axis',(-0.600000000000001,0.,0.8));
#5179=DIRECTION('ref_axis',(0.8,0.,0.6));
#5180=DIRECTION('center_axis',(0.6,0.,-0.8));
#5181=DIRECTION('ref_axis',(0.8,0.,0.6));
#5182=DIRECTION('center_axis',(0.6,0.,-0.8));
#5183=DIRECTION('ref_axis',(0.8,0.,0.6));
#5184=DIRECTION('',(0.6,0.,-0.8));
#5185=DIRECTION('center_axis',(-0.600000000000001,0.,0.8));
#5186=DIRECTION('ref_axis',(0.8,0.,0.6));
#5187=DIRECTION('center_axis',(-0.8,0.,-0.600000000000001));
#5188=DIRECTION('ref_axis',(0.600000000000001,0.,-0.8));
#5189=DIRECTION('center_axis',(-0.8,0.,-0.6));
#5190=DIRECTION('ref_axis',(0.600000000000001,0.,-0.8));
#5191=DIRECTION('',(-0.8,0.,-0.600000000000001));
#5192=DIRECTION('center_axis',(0.799999999999999,0.,0.600000000000001));
#5193=DIRECTION('ref_axis',(0.600000000000001,0.,-0.8));
#5194=DIRECTION('center_axis',(-0.8,0.,-0.600000000000001));
#5195=DIRECTION('ref_axis',(0.600000000000001,0.,-0.8));
#5196=DIRECTION('center_axis',(-0.8,0.,-0.600000000000001));
#5197=DIRECTION('ref_axis',(0.600000000000001,0.,-0.8));
#5198=DIRECTION('',(-0.8,0.,-0.600000000000001));
#5199=DIRECTION('center_axis',(0.8,0.,0.6));
#5200=DIRECTION('ref_axis',(0.600000000000001,0.,-0.8));
#5201=DIRECTION('center_axis',(0.,-1.,0.));
#5202=DIRECTION('ref_axis',(0.,0.,-1.));
#5203=DIRECTION('',(-0.6,0.,0.8));
#5204=DIRECTION('',(0.8,0.,0.6));
#5205=DIRECTION('',(0.6,0.,-0.8));
#5206=DIRECTION('',(0.8,0.,0.6));
#5207=DIRECTION('center_axis',(0.600000000000001,0.,-0.8));
#5208=DIRECTION('ref_axis',(-0.8,0.,-0.6));
#5209=DIRECTION('',(0.,-1.,0.));
#5210=DIRECTION('',(0.8,4.93038065763132E-32,0.6));
#5211=DIRECTION('',(0.,1.,0.));
#5212=DIRECTION('',(-0.8,0.,-0.6));
#5213=DIRECTION('',(0.,-1.,0.));
#5214=DIRECTION('',(0.8,0.,0.6));
#5215=DIRECTION('',(0.,1.,0.));
#5216=DIRECTION('',(-0.8,0.,-0.6));
#5217=DIRECTION('',(0.,1.,0.));
#5218=DIRECTION('',(0.8,4.93038065763132E-32,0.6));
#5219=DIRECTION('',(0.,1.,0.));
#5220=DIRECTION('center_axis',(-0.8,0.,-0.6));
#5221=DIRECTION('ref_axis',(0.,1.,0.));
#5222=DIRECTION('',(-1.4791141972894E-31,1.,-1.97215226305253E-31));
#5223=DIRECTION('',(0.6,-5.9211894646675E-16,-0.8));
#5224=DIRECTION('center_axis',(0.8,0.,0.600000000000001));
#5225=DIRECTION('ref_axis',(0.600000000000001,0.,-0.8));
#5226=DIRECTION('',(0.,1.,0.));
#5227=DIRECTION('',(0.600000000000001,0.,-0.8));
#5228=DIRECTION('',(0.,1.,0.));
#5229=DIRECTION('',(0.600000000000001,0.,-0.8));
#5230=DIRECTION('',(0.6,-5.9211894646675E-16,-0.8));
#5231=DIRECTION('',(-1.69689409982401E-13,-1.,2.26252546643202E-13));
#5232=DIRECTION('',(-0.600000000000001,0.,0.799999999999999));
#5233=DIRECTION('center_axis',(0.,-1.,0.));
#5234=DIRECTION('ref_axis',(0.,0.,-1.));
#5235=DIRECTION('',(0.,0.,1.));
#5236=DIRECTION('',(-1.,0.,0.));
#5237=DIRECTION('',(0.,0.,-1.));
#5238=DIRECTION('',(-1.,0.,0.));
#5239=DIRECTION('center_axis',(0.,0.,1.));
#5240=DIRECTION('ref_axis',(1.,0.,0.));
#5241=DIRECTION('',(0.,-1.,0.));
#5242=DIRECTION('',(1.,0.,0.));
#5243=DIRECTION('',(0.,1.,0.));
#5244=DIRECTION('',(0.,-1.,0.));
#5245=DIRECTION('',(1.,0.,0.));
#5246=DIRECTION('',(0.,1.,0.));
#5247=DIRECTION('',(-1.,0.,0.));
#5248=DIRECTION('center_axis',(-1.,0.,0.));
#5249=DIRECTION('ref_axis',(0.,0.,1.));
#5250=DIRECTION('',(0.,1.,0.));
#5251=DIRECTION('',(0.,0.,1.));
#5252=DIRECTION('',(0.,1.,0.));
#5253=DIRECTION('',(0.,0.,1.));
#5254=DIRECTION('',(0.,1.,0.));
#5255=DIRECTION('',(0.,0.,1.));
#5256=DIRECTION('',(0.,0.,-1.));
#5257=DIRECTION('center_axis',(0.,0.,-1.));
#5258=DIRECTION('ref_axis',(-1.,0.,0.));
#5259=DIRECTION('',(0.,-1.,0.));
#5260=DIRECTION('',(-1.,0.,0.));
#5261=DIRECTION('',(0.,1.,0.));
#5262=DIRECTION('',(1.,0.,0.));
#5263=DIRECTION('',(0.,1.,0.));
#5264=DIRECTION('',(-1.,0.,0.));
#5265=DIRECTION('',(1.,0.,0.));
#5266=DIRECTION('center_axis',(1.,0.,0.));
#5267=DIRECTION('ref_axis',(0.,0.,-1.));
#5268=DIRECTION('',(0.,0.,1.));
#5269=DIRECTION('',(0.,1.,0.));
#5270=DIRECTION('',(0.,0.,-1.));
#5271=DIRECTION('',(0.,1.,0.));
#5272=DIRECTION('',(0.,0.,1.));
#5273=DIRECTION('',(0.,0.,1.));
#5274=DIRECTION('center_axis',(0.,-1.,0.));
#5275=DIRECTION('ref_axis',(0.,0.,-1.));
#5276=DIRECTION('',(-0.6,0.,0.8));
#5277=DIRECTION('',(-0.8,0.,-0.6));
#5278=DIRECTION('',(0.6,0.,-0.8));
#5279=DIRECTION('',(-0.8,0.,-0.6));
#5280=DIRECTION('center_axis',(0.8,0.,0.6));
#5281=DIRECTION('ref_axis',(0.,1.,0.));
#5282=DIRECTION('',(0.,1.,0.));
#5283=DIRECTION('',(-0.6,0.,0.8));
#5284=DIRECTION('',(0.,-1.,0.));
#5285=DIRECTION('center_axis',(-0.6,0.,0.8));
#5286=DIRECTION('ref_axis',(0.8,0.,0.6));
#5287=DIRECTION('',(0.,-1.,0.));
#5288=DIRECTION('',(0.8,0.,0.6));
#5289=DIRECTION('',(0.,-1.,0.));
#5290=DIRECTION('',(0.8,0.,0.6));
#5291=DIRECTION('',(-2.68555397326068E-14,1.,3.58073863101423E-14));
#5292=DIRECTION('',(-0.799999999999915,0.,-0.600000000000113));
#5293=DIRECTION('center_axis',(-0.799999999999999,0.,-0.600000000000001));
#5294=DIRECTION('ref_axis',(-0.600000000000001,0.,0.799999999999999));
#5295=DIRECTION('',(0.,1.,0.));
#5296=DIRECTION('',(-0.600000000000001,0.,0.799999999999999));
#5297=DIRECTION('',(0.,1.,0.));
#5298=DIRECTION('',(-0.6,0.,0.8));
#5299=DIRECTION('',(0.,1.,0.));
#5300=DIRECTION('',(-0.6,0.,0.8));
#5301=DIRECTION('',(0.600000000000001,0.,-0.799999999999999));
#5302=DIRECTION('center_axis',(0.6,0.,-0.8));
#5303=DIRECTION('ref_axis',(-0.8,0.,-0.6));
#5304=DIRECTION('',(0.,-1.,0.));
#5305=DIRECTION('',(-0.8,0.,-0.6));
#5306=DIRECTION('',(0.,1.,0.));
#5307=DIRECTION('',(0.8,0.,0.6));
#5308=DIRECTION('',(0.,1.,0.));
#5309=DIRECTION('',(-0.8,0.,-0.6));
#5310=DIRECTION('',(0.8,0.,0.6));
#5311=DIRECTION('center_axis',(0.,-1.,0.));
#5312=DIRECTION('ref_axis',(0.,0.,-1.));
#5313=DIRECTION('',(0.,0.,1.));
#5314=DIRECTION('',(1.,0.,0.));
#5315=DIRECTION('',(0.,0.,-1.));
#5316=DIRECTION('',(1.,0.,0.));
#5317=DIRECTION('center_axis',(0.,0.,-1.));
#5318=DIRECTION('ref_axis',(-1.,0.,0.));
#5319=DIRECTION('',(0.,-1.,0.));
#5320=DIRECTION('',(1.,0.,0.));
#5321=DIRECTION('',(0.,1.,0.));
#5322=DIRECTION('',(-1.,0.,0.));
#5323=DIRECTION('',(0.,-1.,0.));
#5324=DIRECTION('',(1.,0.,0.));
#5325=DIRECTION('',(0.,1.,0.));
#5326=DIRECTION('',(-1.,0.,0.));
#5327=DIRECTION('',(0.,1.,0.));
#5328=DIRECTION('',(1.,0.,0.));
#5329=DIRECTION('',(0.,1.,0.));
#5330=DIRECTION('center_axis',(-1.,0.,0.));
#5331=DIRECTION('ref_axis',(0.,1.,0.));
#5332=DIRECTION('',(0.,1.,0.));
#5333=DIRECTION('',(0.,0.,-1.));
#5334=DIRECTION('center_axis',(1.,0.,0.));
#5335=DIRECTION('ref_axis',(0.,0.,-1.));
#5336=DIRECTION('',(0.,1.,0.));
#5337=DIRECTION('',(0.,0.,-1.));
#5338=DIRECTION('',(0.,1.,0.));
#5339=DIRECTION('',(0.,0.,-1.));
#5340=DIRECTION('',(0.,0.,-1.));
#5341=DIRECTION('',(0.,-1.,0.));
#5342=DIRECTION('',(0.,0.,1.));
#5343=DIRECTION('center_axis',(0.,-1.,0.));
#5344=DIRECTION('ref_axis',(0.,0.,-1.));
#5345=DIRECTION('',(-0.8,0.,0.600000000000001));
#5346=DIRECTION('',(0.6,0.,0.8));
#5347=DIRECTION('',(-0.8,0.,0.6));
#5348=DIRECTION('',(-0.6,0.,-0.8));
#5349=DIRECTION('center_axis',(-0.8,0.,0.6));
#5350=DIRECTION('ref_axis',(0.,-1.,0.));
#5351=DIRECTION('',(0.,1.,0.));
#5352=DIRECTION('',(0.6,0.,0.8));
#5353=DIRECTION('',(0.,-1.,0.));
#5354=DIRECTION('center_axis',(0.6,0.,0.8));
#5355=DIRECTION('ref_axis',(0.8,0.,-0.6));
#5356=DIRECTION('',(0.,-1.,0.));
#5357=DIRECTION('',(-0.8,0.,0.6));
#5358=DIRECTION('',(0.,1.,0.));
#5359=DIRECTION('',(0.8,0.,-0.6));
#5360=DIRECTION('',(0.,-1.,0.));
#5361=DIRECTION('',(-0.8,0.,0.6));
#5362=DIRECTION('',(0.,1.,0.));
#5363=DIRECTION('',(0.8,0.,-0.6));
#5364=DIRECTION('',(0.,1.,0.));
#5365=DIRECTION('',(-0.8,0.,0.6));
#5366=DIRECTION('center_axis',(0.8,0.,-0.6));
#5367=DIRECTION('ref_axis',(0.,1.,0.));
#5368=DIRECTION('',(0.,1.,0.));
#5369=DIRECTION('',(0.6,0.,0.8));
#5370=DIRECTION('center_axis',(0.,-1.,0.));
#5371=DIRECTION('ref_axis',(0.,0.,-1.));
#5372=DIRECTION('',(0.6,0.,0.8));
#5373=DIRECTION('',(0.8,0.,-0.6));
#5374=DIRECTION('',(-0.6,0.,-0.8));
#5375=DIRECTION('',(0.8,0.,-0.6));
#5376=DIRECTION('center_axis',(-0.600000000000001,0.,-0.8));
#5377=DIRECTION('ref_axis',(-0.8,0.,0.6));
#5378=DIRECTION('',(0.,-1.,0.));
#5379=DIRECTION('',(0.8,0.,-0.6));
#5380=DIRECTION('',(0.,1.,0.));
#5381=DIRECTION('',(-0.8,0.,0.6));
#5382=DIRECTION('',(0.,-1.,0.));
#5383=DIRECTION('',(0.8,0.,-0.6));
#5384=DIRECTION('',(0.,1.,0.));
#5385=DIRECTION('',(-0.8,0.,0.6));
#5386=DIRECTION('',(0.,1.,0.));
#5387=DIRECTION('',(0.8,0.,-0.6));
#5388=DIRECTION('',(0.,1.,0.));
#5389=DIRECTION('center_axis',(-0.8,0.,0.6));
#5390=DIRECTION('ref_axis',(0.,1.,0.));
#5391=DIRECTION('',(0.,1.,0.));
#5392=DIRECTION('',(-0.6,0.,-0.8));
#5393=DIRECTION('center_axis',(0.800000000000001,0.,-0.599999999999998));
#5394=DIRECTION('ref_axis',(-0.599999999999998,0.,-0.800000000000001));
#5395=DIRECTION('',(0.,1.,0.));
#5396=DIRECTION('',(-0.599999999999998,0.,-0.800000000000001));
#5397=DIRECTION('',(0.,1.,0.));
#5398=DIRECTION('',(-0.6,0.,-0.8));
#5399=DIRECTION('',(-0.6,0.,-0.8));
#5400=DIRECTION('',(3.17175395029453E-13,-1.,4.22900526705936E-13));
#5401=DIRECTION('',(0.600000000000001,0.,0.799999999999999));
#5402=DIRECTION('center_axis',(0.,1.,0.));
#5403=DIRECTION('ref_axis',(0.,0.,1.));
#5404=DIRECTION('',(0.600000000000001,0.,0.799999999999999));
#5405=DIRECTION('',(-0.8,0.,0.6));
#5406=DIRECTION('',(0.600000000000002,0.,0.799999999999999));
#5407=DIRECTION('',(-1.,0.,0.));
#5408=DIRECTION('',(-0.707106781186547,0.,-0.707106781186547));
#5409=DIRECTION('',(-1.,0.,0.));
#5410=DIRECTION('',(0.,0.,-1.));
#5411=DIRECTION('',(1.,0.,0.));
#5412=DIRECTION('',(0.707106781186547,0.,0.707106781186547));
#5413=DIRECTION('',(1.,0.,0.));
#5414=DIRECTION('center_axis',(0.,1.,0.));
#5415=DIRECTION('ref_axis',(0.,0.,1.));
#5416=DIRECTION('',(-0.599999999999999,0.,0.8));
#5417=DIRECTION('',(0.,0.,-1.));
#5418=DIRECTION('',(0.6,0.,0.8));
#5419=DIRECTION('',(0.8,0.,-0.6));
#5420=DIRECTION('',(-0.600000000000001,0.,-0.799999999999999));
#5421=DIRECTION('',(0.,0.,1.));
#5422=DIRECTION('center_axis',(0.,1.,0.));
#5423=DIRECTION('ref_axis',(0.,0.,1.));
#5424=DIRECTION('',(-0.600000000000001,0.,0.799999999999999));
#5425=DIRECTION('',(1.,0.,0.));
#5426=DIRECTION('',(0.707106781186547,0.,-0.707106781186547));
#5427=DIRECTION('',(1.,0.,0.));
#5428=DIRECTION('',(0.,0.,1.));
#5429=DIRECTION('',(-1.,0.,0.));
#5430=DIRECTION('',(-0.707106781186547,0.,0.707106781186547));
#5431=DIRECTION('',(-1.,0.,0.));
#5432=DIRECTION('',(0.6,0.,-0.8));
#5433=DIRECTION('center_axis',(0.,1.,0.));
#5434=DIRECTION('ref_axis',(0.,0.,1.));
#5435=DIRECTION('',(0.8,0.,-0.6));
#5436=DIRECTION('',(-0.6,0.,-0.8));
#5437=DIRECTION('',(1.,0.,0.));
#5438=DIRECTION('',(0.707106781186547,0.,0.707106781186547));
#5439=DIRECTION('',(1.,0.,0.));
#5440=DIRECTION('',(0.,0.,1.));
#5441=DIRECTION('',(1.,0.,0.));
#5442=DIRECTION('',(0.,0.,-1.));
#5443=DIRECTION('',(-1.,0.,0.));
#5444=DIRECTION('',(-0.707106781186547,0.,-0.707106781186547));
#5445=DIRECTION('',(-1.,0.,0.));
#5446=DIRECTION('center_axis',(0.,1.,0.));
#5447=DIRECTION('ref_axis',(0.,0.,1.));
#5448=DIRECTION('',(1.,0.,0.));
#5449=DIRECTION('',(0.,0.,-1.));
#5450=DIRECTION('',(1.,0.,0.));
#5451=DIRECTION('',(0.707106781186547,0.,-0.707106781186547));
#5452=DIRECTION('',(1.,0.,1.85311539220982E-16));
#5453=DIRECTION('',(-0.600000000000001,0.,0.799999999999999));
#5454=DIRECTION('',(0.8,0.,0.6));
#5455=DIRECTION('',(0.600000000000001,0.,-0.799999999999999));
#5456=DIRECTION('',(-1.,0.,0.));
#5457=DIRECTION('',(-0.707106781186547,0.,0.707106781186547));
#5458=DIRECTION('',(-1.,0.,0.));
#5459=DIRECTION('center_axis',(-0.6,0.,-0.8));
#5460=DIRECTION('ref_axis',(-0.8,0.,0.6));
#5461=DIRECTION('',(0.8,0.,-0.6));
#5462=DIRECTION('',(0.,1.,0.));
#5463=DIRECTION('',(0.,1.,0.));
#5464=DIRECTION('',(0.8,0.,-0.6));
#5465=DIRECTION('',(0.,-1.,0.));
#5466=DIRECTION('',(-0.8,0.,0.6));
#5467=DIRECTION('',(0.,1.,0.));
#5468=DIRECTION('center_axis',(0.8,0.,-0.600000000000001));
#5469=DIRECTION('ref_axis',(-0.600000000000001,0.,-0.799999999999999));
#5470=DIRECTION('',(0.600000000000001,0.,0.799999999999999));
#5471=DIRECTION('',(-0.600000000000001,0.,-0.799999999999999));
#5472=DIRECTION('',(0.,1.,0.));
#5473=DIRECTION('center_axis',(-1.,0.,0.));
#5474=DIRECTION('ref_axis',(0.,0.,1.));
#5475=DIRECTION('',(0.,0.,-1.));
#5476=DIRECTION('',(0.,0.,1.));
#5477=DIRECTION('',(0.,1.,0.));
#5478=DIRECTION('center_axis',(0.8,0.,0.6));
#5479=DIRECTION('ref_axis',(0.599999999999999,0.,-0.8));
#5480=DIRECTION('',(-0.599999999999999,0.,0.8));
#5481=DIRECTION('',(0.599999999999999,0.,-0.8));
#5482=DIRECTION('',(0.,1.,0.));
#5483=DIRECTION('center_axis',(-0.6,0.,0.8));
#5484=DIRECTION('ref_axis',(0.8,0.,0.6));
#5485=DIRECTION('',(0.,-1.,0.));
#5486=DIRECTION('',(0.,1.,0.));
#5487=DIRECTION('',(-0.8,0.,-0.6));
#5488=DIRECTION('',(0.8,0.,0.6));
#5489=DIRECTION('',(-0.8,0.,-0.6));
#5490=DIRECTION('center_axis',(-0.799999999999999,0.,-0.600000000000001));
#5491=DIRECTION('ref_axis',(-0.600000000000001,0.,0.799999999999999));
#5492=DIRECTION('',(0.600000000000001,0.,-0.799999999999999));
#5493=DIRECTION('',(0.,1.,0.));
#5494=DIRECTION('center_axis',(-1.85311539220982E-16,0.,1.));
#5495=DIRECTION('ref_axis',(1.,0.,1.85311539220982E-16));
#5496=DIRECTION('',(-1.,0.,-1.85311539220982E-16));
#5497=DIRECTION('',(0.,1.,0.));
#5498=DIRECTION('center_axis',(0.707106781186548,0.,0.707106781186548));
#5499=DIRECTION('ref_axis',(0.707106781186548,0.,-0.707106781186548));
#5500=DIRECTION('',(-0.707106781186548,0.,0.707106781186548));
#5501=DIRECTION('',(0.,1.,0.));
#5502=DIRECTION('center_axis',(0.,0.,1.));
#5503=DIRECTION('ref_axis',(1.,0.,0.));
#5504=DIRECTION('',(-1.,0.,0.));
#5505=DIRECTION('',(0.,1.,0.));
#5506=DIRECTION('center_axis',(1.,0.,0.));
#5507=DIRECTION('ref_axis',(0.,0.,-1.));
#5508=DIRECTION('',(0.,0.,1.));
#5509=DIRECTION('',(0.,1.,0.));
#5510=DIRECTION('center_axis',(0.,0.,1.));
#5511=DIRECTION('ref_axis',(1.,0.,0.));
#5512=DIRECTION('',(0.,-1.,0.));
#5513=DIRECTION('',(0.,1.,0.));
#5514=DIRECTION('',(-1.,0.,0.));
#5515=DIRECTION('',(-1.,0.,0.));
#5516=DIRECTION('center_axis',(-1.,0.,0.));
#5517=DIRECTION('ref_axis',(0.,0.,1.));
#5518=DIRECTION('',(0.,0.,-1.));
#5519=DIRECTION('',(0.,1.,0.));
#5520=DIRECTION('center_axis',(0.,0.,1.));
#5521=DIRECTION('ref_axis',(1.,0.,0.));
#5522=DIRECTION('',(-1.,0.,0.));
#5523=DIRECTION('',(0.,1.,0.));
#5524=DIRECTION('center_axis',(-0.707106781186548,0.,0.707106781186548));
#5525=DIRECTION('ref_axis',(0.707106781186548,0.,0.707106781186548));
#5526=DIRECTION('',(-0.707106781186548,0.,-0.707106781186548));
#5527=DIRECTION('',(0.,1.,0.));
#5528=DIRECTION('center_axis',(0.,0.,1.));
#5529=DIRECTION('ref_axis',(1.,0.,0.));
#5530=DIRECTION('',(-1.,0.,0.));
#5531=DIRECTION('',(0.,1.,0.));
#5532=DIRECTION('center_axis',(0.8,0.,-0.6));
#5533=DIRECTION('ref_axis',(-0.6,0.,-0.8));
#5534=DIRECTION('',(0.6,0.,0.8));
#5535=DIRECTION('',(0.,1.,0.));
#5536=DIRECTION('center_axis',(0.6,0.,0.8));
#5537=DIRECTION('ref_axis',(0.8,0.,-0.6));
#5538=DIRECTION('',(0.,-1.,0.));
#5539=DIRECTION('',(0.,1.,0.));
#5540=DIRECTION('',(-0.8,0.,0.6));
#5541=DIRECTION('',(-0.8,0.,0.6));
#5542=DIRECTION('center_axis',(-0.8,0.,0.6));
#5543=DIRECTION('ref_axis',(0.6,0.,0.8));
#5544=DIRECTION('',(-0.6,0.,-0.8));
#5545=DIRECTION('',(0.,1.,0.));
#5546=DIRECTION('center_axis',(1.,0.,0.));
#5547=DIRECTION('ref_axis',(0.,0.,-1.));
#5548=DIRECTION('',(0.,0.,1.));
#5549=DIRECTION('',(0.,1.,0.));
#5550=DIRECTION('center_axis',(-0.8,0.,-0.6));
#5551=DIRECTION('ref_axis',(-0.599999999999999,0.,0.8));
#5552=DIRECTION('',(0.599999999999999,0.,-0.8));
#5553=DIRECTION('center_axis',(0.8,0.,0.6));
#5554=DIRECTION('ref_axis',(0.6,0.,-0.8));
#5555=DIRECTION('',(-0.6,0.,0.8));
#5556=DIRECTION('',(0.,1.,0.));
#5557=DIRECTION('center_axis',(0.,0.,-1.));
#5558=DIRECTION('ref_axis',(-1.,0.,0.));
#5559=DIRECTION('',(1.,0.,0.));
#5560=DIRECTION('',(0.,1.,0.));
#5561=DIRECTION('center_axis',(-0.707106781186548,0.,-0.707106781186548));
#5562=DIRECTION('ref_axis',(-0.707106781186548,0.,0.707106781186548));
#5563=DIRECTION('',(0.707106781186548,0.,-0.707106781186548));
#5564=DIRECTION('',(0.,1.,0.));
#5565=DIRECTION('center_axis',(0.,0.,-1.));
#5566=DIRECTION('ref_axis',(-1.,0.,0.));
#5567=DIRECTION('',(1.,0.,0.));
#5568=DIRECTION('',(0.,1.,0.));
#5569=DIRECTION('center_axis',(-1.,0.,0.));
#5570=DIRECTION('ref_axis',(0.,0.,1.));
#5571=DIRECTION('',(0.,0.,-1.));
#5572=DIRECTION('center_axis',(1.,0.,0.));
#5573=DIRECTION('ref_axis',(0.,0.,-1.));
#5574=DIRECTION('',(0.,0.,1.));
#5575=DIRECTION('',(0.,1.,0.));
#5576=DIRECTION('center_axis',(0.,0.,-1.));
#5577=DIRECTION('ref_axis',(-1.,0.,0.));
#5578=DIRECTION('',(1.,0.,0.));
#5579=DIRECTION('',(0.,1.,0.));
#5580=DIRECTION('center_axis',(0.707106781186548,0.,-0.707106781186548));
#5581=DIRECTION('ref_axis',(-0.707106781186548,0.,-0.707106781186548));
#5582=DIRECTION('',(0.707106781186548,0.,0.707106781186548));
#5583=DIRECTION('',(0.,1.,0.));
#5584=DIRECTION('center_axis',(0.,0.,-1.));
#5585=DIRECTION('ref_axis',(-1.,0.,0.));
#5586=DIRECTION('',(1.,0.,0.));
#5587=DIRECTION('',(0.,1.,0.));
#5588=DIRECTION('center_axis',(-0.799999999999999,0.,0.600000000000002));
#5589=DIRECTION('ref_axis',(0.600000000000002,0.,0.799999999999999));
#5590=DIRECTION('',(-0.600000000000002,0.,-0.799999999999999));
#5591=DIRECTION('center_axis',(0.,1.,0.));
#5592=DIRECTION('ref_axis',(0.,0.,1.));
#5593=DIRECTION('',(0.600000000000001,0.,0.799999999999999));
#5594=DIRECTION('',(0.,0.,-1.));
#5595=DIRECTION('center_axis',(0.799999999999998,0.,0.600000000000003));
#5596=DIRECTION('ref_axis',(0.600000000000003,0.,-0.799999999999998));
#5597=DIRECTION('',(-0.6,0.,0.8));
#5598=DIRECTION('',(0.,1.,0.));
#5599=DIRECTION('',(0.6,0.,-0.8));
#5600=DIRECTION('',(0.,1.,0.));
#5601=DIRECTION('',(-0.6,0.,0.8));
#5602=DIRECTION('center_axis',(-0.800000000000001,0.,0.599999999999998));
#5603=DIRECTION('ref_axis',(0.599999999999998,0.,0.800000000000001));
#5604=DIRECTION('',(-5.16445551189834E-14,1.,-6.88594068253112E-14));
#5605=DIRECTION('',(-0.6,0.,-0.8));
#5606=DIRECTION('',(0.6,0.,0.8));
#5607=DIRECTION('',(0.,1.,0.));
#5608=DIRECTION('',(-0.6,0.,-0.8));
#5609=DIRECTION('center_axis',(-1.,0.,0.));
#5610=DIRECTION('ref_axis',(0.,0.,1.));
#5611=DIRECTION('',(0.,1.,0.));
#5612=DIRECTION('',(0.,0.,-1.));
#5613=DIRECTION('',(0.,0.,1.));
#5614=DIRECTION('',(0.,1.,0.));
#5615=DIRECTION('',(0.,0.,-1.));
#5616=DIRECTION('center_axis',(0.,-1.,0.));
#5617=DIRECTION('ref_axis',(-0.8,0.,0.6));
#5618=DIRECTION('',(-0.8,0.,0.6));
#5619=DIRECTION('',(-0.6,0.,-0.8));
#5620=DIRECTION('center_axis',(0.8,0.,-0.6));
#5621=DIRECTION('ref_axis',(0.,-1.,0.));
#5622=DIRECTION('',(0.,-1.,0.));
#5623=DIRECTION('center_axis',(-0.6,0.,-0.8));
#5624=DIRECTION('ref_axis',(-0.8,0.,0.6));
#5625=DIRECTION('',(0.800000000000162,0.,-0.599999999999785));
#5626=DIRECTION('',(-0.8,0.,0.6));
#5627=DIRECTION('center_axis',(0.,-1.,0.));
#5628=DIRECTION('ref_axis',(-0.8,0.,0.6));
#5629=DIRECTION('center_axis',(0.,-1.,0.));
#5630=DIRECTION('ref_axis',(-1.,0.,0.));
#5631=DIRECTION('',(-1.,0.,0.));
#5632=DIRECTION('',(0.,0.,-1.));
#5633=DIRECTION('center_axis',(1.,0.,0.));
#5634=DIRECTION('ref_axis',(0.,-1.,0.));
#5635=DIRECTION('',(0.,-1.,0.));
#5636=DIRECTION('center_axis',(0.,0.,-1.));
#5637=DIRECTION('ref_axis',(-1.,0.,0.));
#5638=DIRECTION('',(1.,0.,0.));
#5639=DIRECTION('',(-1.,0.,0.));
#5640=DIRECTION('center_axis',(0.,-1.,0.));
#5641=DIRECTION('ref_axis',(-1.,0.,0.));
#5642=DIRECTION('center_axis',(-3.5527136788005E-16,-1.,4.736951571734E-16));
#5643=DIRECTION('ref_axis',(-0.8,0.,-0.6));
#5644=DIRECTION('',(0.6,-5.9211894646675E-16,-0.8));
#5645=DIRECTION('',(-0.8,2.36658271566304E-31,-0.6));
#5646=DIRECTION('',(0.6,-5.9211894646675E-16,-0.8));
#5647=DIRECTION('center_axis',(0.8,0.,0.6));
#5648=DIRECTION('ref_axis',(0.,-1.,0.));
#5649=DIRECTION('',(1.4791141972894E-31,-1.,1.97215226305253E-31));
#5650=DIRECTION('center_axis',(0.6,-5.9211894646675E-16,-0.8));
#5651=DIRECTION('ref_axis',(-0.8,0.,-0.6));
#5652=DIRECTION('',(2.9514407521513E-14,1.,-3.93525433620172E-14));
#5653=DIRECTION('',(0.799999999999907,-2.36658271566314E-31,0.600000000000124));
#5654=DIRECTION('',(-0.8,2.36658271566304E-31,-0.6));
#5655=DIRECTION('center_axis',(-3.5527136788005E-16,-1.,4.736951571734E-16));
#5656=DIRECTION('ref_axis',(-0.8,0.,-0.6));
#5657=DIRECTION('center_axis',(0.,-1.,0.));
#5658=DIRECTION('ref_axis',(0.8,0.,-0.6));
#5659=DIRECTION('',(0.6,0.,0.8));
#5660=DIRECTION('',(0.8,0.,-0.6));
#5661=DIRECTION('center_axis',(0.6,0.,0.8));
#5662=DIRECTION('ref_axis',(0.8,0.,-0.6));
#5663=DIRECTION('',(0.,1.,0.));
#5664=DIRECTION('',(-0.8,0.,0.6));
#5665=DIRECTION('',(-1.18526150227231E-14,-1.,-1.58034866969642E-14));
#5666=DIRECTION('',(0.8,0.,-0.6));
#5667=DIRECTION('center_axis',(0.,-1.,0.));
#5668=DIRECTION('ref_axis',(0.8,0.,-0.6));
#5669=DIRECTION('',(0.6,0.,0.8));
#5670=DIRECTION('center_axis',(0.,-1.,0.));
#5671=DIRECTION('ref_axis',(1.,0.,0.));
#5672=DIRECTION('',(-1.,0.,0.));
#5673=DIRECTION('',(0.,0.,1.));
#5674=DIRECTION('center_axis',(-1.,0.,0.));
#5675=DIRECTION('ref_axis',(0.,-1.,0.));
#5676=DIRECTION('',(0.,1.,0.));
#5677=DIRECTION('center_axis',(1.,0.,0.));
#5678=DIRECTION('ref_axis',(0.,1.,0.));
#5679=DIRECTION('',(0.,0.,1.));
#5680=DIRECTION('',(0.,-1.,0.));
#5681=DIRECTION('center_axis',(0.,-1.,0.));
#5682=DIRECTION('ref_axis',(1.,0.,0.));
#5683=DIRECTION('',(-1.,0.,0.));
#5684=DIRECTION('center_axis',(0.,0.,1.));
#5685=DIRECTION('ref_axis',(1.,0.,0.));
#5686=DIRECTION('',(1.,0.,0.));
#5687=DIRECTION('',(0.,-1.,0.));
#5688=DIRECTION('',(-1.,0.,0.));
#5689=DIRECTION('',(0.,1.,0.));
#5690=DIRECTION('',(1.,0.,0.));
#5691=DIRECTION('center_axis',(0.,-1.,0.));
#5692=DIRECTION('ref_axis',(0.8,0.,0.6));
#5693=DIRECTION('',(-0.8,0.,-0.6));
#5694=DIRECTION('',(-0.6,0.,0.8));
#5695=DIRECTION('center_axis',(-0.8,0.,-0.6));
#5696=DIRECTION('ref_axis',(0.,-1.,0.));
#5697=DIRECTION('',(0.,1.,0.));
#5698=DIRECTION('center_axis',(0.,-1.,0.));
#5699=DIRECTION('ref_axis',(0.8,0.,0.6));
#5700=DIRECTION('',(-0.8,0.,-0.6));
#5701=DIRECTION('center_axis',(-0.600000000000001,0.,0.8));
#5702=DIRECTION('ref_axis',(0.8,0.,0.6));
#5703=DIRECTION('',(0.8,0.,0.6));
#5704=DIRECTION('',(0.,-1.,0.));
#5705=DIRECTION('',(-0.8,0.,-0.6));
#5706=DIRECTION('',(0.,1.,0.));
#5707=DIRECTION('',(0.8,0.,0.6));
#5708=DIRECTION('center_axis',(1.,0.,0.));
#5709=DIRECTION('ref_axis',(0.,0.,-1.));
#5710=DIRECTION('',(0.,0.,1.));
#5711=DIRECTION('',(0.,1.,0.));
#5712=DIRECTION('',(0.,0.,-1.));
#5713=DIRECTION('center_axis',(0.,1.,0.));
#5714=DIRECTION('ref_axis',(0.,0.,1.));
#5715=DIRECTION('',(-1.,0.,0.));
#5716=DIRECTION('center_axis',(0.,1.,0.));
#5717=DIRECTION('ref_axis',(0.,0.,1.));
#5718=DIRECTION('center_axis',(-0.8,0.,0.6));
#5719=DIRECTION('ref_axis',(0.6,0.,0.8));
#5720=DIRECTION('',(-0.6,0.,-0.8));
#5721=DIRECTION('',(0.,1.,0.));
#5722=DIRECTION('',(0.6,0.,0.8));
#5723=DIRECTION('center_axis',(0.,1.,0.));
#5724=DIRECTION('ref_axis',(0.,0.,1.));
#5725=DIRECTION('',(-0.6,0.,-0.8));
#5726=DIRECTION('',(0.8,0.,-0.6));
#5727=DIRECTION('center_axis',(0.,1.,0.));
#5728=DIRECTION('ref_axis',(0.,0.,1.));
#5729=DIRECTION('',(0.,0.,-1.));
#5730=DIRECTION('',(-1.,0.,0.));
#5731=DIRECTION('center_axis',(-0.8,0.,0.6));
#5732=DIRECTION('ref_axis',(0.6,0.,0.8));
#5733=DIRECTION('',(-0.6,0.,-0.8));
#5734=DIRECTION('',(0.6,0.,0.8));
#5735=DIRECTION('',(0.,1.,0.));
#5736=DIRECTION('center_axis',(0.,1.,0.));
#5737=DIRECTION('ref_axis',(0.,0.,1.));
#5738=DIRECTION('',(-0.8,0.,0.6));
#5739=DIRECTION('center_axis',(0.,1.,0.));
#5740=DIRECTION('ref_axis',(0.,0.,1.));
#5741=DIRECTION('',(-0.8,0.,0.6));
#5742=DIRECTION('',(0.6,0.,0.8));
#5743=DIRECTION('center_axis',(0.,1.,0.));
#5744=DIRECTION('ref_axis',(0.,0.,1.));
#5745=DIRECTION('',(0.6,0.,0.8));
#5746=DIRECTION('',(0.8,0.,-0.6));
#5747=DIRECTION('center_axis',(0.8,0.,0.6));
#5748=DIRECTION('ref_axis',(0.6,0.,-0.8));
#5749=DIRECTION('',(-0.6,0.,0.8));
#5750=DIRECTION('',(0.6,0.,-0.8));
#5751=DIRECTION('',(0.,1.,0.));
#5752=DIRECTION('center_axis',(0.,1.,0.));
#5753=DIRECTION('ref_axis',(0.,0.,1.));
#5754=DIRECTION('',(0.8,0.,0.6));
#5755=DIRECTION('center_axis',(0.,1.,0.));
#5756=DIRECTION('ref_axis',(0.,0.,1.));
#5757=DIRECTION('',(0.8,0.,0.6));
#5758=DIRECTION('',(0.6,0.,-0.8));
#5759=DIRECTION('center_axis',(1.,0.,0.));
#5760=DIRECTION('ref_axis',(0.,0.,-1.));
#5761=DIRECTION('',(0.,0.,1.));
#5762=DIRECTION('',(0.,0.,-1.));
#5763=DIRECTION('',(0.,1.,0.));
#5764=DIRECTION('center_axis',(0.,1.,0.));
#5765=DIRECTION('ref_axis',(0.,0.,1.));
#5766=DIRECTION('',(1.,0.,0.));
#5767=DIRECTION('center_axis',(0.,1.,0.));
#5768=DIRECTION('ref_axis',(0.,0.,1.));
#5769=DIRECTION('',(1.,0.,0.));
#5770=DIRECTION('',(0.,0.,-1.));
#5771=DIRECTION('center_axis',(-0.8,0.,-0.6));
#5772=DIRECTION('ref_axis',(-0.6,0.,0.8));
#5773=DIRECTION('',(0.6,0.,-0.8));
#5774=DIRECTION('',(-0.6,0.,0.8));
#5775=DIRECTION('',(0.,1.,0.));
#5776=DIRECTION('center_axis',(0.,1.,0.));
#5777=DIRECTION('ref_axis',(0.,0.,1.));
#5778=DIRECTION('',(-0.8,0.,-0.6));
#5779=DIRECTION('center_axis',(0.,1.,0.));
#5780=DIRECTION('ref_axis',(0.,0.,1.));
#5781=DIRECTION('',(-0.8,0.,-0.6));
#5782=DIRECTION('',(-0.6,0.,0.8));
#5783=DIRECTION('center_axis',(-1.,0.,0.));
#5784=DIRECTION('ref_axis',(0.,0.,1.));
#5785=DIRECTION('',(0.,0.,1.));
#5786=DIRECTION('',(0.,1.,0.));
#5787=DIRECTION('center_axis',(0.,1.,0.));
#5788=DIRECTION('ref_axis',(0.,0.,1.));
#5789=DIRECTION('',(-1.,0.,0.));
#5790=DIRECTION('center_axis',(0.8,0.,-0.6));
#5791=DIRECTION('ref_axis',(-0.6,0.,-0.8));
#5792=DIRECTION('',(-0.6,0.,-0.8));
#5793=DIRECTION('',(0.,1.,0.));
#5794=DIRECTION('center_axis',(0.,1.,0.));
#5795=DIRECTION('ref_axis',(0.,0.,1.));
#5796=DIRECTION('',(0.6,0.,0.8));
#5797=DIRECTION('',(0.8,0.,-0.6));
#5798=DIRECTION('center_axis',(0.8,0.,-0.6));
#5799=DIRECTION('ref_axis',(-0.6,0.,-0.8));
#5800=DIRECTION('',(0.,1.,0.));
#5801=DIRECTION('',(-0.6,0.,-0.8));
#5802=DIRECTION('center_axis',(0.,1.,0.));
#5803=DIRECTION('ref_axis',(0.,0.,1.));
#5804=DIRECTION('',(-0.8,0.,0.6));
#5805=DIRECTION('center_axis',(-0.8,0.,-0.6));
#5806=DIRECTION('ref_axis',(-0.6,0.,0.8));
#5807=DIRECTION('',(0.,1.,0.));
#5808=DIRECTION('',(-0.6,0.,0.8));
#5809=DIRECTION('center_axis',(0.,1.,0.));
#5810=DIRECTION('ref_axis',(0.,0.,1.));
#5811=DIRECTION('',(0.800000000000001,0.,0.599999999999999));
#5812=DIRECTION('center_axis',(-1.,0.,0.));
#5813=DIRECTION('ref_axis',(0.,0.,1.));
#5814=DIRECTION('',(0.,1.,0.));
#5815=DIRECTION('',(0.,0.,1.));
#5816=DIRECTION('center_axis',(0.,1.,0.));
#5817=DIRECTION('ref_axis',(0.,0.,1.));
#5818=DIRECTION('',(1.,0.,0.));
#5819=DIRECTION('center_axis',(0.8,0.,0.6));
#5820=DIRECTION('ref_axis',(0.6,0.,-0.8));
#5821=DIRECTION('',(0.,1.,0.));
#5822=DIRECTION('',(0.6,0.,-0.8));
#5823=DIRECTION('center_axis',(0.,1.,0.));
#5824=DIRECTION('ref_axis',(0.,0.,1.));
#5825=DIRECTION('',(-0.6,0.,0.8));
#5826=DIRECTION('',(-0.8,0.,-0.6));
#5827=DIRECTION('center_axis',(-0.799999999999999,0.,0.600000000000001));
#5828=DIRECTION('ref_axis',(0.600000000000001,0.,0.799999999999999));
#5829=DIRECTION('',(0.,1.,0.));
#5830=DIRECTION('',(-0.600000000000001,0.,-0.799999999999999));
#5831=DIRECTION('center_axis',(0.799999999999999,0.,-0.600000000000001));
#5832=DIRECTION('ref_axis',(-0.600000000000001,0.,-0.799999999999999));
#5833=DIRECTION('',(0.6,0.,0.8));
#5834=DIRECTION('',(0.,1.,0.));
#5835=DIRECTION('center_axis',(0.,1.,0.));
#5836=DIRECTION('ref_axis',(0.,0.,1.));
#5837=DIRECTION('center_axis',(0.,1.,0.));
#5838=DIRECTION('ref_axis',(0.,0.,1.));
#5839=DIRECTION('center_axis',(0.,1.,0.));
#5840=DIRECTION('ref_axis',(0.,0.,1.));
#5841=DIRECTION('center_axis',(-0.799999999999999,0.,-0.600000000000001));
#5842=DIRECTION('ref_axis',(-0.600000000000001,0.,0.799999999999999));
#5843=DIRECTION('',(0.,1.,0.));
#5844=DIRECTION('',(0.6,-5.9211894646675E-16,-0.8));
#5845=DIRECTION('center_axis',(0.,1.,0.));
#5846=DIRECTION('ref_axis',(0.,0.,1.));
#5847=DIRECTION('center_axis',(0.,1.,0.));
#5848=DIRECTION('ref_axis',(0.,0.,1.));
#5849=DIRECTION('center_axis',(0.,1.,0.));
#5850=DIRECTION('ref_axis',(0.,0.,1.));
#5851=DIRECTION('center_axis',(0.,0.,1.));
#5852=DIRECTION('ref_axis',(1.,0.,0.));
#5853=DIRECTION('',(-1.,0.,0.));
#5854=DIRECTION('',(0.,1.,0.));
#5855=DIRECTION('',(0.,1.,0.));
#5856=DIRECTION('center_axis',(-0.6,0.,0.8));
#5857=DIRECTION('ref_axis',(0.8,0.,0.6));
#5858=DIRECTION('',(0.8,0.,0.6));
#5859=DIRECTION('',(0.,1.,0.));
#5860=DIRECTION('center_axis',(-1.,0.,0.));
#5861=DIRECTION('ref_axis',(0.,0.,1.));
#5862=DIRECTION('',(0.,0.,-1.));
#5863=DIRECTION('',(0.,1.,0.));
#5864=DIRECTION('center_axis',(-0.6,0.,-0.8));
#5865=DIRECTION('ref_axis',(-0.8,0.,0.6));
#5866=DIRECTION('',(0.8,0.,-0.6));
#5867=DIRECTION('',(0.,1.,0.));
#5868=DIRECTION('center_axis',(0.,0.,-1.));
#5869=DIRECTION('ref_axis',(-1.,0.,0.));
#5870=DIRECTION('',(1.,0.,0.));
#5871=DIRECTION('',(0.,1.,0.));
#5872=DIRECTION('center_axis',(0.707106781186548,0.,-0.707106781186548));
#5873=DIRECTION('ref_axis',(-0.707106781186548,0.,-0.707106781186548));
#5874=DIRECTION('',(0.707106781186547,0.,0.707106781186547));
#5875=DIRECTION('',(0.,1.,0.));
#5876=DIRECTION('center_axis',(0.,0.,-1.));
#5877=DIRECTION('ref_axis',(-1.,0.,0.));
#5878=DIRECTION('',(-1.,0.,0.));
#5879=DIRECTION('',(0.,1.,0.));
#5880=DIRECTION('center_axis',(-0.707106781186548,0.,-0.707106781186548));
#5881=DIRECTION('ref_axis',(-0.707106781186548,0.,0.707106781186548));
#5882=DIRECTION('',(-0.707106781186547,0.,0.707106781186547));
#5883=DIRECTION('',(0.,1.,0.));
#5884=DIRECTION('center_axis',(0.,0.,-1.));
#5885=DIRECTION('ref_axis',(-1.,0.,0.));
#5886=DIRECTION('',(1.,0.,0.));
#5887=DIRECTION('',(0.,1.,0.));
#5888=DIRECTION('center_axis',(0.6,0.,-0.8));
#5889=DIRECTION('ref_axis',(-0.8,0.,-0.6));
#5890=DIRECTION('',(0.8,0.,0.6));
#5891=DIRECTION('',(0.,1.,0.));
#5892=DIRECTION('center_axis',(1.,0.,0.));
#5893=DIRECTION('ref_axis',(0.,0.,-1.));
#5894=DIRECTION('',(0.,0.,1.));
#5895=DIRECTION('',(0.,1.,0.));
#5896=DIRECTION('center_axis',(0.6,0.,0.8));
#5897=DIRECTION('ref_axis',(0.8,0.,-0.6));
#5898=DIRECTION('',(0.8,0.,-0.6));
#5899=DIRECTION('',(0.,1.,0.));
#5900=DIRECTION('center_axis',(0.,0.,1.));
#5901=DIRECTION('ref_axis',(1.,0.,0.));
#5902=DIRECTION('',(-1.,0.,0.));
#5903=DIRECTION('',(0.,1.,0.));
#5904=DIRECTION('center_axis',(-0.707106781186548,0.,0.707106781186548));
#5905=DIRECTION('ref_axis',(0.707106781186548,0.,0.707106781186548));
#5906=DIRECTION('',(0.707106781186547,0.,0.707106781186547));
#5907=DIRECTION('',(0.,1.,0.));
#5908=DIRECTION('center_axis',(0.,0.,1.));
#5909=DIRECTION('ref_axis',(1.,0.,0.));
#5910=DIRECTION('',(1.,0.,0.));
#5911=DIRECTION('',(0.,1.,0.));
#5912=DIRECTION('center_axis',(0.707106781186548,0.,0.707106781186548));
#5913=DIRECTION('ref_axis',(0.707106781186548,0.,-0.707106781186548));
#5914=DIRECTION('',(0.707106781186547,0.,-0.707106781186547));
#5915=DIRECTION('center_axis',(0.,1.,0.));
#5916=DIRECTION('ref_axis',(1.,0.,0.));
#5917=CARTESIAN_POINT('',(0.,0.,0.));
#5918=CARTESIAN_POINT('Origin',(-25.,17.,-56.4));
#5919=CARTESIAN_POINT('',(19.5,17.,-58.));
#5920=CARTESIAN_POINT('Origin',(19.5,17.,-56.4));
#5921=CARTESIAN_POINT('',(25.,17.,-58.));
#5922=CARTESIAN_POINT('',(-25.,17.,-58.));
#5923=CARTESIAN_POINT('Origin',(25.,17.,-56.4));
#5924=CARTESIAN_POINT('Origin',(-25.,17.,-56.4));
#5925=CARTESIAN_POINT('',(-25.,17.,-58.));
#5926=CARTESIAN_POINT('Origin',(-25.,17.,-56.4));
#5927=CARTESIAN_POINT('',(-19.5,17.,-58.));
#5928=CARTESIAN_POINT('',(-25.,17.,-58.));
#5929=CARTESIAN_POINT('Origin',(-19.5,17.,-56.4));
#5930=CARTESIAN_POINT('Origin',(-130.93,68.,61.2400000000003));
#5931=CARTESIAN_POINT('',(-129.33,60.25,61.2400000000003));
#5932=CARTESIAN_POINT('Origin',(-130.93,60.25,61.2400000000003));
#5933=CARTESIAN_POINT('',(-129.33,57.,61.2400000000003));
#5934=CARTESIAN_POINT('',(-129.33,68.,61.2400000000003));
#5935=CARTESIAN_POINT('Origin',(-130.93,57.,61.2400000000003));
#5936=CARTESIAN_POINT('Origin',(-130.93,57.,61.2400000000003));
#5937=CARTESIAN_POINT('Origin',(138.93,68.,-55.24));
#5938=CARTESIAN_POINT('',(140.53,60.25,-55.24));
#5939=CARTESIAN_POINT('Origin',(138.93,60.25,-55.24));
#5940=CARTESIAN_POINT('',(140.53,57.,-55.24));
#5941=CARTESIAN_POINT('',(140.53,68.,-55.24));
#5942=CARTESIAN_POINT('Origin',(138.93,57.,-55.24));
#5943=CARTESIAN_POINT('Origin',(138.93,57.,-55.24));
#5944=CARTESIAN_POINT('Origin',(5.00000000000005,68.,51.5500000000001));
#5945=CARTESIAN_POINT('',(6.60000000000005,60.25,51.5500000000001));
#5946=CARTESIAN_POINT('Origin',(5.00000000000005,60.25,51.5500000000001));
#5947=CARTESIAN_POINT('',(6.60000000000005,57.,51.5500000000001));
#5948=CARTESIAN_POINT('',(6.60000000000005,68.,51.5500000000001));
#5949=CARTESIAN_POINT('Origin',(5.00000000000005,57.,51.5500000000001));
#5950=CARTESIAN_POINT('Origin',(5.00000000000005,57.,51.5500000000001));
#5951=CARTESIAN_POINT('Origin',(130.93,68.,61.24));
#5952=CARTESIAN_POINT('',(132.53,60.25,61.24));
#5953=CARTESIAN_POINT('Origin',(130.93,60.25,61.24));
#5954=CARTESIAN_POINT('',(132.53,57.,61.24));
#5955=CARTESIAN_POINT('',(132.53,68.,61.24));
#5956=CARTESIAN_POINT('Origin',(130.93,57.,61.24));
#5957=CARTESIAN_POINT('Origin',(130.93,57.,61.24));
#5958=CARTESIAN_POINT('Origin',(-5.00000000000005,68.,-51.5499999999998));
#5959=CARTESIAN_POINT('',(-3.40000000000005,60.25,-51.5499999999998));
#5960=CARTESIAN_POINT('Origin',(-5.00000000000005,60.25,-51.5499999999998));
#5961=CARTESIAN_POINT('',(-3.40000000000005,57.,-51.5499999999998));
#5962=CARTESIAN_POINT('',(-3.40000000000005,68.,-51.5499999999998));
#5963=CARTESIAN_POINT('Origin',(-5.00000000000005,57.,-51.5499999999998));
#5964=CARTESIAN_POINT('Origin',(-5.00000000000005,57.,-51.5499999999998));
#5965=CARTESIAN_POINT('Origin',(-138.930001892447,68.,-55.2400008344647));
#5966=CARTESIAN_POINT('',(-137.330001892447,60.25,-55.2400008344647));
#5967=CARTESIAN_POINT('Origin',(-138.930001892447,60.25,-55.2400008344647));
#5968=CARTESIAN_POINT('',(-137.330001892447,57.,-55.2400008344647));
#5969=CARTESIAN_POINT('',(-137.330001892447,68.,-55.2400008344647));
#5970=CARTESIAN_POINT('Origin',(-138.930001892447,57.,-55.2400008344647));
#5971=CARTESIAN_POINT('Origin',(-138.930001892447,57.,-55.2400008344647));
#5972=CARTESIAN_POINT('Origin',(-138.93,68.,55.2400000000003));
#5973=CARTESIAN_POINT('',(-137.33,60.25,55.2400000000003));
#5974=CARTESIAN_POINT('Origin',(-138.93,60.25,55.2400000000003));
#5975=CARTESIAN_POINT('',(-137.33,57.,55.2400000000003));
#5976=CARTESIAN_POINT('',(-137.33,68.,55.2400000000003));
#5977=CARTESIAN_POINT('Origin',(-138.93,57.,55.2400000000003));
#5978=CARTESIAN_POINT('Origin',(-138.93,57.,55.2400000000003));
#5979=CARTESIAN_POINT('Origin',(130.93,68.,-61.24));
#5980=CARTESIAN_POINT('',(132.53,60.25,-61.24));
#5981=CARTESIAN_POINT('Origin',(130.93,60.25,-61.24));
#5982=CARTESIAN_POINT('',(132.53,57.,-61.24));
#5983=CARTESIAN_POINT('',(132.53,68.,-61.24));
#5984=CARTESIAN_POINT('Origin',(130.93,57.,-61.24));
#5985=CARTESIAN_POINT('Origin',(130.93,57.,-61.24));
#5986=CARTESIAN_POINT('Origin',(-4.99999999999995,68.,51.5500000000002));
#5987=CARTESIAN_POINT('',(-3.39999999999995,60.25,51.5500000000002));
#5988=CARTESIAN_POINT('Origin',(-4.99999999999995,60.25,51.5500000000002));
#5989=CARTESIAN_POINT('',(-3.39999999999995,57.,51.5500000000002));
#5990=CARTESIAN_POINT('',(-3.39999999999995,68.,51.5500000000002));
#5991=CARTESIAN_POINT('Origin',(-4.99999999999995,57.,51.5500000000002));
#5992=CARTESIAN_POINT('Origin',(-4.99999999999995,57.,51.5500000000002));
#5993=CARTESIAN_POINT('Origin',(138.93,68.,55.24));
#5994=CARTESIAN_POINT('',(140.53,60.25,55.24));
#5995=CARTESIAN_POINT('Origin',(138.93,60.25,55.24));
#5996=CARTESIAN_POINT('',(140.53,57.,55.24));
#5997=CARTESIAN_POINT('',(140.53,68.,55.24));
#5998=CARTESIAN_POINT('Origin',(138.93,57.,55.24));
#5999=CARTESIAN_POINT('Origin',(138.93,57.,55.24));
#6000=CARTESIAN_POINT('Origin',(4.99999999999995,68.,-51.5499999999998));
#6001=CARTESIAN_POINT('',(6.59999999999995,60.25,-51.5499999999998));
#6002=CARTESIAN_POINT('Origin',(4.99999999999995,60.25,-51.5499999999998));
#6003=CARTESIAN_POINT('',(6.59999999999995,57.,-51.5499999999998));
#6004=CARTESIAN_POINT('',(6.59999999999995,68.,-51.5499999999998));
#6005=CARTESIAN_POINT('Origin',(4.99999999999995,57.,-51.5499999999998));
#6006=CARTESIAN_POINT('Origin',(4.99999999999995,57.,-51.5499999999998));
#6007=CARTESIAN_POINT('Origin',(-130.930001892448,68.,-61.2400008344647));
#6008=CARTESIAN_POINT('',(-129.330001892447,60.25,-61.2400008344647));
#6009=CARTESIAN_POINT('Origin',(-130.930001892448,60.25,-61.2400008344647));
#6010=CARTESIAN_POINT('',(-129.330001892447,57.,-61.2400008344647));
#6011=CARTESIAN_POINT('',(-129.330001892447,68.,-61.2400008344647));
#6012=CARTESIAN_POINT('Origin',(-130.930001892448,57.,-61.2400008344647));
#6013=CARTESIAN_POINT('Origin',(-130.930001892448,57.,-61.2400008344647));
#6014=CARTESIAN_POINT('Origin',(157.84,48.0000007152557,47.12));
#6015=CARTESIAN_POINT('',(123.2,48.0000007152557,75.1000000000001));
#6016=CARTESIAN_POINT('Origin',(122.24,48.0000007152557,73.8200000000001));
#6017=CARTESIAN_POINT('',(118.8,48.0000007152557,78.4000000000001));
#6018=CARTESIAN_POINT('',(158.8,48.0000007152557,48.4));
#6019=CARTESIAN_POINT('Origin',(117.84,48.0000007152557,77.1200000000001));
#6020=CARTESIAN_POINT('Origin',(157.84,48.0000007152557,47.12));
#6021=CARTESIAN_POINT('',(158.8,48.0000007152557,48.4));
#6022=CARTESIAN_POINT('Origin',(157.84,48.0000007152557,47.12));
#6023=CARTESIAN_POINT('',(154.4,48.0000007152557,51.7));
#6024=CARTESIAN_POINT('',(158.8,48.0000007152557,48.4));
#6025=CARTESIAN_POINT('Origin',(153.44,48.0000007152557,50.42));
#6026=CARTESIAN_POINT('Origin',(157.84,17.0000002533197,47.12));
#6027=CARTESIAN_POINT('',(123.2,17.0000002533197,75.1000000000001));
#6028=CARTESIAN_POINT('Origin',(122.24,17.0000002533197,73.8200000000001));
#6029=CARTESIAN_POINT('',(118.8,17.0000002533197,78.4));
#6030=CARTESIAN_POINT('',(158.8,17.0000002533197,48.4));
#6031=CARTESIAN_POINT('Origin',(117.84,17.0000002533197,77.12));
#6032=CARTESIAN_POINT('Origin',(157.84,17.0000002533197,47.12));
#6033=CARTESIAN_POINT('',(158.8,17.0000002533197,48.4));
#6034=CARTESIAN_POINT('Origin',(157.84,17.0000002533197,47.12));
#6035=CARTESIAN_POINT('',(154.4,17.0000002533197,51.7));
#6036=CARTESIAN_POINT('',(158.8,17.0000002533197,48.4));
#6037=CARTESIAN_POINT('Origin',(153.44,17.0000002533197,50.42));
#6038=CARTESIAN_POINT('Origin',(133.,14.,39.));
#6039=CARTESIAN_POINT('',(134.28,14.,38.04));
#6040=CARTESIAN_POINT('Origin',(133.,14.,39.));
#6041=CARTESIAN_POINT('',(140.28,14.,46.04));
#6042=CARTESIAN_POINT('',(134.28,14.,38.04));
#6043=CARTESIAN_POINT('Origin',(139.,14.,47.));
#6044=CARTESIAN_POINT('Origin',(117.000000751019,14.,50.9999994367361));
#6045=CARTESIAN_POINT('',(118.280000751019,14.,50.0399994367361));
#6046=CARTESIAN_POINT('Origin',(117.000000751019,14.,50.9999994367361));
#6047=CARTESIAN_POINT('',(124.280000751019,14.,58.0399994367361));
#6048=CARTESIAN_POINT('',(118.280000751019,14.,50.0399994367361));
#6049=CARTESIAN_POINT('Origin',(123.000000751019,14.,58.9999994367361));
#6050=CARTESIAN_POINT('Origin',(133.,47.9,39.));
#6051=CARTESIAN_POINT('',(134.28,47.9,38.04));
#6052=CARTESIAN_POINT('Origin',(133.,47.9,39.));
#6053=CARTESIAN_POINT('',(140.28,47.9,46.04));
#6054=CARTESIAN_POINT('',(134.28,47.9,38.04));
#6055=CARTESIAN_POINT('Origin',(139.,47.9,47.));
#6056=CARTESIAN_POINT('Origin',(117.000000751019,47.9,50.9999994367361));
#6057=CARTESIAN_POINT('',(118.280000751019,47.9,50.0399994367361));
#6058=CARTESIAN_POINT('Origin',(117.000000751019,47.9,50.9999994367361));
#6059=CARTESIAN_POINT('',(124.280000751019,47.9,58.0399994367361));
#6060=CARTESIAN_POINT('',(118.280000751019,47.9,50.0399994367361));
#6061=CARTESIAN_POINT('Origin',(123.000000751019,47.9,58.9999994367361));
#6062=CARTESIAN_POINT('Origin',(10.,47.9,35.));
#6063=CARTESIAN_POINT('',(11.6,47.9,35.));
#6064=CARTESIAN_POINT('Origin',(10.,47.9,35.));
#6065=CARTESIAN_POINT('',(11.6,47.9,45.));
#6066=CARTESIAN_POINT('',(11.6,47.9,35.));
#6067=CARTESIAN_POINT('Origin',(10.,47.9,45.));
#6068=CARTESIAN_POINT('Origin',(10.,14.,35.));
#6069=CARTESIAN_POINT('',(11.6,14.,35.));
#6070=CARTESIAN_POINT('Origin',(10.,14.,35.));
#6071=CARTESIAN_POINT('',(11.6,14.,45.));
#6072=CARTESIAN_POINT('',(11.6,14.,35.));
#6073=CARTESIAN_POINT('Origin',(10.,14.,45.));
#6074=CARTESIAN_POINT('Origin',(-10.,47.9,35.));
#6075=CARTESIAN_POINT('',(-8.4,47.9,35.));
#6076=CARTESIAN_POINT('Origin',(-10.,47.9,35.));
#6077=CARTESIAN_POINT('',(-8.4,47.9,45.));
#6078=CARTESIAN_POINT('',(-8.4,47.9,35.));
#6079=CARTESIAN_POINT('Origin',(-10.,47.9,45.));
#6080=CARTESIAN_POINT('Origin',(-10.,14.,35.));
#6081=CARTESIAN_POINT('',(-8.4,14.,35.));
#6082=CARTESIAN_POINT('Origin',(-10.,14.,35.));
#6083=CARTESIAN_POINT('',(-8.4,14.,45.));
#6084=CARTESIAN_POINT('',(-8.4,14.,35.));
#6085=CARTESIAN_POINT('Origin',(-10.,14.,45.));
#6086=CARTESIAN_POINT('Origin',(25.,48.,56.4));
#6087=CARTESIAN_POINT('',(-19.5,48.,58.));
#6088=CARTESIAN_POINT('Origin',(-19.5,48.,56.4));
#6089=CARTESIAN_POINT('',(-25.,48.,58.));
#6090=CARTESIAN_POINT('',(25.,48.,58.));
#6091=CARTESIAN_POINT('Origin',(-25.,48.,56.4));
#6092=CARTESIAN_POINT('Origin',(25.,48.,56.4));
#6093=CARTESIAN_POINT('',(25.,48.,58.));
#6094=CARTESIAN_POINT('Origin',(25.,48.,56.4));
#6095=CARTESIAN_POINT('',(19.5,48.,58.));
#6096=CARTESIAN_POINT('',(25.,48.,58.));
#6097=CARTESIAN_POINT('Origin',(19.5,48.,56.4));
#6098=CARTESIAN_POINT('Origin',(25.,17.0000002533197,56.4));
#6099=CARTESIAN_POINT('',(25.,17.0000002533197,58.));
#6100=CARTESIAN_POINT('Origin',(25.,17.0000002533197,56.4));
#6101=CARTESIAN_POINT('',(19.5,17.0000002533197,58.));
#6102=CARTESIAN_POINT('',(25.,17.0000002533197,58.));
#6103=CARTESIAN_POINT('Origin',(19.5,17.0000002533197,56.4));
#6104=CARTESIAN_POINT('Origin',(25.,17.0000002533197,56.4));
#6105=CARTESIAN_POINT('',(-19.5,17.0000002533197,58.));
#6106=CARTESIAN_POINT('Origin',(-19.5,17.0000002533197,56.4));
#6107=CARTESIAN_POINT('',(-25.,17.0000002533197,58.));
#6108=CARTESIAN_POINT('',(25.,17.0000002533197,58.));
#6109=CARTESIAN_POINT('Origin',(-25.,17.0000002533197,56.4));
#6110=CARTESIAN_POINT('Origin',(-117.,47.9,51.));
#6111=CARTESIAN_POINT('',(-115.72,47.9,51.96));
#6112=CARTESIAN_POINT('Origin',(-117.,47.9,51.));
#6113=CARTESIAN_POINT('',(-121.72,47.9,59.96));
#6114=CARTESIAN_POINT('',(-115.72,47.9,51.96));
#6115=CARTESIAN_POINT('Origin',(-123.,47.9,59.));
#6116=CARTESIAN_POINT('Origin',(-117.000000751019,14.0000002086163,50.9999994367361));
#6117=CARTESIAN_POINT('',(-115.720000751019,14.0000002086163,51.9599994367361));
#6118=CARTESIAN_POINT('Origin',(-117.000000751019,14.0000002086163,50.9999994367361));
#6119=CARTESIAN_POINT('',(-121.720000751019,14.0000002086163,59.9599994367361));
#6120=CARTESIAN_POINT('',(-115.720000751019,14.0000002086163,51.9599994367361));
#6121=CARTESIAN_POINT('Origin',(-123.000000751019,14.0000002086163,58.9999994367361));
#6122=CARTESIAN_POINT('Origin',(-133.,47.9,39.));
#6123=CARTESIAN_POINT('',(-131.72,47.9,39.96));
#6124=CARTESIAN_POINT('Origin',(-133.,47.9,39.));
#6125=CARTESIAN_POINT('',(-137.72,47.9,47.96));
#6126=CARTESIAN_POINT('',(-131.72,47.9,39.96));
#6127=CARTESIAN_POINT('Origin',(-139.,47.9,47.));
#6128=CARTESIAN_POINT('Origin',(-133.,14.,39.));
#6129=CARTESIAN_POINT('',(-131.72,14.,39.96));
#6130=CARTESIAN_POINT('Origin',(-133.,14.,39.));
#6131=CARTESIAN_POINT('',(-137.72,14.,47.96));
#6132=CARTESIAN_POINT('',(-131.72,14.,39.96));
#6133=CARTESIAN_POINT('Origin',(-139.,14.,47.));
#6134=CARTESIAN_POINT('Origin',(-117.84,48.0000000000002,77.1199999999995));
#6135=CARTESIAN_POINT('',(-118.8,48.0000000000002,78.3999999999995));
#6136=CARTESIAN_POINT('Origin',(-117.84,48.0000000000002,77.1199999999995));
#6137=CARTESIAN_POINT('',(-123.2,48.0000000000002,75.0999999999995));
#6138=CARTESIAN_POINT('',(-118.8,48.0000000000002,78.3999999999995));
#6139=CARTESIAN_POINT('Origin',(-122.24,48.0000000000002,73.8199999999995));
#6140=CARTESIAN_POINT('Origin',(-117.84,48.0000000000002,77.1199999999995));
#6141=CARTESIAN_POINT('',(-154.4,48.0000000000002,51.6999999999994));
#6142=CARTESIAN_POINT('Origin',(-153.44,48.0000000000002,50.4199999999994));
#6143=CARTESIAN_POINT('',(-158.8,48.0000000000002,48.3999999999994));
#6144=CARTESIAN_POINT('',(-118.8,48.0000000000002,78.3999999999995));
#6145=CARTESIAN_POINT('Origin',(-157.84,48.0000000000002,47.1199999999994));
#6146=CARTESIAN_POINT('Origin',(-117.84,17.,77.12));
#6147=CARTESIAN_POINT('',(-118.8,17.,78.4));
#6148=CARTESIAN_POINT('Origin',(-117.84,17.,77.12));
#6149=CARTESIAN_POINT('',(-123.2,17.,75.1));
#6150=CARTESIAN_POINT('',(-118.8,17.,78.4));
#6151=CARTESIAN_POINT('Origin',(-122.24,17.,73.82));
#6152=CARTESIAN_POINT('Origin',(-117.84,17.,77.12));
#6153=CARTESIAN_POINT('',(-154.4,17.,51.6999999999999));
#6154=CARTESIAN_POINT('Origin',(-153.44,17.,50.4199999999999));
#6155=CARTESIAN_POINT('',(-158.8,17.,48.3999999999998));
#6156=CARTESIAN_POINT('',(-118.8,17.,78.4));
#6157=CARTESIAN_POINT('Origin',(-157.84,17.,47.1199999999998));
#6158=CARTESIAN_POINT('Origin',(-133.000000989437,14.,-38.9999992579222));
#6159=CARTESIAN_POINT('',(-134.280000989437,14.,-38.0399992579222));
#6160=CARTESIAN_POINT('Origin',(-133.000000989437,14.,-38.9999992579221));
#6161=CARTESIAN_POINT('',(-140.280000989437,14.,-46.0399992579221));
#6162=CARTESIAN_POINT('',(-134.280000989437,14.,-38.0399992579222));
#6163=CARTESIAN_POINT('Origin',(-139.000000989437,14.,-46.9999992579221));
#6164=CARTESIAN_POINT('Origin',(-117.,14.,-51.));
#6165=CARTESIAN_POINT('',(-118.28,14.,-50.04));
#6166=CARTESIAN_POINT('Origin',(-117.,14.,-51.));
#6167=CARTESIAN_POINT('',(-124.28,14.,-58.04));
#6168=CARTESIAN_POINT('',(-118.28,14.,-50.04));
#6169=CARTESIAN_POINT('Origin',(-123.,14.,-59.));
#6170=CARTESIAN_POINT('Origin',(-133.000000989437,47.9,-38.9999992579222));
#6171=CARTESIAN_POINT('',(-134.280000989437,47.9,-38.0399992579222));
#6172=CARTESIAN_POINT('Origin',(-133.000000989437,47.9,-38.9999992579221));
#6173=CARTESIAN_POINT('',(-140.280000989437,47.9,-46.0399992579221));
#6174=CARTESIAN_POINT('',(-134.280000989437,47.9,-38.0399992579222));
#6175=CARTESIAN_POINT('Origin',(-139.000000989437,47.9,-46.9999992579221));
#6176=CARTESIAN_POINT('Origin',(-117.,47.9,-51.));
#6177=CARTESIAN_POINT('',(-118.28,47.9,-50.04));
#6178=CARTESIAN_POINT('Origin',(-117.,47.9,-51.));
#6179=CARTESIAN_POINT('',(-124.28,47.9,-58.04));
#6180=CARTESIAN_POINT('',(-118.28,47.9,-50.04));
#6181=CARTESIAN_POINT('Origin',(-123.,47.9,-59.));
#6182=CARTESIAN_POINT('Origin',(-117.839999999996,48.0000007152557,-77.1199999999948));
#6183=CARTESIAN_POINT('',(-152.479999999996,48.0000007152557,-49.1399999999948));
#6184=CARTESIAN_POINT('Origin',(-153.439999999996,48.0000007152557,-50.4199999999948));
#6185=CARTESIAN_POINT('',(-156.879999999996,48.0000007152557,-45.8399999999948));
#6186=CARTESIAN_POINT('',(-116.879999999996,48.0000007152557,-75.8399999999948));
#6187=CARTESIAN_POINT('Origin',(-157.839999999996,48.0000007152557,-47.1199999999948));
#6188=CARTESIAN_POINT('Origin',(-117.839999999996,48.0000007152557,-77.1199999999948));
#6189=CARTESIAN_POINT('',(-116.879999999996,48.0000007152557,-75.8399999999948));
#6190=CARTESIAN_POINT('Origin',(-117.839999999996,48.0000007152557,-77.1199999999947));
#6191=CARTESIAN_POINT('',(-121.279999999996,48.0000007152557,-72.5399999999948));
#6192=CARTESIAN_POINT('',(-116.879999999996,48.0000007152557,-75.8399999999948));
#6193=CARTESIAN_POINT('Origin',(-122.239999999996,48.0000007152557,-73.8199999999948));
#6194=CARTESIAN_POINT('Origin',(-117.84,17.,-77.12));
#6195=CARTESIAN_POINT('',(-152.48,17.,-49.1400000000001));
#6196=CARTESIAN_POINT('Origin',(-153.44,17.,-50.4200000000001));
#6197=CARTESIAN_POINT('',(-156.88,17.,-45.8400000000001));
#6198=CARTESIAN_POINT('',(-116.88,17.,-75.84));
#6199=CARTESIAN_POINT('Origin',(-157.84,17.,-47.1200000000001));
#6200=CARTESIAN_POINT('Origin',(-117.84,17.,-77.12));
#6201=CARTESIAN_POINT('',(-116.88,17.,-75.84));
#6202=CARTESIAN_POINT('Origin',(-117.84,17.,-77.12));
#6203=CARTESIAN_POINT('',(-121.28,17.,-72.54));
#6204=CARTESIAN_POINT('',(-116.88,17.,-75.84));
#6205=CARTESIAN_POINT('Origin',(-122.24,17.,-73.82));
#6206=CARTESIAN_POINT('Origin',(-10.,14.,-35.));
#6207=CARTESIAN_POINT('',(-11.6,14.,-35.));
#6208=CARTESIAN_POINT('Origin',(-10.,14.,-35.));
#6209=CARTESIAN_POINT('',(-11.6,14.,-45.));
#6210=CARTESIAN_POINT('',(-11.6,14.,-35.));
#6211=CARTESIAN_POINT('Origin',(-10.,14.,-45.));
#6212=CARTESIAN_POINT('Origin',(10.,47.9,-35.));
#6213=CARTESIAN_POINT('',(8.4,47.9,-35.));
#6214=CARTESIAN_POINT('Origin',(10.,47.9,-35.));
#6215=CARTESIAN_POINT('',(8.4,47.9,-45.));
#6216=CARTESIAN_POINT('',(8.4,47.9,-35.));
#6217=CARTESIAN_POINT('Origin',(10.,47.9,-45.));
#6218=CARTESIAN_POINT('Origin',(-10.,47.9,-35.));
#6219=CARTESIAN_POINT('',(-11.6,47.9,-35.));
#6220=CARTESIAN_POINT('Origin',(-10.,47.9,-35.));
#6221=CARTESIAN_POINT('',(-11.6,47.9,-45.));
#6222=CARTESIAN_POINT('',(-11.6,47.9,-35.));
#6223=CARTESIAN_POINT('Origin',(-10.,47.9,-45.));
#6224=CARTESIAN_POINT('Origin',(10.,14.,-35.));
#6225=CARTESIAN_POINT('',(8.4,14.,-35.));
#6226=CARTESIAN_POINT('Origin',(10.,14.,-35.));
#6227=CARTESIAN_POINT('',(8.4,14.,-45.));
#6228=CARTESIAN_POINT('',(8.4,14.,-35.));
#6229=CARTESIAN_POINT('Origin',(10.,14.,-45.));
#6230=CARTESIAN_POINT('Origin',(-25.,48.,-56.4));
#6231=CARTESIAN_POINT('',(-25.,48.,-58.));
#6232=CARTESIAN_POINT('Origin',(-25.,48.,-56.4));
#6233=CARTESIAN_POINT('',(-19.5,48.,-58.));
#6234=CARTESIAN_POINT('',(-25.,48.,-58.));
#6235=CARTESIAN_POINT('Origin',(-19.5,48.,-56.4));
#6236=CARTESIAN_POINT('Origin',(-25.,48.,-56.4));
#6237=CARTESIAN_POINT('',(19.5,48.,-58.));
#6238=CARTESIAN_POINT('Origin',(19.5,48.,-56.4));
#6239=CARTESIAN_POINT('',(25.,48.,-58.));
#6240=CARTESIAN_POINT('',(-25.,48.,-58.));
#6241=CARTESIAN_POINT('Origin',(25.,48.,-56.4));
#6242=CARTESIAN_POINT('Origin',(157.840001198053,48.0000007152564,-47.1200015974044));
#6243=CARTESIAN_POINT('',(121.280001198053,48.0000007152564,-72.5400015974045));
#6244=CARTESIAN_POINT('Origin',(122.240001198053,48.0000007152564,-73.8200015974045));
#6245=CARTESIAN_POINT('',(116.880001198053,48.0000007152564,-75.8400015974045));
#6246=CARTESIAN_POINT('',(156.880001198053,48.0000007152564,-45.8400015974044));
#6247=CARTESIAN_POINT('Origin',(117.840001198053,48.0000007152564,-77.1200015974045));
#6248=CARTESIAN_POINT('Origin',(157.840001198053,48.0000007152564,-47.1200015974044));
#6249=CARTESIAN_POINT('',(156.880001198053,48.0000007152564,-45.8400015974044));
#6250=CARTESIAN_POINT('Origin',(157.840001198053,48.0000007152564,-47.1200015974044));
#6251=CARTESIAN_POINT('',(152.480001198053,48.0000007152564,-49.1400015974044));
#6252=CARTESIAN_POINT('',(156.880001198053,48.0000007152564,-45.8400015974044));
#6253=CARTESIAN_POINT('Origin',(153.440001198053,48.0000007152564,-50.4200015974045));
#6254=CARTESIAN_POINT('Origin',(117.,14.,-51.));
#6255=CARTESIAN_POINT('',(115.72,14.,-51.96));
#6256=CARTESIAN_POINT('Origin',(117.,14.,-51.));
#6257=CARTESIAN_POINT('',(121.72,14.,-59.96));
#6258=CARTESIAN_POINT('',(115.72,14.,-51.96));
#6259=CARTESIAN_POINT('Origin',(123.,14.,-59.));
#6260=CARTESIAN_POINT('Origin',(133.,47.9,-39.));
#6261=CARTESIAN_POINT('',(131.72,47.9,-39.96));
#6262=CARTESIAN_POINT('Origin',(133.,47.9,-39.));
#6263=CARTESIAN_POINT('',(137.72,47.9,-47.96));
#6264=CARTESIAN_POINT('',(131.72,47.9,-39.96));
#6265=CARTESIAN_POINT('Origin',(139.,47.9,-47.));
#6266=CARTESIAN_POINT('Origin',(117.,47.9,-51.));
#6267=CARTESIAN_POINT('',(115.72,47.9,-51.96));
#6268=CARTESIAN_POINT('Origin',(117.,47.9,-51.));
#6269=CARTESIAN_POINT('',(121.72,47.9,-59.96));
#6270=CARTESIAN_POINT('',(115.72,47.9,-51.96));
#6271=CARTESIAN_POINT('Origin',(123.,47.9,-59.));
#6272=CARTESIAN_POINT('Origin',(133.,14.,-39.));
#6273=CARTESIAN_POINT('',(131.72,14.,-39.96));
#6274=CARTESIAN_POINT('Origin',(133.,14.,-39.));
#6275=CARTESIAN_POINT('',(137.72,14.,-47.96));
#6276=CARTESIAN_POINT('',(131.72,14.,-39.96));
#6277=CARTESIAN_POINT('Origin',(139.,14.,-47.));
#6278=CARTESIAN_POINT('Origin',(157.84,17.,-47.12));
#6279=CARTESIAN_POINT('',(121.28,17.,-72.54));
#6280=CARTESIAN_POINT('Origin',(122.24,17.,-73.82));
#6281=CARTESIAN_POINT('',(116.88,17.,-75.84));
#6282=CARTESIAN_POINT('',(156.88,17.,-45.84));
#6283=CARTESIAN_POINT('Origin',(117.84,17.,-77.12));
#6284=CARTESIAN_POINT('Origin',(157.84,17.,-47.12));
#6285=CARTESIAN_POINT('',(156.88,17.,-45.84));
#6286=CARTESIAN_POINT('Origin',(157.84,17.,-47.12));
#6287=CARTESIAN_POINT('',(152.48,17.,-49.14));
#6288=CARTESIAN_POINT('',(156.88,17.,-45.84));
#6289=CARTESIAN_POINT('Origin',(153.44,17.,-50.42));
#6290=CARTESIAN_POINT('Origin',(132.5,54.75,-55.));
#6291=CARTESIAN_POINT('',(124.4,54.75,-76.7));
#6292=CARTESIAN_POINT('',(115.4,54.75,-64.7));
#6293=CARTESIAN_POINT('',(116.15,54.75,-65.6999999999997));
#6294=CARTESIAN_POINT('',(155.6,54.75,-53.3));
#6295=CARTESIAN_POINT('',(160.,54.75,-50.));
#6296=CARTESIAN_POINT('',(146.6,54.75,-41.3));
#6297=CARTESIAN_POINT('',(147.349999999998,54.75,-42.2999999999981));
#6298=CARTESIAN_POINT('',(141.,54.75,-45.5));
#6299=CARTESIAN_POINT('Origin',(151.,8.,-38.));
#6300=CARTESIAN_POINT('',(146.599999999997,43.,-41.2999999999961));
#6301=CARTESIAN_POINT('',(146.6,25.5,-41.3));
#6302=CARTESIAN_POINT('',(150.999999999997,43.,-37.9999999999961));
#6303=CARTESIAN_POINT('',(151.,43.,-38.));
#6304=CARTESIAN_POINT('',(151.,20.,-38.));
#6305=CARTESIAN_POINT('',(151.,8.,-38.));
#6306=CARTESIAN_POINT('',(146.6,20.,-41.3));
#6307=CARTESIAN_POINT('',(149.9,20.,-38.825));
#6308=CARTESIAN_POINT('',(146.6,8.,-41.3));
#6309=CARTESIAN_POINT('',(146.6,8.,-41.3));
#6310=CARTESIAN_POINT('',(115.4,8.,-64.7));
#6311=CARTESIAN_POINT('',(111.8,8.,-67.4));
#6312=CARTESIAN_POINT('',(115.4,20.,-64.7));
#6313=CARTESIAN_POINT('',(115.4,8.,-64.7));
#6314=CARTESIAN_POINT('',(111.,20.,-68.));
#6315=CARTESIAN_POINT('',(132.1,20.,-52.175));
#6316=CARTESIAN_POINT('',(110.999999999999,43.,-67.9999999999993));
#6317=CARTESIAN_POINT('',(111.,8.,-68.));
#6318=CARTESIAN_POINT('',(115.399999999999,43.,-64.6999999999993));
#6319=CARTESIAN_POINT('',(133.2,43.,-51.35));
#6320=CARTESIAN_POINT('',(115.4,34.125,-64.7));
#6321=CARTESIAN_POINT('Origin',(146.599999999997,43.,-41.2999999999961));
#6322=CARTESIAN_POINT('',(155.599999999997,43.,-53.2999999999961));
#6323=CARTESIAN_POINT('',(155.599999999997,60.25,-53.2999999999961));
#6324=CARTESIAN_POINT('',(146.599999999997,43.,-41.2999999999961));
#6325=CARTESIAN_POINT('Origin',(148.,8.,-34.));
#6326=CARTESIAN_POINT('',(145.,14.,-30.));
#6327=CARTESIAN_POINT('',(145.,60.25,-30.));
#6328=CARTESIAN_POINT('',(145.,8.,-30.));
#6329=CARTESIAN_POINT('',(160.,14.,-50.));
#6330=CARTESIAN_POINT('',(113.2,14.,12.4));
#6331=CARTESIAN_POINT('',(160.,20.,-50.));
#6332=CARTESIAN_POINT('',(160.,8.,-50.));
#6333=CARTESIAN_POINT('',(160.,20.,-50.));
#6334=CARTESIAN_POINT('',(159.999999999997,43.,-49.9999999999961));
#6335=CARTESIAN_POINT('',(150.999999999997,43.,-37.9999999999961));
#6336=CARTESIAN_POINT('',(160.,60.25,-50.));
#6337=CARTESIAN_POINT('',(159.999999999997,43.,-49.9999999999961));
#6338=CARTESIAN_POINT('',(148.,60.25,-34.));
#6339=CARTESIAN_POINT('Origin',(0.,54.75,47.5));
#6340=CARTESIAN_POINT('',(-19.5,54.75,45.));
#6341=CARTESIAN_POINT('',(-19.5,54.75,60.));
#6342=CARTESIAN_POINT('',(-19.5,54.75,46.25));
#6343=CARTESIAN_POINT('',(19.5,54.75,45.));
#6344=CARTESIAN_POINT('',(-12.5,54.75,45.));
#6345=CARTESIAN_POINT('',(19.5,54.75,60.));
#6346=CARTESIAN_POINT('',(19.5,54.75,46.25));
#6347=CARTESIAN_POINT('',(25.,54.75,60.));
#6348=CARTESIAN_POINT('Origin',(-22.25,51.625,60.));
#6349=CARTESIAN_POINT('',(-25.,60.25,60.));
#6350=CARTESIAN_POINT('',(-25.,43.,60.));
#6351=CARTESIAN_POINT('',(-25.,43.,60.));
#6352=CARTESIAN_POINT('',(-19.5,43.,60.));
#6353=CARTESIAN_POINT('',(-19.5,43.,60.));
#6354=CARTESIAN_POINT('',(-19.5,60.25,60.));
#6355=CARTESIAN_POINT('',(19.5,43.,60.));
#6356=CARTESIAN_POINT('',(19.5,60.25,60.));
#6357=CARTESIAN_POINT('',(25.,43.,60.));
#6358=CARTESIAN_POINT('',(19.5,43.,60.));
#6359=CARTESIAN_POINT('',(25.,60.25,60.));
#6360=CARTESIAN_POINT('',(25.,43.,60.));
#6361=CARTESIAN_POINT('',(25.,60.25,60.));
#6362=CARTESIAN_POINT('Origin',(-25.,8.,40.));
#6363=CARTESIAN_POINT('',(-25.,14.,35.));
#6364=CARTESIAN_POINT('',(-25.,60.25,35.));
#6365=CARTESIAN_POINT('',(-25.,8.,35.));
#6366=CARTESIAN_POINT('',(-25.,14.,60.));
#6367=CARTESIAN_POINT('',(-25.,14.,20.));
#6368=CARTESIAN_POINT('',(-25.,20.,60.));
#6369=CARTESIAN_POINT('',(-25.,8.,60.));
#6370=CARTESIAN_POINT('',(-25.,20.,45.));
#6371=CARTESIAN_POINT('',(-25.,20.,45.));
#6372=CARTESIAN_POINT('',(-25.,43.,45.));
#6373=CARTESIAN_POINT('',(-25.,8.,45.));
#6374=CARTESIAN_POINT('',(-25.,43.,45.));
#6375=CARTESIAN_POINT('',(-25.,60.25,40.));
#6376=CARTESIAN_POINT('Origin',(30.,8.,35.));
#6377=CARTESIAN_POINT('',(25.,60.25,35.));
#6378=CARTESIAN_POINT('',(25.,14.,35.));
#6379=CARTESIAN_POINT('',(25.,8.,35.));
#6380=CARTESIAN_POINT('',(30.,14.,35.));
#6381=CARTESIAN_POINT('',(-30.,14.,35.));
#6382=CARTESIAN_POINT('',(30.,8.,35.));
#6383=CARTESIAN_POINT('',(30.,8.,35.));
#6384=CARTESIAN_POINT('',(-30.,8.,35.));
#6385=CARTESIAN_POINT('',(15.,8.,35.));
#6386=CARTESIAN_POINT('',(-30.,14.,35.));
#6387=CARTESIAN_POINT('',(-30.,8.,35.));
#6388=CARTESIAN_POINT('',(-30.,14.,35.));
#6389=CARTESIAN_POINT('',(-25.,60.25,35.));
#6390=CARTESIAN_POINT('Origin',(25.,8.,45.));
#6391=CARTESIAN_POINT('',(25.,43.,45.));
#6392=CARTESIAN_POINT('',(25.,43.,45.));
#6393=CARTESIAN_POINT('',(25.,20.,45.));
#6394=CARTESIAN_POINT('',(25.,8.,45.));
#6395=CARTESIAN_POINT('',(25.,20.,60.));
#6396=CARTESIAN_POINT('',(25.,20.,45.));
#6397=CARTESIAN_POINT('',(25.,14.,60.));
#6398=CARTESIAN_POINT('',(25.,8.,60.));
#6399=CARTESIAN_POINT('',(25.,14.,20.));
#6400=CARTESIAN_POINT('',(25.,60.25,45.));
#6401=CARTESIAN_POINT('Origin',(-132.5,54.75,55.));
#6402=CARTESIAN_POINT('',(-146.6,54.75,41.3));
#6403=CARTESIAN_POINT('',(-155.6,54.75,53.3));
#6404=CARTESIAN_POINT('',(-147.35,54.75,42.3));
#6405=CARTESIAN_POINT('',(-115.4,54.75,64.7));
#6406=CARTESIAN_POINT('',(-141.,54.75,45.5));
#6407=CARTESIAN_POINT('',(-124.4,54.75,76.7));
#6408=CARTESIAN_POINT('',(-116.15,54.75,65.6999999999997));
#6409=CARTESIAN_POINT('',(-120.,54.75,80.));
#6410=CARTESIAN_POINT('Origin',(-146.6,43.,41.3));
#6411=CARTESIAN_POINT('',(-155.6,43.,53.3));
#6412=CARTESIAN_POINT('',(-155.6,60.25,53.3));
#6413=CARTESIAN_POINT('',(-146.6,43.,41.3));
#6414=CARTESIAN_POINT('',(-146.6,43.,41.3));
#6415=CARTESIAN_POINT('',(-146.6,25.5,41.3));
#6416=CARTESIAN_POINT('Origin',(-157.8,51.625,51.65));
#6417=CARTESIAN_POINT('',(-160.,60.25,50.));
#6418=CARTESIAN_POINT('',(-160.,43.,50.));
#6419=CARTESIAN_POINT('',(-160.,43.,50.));
#6420=CARTESIAN_POINT('',(-155.6,43.,53.3));
#6421=CARTESIAN_POINT('',(-124.4,43.,76.6999999999994));
#6422=CARTESIAN_POINT('',(-124.4,60.25,76.6999999999994));
#6423=CARTESIAN_POINT('',(-120.,43.,79.9999999999994));
#6424=CARTESIAN_POINT('',(-124.4,43.,76.6999999999994));
#6425=CARTESIAN_POINT('',(-120.,60.25,80.));
#6426=CARTESIAN_POINT('',(-120.,43.,79.9999999999994));
#6427=CARTESIAN_POINT('',(-120.,60.25,80.));
#6428=CARTESIAN_POINT('Origin',(-148.,8.,34.));
#6429=CARTESIAN_POINT('',(-145.,14.,30.));
#6430=CARTESIAN_POINT('',(-145.,60.25,30.));
#6431=CARTESIAN_POINT('',(-145.,8.,30.));
#6432=CARTESIAN_POINT('',(-160.,14.,50.));
#6433=CARTESIAN_POINT('',(-113.2,14.,-12.4));
#6434=CARTESIAN_POINT('',(-160.,20.,50.));
#6435=CARTESIAN_POINT('',(-160.,8.,50.));
#6436=CARTESIAN_POINT('',(-151.,20.,38.));
#6437=CARTESIAN_POINT('',(-160.,20.,50.));
#6438=CARTESIAN_POINT('',(-151.,43.,38.));
#6439=CARTESIAN_POINT('',(-151.,8.,38.));
#6440=CARTESIAN_POINT('',(-151.,43.,38.));
#6441=CARTESIAN_POINT('',(-148.,60.25,34.));
#6442=CARTESIAN_POINT('Origin',(-101.,8.,63.));
#6443=CARTESIAN_POINT('',(-105.,60.25,60.));
#6444=CARTESIAN_POINT('',(-105.,14.,60.));
#6445=CARTESIAN_POINT('',(-105.,8.,60.));
#6446=CARTESIAN_POINT('',(-101.,14.,63.));
#6447=CARTESIAN_POINT('',(-149.,14.,27.));
#6448=CARTESIAN_POINT('',(-101.,8.,63.));
#6449=CARTESIAN_POINT('',(-101.,8.,63.));
#6450=CARTESIAN_POINT('',(-149.,8.,27.));
#6451=CARTESIAN_POINT('',(-83.8,8.,75.9));
#6452=CARTESIAN_POINT('',(-149.,14.,27.));
#6453=CARTESIAN_POINT('',(-149.,8.,27.));
#6454=CARTESIAN_POINT('',(-149.,14.,27.));
#6455=CARTESIAN_POINT('',(-145.,60.25,30.));
#6456=CARTESIAN_POINT('Origin',(0.,54.75,-47.5));
#6457=CARTESIAN_POINT('',(-19.5,54.75,-60.));
#6458=CARTESIAN_POINT('',(-19.5,54.75,-45.));
#6459=CARTESIAN_POINT('',(-19.5,54.75,-46.25));
#6460=CARTESIAN_POINT('',(19.5,54.75,-60.));
#6461=CARTESIAN_POINT('',(25.,54.75,-60.));
#6462=CARTESIAN_POINT('',(19.5,54.75,-45.));
#6463=CARTESIAN_POINT('',(19.5,54.75,-46.25));
#6464=CARTESIAN_POINT('',(12.5,54.75,-45.));
#6465=CARTESIAN_POINT('Origin',(25.,8.,-45.));
#6466=CARTESIAN_POINT('',(19.5,43.,-45.));
#6467=CARTESIAN_POINT('',(19.5,25.5,-45.));
#6468=CARTESIAN_POINT('',(25.,43.,-45.));
#6469=CARTESIAN_POINT('',(25.,43.,-45.));
#6470=CARTESIAN_POINT('',(25.,20.,-45.));
#6471=CARTESIAN_POINT('',(25.,8.,-45.));
#6472=CARTESIAN_POINT('',(19.5,20.,-45.));
#6473=CARTESIAN_POINT('',(23.625,20.,-45.));
#6474=CARTESIAN_POINT('',(19.5,8.,-45.));
#6475=CARTESIAN_POINT('',(19.5,8.,-45.));
#6476=CARTESIAN_POINT('',(-19.5,8.,-45.));
#6477=CARTESIAN_POINT('',(12.5,8.,-45.));
#6478=CARTESIAN_POINT('',(-19.5,20.,-45.));
#6479=CARTESIAN_POINT('',(-19.5,8.,-45.));
#6480=CARTESIAN_POINT('',(-25.,20.,-45.));
#6481=CARTESIAN_POINT('',(1.375,20.,-45.));
#6482=CARTESIAN_POINT('',(-25.,43.,-45.));
#6483=CARTESIAN_POINT('',(-25.,8.,-45.));
#6484=CARTESIAN_POINT('',(-19.5,43.,-45.));
#6485=CARTESIAN_POINT('',(2.75,43.,-45.));
#6486=CARTESIAN_POINT('',(-19.5,34.125,-45.));
#6487=CARTESIAN_POINT('Origin',(19.5,43.,-45.));
#6488=CARTESIAN_POINT('',(19.5,43.,-60.));
#6489=CARTESIAN_POINT('',(19.5,60.25,-60.));
#6490=CARTESIAN_POINT('',(19.5,43.,-45.));
#6491=CARTESIAN_POINT('Origin',(25.,8.,-40.));
#6492=CARTESIAN_POINT('',(25.,14.,-35.));
#6493=CARTESIAN_POINT('',(25.,60.25,-35.));
#6494=CARTESIAN_POINT('',(25.,8.,-35.));
#6495=CARTESIAN_POINT('',(25.,14.,-60.));
#6496=CARTESIAN_POINT('',(25.,14.,-20.));
#6497=CARTESIAN_POINT('',(25.,20.,-60.));
#6498=CARTESIAN_POINT('',(25.,8.,-60.));
#6499=CARTESIAN_POINT('',(25.,20.,-45.));
#6500=CARTESIAN_POINT('',(25.,43.,-60.));
#6501=CARTESIAN_POINT('',(25.,43.,-45.));
#6502=CARTESIAN_POINT('',(25.,60.25,-60.));
#6503=CARTESIAN_POINT('',(25.,43.,-60.));
#6504=CARTESIAN_POINT('',(25.,60.25,-40.));
#6505=CARTESIAN_POINT('Origin',(135.5,54.75,59.));
#6506=CARTESIAN_POINT('',(155.6,54.75,53.3));
#6507=CARTESIAN_POINT('',(124.4,54.75,76.7));
#6508=CARTESIAN_POINT('',(120.,54.75,80.));
#6509=CARTESIAN_POINT('',(115.4,54.75,64.6999999999997));
#6510=CARTESIAN_POINT('',(117.65,54.75,67.6999999999998));
#6511=CARTESIAN_POINT('',(146.6,54.75,41.3));
#6512=CARTESIAN_POINT('',(121.,54.75,60.5));
#6513=CARTESIAN_POINT('',(148.85,54.75,44.3));
#6514=CARTESIAN_POINT('Origin',(146.6,60.25,41.3));
#6515=CARTESIAN_POINT('',(146.6,43.,41.3));
#6516=CARTESIAN_POINT('',(146.6,34.125,41.3));
#6517=CARTESIAN_POINT('',(155.6,43.,53.3));
#6518=CARTESIAN_POINT('',(146.6,43.,41.3));
#6519=CARTESIAN_POINT('',(155.6,60.25,53.3));
#6520=CARTESIAN_POINT('Origin',(111.,8.,68.));
#6521=CARTESIAN_POINT('',(115.4,43.,64.6999999999997));
#6522=CARTESIAN_POINT('',(115.4,25.5,64.7));
#6523=CARTESIAN_POINT('',(111.,43.,67.9999999999997));
#6524=CARTESIAN_POINT('',(111.,43.,68.));
#6525=CARTESIAN_POINT('',(111.,20.,68.));
#6526=CARTESIAN_POINT('',(111.,8.,68.));
#6527=CARTESIAN_POINT('',(115.4,20.,64.7));
#6528=CARTESIAN_POINT('',(112.1,20.,67.175));
#6529=CARTESIAN_POINT('',(115.4,8.,64.7));
#6530=CARTESIAN_POINT('',(115.4,8.,64.7));
#6531=CARTESIAN_POINT('',(146.6,8.,41.3));
#6532=CARTESIAN_POINT('',(91.8000000000001,8.,82.4));
#6533=CARTESIAN_POINT('',(146.6,20.,41.3));
#6534=CARTESIAN_POINT('',(146.6,8.,41.3));
#6535=CARTESIAN_POINT('',(151.,20.,38.));
#6536=CARTESIAN_POINT('',(129.9,20.,53.825));
#6537=CARTESIAN_POINT('',(151.,43.,38.));
#6538=CARTESIAN_POINT('',(151.,8.,38.));
#6539=CARTESIAN_POINT('',(128.8,43.,54.65));
#6540=CARTESIAN_POINT('Origin',(115.4,43.,64.6999999999997));
#6541=CARTESIAN_POINT('',(124.4,43.,76.6999999999997));
#6542=CARTESIAN_POINT('',(124.4,60.25,76.6999999999997));
#6543=CARTESIAN_POINT('',(115.4,43.,64.6999999999997));
#6544=CARTESIAN_POINT('Origin',(-132.5,54.75,-55.));
#6545=CARTESIAN_POINT('',(-155.6,54.75,-53.3));
#6546=CARTESIAN_POINT('',(-146.6,54.75,-41.3));
#6547=CARTESIAN_POINT('',(-147.35,54.75,-42.2999999999994));
#6548=CARTESIAN_POINT('',(-124.4,54.75,-76.7));
#6549=CARTESIAN_POINT('',(-120.,54.75,-80.));
#6550=CARTESIAN_POINT('',(-115.4,54.75,-64.7));
#6551=CARTESIAN_POINT('',(-116.149999999997,54.75,-65.6999999999964));
#6552=CARTESIAN_POINT('',(-121.,54.75,-60.5));
#6553=CARTESIAN_POINT('Origin',(-111.,8.,-68.));
#6554=CARTESIAN_POINT('',(-115.399999999995,43.,-64.6999999999927));
#6555=CARTESIAN_POINT('',(-115.4,25.5,-64.7));
#6556=CARTESIAN_POINT('',(-110.999999999995,43.,-67.9999999999927));
#6557=CARTESIAN_POINT('',(-111.,43.,-68.));
#6558=CARTESIAN_POINT('',(-111.,20.,-68.));
#6559=CARTESIAN_POINT('',(-111.,8.,-68.));
#6560=CARTESIAN_POINT('',(-115.4,20.,-64.7));
#6561=CARTESIAN_POINT('',(-112.1,20.,-67.175));
#6562=CARTESIAN_POINT('',(-115.4,8.,-64.7));
#6563=CARTESIAN_POINT('',(-115.4,8.,-64.7));
#6564=CARTESIAN_POINT('',(-146.6,8.,-41.3));
#6565=CARTESIAN_POINT('',(-91.8000000000001,8.,-82.4));
#6566=CARTESIAN_POINT('',(-146.6,20.,-41.3));
#6567=CARTESIAN_POINT('',(-146.6,8.,-41.3));
#6568=CARTESIAN_POINT('',(-151.,20.,-38.));
#6569=CARTESIAN_POINT('',(-129.9,20.,-53.825));
#6570=CARTESIAN_POINT('',(-150.999999999999,43.,-37.9999999999988));
#6571=CARTESIAN_POINT('',(-151.,8.,-38.));
#6572=CARTESIAN_POINT('',(-146.599999999999,43.,-41.2999999999988));
#6573=CARTESIAN_POINT('',(-128.8,43.,-54.65));
#6574=CARTESIAN_POINT('',(-146.6,34.125,-41.3));
#6575=CARTESIAN_POINT('Origin',(-115.399999999995,43.,-64.6999999999927));
#6576=CARTESIAN_POINT('',(-124.399999999995,43.,-76.6999999999927));
#6577=CARTESIAN_POINT('',(-124.399999999995,60.25,-76.6999999999927));
#6578=CARTESIAN_POINT('',(-115.399999999995,43.,-64.6999999999927));
#6579=CARTESIAN_POINT('Origin',(-108.,8.,-64.));
#6580=CARTESIAN_POINT('',(-105.,14.,-60.));
#6581=CARTESIAN_POINT('',(-105.,60.25,-60.));
#6582=CARTESIAN_POINT('',(-105.,8.,-60.));
#6583=CARTESIAN_POINT('',(-120.,14.,-80.));
#6584=CARTESIAN_POINT('',(-73.2000000000001,14.,-17.6));
#6585=CARTESIAN_POINT('',(-120.,20.,-80.));
#6586=CARTESIAN_POINT('',(-120.,8.,-80.));
#6587=CARTESIAN_POINT('',(-111.,20.,-68.));
#6588=CARTESIAN_POINT('',(-119.999999999995,43.,-79.9999999999927));
#6589=CARTESIAN_POINT('',(-110.999999999995,43.,-67.9999999999927));
#6590=CARTESIAN_POINT('',(-120.,60.25,-80.));
#6591=CARTESIAN_POINT('',(-119.999999999995,43.,-79.9999999999927));
#6592=CARTESIAN_POINT('',(-108.,60.25,-64.));
#6593=CARTESIAN_POINT('Origin',(0.,14.,0.));
#6594=CARTESIAN_POINT('',(105.,14.,60.));
#6595=CARTESIAN_POINT('',(120.,14.,80.));
#6596=CARTESIAN_POINT('',(73.1999999999999,14.,17.6));
#6597=CARTESIAN_POINT('',(101.,14.,63.));
#6598=CARTESIAN_POINT('',(101.,14.,63.));
#6599=CARTESIAN_POINT('',(110.,14.,75.));
#6600=CARTESIAN_POINT('',(110.,14.,75.));
#6601=CARTESIAN_POINT('',(62.0710678118655,14.,75.));
#6602=CARTESIAN_POINT('',(62.0710678118655,14.,75.));
#6603=CARTESIAN_POINT('',(42.0710678118655,14.,55.));
#6604=CARTESIAN_POINT('',(42.0710678118655,14.,55.));
#6605=CARTESIAN_POINT('',(30.,14.,55.));
#6606=CARTESIAN_POINT('',(30.,14.,55.));
#6607=CARTESIAN_POINT('',(30.,14.,35.));
#6608=CARTESIAN_POINT('',(40.,14.,60.));
#6609=CARTESIAN_POINT('',(25.,14.,60.));
#6610=CARTESIAN_POINT('',(60.,14.,80.));
#6611=CARTESIAN_POINT('',(40.,14.,60.));
#6612=CARTESIAN_POINT('',(60.,14.,80.));
#6613=CARTESIAN_POINT('Origin',(0.,14.,0.));
#6614=CARTESIAN_POINT('',(-155.,14.,35.));
#6615=CARTESIAN_POINT('',(-155.,14.,35.));
#6616=CARTESIAN_POINT('',(-155.,14.,-35.));
#6617=CARTESIAN_POINT('',(-155.,14.,-35.));
#6618=CARTESIAN_POINT('',(-149.,14.,-27.));
#6619=CARTESIAN_POINT('',(-149.,14.,-27.));
#6620=CARTESIAN_POINT('',(-145.,14.,-30.));
#6621=CARTESIAN_POINT('',(-101.,14.,-63.));
#6622=CARTESIAN_POINT('',(-160.,14.,-50.));
#6623=CARTESIAN_POINT('',(-113.2,14.,12.4));
#6624=CARTESIAN_POINT('',(-160.,14.,-50.));
#6625=CARTESIAN_POINT('Origin',(0.,14.,0.));
#6626=CARTESIAN_POINT('',(-120.,14.,80.));
#6627=CARTESIAN_POINT('',(-73.1999999999999,14.,17.6));
#6628=CARTESIAN_POINT('',(-60.,14.,80.));
#6629=CARTESIAN_POINT('',(-120.,14.,80.));
#6630=CARTESIAN_POINT('',(-40.,14.,60.));
#6631=CARTESIAN_POINT('',(-60.,14.,80.));
#6632=CARTESIAN_POINT('',(-40.,14.,60.));
#6633=CARTESIAN_POINT('',(-30.,14.,55.));
#6634=CARTESIAN_POINT('',(-30.,14.,55.));
#6635=CARTESIAN_POINT('',(-42.0710678118655,14.,55.));
#6636=CARTESIAN_POINT('',(-42.0710678118655,14.,55.));
#6637=CARTESIAN_POINT('',(-62.0710678118655,14.,75.));
#6638=CARTESIAN_POINT('',(-62.0710678118655,14.,75.));
#6639=CARTESIAN_POINT('',(-110.,14.,75.));
#6640=CARTESIAN_POINT('',(-110.,14.,75.));
#6641=CARTESIAN_POINT('',(-101.,14.,63.));
#6642=CARTESIAN_POINT('Origin',(0.,14.,0.));
#6643=CARTESIAN_POINT('',(-101.,14.,-63.));
#6644=CARTESIAN_POINT('',(-101.,14.,-63.));
#6645=CARTESIAN_POINT('',(-110.,14.,-75.));
#6646=CARTESIAN_POINT('',(-110.,14.,-75.));
#6647=CARTESIAN_POINT('',(-62.0710678118655,14.,-75.));
#6648=CARTESIAN_POINT('',(-62.0710678118655,14.,-75.));
#6649=CARTESIAN_POINT('',(-42.0710678118655,14.,-55.));
#6650=CARTESIAN_POINT('',(-42.0710678118655,14.,-55.));
#6651=CARTESIAN_POINT('',(-30.,14.,-55.));
#6652=CARTESIAN_POINT('',(-30.,14.,-55.));
#6653=CARTESIAN_POINT('',(-30.,14.,-35.));
#6654=CARTESIAN_POINT('',(-30.,14.,-35.));
#6655=CARTESIAN_POINT('',(-25.,14.,-35.));
#6656=CARTESIAN_POINT('',(30.,14.,-35.));
#6657=CARTESIAN_POINT('',(-25.,14.,-60.));
#6658=CARTESIAN_POINT('',(-25.,14.,-20.));
#6659=CARTESIAN_POINT('',(-40.,14.,-60.));
#6660=CARTESIAN_POINT('',(-25.,14.,-60.));
#6661=CARTESIAN_POINT('',(-60.,14.,-80.));
#6662=CARTESIAN_POINT('',(-40.,14.,-60.));
#6663=CARTESIAN_POINT('',(-60.,14.,-80.));
#6664=CARTESIAN_POINT('Origin',(0.,14.,0.));
#6665=CARTESIAN_POINT('',(30.,14.,-35.));
#6666=CARTESIAN_POINT('',(30.,14.,-35.));
#6667=CARTESIAN_POINT('',(30.,14.,-55.));
#6668=CARTESIAN_POINT('',(30.,14.,-55.));
#6669=CARTESIAN_POINT('',(42.0710678118655,14.,-55.));
#6670=CARTESIAN_POINT('',(42.0710678118655,14.,-55.));
#6671=CARTESIAN_POINT('',(62.0710678118655,14.,-75.));
#6672=CARTESIAN_POINT('',(62.0710678118655,14.,-75.));
#6673=CARTESIAN_POINT('',(110.,14.,-75.));
#6674=CARTESIAN_POINT('',(110.,14.,-75.));
#6675=CARTESIAN_POINT('',(101.,14.,-63.));
#6676=CARTESIAN_POINT('',(101.,14.,-63.));
#6677=CARTESIAN_POINT('',(105.,14.,-60.));
#6678=CARTESIAN_POINT('',(149.,14.,-27.));
#6679=CARTESIAN_POINT('',(120.,14.,-80.));
#6680=CARTESIAN_POINT('',(73.1999999999999,14.,-17.6));
#6681=CARTESIAN_POINT('',(60.,14.,-80.));
#6682=CARTESIAN_POINT('',(120.,14.,-80.));
#6683=CARTESIAN_POINT('',(40.,14.,-60.));
#6684=CARTESIAN_POINT('',(60.,14.,-80.));
#6685=CARTESIAN_POINT('',(40.,14.,-60.));
#6686=CARTESIAN_POINT('Origin',(149.,8.,27.));
#6687=CARTESIAN_POINT('',(101.,8.,63.));
#6688=CARTESIAN_POINT('',(149.,8.,27.));
#6689=CARTESIAN_POINT('',(107.8,8.,57.9));
#6690=CARTESIAN_POINT('',(101.,8.,63.));
#6691=CARTESIAN_POINT('',(105.,60.25,60.));
#6692=CARTESIAN_POINT('',(105.,8.,60.));
#6693=CARTESIAN_POINT('',(145.,60.25,30.));
#6694=CARTESIAN_POINT('',(145.,60.25,30.));
#6695=CARTESIAN_POINT('',(145.,14.,30.));
#6696=CARTESIAN_POINT('',(145.,8.,30.));
#6697=CARTESIAN_POINT('',(149.,14.,27.));
#6698=CARTESIAN_POINT('',(101.,14.,63.));
#6699=CARTESIAN_POINT('',(149.,8.,27.));
#6700=CARTESIAN_POINT('Origin',(155.,8.,35.));
#6701=CARTESIAN_POINT('',(155.,8.,35.));
#6702=CARTESIAN_POINT('',(118.7,8.,-13.4));
#6703=CARTESIAN_POINT('',(155.,14.,35.));
#6704=CARTESIAN_POINT('',(149.,14.,27.));
#6705=CARTESIAN_POINT('',(155.,8.,35.));
#6706=CARTESIAN_POINT('Origin',(155.,8.,-35.));
#6707=CARTESIAN_POINT('',(155.,8.,-35.));
#6708=CARTESIAN_POINT('',(155.,8.,-17.5));
#6709=CARTESIAN_POINT('',(155.,14.,-35.));
#6710=CARTESIAN_POINT('',(155.,14.,35.));
#6711=CARTESIAN_POINT('',(155.,8.,-35.));
#6712=CARTESIAN_POINT('Origin',(149.,8.,-27.));
#6713=CARTESIAN_POINT('',(149.,8.,-27.));
#6714=CARTESIAN_POINT('',(115.7,8.,17.4));
#6715=CARTESIAN_POINT('',(149.,14.,-27.));
#6716=CARTESIAN_POINT('',(155.,14.,-35.));
#6717=CARTESIAN_POINT('',(149.,8.,-27.));
#6718=CARTESIAN_POINT('Origin',(101.,8.,-63.));
#6719=CARTESIAN_POINT('',(105.,60.25,-60.));
#6720=CARTESIAN_POINT('',(105.,8.,-60.));
#6721=CARTESIAN_POINT('',(101.,8.,-63.));
#6722=CARTESIAN_POINT('',(101.,8.,-63.));
#6723=CARTESIAN_POINT('',(83.8,8.,-75.9));
#6724=CARTESIAN_POINT('',(149.,14.,-27.));
#6725=CARTESIAN_POINT('',(105.,60.25,-60.));
#6726=CARTESIAN_POINT('Origin',(110.,8.,-75.));
#6727=CARTESIAN_POINT('',(110.,8.,-75.));
#6728=CARTESIAN_POINT('',(72.1999999999999,8.,-24.6));
#6729=CARTESIAN_POINT('',(110.,8.,-75.));
#6730=CARTESIAN_POINT('Origin',(62.0710678118655,8.,-75.));
#6731=CARTESIAN_POINT('',(62.0710678118655,8.,-75.));
#6732=CARTESIAN_POINT('',(31.0355339059327,8.,-75.));
#6733=CARTESIAN_POINT('',(62.0710678118655,8.,-75.));
#6734=CARTESIAN_POINT('Origin',(42.0710678118655,8.,-55.));
#6735=CARTESIAN_POINT('',(42.0710678118655,8.,-55.));
#6736=CARTESIAN_POINT('',(17.8033008588991,8.,-30.7322330470336));
#6737=CARTESIAN_POINT('',(42.0710678118655,8.,-55.));
#6738=CARTESIAN_POINT('Origin',(30.,8.,-55.));
#6739=CARTESIAN_POINT('',(30.,8.,-55.));
#6740=CARTESIAN_POINT('',(15.,8.,-55.));
#6741=CARTESIAN_POINT('',(30.,8.,-55.));
#6742=CARTESIAN_POINT('Origin',(30.,8.,-35.));
#6743=CARTESIAN_POINT('',(30.,8.,-35.));
#6744=CARTESIAN_POINT('',(30.,8.,-17.5));
#6745=CARTESIAN_POINT('',(30.,8.,-35.));
#6746=CARTESIAN_POINT('Origin',(-30.,8.,-35.));
#6747=CARTESIAN_POINT('',(-25.,60.25,-35.));
#6748=CARTESIAN_POINT('',(-25.,8.,-35.));
#6749=CARTESIAN_POINT('',(-30.,8.,-35.));
#6750=CARTESIAN_POINT('',(-30.,8.,-35.));
#6751=CARTESIAN_POINT('',(-15.,8.,-35.));
#6752=CARTESIAN_POINT('',(25.,60.25,-35.));
#6753=CARTESIAN_POINT('Origin',(-30.,8.,-55.));
#6754=CARTESIAN_POINT('',(-30.,8.,-55.));
#6755=CARTESIAN_POINT('',(-30.,8.,-27.5));
#6756=CARTESIAN_POINT('',(-30.,8.,-55.));
#6757=CARTESIAN_POINT('Origin',(-42.0710678118655,8.,-55.));
#6758=CARTESIAN_POINT('',(-42.0710678118655,8.,-55.));
#6759=CARTESIAN_POINT('',(-21.0355339059327,8.,-55.));
#6760=CARTESIAN_POINT('',(-42.0710678118655,8.,-55.));
#6761=CARTESIAN_POINT('Origin',(-62.0710678118655,8.,-75.));
#6762=CARTESIAN_POINT('',(-62.0710678118655,8.,-75.));
#6763=CARTESIAN_POINT('',(-27.8033008588991,8.,-40.7322330470336));
#6764=CARTESIAN_POINT('',(-62.0710678118655,8.,-75.));
#6765=CARTESIAN_POINT('Origin',(-110.,8.,-75.));
#6766=CARTESIAN_POINT('',(-110.,8.,-75.));
#6767=CARTESIAN_POINT('',(-55.,8.,-75.));
#6768=CARTESIAN_POINT('',(-110.,8.,-75.));
#6769=CARTESIAN_POINT('Origin',(-101.,8.,-63.));
#6770=CARTESIAN_POINT('',(-101.,8.,-63.));
#6771=CARTESIAN_POINT('',(-67.7,8.,-18.6));
#6772=CARTESIAN_POINT('',(-101.,8.,-63.));
#6773=CARTESIAN_POINT('Origin',(-149.,8.,-27.));
#6774=CARTESIAN_POINT('',(-145.,60.25,-30.));
#6775=CARTESIAN_POINT('',(-145.,8.,-30.));
#6776=CARTESIAN_POINT('',(-149.,8.,-27.));
#6777=CARTESIAN_POINT('',(-149.,8.,-27.));
#6778=CARTESIAN_POINT('',(-107.8,8.,-57.9));
#6779=CARTESIAN_POINT('',(-145.,60.25,-30.));
#6780=CARTESIAN_POINT('Origin',(-155.,8.,-35.));
#6781=CARTESIAN_POINT('',(-155.,8.,-35.));
#6782=CARTESIAN_POINT('',(-118.7,8.,13.4));
#6783=CARTESIAN_POINT('',(-155.,8.,-35.));
#6784=CARTESIAN_POINT('Origin',(-155.,8.,35.));
#6785=CARTESIAN_POINT('',(-155.,8.,35.));
#6786=CARTESIAN_POINT('',(-155.,8.,17.5));
#6787=CARTESIAN_POINT('',(-155.,8.,35.));
#6788=CARTESIAN_POINT('Origin',(-149.,8.,27.));
#6789=CARTESIAN_POINT('',(-115.7,8.,-17.4));
#6790=CARTESIAN_POINT('Origin',(-110.,8.,75.));
#6791=CARTESIAN_POINT('',(-110.,8.,75.));
#6792=CARTESIAN_POINT('',(-72.2,8.,24.6));
#6793=CARTESIAN_POINT('',(-110.,8.,75.));
#6794=CARTESIAN_POINT('Origin',(-62.0710678118655,8.,75.));
#6795=CARTESIAN_POINT('',(-62.0710678118655,8.,75.));
#6796=CARTESIAN_POINT('',(-31.0355339059327,8.,75.));
#6797=CARTESIAN_POINT('',(-62.0710678118655,8.,75.));
#6798=CARTESIAN_POINT('Origin',(-42.0710678118655,8.,55.));
#6799=CARTESIAN_POINT('',(-42.0710678118655,8.,55.));
#6800=CARTESIAN_POINT('',(-17.8033008588991,8.,30.7322330470336));
#6801=CARTESIAN_POINT('',(-42.0710678118655,8.,55.));
#6802=CARTESIAN_POINT('Origin',(-30.,8.,55.));
#6803=CARTESIAN_POINT('',(-30.,8.,55.));
#6804=CARTESIAN_POINT('',(-15.,8.,55.));
#6805=CARTESIAN_POINT('',(-30.,8.,55.));
#6806=CARTESIAN_POINT('Origin',(-30.,8.,35.));
#6807=CARTESIAN_POINT('',(-30.,8.,17.5));
#6808=CARTESIAN_POINT('Origin',(30.,8.,55.));
#6809=CARTESIAN_POINT('',(30.,8.,55.));
#6810=CARTESIAN_POINT('',(30.,8.,27.5));
#6811=CARTESIAN_POINT('',(30.,8.,55.));
#6812=CARTESIAN_POINT('Origin',(42.0710678118655,8.,55.));
#6813=CARTESIAN_POINT('',(42.0710678118655,8.,55.));
#6814=CARTESIAN_POINT('',(21.0355339059327,8.,55.));
#6815=CARTESIAN_POINT('',(42.0710678118655,8.,55.));
#6816=CARTESIAN_POINT('Origin',(62.0710678118655,8.,75.));
#6817=CARTESIAN_POINT('',(62.0710678118655,8.,75.));
#6818=CARTESIAN_POINT('',(27.8033008588991,8.,40.7322330470336));
#6819=CARTESIAN_POINT('',(62.0710678118655,8.,75.));
#6820=CARTESIAN_POINT('Origin',(110.,8.,75.));
#6821=CARTESIAN_POINT('',(110.,8.,75.));
#6822=CARTESIAN_POINT('',(55.,8.,75.));
#6823=CARTESIAN_POINT('',(110.,8.,75.));
#6824=CARTESIAN_POINT('Origin',(101.,8.,63.));
#6825=CARTESIAN_POINT('',(67.6999999999999,8.,18.6000000000001));
#6826=CARTESIAN_POINT('Origin',(0.,14.,0.));
#6827=CARTESIAN_POINT('',(160.,14.,50.));
#6828=CARTESIAN_POINT('',(113.2,14.,-12.4));
#6829=CARTESIAN_POINT('',(160.,14.,50.));
#6830=CARTESIAN_POINT('Origin',(-111.,8.,68.));
#6831=CARTESIAN_POINT('',(-111.,43.,67.9999999999994));
#6832=CARTESIAN_POINT('',(-111.,43.,67.9999999999994));
#6833=CARTESIAN_POINT('',(-111.,20.,68.));
#6834=CARTESIAN_POINT('',(-111.,8.,68.));
#6835=CARTESIAN_POINT('',(-120.,20.,80.));
#6836=CARTESIAN_POINT('',(-111.,20.,68.));
#6837=CARTESIAN_POINT('',(-120.,8.,80.));
#6838=CARTESIAN_POINT('',(-111.,60.25,68.));
#6839=CARTESIAN_POINT('Origin',(-151.,8.,-38.));
#6840=CARTESIAN_POINT('',(-159.999999999999,43.,-49.9999999999988));
#6841=CARTESIAN_POINT('',(-160.,60.25,-50.));
#6842=CARTESIAN_POINT('',(-159.999999999999,43.,-49.9999999999988));
#6843=CARTESIAN_POINT('',(-150.999999999999,43.,-37.9999999999988));
#6844=CARTESIAN_POINT('',(-160.,20.,-50.));
#6845=CARTESIAN_POINT('',(-151.,20.,-38.));
#6846=CARTESIAN_POINT('',(-160.,8.,-50.));
#6847=CARTESIAN_POINT('',(-151.,60.25,-38.));
#6848=CARTESIAN_POINT('Origin',(-25.,8.,-45.));
#6849=CARTESIAN_POINT('',(-25.,43.,-60.));
#6850=CARTESIAN_POINT('',(-25.,60.25,-60.));
#6851=CARTESIAN_POINT('',(-25.,43.,-60.));
#6852=CARTESIAN_POINT('',(-25.,43.,-45.));
#6853=CARTESIAN_POINT('',(-25.,20.,-60.));
#6854=CARTESIAN_POINT('',(-25.,20.,-45.));
#6855=CARTESIAN_POINT('',(-25.,8.,-60.));
#6856=CARTESIAN_POINT('',(-25.,60.25,-45.));
#6857=CARTESIAN_POINT('Origin',(-146.599999999999,43.,-41.2999999999988));
#6858=CARTESIAN_POINT('',(-155.599999999999,43.,-53.2999999999988));
#6859=CARTESIAN_POINT('',(-155.599999999999,43.,-53.2999999999988));
#6860=CARTESIAN_POINT('',(-146.599999999999,43.,-41.2999999999988));
#6861=CARTESIAN_POINT('Origin',(-146.599999999999,60.25,-41.2999999999988));
#6862=CARTESIAN_POINT('',(-155.599999999999,60.25,-53.2999999999988));
#6863=CARTESIAN_POINT('Origin',(-157.799999999999,51.625,-51.6499999999988));
#6864=CARTESIAN_POINT('',(-160.,60.25,-50.));
#6865=CARTESIAN_POINT('',(-124.399999999995,43.,-76.6999999999927));
#6866=CARTESIAN_POINT('Origin',(-110.999999999995,43.,-67.9999999999927));
#6867=CARTESIAN_POINT('Origin',(-19.5,43.,-45.));
#6868=CARTESIAN_POINT('',(-19.5,43.,-60.));
#6869=CARTESIAN_POINT('',(-19.5,43.,-60.));
#6870=CARTESIAN_POINT('',(-19.5,43.,-45.));
#6871=CARTESIAN_POINT('Origin',(-19.5,60.25,-45.));
#6872=CARTESIAN_POINT('',(-19.5,60.25,-60.));
#6873=CARTESIAN_POINT('Origin',(-22.25,51.625,-60.));
#6874=CARTESIAN_POINT('',(-25.,60.25,-60.));
#6875=CARTESIAN_POINT('',(19.5,43.,-60.));
#6876=CARTESIAN_POINT('Origin',(25.,43.,-45.));
#6877=CARTESIAN_POINT('Origin',(115.399999999999,43.,-64.6999999999993));
#6878=CARTESIAN_POINT('',(119.999999999999,43.,-79.9999999999993));
#6879=CARTESIAN_POINT('',(110.999999999999,43.,-67.9999999999993));
#6880=CARTESIAN_POINT('',(124.399999999999,43.,-76.6999999999993));
#6881=CARTESIAN_POINT('',(124.399999999999,43.,-76.6999999999993));
#6882=CARTESIAN_POINT('',(115.399999999999,43.,-64.6999999999993));
#6883=CARTESIAN_POINT('Origin',(115.399999999999,60.25,-64.6999999999993));
#6884=CARTESIAN_POINT('',(124.399999999999,60.25,-76.6999999999993));
#6885=CARTESIAN_POINT('Origin',(122.199999999999,51.625,-78.3499999999993));
#6886=CARTESIAN_POINT('',(120.,60.25,-80.));
#6887=CARTESIAN_POINT('',(119.999999999999,43.,-79.9999999999993));
#6888=CARTESIAN_POINT('',(120.,60.25,-80.));
#6889=CARTESIAN_POINT('',(155.599999999997,43.,-53.2999999999961));
#6890=CARTESIAN_POINT('Origin',(150.999999999997,43.,-37.9999999999961));
#6891=CARTESIAN_POINT('Origin',(146.6,43.,41.3));
#6892=CARTESIAN_POINT('',(160.,43.,50.));
#6893=CARTESIAN_POINT('',(151.,43.,38.));
#6894=CARTESIAN_POINT('',(155.6,43.,53.3));
#6895=CARTESIAN_POINT('Origin',(157.8,51.625,51.65));
#6896=CARTESIAN_POINT('',(160.,60.25,50.));
#6897=CARTESIAN_POINT('',(160.,43.,50.));
#6898=CARTESIAN_POINT('',(120.,60.25,80.));
#6899=CARTESIAN_POINT('',(160.,60.25,50.));
#6900=CARTESIAN_POINT('',(120.,43.,79.9999999999997));
#6901=CARTESIAN_POINT('',(120.,43.,79.9999999999997));
#6902=CARTESIAN_POINT('',(124.4,43.,76.6999999999997));
#6903=CARTESIAN_POINT('Origin',(111.,43.,67.9999999999997));
#6904=CARTESIAN_POINT('',(111.,43.,67.9999999999997));
#6905=CARTESIAN_POINT('Origin',(19.5,43.,45.));
#6906=CARTESIAN_POINT('',(19.5,43.,45.));
#6907=CARTESIAN_POINT('',(-2.75,43.,45.));
#6908=CARTESIAN_POINT('',(19.5,43.,45.));
#6909=CARTESIAN_POINT('Origin',(19.5,60.25,45.));
#6910=CARTESIAN_POINT('',(19.5,34.125,45.));
#6911=CARTESIAN_POINT('Origin',(-19.5,43.,45.));
#6912=CARTESIAN_POINT('',(-19.5,43.,45.));
#6913=CARTESIAN_POINT('',(-19.5,43.,45.));
#6914=CARTESIAN_POINT('',(-19.5,25.5,45.));
#6915=CARTESIAN_POINT('Origin',(-25.,43.,45.));
#6916=CARTESIAN_POINT('',(-25.,43.,45.));
#6917=CARTESIAN_POINT('Origin',(-25.,8.,45.));
#6918=CARTESIAN_POINT('',(-19.5,20.,45.));
#6919=CARTESIAN_POINT('',(-23.625,20.,45.));
#6920=CARTESIAN_POINT('',(-19.5,8.,45.));
#6921=CARTESIAN_POINT('',(-19.5,8.,45.));
#6922=CARTESIAN_POINT('',(19.5,8.,45.));
#6923=CARTESIAN_POINT('',(-12.5,8.,45.));
#6924=CARTESIAN_POINT('',(19.5,20.,45.));
#6925=CARTESIAN_POINT('',(19.5,8.,45.));
#6926=CARTESIAN_POINT('',(-1.375,20.,45.));
#6927=CARTESIAN_POINT('Origin',(-115.4,43.,64.6999999999994));
#6928=CARTESIAN_POINT('',(-115.4,43.,64.6999999999994));
#6929=CARTESIAN_POINT('',(-133.2,43.,51.35));
#6930=CARTESIAN_POINT('',(-115.4,43.,64.6999999999994));
#6931=CARTESIAN_POINT('Origin',(-115.4,60.25,64.6999999999994));
#6932=CARTESIAN_POINT('',(-115.4,34.125,64.7));
#6933=CARTESIAN_POINT('Origin',(-151.,43.,38.));
#6934=CARTESIAN_POINT('',(-151.,43.,38.));
#6935=CARTESIAN_POINT('Origin',(-151.,8.,38.));
#6936=CARTESIAN_POINT('',(-146.6,20.,41.3));
#6937=CARTESIAN_POINT('',(-149.9,20.,38.825));
#6938=CARTESIAN_POINT('',(-146.6,8.,41.3));
#6939=CARTESIAN_POINT('',(-146.6,8.,41.3));
#6940=CARTESIAN_POINT('',(-115.4,8.,64.7));
#6941=CARTESIAN_POINT('',(-111.8,8.,67.4));
#6942=CARTESIAN_POINT('',(-115.4,20.,64.7));
#6943=CARTESIAN_POINT('',(-115.4,8.,64.7));
#6944=CARTESIAN_POINT('',(-132.1,20.,52.175));
#6945=CARTESIAN_POINT('Origin',(-19.5,8.,-45.));
#6946=CARTESIAN_POINT('',(-19.5,8.,-60.));
#6947=CARTESIAN_POINT('',(-19.5,8.,-22.5));
#6948=CARTESIAN_POINT('',(-19.5,20.,-60.));
#6949=CARTESIAN_POINT('',(-19.5,8.,-60.));
#6950=CARTESIAN_POINT('',(-19.5,20.,-60.));
#6951=CARTESIAN_POINT('Origin',(-22.25,20.,-52.5));
#6952=CARTESIAN_POINT('',(-40.,20.,-60.));
#6953=CARTESIAN_POINT('Origin',(0.,8.,0.));
#6954=CARTESIAN_POINT('Origin',(146.6,8.,41.3));
#6955=CARTESIAN_POINT('',(155.6,8.,53.3));
#6956=CARTESIAN_POINT('',(110.3,8.,-7.1));
#6957=CARTESIAN_POINT('',(155.6,20.,53.3));
#6958=CARTESIAN_POINT('',(155.6,8.,53.3));
#6959=CARTESIAN_POINT('',(155.6,20.,53.3));
#6960=CARTESIAN_POINT('Origin',(153.3,20.,45.65));
#6961=CARTESIAN_POINT('',(160.,20.,50.));
#6962=CARTESIAN_POINT('',(160.,20.,50.));
#6963=CARTESIAN_POINT('',(160.,20.,50.));
#6964=CARTESIAN_POINT('Origin',(0.,8.,0.));
#6965=CARTESIAN_POINT('',(19.5,8.,-60.));
#6966=CARTESIAN_POINT('',(19.5,8.,-30.));
#6967=CARTESIAN_POINT('',(40.,8.,-60.));
#6968=CARTESIAN_POINT('Origin',(-124.4,8.,-76.7));
#6969=CARTESIAN_POINT('',(-124.4,8.,-76.7));
#6970=CARTESIAN_POINT('',(-83.6,8.,-22.3));
#6971=CARTESIAN_POINT('',(-124.4,20.,-76.7));
#6972=CARTESIAN_POINT('',(-124.4,20.,-76.7));
#6973=CARTESIAN_POINT('',(-124.4,8.,-76.7));
#6974=CARTESIAN_POINT('Origin',(-117.7,20.,-72.35));
#6975=CARTESIAN_POINT('',(-120.,20.,-80.));
#6976=CARTESIAN_POINT('Origin',(0.,8.,0.));
#6977=CARTESIAN_POINT('',(-155.6,8.,-53.3));
#6978=CARTESIAN_POINT('',(-160.,8.,-50.));
#6979=CARTESIAN_POINT('',(-110.3,8.,7.10000000000001));
#6980=CARTESIAN_POINT('Origin',(0.,8.,0.));
#6981=CARTESIAN_POINT('',(124.4,8.,76.7));
#6982=CARTESIAN_POINT('',(83.6,8.,22.3));
#6983=CARTESIAN_POINT('',(120.,8.,80.));
#6984=CARTESIAN_POINT('Origin',(-155.6,8.,53.3));
#6985=CARTESIAN_POINT('',(-155.6,8.,53.3));
#6986=CARTESIAN_POINT('',(-114.8,8.,-1.1));
#6987=CARTESIAN_POINT('',(-155.6,20.,53.3));
#6988=CARTESIAN_POINT('',(-146.6,20.,41.3));
#6989=CARTESIAN_POINT('',(-155.6,8.,53.3));
#6990=CARTESIAN_POINT('Origin',(-153.3,20.,45.65));
#6991=CARTESIAN_POINT('',(-160.,20.,50.));
#6992=CARTESIAN_POINT('Origin',(0.,8.,0.));
#6993=CARTESIAN_POINT('',(-124.4,8.,76.7));
#6994=CARTESIAN_POINT('',(-160.,8.,50.));
#6995=CARTESIAN_POINT('',(-79.1,8.,16.3));
#6996=CARTESIAN_POINT('Origin',(-19.5,8.,60.));
#6997=CARTESIAN_POINT('',(-19.5,8.,60.));
#6998=CARTESIAN_POINT('',(-19.5,8.,30.));
#6999=CARTESIAN_POINT('',(-19.5,20.,60.));
#7000=CARTESIAN_POINT('',(-19.5,20.,60.));
#7001=CARTESIAN_POINT('',(-19.5,8.,60.));
#7002=CARTESIAN_POINT('Origin',(-22.25,20.,52.5));
#7003=CARTESIAN_POINT('',(-40.,20.,60.));
#7004=CARTESIAN_POINT('Origin',(0.,8.,0.));
#7005=CARTESIAN_POINT('',(19.5,8.,60.));
#7006=CARTESIAN_POINT('',(-40.,8.,60.));
#7007=CARTESIAN_POINT('',(19.5,8.,22.5));
#7008=CARTESIAN_POINT('Origin',(155.6,8.,-53.3));
#7009=CARTESIAN_POINT('',(155.6,8.,-53.3));
#7010=CARTESIAN_POINT('',(114.8,8.,1.09999999999999));
#7011=CARTESIAN_POINT('',(155.6,20.,-53.3));
#7012=CARTESIAN_POINT('',(155.6,20.,-53.3));
#7013=CARTESIAN_POINT('',(155.6,8.,-53.3));
#7014=CARTESIAN_POINT('Origin',(153.3,20.,-45.65));
#7015=CARTESIAN_POINT('',(160.,20.,-50.));
#7016=CARTESIAN_POINT('Origin',(0.,8.,0.));
#7017=CARTESIAN_POINT('',(124.4,8.,-76.7));
#7018=CARTESIAN_POINT('',(120.,8.,-80.));
#7019=CARTESIAN_POINT('',(79.1,8.,-16.3));
#7020=CARTESIAN_POINT('Origin',(19.5,8.,-60.));
#7021=CARTESIAN_POINT('',(19.5,20.,-60.));
#7022=CARTESIAN_POINT('',(19.5,20.,-60.));
#7023=CARTESIAN_POINT('',(19.5,8.,-60.));
#7024=CARTESIAN_POINT('Origin',(22.25,20.,-52.5));
#7025=CARTESIAN_POINT('',(40.,20.,-60.));
#7026=CARTESIAN_POINT('Origin',(124.4,8.,76.7));
#7027=CARTESIAN_POINT('',(124.4,20.,76.7));
#7028=CARTESIAN_POINT('',(124.4,20.,76.7));
#7029=CARTESIAN_POINT('',(124.4,8.,76.7));
#7030=CARTESIAN_POINT('Origin',(117.7,20.,72.35));
#7031=CARTESIAN_POINT('',(120.,20.,80.));
#7032=CARTESIAN_POINT('',(111.,20.,68.));
#7033=CARTESIAN_POINT('',(120.,20.,80.));
#7034=CARTESIAN_POINT('Origin',(-146.6,8.,-41.3));
#7035=CARTESIAN_POINT('',(-155.6,20.,-53.3));
#7036=CARTESIAN_POINT('',(-155.6,8.,-53.3));
#7037=CARTESIAN_POINT('',(-155.6,20.,-53.3));
#7038=CARTESIAN_POINT('Origin',(-153.3,20.,-45.65));
#7039=CARTESIAN_POINT('',(-160.,20.,-50.));
#7040=CARTESIAN_POINT('Origin',(-115.4,8.,64.7));
#7041=CARTESIAN_POINT('',(-124.4,20.,76.7));
#7042=CARTESIAN_POINT('',(-124.4,8.,76.7));
#7043=CARTESIAN_POINT('',(-124.4,20.,76.7));
#7044=CARTESIAN_POINT('Origin',(-117.7,20.,72.35));
#7045=CARTESIAN_POINT('',(-120.,20.,80.));
#7046=CARTESIAN_POINT('Origin',(19.5,8.,45.));
#7047=CARTESIAN_POINT('',(19.5,20.,60.));
#7048=CARTESIAN_POINT('',(19.5,8.,60.));
#7049=CARTESIAN_POINT('',(19.5,20.,60.));
#7050=CARTESIAN_POINT('Origin',(22.25,20.,52.5));
#7051=CARTESIAN_POINT('',(40.,20.,60.));
#7052=CARTESIAN_POINT('Origin',(115.4,8.,-64.7));
#7053=CARTESIAN_POINT('',(124.4,20.,-76.7));
#7054=CARTESIAN_POINT('',(124.4,8.,-76.7));
#7055=CARTESIAN_POINT('',(124.4,20.,-76.7));
#7056=CARTESIAN_POINT('Origin',(117.7,20.,-72.35));
#7057=CARTESIAN_POINT('',(120.,20.,-80.));
#7058=CARTESIAN_POINT('',(120.,20.,-80.));
#7059=CARTESIAN_POINT('',(120.,20.,-80.));
#7060=CARTESIAN_POINT('Origin',(108.,8.,64.));
#7061=CARTESIAN_POINT('',(120.,8.,80.));
#7062=CARTESIAN_POINT('',(108.,60.25,64.));
#7063=CARTESIAN_POINT('Origin',(151.,8.,38.));
#7064=CARTESIAN_POINT('',(151.,60.25,38.));
#7065=CARTESIAN_POINT('',(160.,8.,50.));
#7066=CARTESIAN_POINT('Origin',(129.5,60.25,51.));
#7067=CARTESIAN_POINT('Origin',(-129.5,60.25,-51.));
#7068=CARTESIAN_POINT('Origin',(0.,60.25,-42.5));
#7069=CARTESIAN_POINT('Origin',(111.,8.,-68.));
#7070=CARTESIAN_POINT('',(120.,8.,-80.));
#7071=CARTESIAN_POINT('',(111.,60.25,-68.));
#7072=CARTESIAN_POINT('Origin',(129.5,60.25,-51.));
#7073=CARTESIAN_POINT('Origin',(-129.5,60.25,51.));
#7074=CARTESIAN_POINT('Origin',(0.,60.25,42.5));
#7075=CARTESIAN_POINT('Origin',(-120.,0.,80.));
#7076=CARTESIAN_POINT('',(-60.,0.,80.));
#7077=CARTESIAN_POINT('',(-120.,0.,80.));
#7078=CARTESIAN_POINT('',(160.,0.,80.));
#7079=CARTESIAN_POINT('',(-60.,0.,80.));
#7080=CARTESIAN_POINT('',(-120.,0.,80.));
#7081=CARTESIAN_POINT('Origin',(-160.,0.,50.));
#7082=CARTESIAN_POINT('',(-160.,0.,50.));
#7083=CARTESIAN_POINT('',(-160.,0.,50.));
#7084=CARTESIAN_POINT('',(-160.,0.,50.));
#7085=CARTESIAN_POINT('Origin',(-160.,0.,-50.));
#7086=CARTESIAN_POINT('',(-160.,0.,-50.));
#7087=CARTESIAN_POINT('',(-160.,0.,80.));
#7088=CARTESIAN_POINT('',(-160.,0.,-50.));
#7089=CARTESIAN_POINT('Origin',(-120.,0.,-80.));
#7090=CARTESIAN_POINT('',(-120.,0.,-80.));
#7091=CARTESIAN_POINT('',(-160.,0.,-50.));
#7092=CARTESIAN_POINT('',(-120.,0.,-80.));
#7093=CARTESIAN_POINT('Origin',(-60.,0.,-80.));
#7094=CARTESIAN_POINT('',(-60.,0.,-80.));
#7095=CARTESIAN_POINT('',(-160.,0.,-80.));
#7096=CARTESIAN_POINT('',(-60.,0.,-80.));
#7097=CARTESIAN_POINT('Origin',(-40.,0.,-60.));
#7098=CARTESIAN_POINT('',(-40.,0.,-60.));
#7099=CARTESIAN_POINT('',(-60.,0.,-80.));
#7100=CARTESIAN_POINT('',(-40.,0.,-60.));
#7101=CARTESIAN_POINT('Origin',(40.,0.,-60.));
#7102=CARTESIAN_POINT('',(40.,0.,-60.));
#7103=CARTESIAN_POINT('',(40.,0.,-60.));
#7104=CARTESIAN_POINT('',(40.,0.,-60.));
#7105=CARTESIAN_POINT('Origin',(60.,0.,-80.));
#7106=CARTESIAN_POINT('',(60.,0.,-80.));
#7107=CARTESIAN_POINT('',(60.,0.,-80.));
#7108=CARTESIAN_POINT('',(60.,0.,-80.));
#7109=CARTESIAN_POINT('Origin',(120.,0.,-80.));
#7110=CARTESIAN_POINT('',(120.,0.,-80.));
#7111=CARTESIAN_POINT('',(-160.,0.,-80.));
#7112=CARTESIAN_POINT('',(120.,0.,-80.));
#7113=CARTESIAN_POINT('Origin',(160.,0.,-50.));
#7114=CARTESIAN_POINT('',(160.,0.,-50.));
#7115=CARTESIAN_POINT('',(120.,0.,-80.));
#7116=CARTESIAN_POINT('',(160.,0.,-50.));
#7117=CARTESIAN_POINT('Origin',(160.,0.,50.));
#7118=CARTESIAN_POINT('',(160.,0.,50.));
#7119=CARTESIAN_POINT('',(160.,0.,-80.));
#7120=CARTESIAN_POINT('',(160.,0.,50.));
#7121=CARTESIAN_POINT('Origin',(120.,0.,80.));
#7122=CARTESIAN_POINT('',(120.,0.,80.));
#7123=CARTESIAN_POINT('',(120.,0.,80.));
#7124=CARTESIAN_POINT('',(120.,0.,80.));
#7125=CARTESIAN_POINT('Origin',(60.,0.,80.));
#7126=CARTESIAN_POINT('',(60.,0.,80.));
#7127=CARTESIAN_POINT('',(160.,0.,80.));
#7128=CARTESIAN_POINT('',(60.,0.,80.));
#7129=CARTESIAN_POINT('Origin',(40.,0.,60.));
#7130=CARTESIAN_POINT('',(40.,0.,60.));
#7131=CARTESIAN_POINT('',(40.,0.,60.));
#7132=CARTESIAN_POINT('',(40.,0.,60.));
#7133=CARTESIAN_POINT('Origin',(-40.,0.,60.));
#7134=CARTESIAN_POINT('',(-40.,0.,60.));
#7135=CARTESIAN_POINT('',(-40.,0.,60.));
#7136=CARTESIAN_POINT('',(-40.,0.,60.));
#7137=CARTESIAN_POINT('Origin',(-60.,0.,80.));
#7138=CARTESIAN_POINT('',(-60.,0.,80.));
#7139=CARTESIAN_POINT('Origin',(0.,0.,0.));
#7140=UNCERTAINTY_MEASURE_WITH_UNIT(LENGTH_MEASURE(0.01),#7144,
'DISTANCE_ACCURACY_VALUE',
'Maximum model space distance between geometric entities at asserted c
onnectivities');
#7141=UNCERTAINTY_MEASURE_WITH_UNIT(LENGTH_MEASURE(0.01),#7144,
'DISTANCE_ACCURACY_VALUE',
'Maximum model space distance between geometric entities at asserted c
onnectivities');
#7142=(
GEOMETRIC_REPRESENTATION_CONTEXT(3)
GLOBAL_UNCERTAINTY_ASSIGNED_CONTEXT((#7140))
GLOBAL_UNIT_ASSIGNED_CONTEXT((#7144,#7146,#7147))
REPRESENTATION_CONTEXT('','3D')
);
#7143=(
GEOMETRIC_REPRESENTATION_CONTEXT(3)
GLOBAL_UNCERTAINTY_ASSIGNED_CONTEXT((#7141))
GLOBAL_UNIT_ASSIGNED_CONTEXT((#7144,#7146,#7147))
REPRESENTATION_CONTEXT('','3D')
);
#7144=(
LENGTH_UNIT()
NAMED_UNIT(*)
SI_UNIT(.MILLI.,.METRE.)
);
#7145=(
LENGTH_UNIT()
NAMED_UNIT(*)
SI_UNIT($,.METRE.)
);
#7146=(
NAMED_UNIT(*)
PLANE_ANGLE_UNIT()
SI_UNIT($,.RADIAN.)
);
#7147=(
NAMED_UNIT(*)
SI_UNIT($,.STERADIAN.)
SOLID_ANGLE_UNIT()
);
#7148=SHAPE_DEFINITION_REPRESENTATION(#7149,#7150);
#7149=PRODUCT_DEFINITION_SHAPE('',$,#7152);
#7150=SHAPE_REPRESENTATION('',(#4416),#7142);
#7151=PRODUCT_DEFINITION_CONTEXT('part definition',#7156,'design');
#7152=PRODUCT_DEFINITION('body new','body new v6',#7153,#7151);
#7153=PRODUCT_DEFINITION_FORMATION('',$,#7158);
#7154=PRODUCT_RELATED_PRODUCT_CATEGORY('body new v6','body new v6',(#7158));
#7155=APPLICATION_PROTOCOL_DEFINITION('international standard',
'automotive_design',2009,#7156);
#7156=APPLICATION_CONTEXT(
'Core Data for Automotive Mechanical Design Process');
#7157=PRODUCT_CONTEXT('part definition',#7156,'mechanical');
#7158=PRODUCT('body new','body new v6',$,(#7157));
#7159=PRESENTATION_STYLE_ASSIGNMENT((#7160));
#7160=SURFACE_STYLE_USAGE(.BOTH.,#7161);
#7161=SURFACE_SIDE_STYLE('',(#7162));
#7162=SURFACE_STYLE_FILL_AREA(#7163);
#7163=FILL_AREA_STYLE('Steel - Satin',(#7164));
#7164=FILL_AREA_STYLE_COLOUR('Steel - Satin',#7165);
#7165=COLOUR_RGB('Steel - Satin',0.627450980392157,0.627450980392157,0.627450980392157);
ENDSEC;
END-ISO-10303-21;
