ISO-10303-21;
HEADER;
/* Generated by software containing ST-Developer
 * from STEP Tools, Inc. (www.steptools.com) 
 */

FILE_DESCRIPTION(
/* description */ (''),
/* implementation_level */ '2;1');

FILE_NAME(
/* name */ 'Servo Mount Femur Top.step',
/* time_stamp */ '2026-09-01T13:49:14+04:00',
/* author */ (''),
/* organization */ (''),
/* preprocessor_version */ 'ST-DEVELOPER v20.1',
/* originating_system */ 'Autodesk Translation Framework v15.8.0.0',
/* authorisation */ '');

FILE_SCHEMA (('AUTOMOTIVE_DESIGN { 1 0 10303 214 3 1 1 }'));
ENDSEC;

DATA;
#10=MECHANICAL_DESIGN_GEOMETRIC_PRESENTATION_REPRESENTATION('',(#17),#2810);
#11=ITEM_DEFINED_TRANSFORMATION($,$,#1643,#1814);
#12=(
REPRESENTATION_RELATIONSHIP($,$,#2821,#2820)
REPRESENTATION_RELATIONSHIP_WITH_TRANSFORMATION(#11)
SHAPE_REPRESENTATION_RELATIONSHIP()
);
#13=CONTEXT_DEPENDENT_SHAPE_REPRESENTATION(#12,#2819);
#14=NEXT_ASSEMBLY_USAGE_OCCURRENCE('Component3:1','Component3:1',
'Component3:1',#2823,#2824,'Component3:1');
#15=SHAPE_REPRESENTATION_RELATIONSHIP('SRR','None',#2821,#16);
#16=ADVANCED_BREP_SHAPE_REPRESENTATION('',(#18),#2809);
#17=STYLED_ITEM('',(#2835),#18);
#18=MANIFOLD_SOLID_BREP('Body1',#1629);
#19=FACE_BOUND('',#251,.T.);
#20=FACE_BOUND('',#252,.T.);
#21=FACE_BOUND('',#253,.T.);
#22=FACE_BOUND('',#254,.T.);
#23=FACE_BOUND('',#255,.T.);
#24=FACE_BOUND('',#258,.T.);
#25=FACE_BOUND('',#259,.T.);
#26=FACE_BOUND('',#264,.T.);
#27=FACE_BOUND('',#265,.T.);
#28=FACE_BOUND('',#266,.T.);
#29=FACE_BOUND('',#267,.T.);
#30=FACE_BOUND('',#268,.T.);
#31=TOROIDAL_SURFACE('',#1734,5.41562499999994,0.1);
#32=B_SPLINE_CURVE_WITH_KNOTS('',3,(#2384,#2385,#2386,#2387,#2388,#2389,
#2390,#2391,#2392,#2393),.UNSPECIFIED.,.F.,.F.,(4,2,2,2,4),(0.0517193648447548,
0.0569962728706949,0.0615876429153016,0.0654832376091844,0.0688773080373676),
 .UNSPECIFIED.);
#33=B_SPLINE_CURVE_WITH_KNOTS('',3,(#2399,#2400,#2401,#2402,#2403,#2404,
#2405,#2406,#2407,#2408),.UNSPECIFIED.,.F.,.F.,(4,2,2,2,4),(0.,0.00339407042818318,
0.00728966512206594,0.0118810351666727,0.0171579431926127),
 .UNSPECIFIED.);
#34=CONICAL_SURFACE('',#1652,2.2,0.785398163397448);
#35=CONICAL_SURFACE('',#1656,2.2,0.785398163397448);
#36=CONICAL_SURFACE('',#1660,2.2,0.785398163397448);
#37=CONICAL_SURFACE('',#1664,2.2,0.785398163397448);
#38=PLANE('',#1647);
#39=PLANE('',#1651);
#40=PLANE('',#1676);
#41=PLANE('',#1677);
#42=PLANE('',#1681);
#43=PLANE('',#1685);
#44=PLANE('',#1686);
#45=PLANE('',#1690);
#46=PLANE('',#1691);
#47=PLANE('',#1692);
#48=PLANE('',#1711);
#49=PLANE('',#1714);
#50=PLANE('',#1716);
#51=PLANE('',#1718);
#52=PLANE('',#1721);
#53=PLANE('',#1722);
#54=PLANE('',#1723);
#55=PLANE('',#1724);
#56=PLANE('',#1728);
#57=PLANE('',#1736);
#58=PLANE('',#1737);
#59=PLANE('',#1744);
#60=PLANE('',#1751);
#61=PLANE('',#1752);
#62=PLANE('',#1753);
#63=PLANE('',#1754);
#64=PLANE('',#1761);
#65=PLANE('',#1768);
#66=PLANE('',#1769);
#67=PLANE('',#1770);
#68=PLANE('',#1771);
#69=PLANE('',#1778);
#70=PLANE('',#1785);
#71=PLANE('',#1786);
#72=PLANE('',#1787);
#73=PLANE('',#1788);
#74=PLANE('',#1795);
#75=PLANE('',#1802);
#76=PLANE('',#1803);
#77=PLANE('',#1804);
#78=PLANE('',#1807);
#79=PLANE('',#1808);
#80=PLANE('',#1809);
#81=PLANE('',#1810);
#82=PLANE('',#1811);
#83=PLANE('',#1812);
#84=PLANE('',#1813);
#85=FACE_OUTER_BOUND('',#171,.T.);
#86=FACE_OUTER_BOUND('',#172,.T.);
#87=FACE_OUTER_BOUND('',#173,.T.);
#88=FACE_OUTER_BOUND('',#174,.T.);
#89=FACE_OUTER_BOUND('',#175,.T.);
#90=FACE_OUTER_BOUND('',#176,.T.);
#91=FACE_OUTER_BOUND('',#177,.T.);
#92=FACE_OUTER_BOUND('',#178,.T.);
#93=FACE_OUTER_BOUND('',#179,.T.);
#94=FACE_OUTER_BOUND('',#180,.T.);
#95=FACE_OUTER_BOUND('',#181,.T.);
#96=FACE_OUTER_BOUND('',#182,.T.);
#97=FACE_OUTER_BOUND('',#183,.T.);
#98=FACE_OUTER_BOUND('',#184,.T.);
#99=FACE_OUTER_BOUND('',#185,.T.);
#100=FACE_OUTER_BOUND('',#186,.T.);
#101=FACE_OUTER_BOUND('',#187,.T.);
#102=FACE_OUTER_BOUND('',#188,.T.);
#103=FACE_OUTER_BOUND('',#189,.T.);
#104=FACE_OUTER_BOUND('',#190,.T.);
#105=FACE_OUTER_BOUND('',#191,.T.);
#106=FACE_OUTER_BOUND('',#192,.T.);
#107=FACE_OUTER_BOUND('',#193,.T.);
#108=FACE_OUTER_BOUND('',#194,.T.);
#109=FACE_OUTER_BOUND('',#195,.T.);
#110=FACE_OUTER_BOUND('',#196,.T.);
#111=FACE_OUTER_BOUND('',#197,.T.);
#112=FACE_OUTER_BOUND('',#198,.T.);
#113=FACE_OUTER_BOUND('',#199,.T.);
#114=FACE_OUTER_BOUND('',#200,.T.);
#115=FACE_OUTER_BOUND('',#201,.T.);
#116=FACE_OUTER_BOUND('',#202,.T.);
#117=FACE_OUTER_BOUND('',#203,.T.);
#118=FACE_OUTER_BOUND('',#204,.T.);
#119=FACE_OUTER_BOUND('',#205,.T.);
#120=FACE_OUTER_BOUND('',#206,.T.);
#121=FACE_OUTER_BOUND('',#207,.T.);
#122=FACE_OUTER_BOUND('',#208,.T.);
#123=FACE_OUTER_BOUND('',#209,.T.);
#124=FACE_OUTER_BOUND('',#210,.T.);
#125=FACE_OUTER_BOUND('',#211,.T.);
#126=FACE_OUTER_BOUND('',#212,.T.);
#127=FACE_OUTER_BOUND('',#213,.T.);
#128=FACE_OUTER_BOUND('',#214,.T.);
#129=FACE_OUTER_BOUND('',#215,.T.);
#130=FACE_OUTER_BOUND('',#216,.T.);
#131=FACE_OUTER_BOUND('',#217,.T.);
#132=FACE_OUTER_BOUND('',#218,.T.);
#133=FACE_OUTER_BOUND('',#219,.T.);
#134=FACE_OUTER_BOUND('',#220,.T.);
#135=FACE_OUTER_BOUND('',#221,.T.);
#136=FACE_OUTER_BOUND('',#222,.T.);
#137=FACE_OUTER_BOUND('',#223,.T.);
#138=FACE_OUTER_BOUND('',#224,.T.);
#139=FACE_OUTER_BOUND('',#225,.T.);
#140=FACE_OUTER_BOUND('',#226,.T.);
#141=FACE_OUTER_BOUND('',#227,.T.);
#142=FACE_OUTER_BOUND('',#228,.T.);
#143=FACE_OUTER_BOUND('',#229,.T.);
#144=FACE_OUTER_BOUND('',#230,.T.);
#145=FACE_OUTER_BOUND('',#231,.T.);
#146=FACE_OUTER_BOUND('',#232,.T.);
#147=FACE_OUTER_BOUND('',#233,.T.);
#148=FACE_OUTER_BOUND('',#234,.T.);
#149=FACE_OUTER_BOUND('',#235,.T.);
#150=FACE_OUTER_BOUND('',#236,.T.);
#151=FACE_OUTER_BOUND('',#237,.T.);
#152=FACE_OUTER_BOUND('',#238,.T.);
#153=FACE_OUTER_BOUND('',#239,.T.);
#154=FACE_OUTER_BOUND('',#240,.T.);
#155=FACE_OUTER_BOUND('',#241,.T.);
#156=FACE_OUTER_BOUND('',#242,.T.);
#157=FACE_OUTER_BOUND('',#243,.T.);
#158=FACE_OUTER_BOUND('',#244,.T.);
#159=FACE_OUTER_BOUND('',#245,.T.);
#160=FACE_OUTER_BOUND('',#246,.T.);
#161=FACE_OUTER_BOUND('',#247,.T.);
#162=FACE_OUTER_BOUND('',#248,.T.);
#163=FACE_OUTER_BOUND('',#249,.T.);
#164=FACE_OUTER_BOUND('',#250,.T.);
#165=FACE_OUTER_BOUND('',#256,.T.);
#166=FACE_OUTER_BOUND('',#257,.T.);
#167=FACE_OUTER_BOUND('',#260,.T.);
#168=FACE_OUTER_BOUND('',#261,.T.);
#169=FACE_OUTER_BOUND('',#262,.T.);
#170=FACE_OUTER_BOUND('',#263,.T.);
#171=EDGE_LOOP('',(#1039,#1040,#1041,#1042));
#172=EDGE_LOOP('',(#1043));
#173=EDGE_LOOP('',(#1044,#1045,#1046,#1047));
#174=EDGE_LOOP('',(#1048));
#175=EDGE_LOOP('',(#1049,#1050,#1051,#1052,#1053));
#176=EDGE_LOOP('',(#1054,#1055,#1056,#1057,#1058));
#177=EDGE_LOOP('',(#1059,#1060,#1061,#1062,#1063));
#178=EDGE_LOOP('',(#1064,#1065,#1066,#1067,#1068));
#179=EDGE_LOOP('',(#1069,#1070,#1071,#1072,#1073));
#180=EDGE_LOOP('',(#1074,#1075,#1076,#1077,#1078));
#181=EDGE_LOOP('',(#1079,#1080,#1081,#1082,#1083));
#182=EDGE_LOOP('',(#1084,#1085,#1086,#1087,#1088));
#183=EDGE_LOOP('',(#1089,#1090,#1091,#1092,#1093));
#184=EDGE_LOOP('',(#1094,#1095,#1096,#1097,#1098));
#185=EDGE_LOOP('',(#1099,#1100,#1101,#1102));
#186=EDGE_LOOP('',(#1103,#1104,#1105,#1106,#1107));
#187=EDGE_LOOP('',(#1108,#1109,#1110,#1111,#1112));
#188=EDGE_LOOP('',(#1113,#1114,#1115,#1116,#1117));
#189=EDGE_LOOP('',(#1118,#1119,#1120,#1121,#1122));
#190=EDGE_LOOP('',(#1123,#1124,#1125,#1126,#1127));
#191=EDGE_LOOP('',(#1128,#1129,#1130,#1131,#1132,#1133,#1134,#1135));
#192=EDGE_LOOP('',(#1136,#1137,#1138,#1139,#1140,#1141,#1142,#1143));
#193=EDGE_LOOP('',(#1144,#1145,#1146,#1147,#1148,#1149,#1150,#1151,#1152,
#1153,#1154,#1155));
#194=EDGE_LOOP('',(#1156,#1157,#1158,#1159,#1160));
#195=EDGE_LOOP('',(#1161,#1162,#1163,#1164,#1165));
#196=EDGE_LOOP('',(#1166,#1167,#1168,#1169));
#197=EDGE_LOOP('',(#1170,#1171,#1172,#1173));
#198=EDGE_LOOP('',(#1174,#1175,#1176,#1177));
#199=EDGE_LOOP('',(#1178,#1179,#1180,#1181));
#200=EDGE_LOOP('',(#1182,#1183,#1184,#1185));
#201=EDGE_LOOP('',(#1186,#1187,#1188,#1189));
#202=EDGE_LOOP('',(#1190,#1191,#1192,#1193));
#203=EDGE_LOOP('',(#1194,#1195,#1196,#1197,#1198,#1199,#1200,#1201,#1202,
#1203,#1204,#1205));
#204=EDGE_LOOP('',(#1206,#1207,#1208,#1209));
#205=EDGE_LOOP('',(#1210,#1211,#1212,#1213));
#206=EDGE_LOOP('',(#1214,#1215,#1216,#1217));
#207=EDGE_LOOP('',(#1218,#1219,#1220,#1221));
#208=EDGE_LOOP('',(#1222,#1223,#1224,#1225));
#209=EDGE_LOOP('',(#1226,#1227,#1228,#1229,#1230,#1231,#1232,#1233,#1234,
#1235,#1236,#1237,#1238,#1239));
#210=EDGE_LOOP('',(#1240,#1241,#1242,#1243));
#211=EDGE_LOOP('',(#1244,#1245,#1246,#1247));
#212=EDGE_LOOP('',(#1248,#1249,#1250));
#213=EDGE_LOOP('',(#1251,#1252,#1253,#1254,#1255,#1256,#1257,#1258,#1259));
#214=EDGE_LOOP('',(#1260,#1261,#1262,#1263));
#215=EDGE_LOOP('',(#1264,#1265,#1266,#1267));
#216=EDGE_LOOP('',(#1268,#1269,#1270,#1271));
#217=EDGE_LOOP('',(#1272,#1273,#1274,#1275));
#218=EDGE_LOOP('',(#1276,#1277,#1278,#1279));
#219=EDGE_LOOP('',(#1280,#1281,#1282,#1283));
#220=EDGE_LOOP('',(#1284,#1285,#1286,#1287));
#221=EDGE_LOOP('',(#1288,#1289,#1290));
#222=EDGE_LOOP('',(#1291,#1292,#1293,#1294,#1295,#1296,#1297,#1298,#1299));
#223=EDGE_LOOP('',(#1300,#1301,#1302,#1303));
#224=EDGE_LOOP('',(#1304,#1305,#1306,#1307));
#225=EDGE_LOOP('',(#1308,#1309,#1310,#1311));
#226=EDGE_LOOP('',(#1312,#1313,#1314,#1315));
#227=EDGE_LOOP('',(#1316,#1317,#1318,#1319));
#228=EDGE_LOOP('',(#1320,#1321,#1322,#1323,#1324,#1325));
#229=EDGE_LOOP('',(#1326,#1327,#1328,#1329));
#230=EDGE_LOOP('',(#1330,#1331,#1332));
#231=EDGE_LOOP('',(#1333,#1334,#1335,#1336,#1337,#1338,#1339,#1340,#1341));
#232=EDGE_LOOP('',(#1342,#1343,#1344,#1345));
#233=EDGE_LOOP('',(#1346,#1347,#1348,#1349));
#234=EDGE_LOOP('',(#1350,#1351,#1352,#1353));
#235=EDGE_LOOP('',(#1354,#1355,#1356,#1357));
#236=EDGE_LOOP('',(#1358,#1359,#1360,#1361));
#237=EDGE_LOOP('',(#1362,#1363,#1364,#1365));
#238=EDGE_LOOP('',(#1366,#1367,#1368,#1369));
#239=EDGE_LOOP('',(#1370,#1371,#1372));
#240=EDGE_LOOP('',(#1373,#1374,#1375,#1376,#1377,#1378,#1379,#1380,#1381));
#241=EDGE_LOOP('',(#1382,#1383,#1384,#1385));
#242=EDGE_LOOP('',(#1386,#1387,#1388,#1389));
#243=EDGE_LOOP('',(#1390,#1391,#1392,#1393));
#244=EDGE_LOOP('',(#1394,#1395,#1396,#1397));
#245=EDGE_LOOP('',(#1398,#1399,#1400,#1401));
#246=EDGE_LOOP('',(#1402,#1403,#1404,#1405,#1406,#1407));
#247=EDGE_LOOP('',(#1408,#1409,#1410,#1411));
#248=EDGE_LOOP('',(#1412,#1413,#1414,#1415));
#249=EDGE_LOOP('',(#1416,#1417,#1418,#1419,#1420,#1421,#1422,#1423,#1424,
#1425,#1426,#1427,#1428,#1429,#1430));
#250=EDGE_LOOP('',(#1431,#1432,#1433,#1434));
#251=EDGE_LOOP('',(#1435,#1436,#1437,#1438,#1439,#1440,#1441,#1442));
#252=EDGE_LOOP('',(#1443));
#253=EDGE_LOOP('',(#1444));
#254=EDGE_LOOP('',(#1445));
#255=EDGE_LOOP('',(#1446));
#256=EDGE_LOOP('',(#1447,#1448,#1449,#1450));
#257=EDGE_LOOP('',(#1451,#1452,#1453,#1454));
#258=EDGE_LOOP('',(#1455));
#259=EDGE_LOOP('',(#1456));
#260=EDGE_LOOP('',(#1457,#1458,#1459,#1460));
#261=EDGE_LOOP('',(#1461,#1462,#1463,#1464));
#262=EDGE_LOOP('',(#1465,#1466,#1467,#1468));
#263=EDGE_LOOP('',(#1469,#1470,#1471,#1472));
#264=EDGE_LOOP('',(#1473,#1474,#1475,#1476,#1477,#1478,#1479,#1480,#1481,
#1482,#1483,#1484,#1485,#1486,#1487,#1488,#1489,#1490,#1491,#1492,#1493,
#1494,#1495,#1496,#1497,#1498,#1499,#1500,#1501,#1502,#1503,#1504));
#265=EDGE_LOOP('',(#1505));
#266=EDGE_LOOP('',(#1506));
#267=EDGE_LOOP('',(#1507));
#268=EDGE_LOOP('',(#1508));
#269=LINE('',#2316,#418);
#270=LINE('',#2323,#419);
#271=LINE('',#2330,#420);
#272=LINE('',#2338,#421);
#273=LINE('',#2346,#422);
#274=LINE('',#2354,#423);
#275=LINE('',#2360,#424);
#276=LINE('',#2364,#425);
#277=LINE('',#2368,#426);
#278=LINE('',#2372,#427);
#279=LINE('',#2377,#428);
#280=LINE('',#2379,#429);
#281=LINE('',#2381,#430);
#282=LINE('',#2383,#431);
#283=LINE('',#2397,#432);
#284=LINE('',#2410,#433);
#285=LINE('',#2412,#434);
#286=LINE('',#2413,#435);
#287=LINE('',#2419,#436);
#288=LINE('',#2423,#437);
#289=LINE('',#2425,#438);
#290=LINE('',#2427,#439);
#291=LINE('',#2429,#440);
#292=LINE('',#2430,#441);
#293=LINE('',#2436,#442);
#294=LINE('',#2438,#443);
#295=LINE('',#2441,#444);
#296=LINE('',#2445,#445);
#297=LINE('',#2447,#446);
#298=LINE('',#2449,#447);
#299=LINE('',#2451,#448);
#300=LINE('',#2452,#449);
#301=LINE('',#2455,#450);
#302=LINE('',#2457,#451);
#303=LINE('',#2459,#452);
#304=LINE('',#2460,#453);
#305=LINE('',#2467,#454);
#306=LINE('',#2468,#455);
#307=LINE('',#2471,#456);
#308=LINE('',#2473,#457);
#309=LINE('',#2475,#458);
#310=LINE('',#2477,#459);
#311=LINE('',#2479,#460);
#312=LINE('',#2481,#461);
#313=LINE('',#2482,#462);
#314=LINE('',#2486,#463);
#315=LINE('',#2488,#464);
#316=LINE('',#2489,#465);
#317=LINE('',#2491,#466);
#318=LINE('',#2493,#467);
#319=LINE('',#2495,#468);
#320=LINE('',#2496,#469);
#321=LINE('',#2504,#470);
#322=LINE('',#2508,#471);
#323=LINE('',#2511,#472);
#324=LINE('',#2515,#473);
#325=LINE('',#2520,#474);
#326=LINE('',#2525,#475);
#327=LINE('',#2532,#476);
#328=LINE('',#2535,#477);
#329=LINE('',#2538,#478);
#330=LINE('',#2541,#479);
#331=LINE('',#2542,#480);
#332=LINE('',#2546,#481);
#333=LINE('',#2550,#482);
#334=LINE('',#2554,#483);
#335=LINE('',#2558,#484);
#336=LINE('',#2560,#485);
#337=LINE('',#2564,#486);
#338=LINE('',#2565,#487);
#339=LINE('',#2567,#488);
#340=LINE('',#2570,#489);
#341=LINE('',#2571,#490);
#342=LINE('',#2573,#491);
#343=LINE('',#2578,#492);
#344=LINE('',#2583,#493);
#345=LINE('',#2587,#494);
#346=LINE('',#2594,#495);
#347=LINE('',#2595,#496);
#348=LINE('',#2598,#497);
#349=LINE('',#2602,#498);
#350=LINE('',#2609,#499);
#351=LINE('',#2614,#500);
#352=LINE('',#2615,#501);
#353=LINE('',#2618,#502);
#354=LINE('',#2619,#503);
#355=LINE('',#2623,#504);
#356=LINE('',#2627,#505);
#357=LINE('',#2631,#506);
#358=LINE('',#2633,#507);
#359=LINE('',#2636,#508);
#360=LINE('',#2637,#509);
#361=LINE('',#2639,#510);
#362=LINE('',#2642,#511);
#363=LINE('',#2650,#512);
#364=LINE('',#2653,#513);
#365=LINE('',#2658,#514);
#366=LINE('',#2659,#515);
#367=LINE('',#2662,#516);
#368=LINE('',#2663,#517);
#369=LINE('',#2667,#518);
#370=LINE('',#2670,#519);
#371=LINE('',#2674,#520);
#372=LINE('',#2677,#521);
#373=LINE('',#2679,#522);
#374=LINE('',#2682,#523);
#375=LINE('',#2683,#524);
#376=LINE('',#2686,#525);
#377=LINE('',#2690,#526);
#378=LINE('',#2697,#527);
#379=LINE('',#2702,#528);
#380=LINE('',#2703,#529);
#381=LINE('',#2706,#530);
#382=LINE('',#2707,#531);
#383=LINE('',#2711,#532);
#384=LINE('',#2715,#533);
#385=LINE('',#2719,#534);
#386=LINE('',#2721,#535);
#387=LINE('',#2724,#536);
#388=LINE('',#2725,#537);
#389=LINE('',#2727,#538);
#390=LINE('',#2730,#539);
#391=LINE('',#2738,#540);
#392=LINE('',#2741,#541);
#393=LINE('',#2746,#542);
#394=LINE('',#2747,#543);
#395=LINE('',#2750,#544);
#396=LINE('',#2751,#545);
#397=LINE('',#2755,#546);
#398=LINE('',#2758,#547);
#399=LINE('',#2762,#548);
#400=LINE('',#2765,#549);
#401=LINE('',#2767,#550);
#402=LINE('',#2770,#551);
#403=LINE('',#2771,#552);
#404=LINE('',#2774,#553);
#405=LINE('',#2779,#554);
#406=LINE('',#2781,#555);
#407=LINE('',#2783,#556);
#408=LINE('',#2784,#557);
#409=LINE('',#2785,#558);
#410=LINE('',#2789,#559);
#411=LINE('',#2791,#560);
#412=LINE('',#2792,#561);
#413=LINE('',#2795,#562);
#414=LINE('',#2796,#563);
#415=LINE('',#2799,#564);
#416=LINE('',#2800,#565);
#417=LINE('',#2802,#566);
#418=VECTOR('',#1823,1.6);
#419=VECTOR('',#1832,1.6);
#420=VECTOR('',#1841,2.2);
#421=VECTOR('',#1850,2.2);
#422=VECTOR('',#1859,2.2);
#423=VECTOR('',#1868,2.2);
#424=VECTOR('',#1875,1.6);
#425=VECTOR('',#1880,1.6);
#426=VECTOR('',#1885,1.6);
#427=VECTOR('',#1890,1.6);
#428=VECTOR('',#1895,10.);
#429=VECTOR('',#1896,10.);
#430=VECTOR('',#1897,10.);
#431=VECTOR('',#1898,10.);
#432=VECTOR('',#1901,10.);
#433=VECTOR('',#1902,10.);
#434=VECTOR('',#1903,10.);
#435=VECTOR('',#1904,10.);
#436=VECTOR('',#1911,10.);
#437=VECTOR('',#1914,10.);
#438=VECTOR('',#1915,10.);
#439=VECTOR('',#1916,10.);
#440=VECTOR('',#1917,10.);
#441=VECTOR('',#1918,10.);
#442=VECTOR('',#1923,10.);
#443=VECTOR('',#1924,10.);
#444=VECTOR('',#1927,10.);
#445=VECTOR('',#1930,10.);
#446=VECTOR('',#1931,10.);
#447=VECTOR('',#1932,10.);
#448=VECTOR('',#1933,10.);
#449=VECTOR('',#1934,10.);
#450=VECTOR('',#1937,10.);
#451=VECTOR('',#1938,10.);
#452=VECTOR('',#1939,10.);
#453=VECTOR('',#1940,10.);
#454=VECTOR('',#1947,10.);
#455=VECTOR('',#1948,10.);
#456=VECTOR('',#1951,10.);
#457=VECTOR('',#1952,10.);
#458=VECTOR('',#1953,10.);
#459=VECTOR('',#1954,10.);
#460=VECTOR('',#1955,10.);
#461=VECTOR('',#1956,10.);
#462=VECTOR('',#1957,10.);
#463=VECTOR('',#1960,10.);
#464=VECTOR('',#1961,10.);
#465=VECTOR('',#1962,10.);
#466=VECTOR('',#1963,10.);
#467=VECTOR('',#1964,10.);
#468=VECTOR('',#1965,10.);
#469=VECTOR('',#1966,10.);
#470=VECTOR('',#1975,10.);
#471=VECTOR('',#1978,10.);
#472=VECTOR('',#1981,10.);
#473=VECTOR('',#1986,10.);
#474=VECTOR('',#1993,10.);
#475=VECTOR('',#1998,10.);
#476=VECTOR('',#2007,10.);
#477=VECTOR('',#2010,10.);
#478=VECTOR('',#2013,10.);
#479=VECTOR('',#2016,10.);
#480=VECTOR('',#2017,10.);
#481=VECTOR('',#2022,10.);
#482=VECTOR('',#2027,10.);
#483=VECTOR('',#2032,10.);
#484=VECTOR('',#2037,10.);
#485=VECTOR('',#2038,10.);
#486=VECTOR('',#2043,10.);
#487=VECTOR('',#2044,10.);
#488=VECTOR('',#2047,10.);
#489=VECTOR('',#2050,10.);
#490=VECTOR('',#2051,10.);
#491=VECTOR('',#2054,10.);
#492=VECTOR('',#2059,10.);
#493=VECTOR('',#2066,10.);
#494=VECTOR('',#2071,10.);
#495=VECTOR('',#2082,10.);
#496=VECTOR('',#2083,10.);
#497=VECTOR('',#2086,10.);
#498=VECTOR('',#2089,10.);
#499=VECTOR('',#2096,10.);
#500=VECTOR('',#2101,10.);
#501=VECTOR('',#2102,10.);
#502=VECTOR('',#2105,10.);
#503=VECTOR('',#2106,1.);
#504=VECTOR('',#2111,1.);
#505=VECTOR('',#2116,1.);
#506=VECTOR('',#2121,1.);
#507=VECTOR('',#2124,10.);
#508=VECTOR('',#2127,10.);
#509=VECTOR('',#2128,10.);
#510=VECTOR('',#2131,10.);
#511=VECTOR('',#2134,10.);
#512=VECTOR('',#2141,10.);
#513=VECTOR('',#2144,10.);
#514=VECTOR('',#2149,10.);
#515=VECTOR('',#2150,10.);
#516=VECTOR('',#2153,1.);
#517=VECTOR('',#2154,10.);
#518=VECTOR('',#2159,1.);
#519=VECTOR('',#2162,1.);
#520=VECTOR('',#2167,1.);
#521=VECTOR('',#2172,10.);
#522=VECTOR('',#2175,10.);
#523=VECTOR('',#2178,10.);
#524=VECTOR('',#2179,10.);
#525=VECTOR('',#2182,10.);
#526=VECTOR('',#2185,10.);
#527=VECTOR('',#2192,10.);
#528=VECTOR('',#2197,10.);
#529=VECTOR('',#2198,10.);
#530=VECTOR('',#2201,10.);
#531=VECTOR('',#2202,1.);
#532=VECTOR('',#2207,1.);
#533=VECTOR('',#2212,1.);
#534=VECTOR('',#2217,1.);
#535=VECTOR('',#2220,10.);
#536=VECTOR('',#2223,10.);
#537=VECTOR('',#2224,10.);
#538=VECTOR('',#2227,10.);
#539=VECTOR('',#2230,10.);
#540=VECTOR('',#2237,10.);
#541=VECTOR('',#2240,10.);
#542=VECTOR('',#2245,10.);
#543=VECTOR('',#2246,10.);
#544=VECTOR('',#2249,1.);
#545=VECTOR('',#2250,10.);
#546=VECTOR('',#2255,1.);
#547=VECTOR('',#2258,1.);
#548=VECTOR('',#2263,1.);
#549=VECTOR('',#2268,10.);
#550=VECTOR('',#2271,10.);
#551=VECTOR('',#2274,10.);
#552=VECTOR('',#2275,10.);
#553=VECTOR('',#2278,10.);
#554=VECTOR('',#2283,10.);
#555=VECTOR('',#2284,10.);
#556=VECTOR('',#2285,10.);
#557=VECTOR('',#2286,10.);
#558=VECTOR('',#2287,10.);
#559=VECTOR('',#2292,10.);
#560=VECTOR('',#2293,10.);
#561=VECTOR('',#2294,10.);
#562=VECTOR('',#2297,10.);
#563=VECTOR('',#2298,10.);
#564=VECTOR('',#2301,10.);
#565=VECTOR('',#2302,10.);
#566=VECTOR('',#2305,10.);
#567=CIRCLE('',#1645,1.6);
#568=CIRCLE('',#1646,1.6);
#569=CIRCLE('',#1649,1.6);
#570=CIRCLE('',#1650,1.6);
#571=CIRCLE('',#1653,2.8);
#572=CIRCLE('',#1654,1.6);
#573=CIRCLE('',#1655,1.6);
#574=CIRCLE('',#1657,2.8);
#575=CIRCLE('',#1658,1.6);
#576=CIRCLE('',#1659,1.6);
#577=CIRCLE('',#1661,2.8);
#578=CIRCLE('',#1662,1.6);
#579=CIRCLE('',#1663,1.6);
#580=CIRCLE('',#1665,2.8);
#581=CIRCLE('',#1666,1.6);
#582=CIRCLE('',#1667,1.6);
#583=CIRCLE('',#1669,1.6);
#584=CIRCLE('',#1671,1.6);
#585=CIRCLE('',#1673,1.6);
#586=CIRCLE('',#1675,1.6);
#587=CIRCLE('',#1679,1.);
#588=CIRCLE('',#1680,1.);
#589=CIRCLE('',#1683,1.);
#590=CIRCLE('',#1684,1.);
#591=CIRCLE('',#1688,1.);
#592=CIRCLE('',#1689,1.);
#593=CIRCLE('',#1693,9.5);
#594=CIRCLE('',#1694,1.);
#595=CIRCLE('',#1695,9.5);
#596=CIRCLE('',#1696,0.700000000000002);
#597=CIRCLE('',#1697,0.700000000000001);
#598=CIRCLE('',#1699,1.);
#599=CIRCLE('',#1700,1.);
#600=CIRCLE('',#1702,1.);
#601=CIRCLE('',#1704,0.700000000000002);
#602=CIRCLE('',#1705,0.700000000000002);
#603=CIRCLE('',#1707,0.700000000000001);
#604=CIRCLE('',#1708,0.700000000000001);
#605=CIRCLE('',#1710,0.700000000000002);
#606=CIRCLE('',#1713,0.700000000000001);
#607=CIRCLE('',#1715,9.5);
#608=CIRCLE('',#1717,9.5);
#609=CIRCLE('',#1719,9.5);
#610=CIRCLE('',#1720,9.5);
#611=CIRCLE('',#1726,1.);
#612=CIRCLE('',#1727,1.);
#613=CIRCLE('',#1729,5.51562499999994);
#614=CIRCLE('',#1730,9.5);
#615=CIRCLE('',#1731,9.5);
#616=CIRCLE('',#1733,5.51562499999994);
#617=CIRCLE('',#1735,5.41562499999994);
#618=CIRCLE('',#1738,1.);
#619=CIRCLE('',#1739,1.);
#620=CIRCLE('',#1740,2.);
#621=CIRCLE('',#1741,1.);
#622=CIRCLE('',#1743,1.);
#623=CIRCLE('',#1746,1.);
#624=CIRCLE('',#1748,2.);
#625=CIRCLE('',#1750,1.);
#626=CIRCLE('',#1755,1.);
#627=CIRCLE('',#1756,2.);
#628=CIRCLE('',#1757,1.);
#629=CIRCLE('',#1758,1.);
#630=CIRCLE('',#1760,1.);
#631=CIRCLE('',#1763,1.);
#632=CIRCLE('',#1765,2.);
#633=CIRCLE('',#1767,1.);
#634=CIRCLE('',#1772,1.);
#635=CIRCLE('',#1773,1.);
#636=CIRCLE('',#1774,2.);
#637=CIRCLE('',#1775,1.);
#638=CIRCLE('',#1777,1.);
#639=CIRCLE('',#1780,1.);
#640=CIRCLE('',#1782,2.);
#641=CIRCLE('',#1784,1.);
#642=CIRCLE('',#1789,1.);
#643=CIRCLE('',#1790,2.);
#644=CIRCLE('',#1791,1.);
#645=CIRCLE('',#1792,1.);
#646=CIRCLE('',#1794,1.);
#647=CIRCLE('',#1797,1.);
#648=CIRCLE('',#1799,2.);
#649=CIRCLE('',#1801,1.);
#650=CIRCLE('',#1806,9.5);
#651=VERTEX_POINT('',#2313);
#652=VERTEX_POINT('',#2315);
#653=VERTEX_POINT('',#2320);
#654=VERTEX_POINT('',#2322);
#655=VERTEX_POINT('',#2327);
#656=VERTEX_POINT('',#2329);
#657=VERTEX_POINT('',#2331);
#658=VERTEX_POINT('',#2335);
#659=VERTEX_POINT('',#2337);
#660=VERTEX_POINT('',#2339);
#661=VERTEX_POINT('',#2343);
#662=VERTEX_POINT('',#2345);
#663=VERTEX_POINT('',#2347);
#664=VERTEX_POINT('',#2351);
#665=VERTEX_POINT('',#2353);
#666=VERTEX_POINT('',#2355);
#667=VERTEX_POINT('',#2359);
#668=VERTEX_POINT('',#2363);
#669=VERTEX_POINT('',#2367);
#670=VERTEX_POINT('',#2371);
#671=VERTEX_POINT('',#2375);
#672=VERTEX_POINT('',#2376);
#673=VERTEX_POINT('',#2378);
#674=VERTEX_POINT('',#2380);
#675=VERTEX_POINT('',#2382);
#676=VERTEX_POINT('',#2395);
#677=VERTEX_POINT('',#2396);
#678=VERTEX_POINT('',#2398);
#679=VERTEX_POINT('',#2409);
#680=VERTEX_POINT('',#2411);
#681=VERTEX_POINT('',#2415);
#682=VERTEX_POINT('',#2417);
#683=VERTEX_POINT('',#2421);
#684=VERTEX_POINT('',#2422);
#685=VERTEX_POINT('',#2424);
#686=VERTEX_POINT('',#2426);
#687=VERTEX_POINT('',#2428);
#688=VERTEX_POINT('',#2432);
#689=VERTEX_POINT('',#2433);
#690=VERTEX_POINT('',#2435);
#691=VERTEX_POINT('',#2437);
#692=VERTEX_POINT('',#2439);
#693=VERTEX_POINT('',#2443);
#694=VERTEX_POINT('',#2444);
#695=VERTEX_POINT('',#2446);
#696=VERTEX_POINT('',#2448);
#697=VERTEX_POINT('',#2450);
#698=VERTEX_POINT('',#2454);
#699=VERTEX_POINT('',#2456);
#700=VERTEX_POINT('',#2458);
#701=VERTEX_POINT('',#2462);
#702=VERTEX_POINT('',#2464);
#703=VERTEX_POINT('',#2466);
#704=VERTEX_POINT('',#2470);
#705=VERTEX_POINT('',#2472);
#706=VERTEX_POINT('',#2474);
#707=VERTEX_POINT('',#2476);
#708=VERTEX_POINT('',#2478);
#709=VERTEX_POINT('',#2480);
#710=VERTEX_POINT('',#2484);
#711=VERTEX_POINT('',#2485);
#712=VERTEX_POINT('',#2487);
#713=VERTEX_POINT('',#2490);
#714=VERTEX_POINT('',#2492);
#715=VERTEX_POINT('',#2494);
#716=VERTEX_POINT('',#2498);
#717=VERTEX_POINT('',#2501);
#718=VERTEX_POINT('',#2503);
#719=VERTEX_POINT('',#2505);
#720=VERTEX_POINT('',#2507);
#721=VERTEX_POINT('',#2509);
#722=VERTEX_POINT('',#2513);
#723=VERTEX_POINT('',#2518);
#724=VERTEX_POINT('',#2522);
#725=VERTEX_POINT('',#2524);
#726=VERTEX_POINT('',#2528);
#727=VERTEX_POINT('',#2530);
#728=VERTEX_POINT('',#2534);
#729=VERTEX_POINT('',#2536);
#730=VERTEX_POINT('',#2540);
#731=VERTEX_POINT('',#2544);
#732=VERTEX_POINT('',#2548);
#733=VERTEX_POINT('',#2552);
#734=VERTEX_POINT('',#2556);
#735=VERTEX_POINT('',#2559);
#736=VERTEX_POINT('',#2563);
#737=VERTEX_POINT('',#2569);
#738=VERTEX_POINT('',#2575);
#739=VERTEX_POINT('',#2577);
#740=VERTEX_POINT('',#2582);
#741=VERTEX_POINT('',#2585);
#742=VERTEX_POINT('',#2593);
#743=VERTEX_POINT('',#2597);
#744=VERTEX_POINT('',#2599);
#745=VERTEX_POINT('',#2601);
#746=VERTEX_POINT('',#2603);
#747=VERTEX_POINT('',#2605);
#748=VERTEX_POINT('',#2607);
#749=VERTEX_POINT('',#2611);
#750=VERTEX_POINT('',#2612);
#751=VERTEX_POINT('',#2617);
#752=VERTEX_POINT('',#2621);
#753=VERTEX_POINT('',#2625);
#754=VERTEX_POINT('',#2629);
#755=VERTEX_POINT('',#2635);
#756=VERTEX_POINT('',#2641);
#757=VERTEX_POINT('',#2643);
#758=VERTEX_POINT('',#2645);
#759=VERTEX_POINT('',#2647);
#760=VERTEX_POINT('',#2649);
#761=VERTEX_POINT('',#2651);
#762=VERTEX_POINT('',#2655);
#763=VERTEX_POINT('',#2656);
#764=VERTEX_POINT('',#2661);
#765=VERTEX_POINT('',#2665);
#766=VERTEX_POINT('',#2669);
#767=VERTEX_POINT('',#2673);
#768=VERTEX_POINT('',#2681);
#769=VERTEX_POINT('',#2685);
#770=VERTEX_POINT('',#2687);
#771=VERTEX_POINT('',#2689);
#772=VERTEX_POINT('',#2691);
#773=VERTEX_POINT('',#2693);
#774=VERTEX_POINT('',#2695);
#775=VERTEX_POINT('',#2699);
#776=VERTEX_POINT('',#2700);
#777=VERTEX_POINT('',#2705);
#778=VERTEX_POINT('',#2709);
#779=VERTEX_POINT('',#2713);
#780=VERTEX_POINT('',#2717);
#781=VERTEX_POINT('',#2723);
#782=VERTEX_POINT('',#2729);
#783=VERTEX_POINT('',#2731);
#784=VERTEX_POINT('',#2733);
#785=VERTEX_POINT('',#2735);
#786=VERTEX_POINT('',#2737);
#787=VERTEX_POINT('',#2739);
#788=VERTEX_POINT('',#2743);
#789=VERTEX_POINT('',#2744);
#790=VERTEX_POINT('',#2749);
#791=VERTEX_POINT('',#2753);
#792=VERTEX_POINT('',#2757);
#793=VERTEX_POINT('',#2761);
#794=VERTEX_POINT('',#2769);
#795=VERTEX_POINT('',#2773);
#796=VERTEX_POINT('',#2777);
#797=VERTEX_POINT('',#2778);
#798=VERTEX_POINT('',#2780);
#799=VERTEX_POINT('',#2782);
#800=VERTEX_POINT('',#2788);
#801=VERTEX_POINT('',#2790);
#802=VERTEX_POINT('',#2794);
#803=VERTEX_POINT('',#2798);
#804=EDGE_CURVE('',#651,#651,#567,.T.);
#805=EDGE_CURVE('',#651,#652,#269,.T.);
#806=EDGE_CURVE('',#652,#652,#568,.T.);
#807=EDGE_CURVE('',#653,#653,#569,.T.);
#808=EDGE_CURVE('',#653,#654,#270,.T.);
#809=EDGE_CURVE('',#654,#654,#570,.T.);
#810=EDGE_CURVE('',#655,#655,#571,.T.);
#811=EDGE_CURVE('',#655,#656,#271,.T.);
#812=EDGE_CURVE('',#657,#656,#572,.T.);
#813=EDGE_CURVE('',#656,#657,#573,.T.);
#814=EDGE_CURVE('',#658,#658,#574,.T.);
#815=EDGE_CURVE('',#658,#659,#272,.T.);
#816=EDGE_CURVE('',#660,#659,#575,.T.);
#817=EDGE_CURVE('',#659,#660,#576,.T.);
#818=EDGE_CURVE('',#661,#661,#577,.T.);
#819=EDGE_CURVE('',#661,#662,#273,.T.);
#820=EDGE_CURVE('',#663,#662,#578,.T.);
#821=EDGE_CURVE('',#662,#663,#579,.T.);
#822=EDGE_CURVE('',#664,#664,#580,.T.);
#823=EDGE_CURVE('',#664,#665,#274,.T.);
#824=EDGE_CURVE('',#666,#665,#581,.T.);
#825=EDGE_CURVE('',#665,#666,#582,.T.);
#826=EDGE_CURVE('',#666,#667,#275,.T.);
#827=EDGE_CURVE('',#667,#667,#583,.T.);
#828=EDGE_CURVE('',#660,#668,#276,.T.);
#829=EDGE_CURVE('',#668,#668,#584,.T.);
#830=EDGE_CURVE('',#657,#669,#277,.T.);
#831=EDGE_CURVE('',#669,#669,#585,.T.);
#832=EDGE_CURVE('',#663,#670,#278,.T.);
#833=EDGE_CURVE('',#670,#670,#586,.T.);
#834=EDGE_CURVE('',#671,#672,#279,.T.);
#835=EDGE_CURVE('',#671,#673,#280,.T.);
#836=EDGE_CURVE('',#673,#674,#281,.T.);
#837=EDGE_CURVE('',#675,#674,#282,.T.);
#838=EDGE_CURVE('',#675,#672,#32,.F.);
#839=EDGE_CURVE('',#676,#677,#283,.T.);
#840=EDGE_CURVE('',#676,#678,#33,.F.);
#841=EDGE_CURVE('',#679,#678,#284,.T.);
#842=EDGE_CURVE('',#679,#680,#285,.T.);
#843=EDGE_CURVE('',#680,#677,#286,.T.);
#844=EDGE_CURVE('',#677,#681,#587,.T.);
#845=EDGE_CURVE('',#682,#680,#588,.F.);
#846=EDGE_CURVE('',#681,#682,#287,.T.);
#847=EDGE_CURVE('',#683,#684,#288,.T.);
#848=EDGE_CURVE('',#684,#685,#289,.T.);
#849=EDGE_CURVE('',#685,#686,#290,.T.);
#850=EDGE_CURVE('',#686,#687,#291,.T.);
#851=EDGE_CURVE('',#683,#687,#292,.T.);
#852=EDGE_CURVE('',#688,#689,#589,.T.);
#853=EDGE_CURVE('',#688,#690,#293,.T.);
#854=EDGE_CURVE('',#691,#690,#294,.T.);
#855=EDGE_CURVE('',#692,#691,#590,.T.);
#856=EDGE_CURVE('',#689,#692,#295,.T.);
#857=EDGE_CURVE('',#693,#694,#296,.T.);
#858=EDGE_CURVE('',#693,#695,#297,.T.);
#859=EDGE_CURVE('',#695,#696,#298,.T.);
#860=EDGE_CURVE('',#696,#697,#299,.T.);
#861=EDGE_CURVE('',#697,#694,#300,.T.);
#862=EDGE_CURVE('',#689,#698,#301,.T.);
#863=EDGE_CURVE('',#692,#699,#302,.T.);
#864=EDGE_CURVE('',#699,#700,#303,.T.);
#865=EDGE_CURVE('',#700,#698,#304,.T.);
#866=EDGE_CURVE('',#698,#701,#591,.T.);
#867=EDGE_CURVE('',#702,#700,#592,.T.);
#868=EDGE_CURVE('',#703,#702,#305,.T.);
#869=EDGE_CURVE('',#701,#703,#306,.T.);
#870=EDGE_CURVE('',#703,#704,#307,.T.);
#871=EDGE_CURVE('',#702,#705,#308,.T.);
#872=EDGE_CURVE('',#705,#706,#309,.T.);
#873=EDGE_CURVE('',#706,#707,#310,.T.);
#874=EDGE_CURVE('',#707,#708,#311,.T.);
#875=EDGE_CURVE('',#709,#708,#312,.T.);
#876=EDGE_CURVE('',#704,#709,#313,.T.);
#877=EDGE_CURVE('',#710,#711,#314,.T.);
#878=EDGE_CURVE('',#710,#712,#315,.T.);
#879=EDGE_CURVE('',#712,#691,#316,.T.);
#880=EDGE_CURVE('',#690,#713,#317,.T.);
#881=EDGE_CURVE('',#713,#714,#318,.T.);
#882=EDGE_CURVE('',#715,#714,#319,.T.);
#883=EDGE_CURVE('',#711,#715,#320,.T.);
#884=EDGE_CURVE('',#699,#716,#593,.T.);
#885=EDGE_CURVE('',#712,#697,#594,.T.);
#886=EDGE_CURVE('',#717,#696,#595,.T.);
#887=EDGE_CURVE('',#718,#717,#321,.T.);
#888=EDGE_CURVE('',#719,#718,#596,.T.);
#889=EDGE_CURVE('',#720,#719,#322,.T.);
#890=EDGE_CURVE('',#721,#720,#597,.T.);
#891=EDGE_CURVE('',#716,#721,#323,.T.);
#892=EDGE_CURVE('',#722,#693,#598,.T.);
#893=EDGE_CURVE('',#722,#706,#324,.T.);
#894=EDGE_CURVE('',#695,#705,#599,.T.);
#895=EDGE_CURVE('',#694,#723,#600,.T.);
#896=EDGE_CURVE('',#723,#710,#325,.T.);
#897=EDGE_CURVE('',#684,#724,#601,.T.);
#898=EDGE_CURVE('',#724,#725,#326,.T.);
#899=EDGE_CURVE('',#725,#685,#602,.T.);
#900=EDGE_CURVE('',#726,#683,#603,.T.);
#901=EDGE_CURVE('',#687,#727,#604,.T.);
#902=EDGE_CURVE('',#726,#727,#327,.T.);
#903=EDGE_CURVE('',#718,#728,#328,.T.);
#904=EDGE_CURVE('',#728,#729,#605,.T.);
#905=EDGE_CURVE('',#719,#729,#329,.T.);
#906=EDGE_CURVE('',#729,#730,#330,.T.);
#907=EDGE_CURVE('',#720,#730,#331,.T.);
#908=EDGE_CURVE('',#730,#731,#606,.T.);
#909=EDGE_CURVE('',#721,#731,#332,.T.);
#910=EDGE_CURVE('',#686,#732,#607,.T.);
#911=EDGE_CURVE('',#732,#725,#333,.T.);
#912=EDGE_CURVE('',#733,#686,#608,.T.);
#913=EDGE_CURVE('',#727,#733,#334,.T.);
#914=EDGE_CURVE('',#734,#699,#609,.T.);
#915=EDGE_CURVE('',#724,#734,#335,.T.);
#916=EDGE_CURVE('',#735,#726,#336,.T.);
#917=EDGE_CURVE('',#696,#735,#610,.T.);
#918=EDGE_CURVE('',#736,#717,#337,.T.);
#919=EDGE_CURVE('',#736,#728,#338,.T.);
#920=EDGE_CURVE('',#735,#733,#339,.T.);
#921=EDGE_CURVE('',#716,#737,#340,.T.);
#922=EDGE_CURVE('',#731,#737,#341,.T.);
#923=EDGE_CURVE('',#732,#734,#342,.T.);
#924=EDGE_CURVE('',#738,#671,#611,.T.);
#925=EDGE_CURVE('',#739,#738,#343,.T.);
#926=EDGE_CURVE('',#673,#739,#612,.F.);
#927=EDGE_CURVE('',#674,#679,#613,.T.);
#928=EDGE_CURVE('',#740,#739,#344,.T.);
#929=EDGE_CURVE('',#737,#740,#614,.T.);
#930=EDGE_CURVE('',#741,#736,#615,.T.);
#931=EDGE_CURVE('',#682,#741,#345,.T.);
#932=EDGE_CURVE('',#678,#675,#616,.T.);
#933=EDGE_CURVE('',#676,#672,#617,.T.);
#934=EDGE_CURVE('',#742,#713,#346,.T.);
#935=EDGE_CURVE('',#742,#714,#347,.T.);
#936=EDGE_CURVE('',#690,#743,#348,.T.);
#937=EDGE_CURVE('',#744,#743,#618,.T.);
#938=EDGE_CURVE('',#745,#744,#349,.T.);
#939=EDGE_CURVE('',#746,#745,#619,.T.);
#940=EDGE_CURVE('',#746,#747,#620,.T.);
#941=EDGE_CURVE('',#748,#747,#621,.T.);
#942=EDGE_CURVE('',#742,#748,#350,.T.);
#943=EDGE_CURVE('',#749,#750,#622,.T.);
#944=EDGE_CURVE('',#749,#744,#351,.T.);
#945=EDGE_CURVE('',#743,#750,#352,.T.);
#946=EDGE_CURVE('',#751,#749,#353,.T.);
#947=EDGE_CURVE('',#745,#751,#354,.T.);
#948=EDGE_CURVE('',#752,#751,#623,.T.);
#949=EDGE_CURVE('',#752,#746,#355,.T.);
#950=EDGE_CURVE('',#753,#752,#624,.T.);
#951=EDGE_CURVE('',#747,#753,#356,.T.);
#952=EDGE_CURVE('',#754,#753,#625,.T.);
#953=EDGE_CURVE('',#754,#748,#357,.T.);
#954=EDGE_CURVE('',#750,#688,#358,.T.);
#955=EDGE_CURVE('',#755,#715,#359,.T.);
#956=EDGE_CURVE('',#742,#755,#360,.T.);
#957=EDGE_CURVE('',#755,#711,#361,.T.);
#958=EDGE_CURVE('',#755,#756,#362,.T.);
#959=EDGE_CURVE('',#756,#757,#626,.T.);
#960=EDGE_CURVE('',#758,#757,#627,.T.);
#961=EDGE_CURVE('',#758,#759,#628,.T.);
#962=EDGE_CURVE('',#759,#760,#363,.T.);
#963=EDGE_CURVE('',#760,#761,#629,.T.);
#964=EDGE_CURVE('',#710,#761,#364,.T.);
#965=EDGE_CURVE('',#762,#763,#630,.T.);
#966=EDGE_CURVE('',#761,#762,#365,.T.);
#967=EDGE_CURVE('',#763,#760,#366,.T.);
#968=EDGE_CURVE('',#759,#764,#367,.T.);
#969=EDGE_CURVE('',#763,#764,#368,.T.);
#970=EDGE_CURVE('',#764,#765,#631,.T.);
#971=EDGE_CURVE('',#765,#758,#369,.T.);
#972=EDGE_CURVE('',#757,#766,#370,.T.);
#973=EDGE_CURVE('',#765,#766,#632,.T.);
#974=EDGE_CURVE('',#767,#756,#371,.T.);
#975=EDGE_CURVE('',#766,#767,#633,.T.);
#976=EDGE_CURVE('',#767,#754,#372,.T.);
#977=EDGE_CURVE('',#723,#762,#373,.T.);
#978=EDGE_CURVE('',#768,#707,#374,.T.);
#979=EDGE_CURVE('',#768,#708,#375,.T.);
#980=EDGE_CURVE('',#706,#769,#376,.T.);
#981=EDGE_CURVE('',#770,#769,#634,.T.);
#982=EDGE_CURVE('',#771,#770,#377,.T.);
#983=EDGE_CURVE('',#772,#771,#635,.T.);
#984=EDGE_CURVE('',#772,#773,#636,.T.);
#985=EDGE_CURVE('',#774,#773,#637,.T.);
#986=EDGE_CURVE('',#768,#774,#378,.T.);
#987=EDGE_CURVE('',#775,#776,#638,.T.);
#988=EDGE_CURVE('',#775,#770,#379,.T.);
#989=EDGE_CURVE('',#769,#776,#380,.T.);
#990=EDGE_CURVE('',#777,#775,#381,.T.);
#991=EDGE_CURVE('',#771,#777,#382,.T.);
#992=EDGE_CURVE('',#778,#777,#639,.T.);
#993=EDGE_CURVE('',#778,#772,#383,.T.);
#994=EDGE_CURVE('',#779,#778,#640,.T.);
#995=EDGE_CURVE('',#773,#779,#384,.T.);
#996=EDGE_CURVE('',#780,#779,#641,.T.);
#997=EDGE_CURVE('',#780,#774,#385,.T.);
#998=EDGE_CURVE('',#776,#722,#386,.T.);
#999=EDGE_CURVE('',#781,#709,#387,.T.);
#1000=EDGE_CURVE('',#768,#781,#388,.T.);
#1001=EDGE_CURVE('',#781,#704,#389,.T.);
#1002=EDGE_CURVE('',#781,#782,#390,.T.);
#1003=EDGE_CURVE('',#782,#783,#642,.T.);
#1004=EDGE_CURVE('',#784,#783,#643,.T.);
#1005=EDGE_CURVE('',#784,#785,#644,.T.);
#1006=EDGE_CURVE('',#785,#786,#391,.T.);
#1007=EDGE_CURVE('',#786,#787,#645,.T.);
#1008=EDGE_CURVE('',#703,#787,#392,.T.);
#1009=EDGE_CURVE('',#788,#789,#646,.T.);
#1010=EDGE_CURVE('',#787,#788,#393,.T.);
#1011=EDGE_CURVE('',#789,#786,#394,.T.);
#1012=EDGE_CURVE('',#785,#790,#395,.T.);
#1013=EDGE_CURVE('',#789,#790,#396,.T.);
#1014=EDGE_CURVE('',#790,#791,#647,.T.);
#1015=EDGE_CURVE('',#791,#784,#397,.T.);
#1016=EDGE_CURVE('',#783,#792,#398,.T.);
#1017=EDGE_CURVE('',#791,#792,#648,.T.);
#1018=EDGE_CURVE('',#793,#782,#399,.T.);
#1019=EDGE_CURVE('',#792,#793,#649,.T.);
#1020=EDGE_CURVE('',#793,#780,#400,.T.);
#1021=EDGE_CURVE('',#701,#788,#401,.T.);
#1022=EDGE_CURVE('',#794,#741,#402,.T.);
#1023=EDGE_CURVE('',#681,#794,#403,.T.);
#1024=EDGE_CURVE('',#795,#740,#404,.T.);
#1025=EDGE_CURVE('',#794,#795,#650,.T.);
#1026=EDGE_CURVE('',#796,#797,#405,.T.);
#1027=EDGE_CURVE('',#797,#798,#406,.T.);
#1028=EDGE_CURVE('',#798,#799,#407,.T.);
#1029=EDGE_CURVE('',#799,#796,#408,.T.);
#1030=EDGE_CURVE('',#795,#738,#409,.T.);
#1031=EDGE_CURVE('',#797,#800,#410,.T.);
#1032=EDGE_CURVE('',#801,#800,#411,.T.);
#1033=EDGE_CURVE('',#798,#801,#412,.T.);
#1034=EDGE_CURVE('',#802,#801,#413,.T.);
#1035=EDGE_CURVE('',#799,#802,#414,.T.);
#1036=EDGE_CURVE('',#803,#802,#415,.T.);
#1037=EDGE_CURVE('',#796,#803,#416,.T.);
#1038=EDGE_CURVE('',#800,#803,#417,.T.);
#1039=ORIENTED_EDGE('',*,*,#804,.F.);
#1040=ORIENTED_EDGE('',*,*,#805,.T.);
#1041=ORIENTED_EDGE('',*,*,#806,.T.);
#1042=ORIENTED_EDGE('',*,*,#805,.F.);
#1043=ORIENTED_EDGE('',*,*,#806,.F.);
#1044=ORIENTED_EDGE('',*,*,#807,.F.);
#1045=ORIENTED_EDGE('',*,*,#808,.T.);
#1046=ORIENTED_EDGE('',*,*,#809,.T.);
#1047=ORIENTED_EDGE('',*,*,#808,.F.);
#1048=ORIENTED_EDGE('',*,*,#809,.F.);
#1049=ORIENTED_EDGE('',*,*,#810,.F.);
#1050=ORIENTED_EDGE('',*,*,#811,.T.);
#1051=ORIENTED_EDGE('',*,*,#812,.F.);
#1052=ORIENTED_EDGE('',*,*,#813,.F.);
#1053=ORIENTED_EDGE('',*,*,#811,.F.);
#1054=ORIENTED_EDGE('',*,*,#814,.F.);
#1055=ORIENTED_EDGE('',*,*,#815,.T.);
#1056=ORIENTED_EDGE('',*,*,#816,.F.);
#1057=ORIENTED_EDGE('',*,*,#817,.F.);
#1058=ORIENTED_EDGE('',*,*,#815,.F.);
#1059=ORIENTED_EDGE('',*,*,#818,.F.);
#1060=ORIENTED_EDGE('',*,*,#819,.T.);
#1061=ORIENTED_EDGE('',*,*,#820,.F.);
#1062=ORIENTED_EDGE('',*,*,#821,.F.);
#1063=ORIENTED_EDGE('',*,*,#819,.F.);
#1064=ORIENTED_EDGE('',*,*,#822,.F.);
#1065=ORIENTED_EDGE('',*,*,#823,.T.);
#1066=ORIENTED_EDGE('',*,*,#824,.F.);
#1067=ORIENTED_EDGE('',*,*,#825,.F.);
#1068=ORIENTED_EDGE('',*,*,#823,.F.);
#1069=ORIENTED_EDGE('',*,*,#825,.T.);
#1070=ORIENTED_EDGE('',*,*,#826,.T.);
#1071=ORIENTED_EDGE('',*,*,#827,.F.);
#1072=ORIENTED_EDGE('',*,*,#826,.F.);
#1073=ORIENTED_EDGE('',*,*,#824,.T.);
#1074=ORIENTED_EDGE('',*,*,#817,.T.);
#1075=ORIENTED_EDGE('',*,*,#828,.T.);
#1076=ORIENTED_EDGE('',*,*,#829,.F.);
#1077=ORIENTED_EDGE('',*,*,#828,.F.);
#1078=ORIENTED_EDGE('',*,*,#816,.T.);
#1079=ORIENTED_EDGE('',*,*,#813,.T.);
#1080=ORIENTED_EDGE('',*,*,#830,.T.);
#1081=ORIENTED_EDGE('',*,*,#831,.F.);
#1082=ORIENTED_EDGE('',*,*,#830,.F.);
#1083=ORIENTED_EDGE('',*,*,#812,.T.);
#1084=ORIENTED_EDGE('',*,*,#821,.T.);
#1085=ORIENTED_EDGE('',*,*,#832,.T.);
#1086=ORIENTED_EDGE('',*,*,#833,.F.);
#1087=ORIENTED_EDGE('',*,*,#832,.F.);
#1088=ORIENTED_EDGE('',*,*,#820,.T.);
#1089=ORIENTED_EDGE('',*,*,#834,.F.);
#1090=ORIENTED_EDGE('',*,*,#835,.T.);
#1091=ORIENTED_EDGE('',*,*,#836,.T.);
#1092=ORIENTED_EDGE('',*,*,#837,.F.);
#1093=ORIENTED_EDGE('',*,*,#838,.T.);
#1094=ORIENTED_EDGE('',*,*,#839,.F.);
#1095=ORIENTED_EDGE('',*,*,#840,.T.);
#1096=ORIENTED_EDGE('',*,*,#841,.F.);
#1097=ORIENTED_EDGE('',*,*,#842,.T.);
#1098=ORIENTED_EDGE('',*,*,#843,.T.);
#1099=ORIENTED_EDGE('',*,*,#844,.F.);
#1100=ORIENTED_EDGE('',*,*,#843,.F.);
#1101=ORIENTED_EDGE('',*,*,#845,.F.);
#1102=ORIENTED_EDGE('',*,*,#846,.F.);
#1103=ORIENTED_EDGE('',*,*,#847,.T.);
#1104=ORIENTED_EDGE('',*,*,#848,.T.);
#1105=ORIENTED_EDGE('',*,*,#849,.T.);
#1106=ORIENTED_EDGE('',*,*,#850,.T.);
#1107=ORIENTED_EDGE('',*,*,#851,.F.);
#1108=ORIENTED_EDGE('',*,*,#852,.F.);
#1109=ORIENTED_EDGE('',*,*,#853,.T.);
#1110=ORIENTED_EDGE('',*,*,#854,.F.);
#1111=ORIENTED_EDGE('',*,*,#855,.F.);
#1112=ORIENTED_EDGE('',*,*,#856,.F.);
#1113=ORIENTED_EDGE('',*,*,#857,.F.);
#1114=ORIENTED_EDGE('',*,*,#858,.T.);
#1115=ORIENTED_EDGE('',*,*,#859,.T.);
#1116=ORIENTED_EDGE('',*,*,#860,.T.);
#1117=ORIENTED_EDGE('',*,*,#861,.T.);
#1118=ORIENTED_EDGE('',*,*,#862,.F.);
#1119=ORIENTED_EDGE('',*,*,#856,.T.);
#1120=ORIENTED_EDGE('',*,*,#863,.T.);
#1121=ORIENTED_EDGE('',*,*,#864,.T.);
#1122=ORIENTED_EDGE('',*,*,#865,.T.);
#1123=ORIENTED_EDGE('',*,*,#866,.F.);
#1124=ORIENTED_EDGE('',*,*,#865,.F.);
#1125=ORIENTED_EDGE('',*,*,#867,.F.);
#1126=ORIENTED_EDGE('',*,*,#868,.F.);
#1127=ORIENTED_EDGE('',*,*,#869,.F.);
#1128=ORIENTED_EDGE('',*,*,#870,.F.);
#1129=ORIENTED_EDGE('',*,*,#868,.T.);
#1130=ORIENTED_EDGE('',*,*,#871,.T.);
#1131=ORIENTED_EDGE('',*,*,#872,.T.);
#1132=ORIENTED_EDGE('',*,*,#873,.T.);
#1133=ORIENTED_EDGE('',*,*,#874,.T.);
#1134=ORIENTED_EDGE('',*,*,#875,.F.);
#1135=ORIENTED_EDGE('',*,*,#876,.F.);
#1136=ORIENTED_EDGE('',*,*,#877,.F.);
#1137=ORIENTED_EDGE('',*,*,#878,.T.);
#1138=ORIENTED_EDGE('',*,*,#879,.T.);
#1139=ORIENTED_EDGE('',*,*,#854,.T.);
#1140=ORIENTED_EDGE('',*,*,#880,.T.);
#1141=ORIENTED_EDGE('',*,*,#881,.T.);
#1142=ORIENTED_EDGE('',*,*,#882,.F.);
#1143=ORIENTED_EDGE('',*,*,#883,.F.);
#1144=ORIENTED_EDGE('',*,*,#884,.F.);
#1145=ORIENTED_EDGE('',*,*,#863,.F.);
#1146=ORIENTED_EDGE('',*,*,#855,.T.);
#1147=ORIENTED_EDGE('',*,*,#879,.F.);
#1148=ORIENTED_EDGE('',*,*,#885,.T.);
#1149=ORIENTED_EDGE('',*,*,#860,.F.);
#1150=ORIENTED_EDGE('',*,*,#886,.F.);
#1151=ORIENTED_EDGE('',*,*,#887,.F.);
#1152=ORIENTED_EDGE('',*,*,#888,.F.);
#1153=ORIENTED_EDGE('',*,*,#889,.F.);
#1154=ORIENTED_EDGE('',*,*,#890,.F.);
#1155=ORIENTED_EDGE('',*,*,#891,.F.);
#1156=ORIENTED_EDGE('',*,*,#892,.F.);
#1157=ORIENTED_EDGE('',*,*,#893,.T.);
#1158=ORIENTED_EDGE('',*,*,#872,.F.);
#1159=ORIENTED_EDGE('',*,*,#894,.F.);
#1160=ORIENTED_EDGE('',*,*,#858,.F.);
#1161=ORIENTED_EDGE('',*,*,#895,.F.);
#1162=ORIENTED_EDGE('',*,*,#861,.F.);
#1163=ORIENTED_EDGE('',*,*,#885,.F.);
#1164=ORIENTED_EDGE('',*,*,#878,.F.);
#1165=ORIENTED_EDGE('',*,*,#896,.F.);
#1166=ORIENTED_EDGE('',*,*,#897,.T.);
#1167=ORIENTED_EDGE('',*,*,#898,.T.);
#1168=ORIENTED_EDGE('',*,*,#899,.T.);
#1169=ORIENTED_EDGE('',*,*,#848,.F.);
#1170=ORIENTED_EDGE('',*,*,#900,.T.);
#1171=ORIENTED_EDGE('',*,*,#851,.T.);
#1172=ORIENTED_EDGE('',*,*,#901,.T.);
#1173=ORIENTED_EDGE('',*,*,#902,.F.);
#1174=ORIENTED_EDGE('',*,*,#888,.T.);
#1175=ORIENTED_EDGE('',*,*,#903,.T.);
#1176=ORIENTED_EDGE('',*,*,#904,.T.);
#1177=ORIENTED_EDGE('',*,*,#905,.F.);
#1178=ORIENTED_EDGE('',*,*,#889,.T.);
#1179=ORIENTED_EDGE('',*,*,#905,.T.);
#1180=ORIENTED_EDGE('',*,*,#906,.T.);
#1181=ORIENTED_EDGE('',*,*,#907,.F.);
#1182=ORIENTED_EDGE('',*,*,#890,.T.);
#1183=ORIENTED_EDGE('',*,*,#907,.T.);
#1184=ORIENTED_EDGE('',*,*,#908,.T.);
#1185=ORIENTED_EDGE('',*,*,#909,.F.);
#1186=ORIENTED_EDGE('',*,*,#910,.F.);
#1187=ORIENTED_EDGE('',*,*,#849,.F.);
#1188=ORIENTED_EDGE('',*,*,#899,.F.);
#1189=ORIENTED_EDGE('',*,*,#911,.F.);
#1190=ORIENTED_EDGE('',*,*,#912,.F.);
#1191=ORIENTED_EDGE('',*,*,#913,.F.);
#1192=ORIENTED_EDGE('',*,*,#901,.F.);
#1193=ORIENTED_EDGE('',*,*,#850,.F.);
#1194=ORIENTED_EDGE('',*,*,#914,.F.);
#1195=ORIENTED_EDGE('',*,*,#915,.F.);
#1196=ORIENTED_EDGE('',*,*,#897,.F.);
#1197=ORIENTED_EDGE('',*,*,#847,.F.);
#1198=ORIENTED_EDGE('',*,*,#900,.F.);
#1199=ORIENTED_EDGE('',*,*,#916,.F.);
#1200=ORIENTED_EDGE('',*,*,#917,.F.);
#1201=ORIENTED_EDGE('',*,*,#859,.F.);
#1202=ORIENTED_EDGE('',*,*,#894,.T.);
#1203=ORIENTED_EDGE('',*,*,#871,.F.);
#1204=ORIENTED_EDGE('',*,*,#867,.T.);
#1205=ORIENTED_EDGE('',*,*,#864,.F.);
#1206=ORIENTED_EDGE('',*,*,#918,.F.);
#1207=ORIENTED_EDGE('',*,*,#919,.T.);
#1208=ORIENTED_EDGE('',*,*,#903,.F.);
#1209=ORIENTED_EDGE('',*,*,#887,.T.);
#1210=ORIENTED_EDGE('',*,*,#920,.F.);
#1211=ORIENTED_EDGE('',*,*,#916,.T.);
#1212=ORIENTED_EDGE('',*,*,#902,.T.);
#1213=ORIENTED_EDGE('',*,*,#913,.T.);
#1214=ORIENTED_EDGE('',*,*,#921,.F.);
#1215=ORIENTED_EDGE('',*,*,#891,.T.);
#1216=ORIENTED_EDGE('',*,*,#909,.T.);
#1217=ORIENTED_EDGE('',*,*,#922,.T.);
#1218=ORIENTED_EDGE('',*,*,#923,.F.);
#1219=ORIENTED_EDGE('',*,*,#911,.T.);
#1220=ORIENTED_EDGE('',*,*,#898,.F.);
#1221=ORIENTED_EDGE('',*,*,#915,.T.);
#1222=ORIENTED_EDGE('',*,*,#924,.F.);
#1223=ORIENTED_EDGE('',*,*,#925,.F.);
#1224=ORIENTED_EDGE('',*,*,#926,.F.);
#1225=ORIENTED_EDGE('',*,*,#835,.F.);
#1226=ORIENTED_EDGE('',*,*,#927,.F.);
#1227=ORIENTED_EDGE('',*,*,#836,.F.);
#1228=ORIENTED_EDGE('',*,*,#926,.T.);
#1229=ORIENTED_EDGE('',*,*,#928,.F.);
#1230=ORIENTED_EDGE('',*,*,#929,.F.);
#1231=ORIENTED_EDGE('',*,*,#922,.F.);
#1232=ORIENTED_EDGE('',*,*,#908,.F.);
#1233=ORIENTED_EDGE('',*,*,#906,.F.);
#1234=ORIENTED_EDGE('',*,*,#904,.F.);
#1235=ORIENTED_EDGE('',*,*,#919,.F.);
#1236=ORIENTED_EDGE('',*,*,#930,.F.);
#1237=ORIENTED_EDGE('',*,*,#931,.F.);
#1238=ORIENTED_EDGE('',*,*,#845,.T.);
#1239=ORIENTED_EDGE('',*,*,#842,.F.);
#1240=ORIENTED_EDGE('',*,*,#932,.T.);
#1241=ORIENTED_EDGE('',*,*,#837,.T.);
#1242=ORIENTED_EDGE('',*,*,#927,.T.);
#1243=ORIENTED_EDGE('',*,*,#841,.T.);
#1244=ORIENTED_EDGE('',*,*,#840,.F.);
#1245=ORIENTED_EDGE('',*,*,#933,.T.);
#1246=ORIENTED_EDGE('',*,*,#838,.F.);
#1247=ORIENTED_EDGE('',*,*,#932,.F.);
#1248=ORIENTED_EDGE('',*,*,#881,.F.);
#1249=ORIENTED_EDGE('',*,*,#934,.F.);
#1250=ORIENTED_EDGE('',*,*,#935,.T.);
#1251=ORIENTED_EDGE('',*,*,#934,.T.);
#1252=ORIENTED_EDGE('',*,*,#880,.F.);
#1253=ORIENTED_EDGE('',*,*,#936,.T.);
#1254=ORIENTED_EDGE('',*,*,#937,.F.);
#1255=ORIENTED_EDGE('',*,*,#938,.F.);
#1256=ORIENTED_EDGE('',*,*,#939,.F.);
#1257=ORIENTED_EDGE('',*,*,#940,.T.);
#1258=ORIENTED_EDGE('',*,*,#941,.F.);
#1259=ORIENTED_EDGE('',*,*,#942,.F.);
#1260=ORIENTED_EDGE('',*,*,#943,.F.);
#1261=ORIENTED_EDGE('',*,*,#944,.T.);
#1262=ORIENTED_EDGE('',*,*,#937,.T.);
#1263=ORIENTED_EDGE('',*,*,#945,.T.);
#1264=ORIENTED_EDGE('',*,*,#944,.F.);
#1265=ORIENTED_EDGE('',*,*,#946,.F.);
#1266=ORIENTED_EDGE('',*,*,#947,.F.);
#1267=ORIENTED_EDGE('',*,*,#938,.T.);
#1268=ORIENTED_EDGE('',*,*,#948,.F.);
#1269=ORIENTED_EDGE('',*,*,#949,.T.);
#1270=ORIENTED_EDGE('',*,*,#939,.T.);
#1271=ORIENTED_EDGE('',*,*,#947,.T.);
#1272=ORIENTED_EDGE('',*,*,#949,.F.);
#1273=ORIENTED_EDGE('',*,*,#950,.F.);
#1274=ORIENTED_EDGE('',*,*,#951,.F.);
#1275=ORIENTED_EDGE('',*,*,#940,.F.);
#1276=ORIENTED_EDGE('',*,*,#941,.T.);
#1277=ORIENTED_EDGE('',*,*,#951,.T.);
#1278=ORIENTED_EDGE('',*,*,#952,.F.);
#1279=ORIENTED_EDGE('',*,*,#953,.T.);
#1280=ORIENTED_EDGE('',*,*,#945,.F.);
#1281=ORIENTED_EDGE('',*,*,#936,.F.);
#1282=ORIENTED_EDGE('',*,*,#853,.F.);
#1283=ORIENTED_EDGE('',*,*,#954,.F.);
#1284=ORIENTED_EDGE('',*,*,#955,.T.);
#1285=ORIENTED_EDGE('',*,*,#882,.T.);
#1286=ORIENTED_EDGE('',*,*,#935,.F.);
#1287=ORIENTED_EDGE('',*,*,#956,.T.);
#1288=ORIENTED_EDGE('',*,*,#883,.T.);
#1289=ORIENTED_EDGE('',*,*,#955,.F.);
#1290=ORIENTED_EDGE('',*,*,#957,.T.);
#1291=ORIENTED_EDGE('',*,*,#957,.F.);
#1292=ORIENTED_EDGE('',*,*,#958,.T.);
#1293=ORIENTED_EDGE('',*,*,#959,.T.);
#1294=ORIENTED_EDGE('',*,*,#960,.F.);
#1295=ORIENTED_EDGE('',*,*,#961,.T.);
#1296=ORIENTED_EDGE('',*,*,#962,.T.);
#1297=ORIENTED_EDGE('',*,*,#963,.T.);
#1298=ORIENTED_EDGE('',*,*,#964,.F.);
#1299=ORIENTED_EDGE('',*,*,#877,.T.);
#1300=ORIENTED_EDGE('',*,*,#965,.F.);
#1301=ORIENTED_EDGE('',*,*,#966,.F.);
#1302=ORIENTED_EDGE('',*,*,#963,.F.);
#1303=ORIENTED_EDGE('',*,*,#967,.F.);
#1304=ORIENTED_EDGE('',*,*,#967,.T.);
#1305=ORIENTED_EDGE('',*,*,#962,.F.);
#1306=ORIENTED_EDGE('',*,*,#968,.T.);
#1307=ORIENTED_EDGE('',*,*,#969,.F.);
#1308=ORIENTED_EDGE('',*,*,#970,.F.);
#1309=ORIENTED_EDGE('',*,*,#968,.F.);
#1310=ORIENTED_EDGE('',*,*,#961,.F.);
#1311=ORIENTED_EDGE('',*,*,#971,.F.);
#1312=ORIENTED_EDGE('',*,*,#971,.T.);
#1313=ORIENTED_EDGE('',*,*,#960,.T.);
#1314=ORIENTED_EDGE('',*,*,#972,.T.);
#1315=ORIENTED_EDGE('',*,*,#973,.F.);
#1316=ORIENTED_EDGE('',*,*,#959,.F.);
#1317=ORIENTED_EDGE('',*,*,#974,.F.);
#1318=ORIENTED_EDGE('',*,*,#975,.F.);
#1319=ORIENTED_EDGE('',*,*,#972,.F.);
#1320=ORIENTED_EDGE('',*,*,#974,.T.);
#1321=ORIENTED_EDGE('',*,*,#958,.F.);
#1322=ORIENTED_EDGE('',*,*,#956,.F.);
#1323=ORIENTED_EDGE('',*,*,#942,.T.);
#1324=ORIENTED_EDGE('',*,*,#953,.F.);
#1325=ORIENTED_EDGE('',*,*,#976,.F.);
#1326=ORIENTED_EDGE('',*,*,#966,.T.);
#1327=ORIENTED_EDGE('',*,*,#977,.F.);
#1328=ORIENTED_EDGE('',*,*,#896,.T.);
#1329=ORIENTED_EDGE('',*,*,#964,.T.);
#1330=ORIENTED_EDGE('',*,*,#874,.F.);
#1331=ORIENTED_EDGE('',*,*,#978,.F.);
#1332=ORIENTED_EDGE('',*,*,#979,.T.);
#1333=ORIENTED_EDGE('',*,*,#978,.T.);
#1334=ORIENTED_EDGE('',*,*,#873,.F.);
#1335=ORIENTED_EDGE('',*,*,#980,.T.);
#1336=ORIENTED_EDGE('',*,*,#981,.F.);
#1337=ORIENTED_EDGE('',*,*,#982,.F.);
#1338=ORIENTED_EDGE('',*,*,#983,.F.);
#1339=ORIENTED_EDGE('',*,*,#984,.T.);
#1340=ORIENTED_EDGE('',*,*,#985,.F.);
#1341=ORIENTED_EDGE('',*,*,#986,.F.);
#1342=ORIENTED_EDGE('',*,*,#987,.F.);
#1343=ORIENTED_EDGE('',*,*,#988,.T.);
#1344=ORIENTED_EDGE('',*,*,#981,.T.);
#1345=ORIENTED_EDGE('',*,*,#989,.T.);
#1346=ORIENTED_EDGE('',*,*,#988,.F.);
#1347=ORIENTED_EDGE('',*,*,#990,.F.);
#1348=ORIENTED_EDGE('',*,*,#991,.F.);
#1349=ORIENTED_EDGE('',*,*,#982,.T.);
#1350=ORIENTED_EDGE('',*,*,#992,.F.);
#1351=ORIENTED_EDGE('',*,*,#993,.T.);
#1352=ORIENTED_EDGE('',*,*,#983,.T.);
#1353=ORIENTED_EDGE('',*,*,#991,.T.);
#1354=ORIENTED_EDGE('',*,*,#993,.F.);
#1355=ORIENTED_EDGE('',*,*,#994,.F.);
#1356=ORIENTED_EDGE('',*,*,#995,.F.);
#1357=ORIENTED_EDGE('',*,*,#984,.F.);
#1358=ORIENTED_EDGE('',*,*,#985,.T.);
#1359=ORIENTED_EDGE('',*,*,#995,.T.);
#1360=ORIENTED_EDGE('',*,*,#996,.F.);
#1361=ORIENTED_EDGE('',*,*,#997,.T.);
#1362=ORIENTED_EDGE('',*,*,#989,.F.);
#1363=ORIENTED_EDGE('',*,*,#980,.F.);
#1364=ORIENTED_EDGE('',*,*,#893,.F.);
#1365=ORIENTED_EDGE('',*,*,#998,.F.);
#1366=ORIENTED_EDGE('',*,*,#999,.T.);
#1367=ORIENTED_EDGE('',*,*,#875,.T.);
#1368=ORIENTED_EDGE('',*,*,#979,.F.);
#1369=ORIENTED_EDGE('',*,*,#1000,.T.);
#1370=ORIENTED_EDGE('',*,*,#876,.T.);
#1371=ORIENTED_EDGE('',*,*,#999,.F.);
#1372=ORIENTED_EDGE('',*,*,#1001,.T.);
#1373=ORIENTED_EDGE('',*,*,#1001,.F.);
#1374=ORIENTED_EDGE('',*,*,#1002,.T.);
#1375=ORIENTED_EDGE('',*,*,#1003,.T.);
#1376=ORIENTED_EDGE('',*,*,#1004,.F.);
#1377=ORIENTED_EDGE('',*,*,#1005,.T.);
#1378=ORIENTED_EDGE('',*,*,#1006,.T.);
#1379=ORIENTED_EDGE('',*,*,#1007,.T.);
#1380=ORIENTED_EDGE('',*,*,#1008,.F.);
#1381=ORIENTED_EDGE('',*,*,#870,.T.);
#1382=ORIENTED_EDGE('',*,*,#1009,.F.);
#1383=ORIENTED_EDGE('',*,*,#1010,.F.);
#1384=ORIENTED_EDGE('',*,*,#1007,.F.);
#1385=ORIENTED_EDGE('',*,*,#1011,.F.);
#1386=ORIENTED_EDGE('',*,*,#1011,.T.);
#1387=ORIENTED_EDGE('',*,*,#1006,.F.);
#1388=ORIENTED_EDGE('',*,*,#1012,.T.);
#1389=ORIENTED_EDGE('',*,*,#1013,.F.);
#1390=ORIENTED_EDGE('',*,*,#1014,.F.);
#1391=ORIENTED_EDGE('',*,*,#1012,.F.);
#1392=ORIENTED_EDGE('',*,*,#1005,.F.);
#1393=ORIENTED_EDGE('',*,*,#1015,.F.);
#1394=ORIENTED_EDGE('',*,*,#1015,.T.);
#1395=ORIENTED_EDGE('',*,*,#1004,.T.);
#1396=ORIENTED_EDGE('',*,*,#1016,.T.);
#1397=ORIENTED_EDGE('',*,*,#1017,.F.);
#1398=ORIENTED_EDGE('',*,*,#1003,.F.);
#1399=ORIENTED_EDGE('',*,*,#1018,.F.);
#1400=ORIENTED_EDGE('',*,*,#1019,.F.);
#1401=ORIENTED_EDGE('',*,*,#1016,.F.);
#1402=ORIENTED_EDGE('',*,*,#1018,.T.);
#1403=ORIENTED_EDGE('',*,*,#1002,.F.);
#1404=ORIENTED_EDGE('',*,*,#1000,.F.);
#1405=ORIENTED_EDGE('',*,*,#986,.T.);
#1406=ORIENTED_EDGE('',*,*,#997,.F.);
#1407=ORIENTED_EDGE('',*,*,#1020,.F.);
#1408=ORIENTED_EDGE('',*,*,#1010,.T.);
#1409=ORIENTED_EDGE('',*,*,#1021,.F.);
#1410=ORIENTED_EDGE('',*,*,#869,.T.);
#1411=ORIENTED_EDGE('',*,*,#1008,.T.);
#1412=ORIENTED_EDGE('',*,*,#931,.T.);
#1413=ORIENTED_EDGE('',*,*,#1022,.F.);
#1414=ORIENTED_EDGE('',*,*,#1023,.F.);
#1415=ORIENTED_EDGE('',*,*,#846,.T.);
#1416=ORIENTED_EDGE('',*,*,#930,.T.);
#1417=ORIENTED_EDGE('',*,*,#918,.T.);
#1418=ORIENTED_EDGE('',*,*,#886,.T.);
#1419=ORIENTED_EDGE('',*,*,#917,.T.);
#1420=ORIENTED_EDGE('',*,*,#920,.T.);
#1421=ORIENTED_EDGE('',*,*,#912,.T.);
#1422=ORIENTED_EDGE('',*,*,#910,.T.);
#1423=ORIENTED_EDGE('',*,*,#923,.T.);
#1424=ORIENTED_EDGE('',*,*,#914,.T.);
#1425=ORIENTED_EDGE('',*,*,#884,.T.);
#1426=ORIENTED_EDGE('',*,*,#921,.T.);
#1427=ORIENTED_EDGE('',*,*,#929,.T.);
#1428=ORIENTED_EDGE('',*,*,#1024,.F.);
#1429=ORIENTED_EDGE('',*,*,#1025,.F.);
#1430=ORIENTED_EDGE('',*,*,#1022,.T.);
#1431=ORIENTED_EDGE('',*,*,#1026,.T.);
#1432=ORIENTED_EDGE('',*,*,#1027,.T.);
#1433=ORIENTED_EDGE('',*,*,#1028,.T.);
#1434=ORIENTED_EDGE('',*,*,#1029,.T.);
#1435=ORIENTED_EDGE('',*,*,#1023,.T.);
#1436=ORIENTED_EDGE('',*,*,#1025,.T.);
#1437=ORIENTED_EDGE('',*,*,#1030,.T.);
#1438=ORIENTED_EDGE('',*,*,#924,.T.);
#1439=ORIENTED_EDGE('',*,*,#834,.T.);
#1440=ORIENTED_EDGE('',*,*,#933,.F.);
#1441=ORIENTED_EDGE('',*,*,#839,.T.);
#1442=ORIENTED_EDGE('',*,*,#844,.T.);
#1443=ORIENTED_EDGE('',*,*,#822,.T.);
#1444=ORIENTED_EDGE('',*,*,#818,.T.);
#1445=ORIENTED_EDGE('',*,*,#814,.T.);
#1446=ORIENTED_EDGE('',*,*,#810,.T.);
#1447=ORIENTED_EDGE('',*,*,#928,.T.);
#1448=ORIENTED_EDGE('',*,*,#925,.T.);
#1449=ORIENTED_EDGE('',*,*,#1030,.F.);
#1450=ORIENTED_EDGE('',*,*,#1024,.T.);
#1451=ORIENTED_EDGE('',*,*,#1027,.F.);
#1452=ORIENTED_EDGE('',*,*,#1031,.T.);
#1453=ORIENTED_EDGE('',*,*,#1032,.F.);
#1454=ORIENTED_EDGE('',*,*,#1033,.F.);
#1455=ORIENTED_EDGE('',*,*,#804,.T.);
#1456=ORIENTED_EDGE('',*,*,#807,.T.);
#1457=ORIENTED_EDGE('',*,*,#1028,.F.);
#1458=ORIENTED_EDGE('',*,*,#1033,.T.);
#1459=ORIENTED_EDGE('',*,*,#1034,.F.);
#1460=ORIENTED_EDGE('',*,*,#1035,.F.);
#1461=ORIENTED_EDGE('',*,*,#1029,.F.);
#1462=ORIENTED_EDGE('',*,*,#1035,.T.);
#1463=ORIENTED_EDGE('',*,*,#1036,.F.);
#1464=ORIENTED_EDGE('',*,*,#1037,.F.);
#1465=ORIENTED_EDGE('',*,*,#1026,.F.);
#1466=ORIENTED_EDGE('',*,*,#1037,.T.);
#1467=ORIENTED_EDGE('',*,*,#1038,.F.);
#1468=ORIENTED_EDGE('',*,*,#1031,.F.);
#1469=ORIENTED_EDGE('',*,*,#1038,.T.);
#1470=ORIENTED_EDGE('',*,*,#1036,.T.);
#1471=ORIENTED_EDGE('',*,*,#1034,.T.);
#1472=ORIENTED_EDGE('',*,*,#1032,.T.);
#1473=ORIENTED_EDGE('',*,*,#862,.T.);
#1474=ORIENTED_EDGE('',*,*,#866,.T.);
#1475=ORIENTED_EDGE('',*,*,#1021,.T.);
#1476=ORIENTED_EDGE('',*,*,#1009,.T.);
#1477=ORIENTED_EDGE('',*,*,#1013,.T.);
#1478=ORIENTED_EDGE('',*,*,#1014,.T.);
#1479=ORIENTED_EDGE('',*,*,#1017,.T.);
#1480=ORIENTED_EDGE('',*,*,#1019,.T.);
#1481=ORIENTED_EDGE('',*,*,#1020,.T.);
#1482=ORIENTED_EDGE('',*,*,#996,.T.);
#1483=ORIENTED_EDGE('',*,*,#994,.T.);
#1484=ORIENTED_EDGE('',*,*,#992,.T.);
#1485=ORIENTED_EDGE('',*,*,#990,.T.);
#1486=ORIENTED_EDGE('',*,*,#987,.T.);
#1487=ORIENTED_EDGE('',*,*,#998,.T.);
#1488=ORIENTED_EDGE('',*,*,#892,.T.);
#1489=ORIENTED_EDGE('',*,*,#857,.T.);
#1490=ORIENTED_EDGE('',*,*,#895,.T.);
#1491=ORIENTED_EDGE('',*,*,#977,.T.);
#1492=ORIENTED_EDGE('',*,*,#965,.T.);
#1493=ORIENTED_EDGE('',*,*,#969,.T.);
#1494=ORIENTED_EDGE('',*,*,#970,.T.);
#1495=ORIENTED_EDGE('',*,*,#973,.T.);
#1496=ORIENTED_EDGE('',*,*,#975,.T.);
#1497=ORIENTED_EDGE('',*,*,#976,.T.);
#1498=ORIENTED_EDGE('',*,*,#952,.T.);
#1499=ORIENTED_EDGE('',*,*,#950,.T.);
#1500=ORIENTED_EDGE('',*,*,#948,.T.);
#1501=ORIENTED_EDGE('',*,*,#946,.T.);
#1502=ORIENTED_EDGE('',*,*,#943,.T.);
#1503=ORIENTED_EDGE('',*,*,#954,.T.);
#1504=ORIENTED_EDGE('',*,*,#852,.T.);
#1505=ORIENTED_EDGE('',*,*,#833,.T.);
#1506=ORIENTED_EDGE('',*,*,#831,.T.);
#1507=ORIENTED_EDGE('',*,*,#829,.T.);
#1508=ORIENTED_EDGE('',*,*,#827,.T.);
#1509=CYLINDRICAL_SURFACE('',#1644,1.6);
#1510=CYLINDRICAL_SURFACE('',#1648,1.6);
#1511=CYLINDRICAL_SURFACE('',#1668,1.6);
#1512=CYLINDRICAL_SURFACE('',#1670,1.6);
#1513=CYLINDRICAL_SURFACE('',#1672,1.6);
#1514=CYLINDRICAL_SURFACE('',#1674,1.6);
#1515=CYLINDRICAL_SURFACE('',#1678,1.);
#1516=CYLINDRICAL_SURFACE('',#1682,1.);
#1517=CYLINDRICAL_SURFACE('',#1687,1.);
#1518=CYLINDRICAL_SURFACE('',#1698,1.);
#1519=CYLINDRICAL_SURFACE('',#1701,1.);
#1520=CYLINDRICAL_SURFACE('',#1703,0.700000000000002);
#1521=CYLINDRICAL_SURFACE('',#1706,0.700000000000001);
#1522=CYLINDRICAL_SURFACE('',#1709,0.700000000000002);
#1523=CYLINDRICAL_SURFACE('',#1712,0.700000000000001);
#1524=CYLINDRICAL_SURFACE('',#1725,1.);
#1525=CYLINDRICAL_SURFACE('',#1732,5.51562499999994);
#1526=CYLINDRICAL_SURFACE('',#1742,1.);
#1527=CYLINDRICAL_SURFACE('',#1745,1.);
#1528=CYLINDRICAL_SURFACE('',#1747,2.);
#1529=CYLINDRICAL_SURFACE('',#1749,1.);
#1530=CYLINDRICAL_SURFACE('',#1759,1.);
#1531=CYLINDRICAL_SURFACE('',#1762,1.);
#1532=CYLINDRICAL_SURFACE('',#1764,2.);
#1533=CYLINDRICAL_SURFACE('',#1766,1.);
#1534=CYLINDRICAL_SURFACE('',#1776,1.);
#1535=CYLINDRICAL_SURFACE('',#1779,1.);
#1536=CYLINDRICAL_SURFACE('',#1781,2.);
#1537=CYLINDRICAL_SURFACE('',#1783,1.);
#1538=CYLINDRICAL_SURFACE('',#1793,1.);
#1539=CYLINDRICAL_SURFACE('',#1796,1.);
#1540=CYLINDRICAL_SURFACE('',#1798,2.);
#1541=CYLINDRICAL_SURFACE('',#1800,1.);
#1542=CYLINDRICAL_SURFACE('',#1805,9.5);
#1543=ADVANCED_FACE('',(#85),#1509,.F.);
#1544=ADVANCED_FACE('',(#86),#38,.T.);
#1545=ADVANCED_FACE('',(#87),#1510,.F.);
#1546=ADVANCED_FACE('',(#88),#39,.T.);
#1547=ADVANCED_FACE('',(#89),#34,.F.);
#1548=ADVANCED_FACE('',(#90),#35,.F.);
#1549=ADVANCED_FACE('',(#91),#36,.F.);
#1550=ADVANCED_FACE('',(#92),#37,.F.);
#1551=ADVANCED_FACE('',(#93),#1511,.F.);
#1552=ADVANCED_FACE('',(#94),#1512,.F.);
#1553=ADVANCED_FACE('',(#95),#1513,.F.);
#1554=ADVANCED_FACE('',(#96),#1514,.F.);
#1555=ADVANCED_FACE('',(#97),#40,.F.);
#1556=ADVANCED_FACE('',(#98),#41,.F.);
#1557=ADVANCED_FACE('',(#99),#1515,.F.);
#1558=ADVANCED_FACE('',(#100),#42,.F.);
#1559=ADVANCED_FACE('',(#101),#1516,.F.);
#1560=ADVANCED_FACE('',(#102),#43,.F.);
#1561=ADVANCED_FACE('',(#103),#44,.F.);
#1562=ADVANCED_FACE('',(#104),#1517,.F.);
#1563=ADVANCED_FACE('',(#105),#45,.F.);
#1564=ADVANCED_FACE('',(#106),#46,.F.);
#1565=ADVANCED_FACE('',(#107),#47,.F.);
#1566=ADVANCED_FACE('',(#108),#1518,.F.);
#1567=ADVANCED_FACE('',(#109),#1519,.F.);
#1568=ADVANCED_FACE('',(#110),#1520,.F.);
#1569=ADVANCED_FACE('',(#111),#1521,.F.);
#1570=ADVANCED_FACE('',(#112),#1522,.F.);
#1571=ADVANCED_FACE('',(#113),#48,.F.);
#1572=ADVANCED_FACE('',(#114),#1523,.F.);
#1573=ADVANCED_FACE('',(#115),#49,.F.);
#1574=ADVANCED_FACE('',(#116),#50,.F.);
#1575=ADVANCED_FACE('',(#117),#51,.F.);
#1576=ADVANCED_FACE('',(#118),#52,.F.);
#1577=ADVANCED_FACE('',(#119),#53,.F.);
#1578=ADVANCED_FACE('',(#120),#54,.F.);
#1579=ADVANCED_FACE('',(#121),#55,.F.);
#1580=ADVANCED_FACE('',(#122),#1524,.F.);
#1581=ADVANCED_FACE('',(#123),#56,.F.);
#1582=ADVANCED_FACE('',(#124),#1525,.F.);
#1583=ADVANCED_FACE('',(#125),#31,.F.);
#1584=ADVANCED_FACE('',(#126),#57,.F.);
#1585=ADVANCED_FACE('',(#127),#58,.T.);
#1586=ADVANCED_FACE('',(#128),#1526,.F.);
#1587=ADVANCED_FACE('',(#129),#59,.T.);
#1588=ADVANCED_FACE('',(#130),#1527,.F.);
#1589=ADVANCED_FACE('',(#131),#1528,.T.);
#1590=ADVANCED_FACE('',(#132),#1529,.F.);
#1591=ADVANCED_FACE('',(#133),#60,.T.);
#1592=ADVANCED_FACE('',(#134),#61,.F.);
#1593=ADVANCED_FACE('',(#135),#62,.T.);
#1594=ADVANCED_FACE('',(#136),#63,.F.);
#1595=ADVANCED_FACE('',(#137),#1530,.F.);
#1596=ADVANCED_FACE('',(#138),#64,.F.);
#1597=ADVANCED_FACE('',(#139),#1531,.F.);
#1598=ADVANCED_FACE('',(#140),#1532,.T.);
#1599=ADVANCED_FACE('',(#141),#1533,.F.);
#1600=ADVANCED_FACE('',(#142),#65,.F.);
#1601=ADVANCED_FACE('',(#143),#66,.F.);
#1602=ADVANCED_FACE('',(#144),#67,.F.);
#1603=ADVANCED_FACE('',(#145),#68,.T.);
#1604=ADVANCED_FACE('',(#146),#1534,.F.);
#1605=ADVANCED_FACE('',(#147),#69,.T.);
#1606=ADVANCED_FACE('',(#148),#1535,.F.);
#1607=ADVANCED_FACE('',(#149),#1536,.T.);
#1608=ADVANCED_FACE('',(#150),#1537,.F.);
#1609=ADVANCED_FACE('',(#151),#70,.T.);
#1610=ADVANCED_FACE('',(#152),#71,.F.);
#1611=ADVANCED_FACE('',(#153),#72,.T.);
#1612=ADVANCED_FACE('',(#154),#73,.F.);
#1613=ADVANCED_FACE('',(#155),#1538,.F.);
#1614=ADVANCED_FACE('',(#156),#74,.F.);
#1615=ADVANCED_FACE('',(#157),#1539,.F.);
#1616=ADVANCED_FACE('',(#158),#1540,.T.);
#1617=ADVANCED_FACE('',(#159),#1541,.F.);
#1618=ADVANCED_FACE('',(#160),#75,.F.);
#1619=ADVANCED_FACE('',(#161),#76,.F.);
#1620=ADVANCED_FACE('',(#162),#77,.T.);
#1621=ADVANCED_FACE('',(#163),#1542,.F.);
#1622=ADVANCED_FACE('',(#164,#19,#20,#21,#22,#23),#78,.T.);
#1623=ADVANCED_FACE('',(#165),#79,.T.);
#1624=ADVANCED_FACE('',(#166,#24,#25),#80,.T.);
#1625=ADVANCED_FACE('',(#167),#81,.T.);
#1626=ADVANCED_FACE('',(#168),#82,.T.);
#1627=ADVANCED_FACE('',(#169),#83,.T.);
#1628=ADVANCED_FACE('',(#170,#26,#27,#28,#29,#30),#84,.F.);
#1629=CLOSED_SHELL('',(#1543,#1544,#1545,#1546,#1547,#1548,#1549,#1550,
#1551,#1552,#1553,#1554,#1555,#1556,#1557,#1558,#1559,#1560,#1561,#1562,
#1563,#1564,#1565,#1566,#1567,#1568,#1569,#1570,#1571,#1572,#1573,#1574,
#1575,#1576,#1577,#1578,#1579,#1580,#1581,#1582,#1583,#1584,#1585,#1586,
#1587,#1588,#1589,#1590,#1591,#1592,#1593,#1594,#1595,#1596,#1597,#1598,
#1599,#1600,#1601,#1602,#1603,#1604,#1605,#1606,#1607,#1608,#1609,#1610,
#1611,#1612,#1613,#1614,#1615,#1616,#1617,#1618,#1619,#1620,#1621,#1622,
#1623,#1624,#1625,#1626,#1627,#1628));
#1630=DERIVED_UNIT_ELEMENT(#1632,1.);
#1631=DERIVED_UNIT_ELEMENT(#2812,-3.);
#1632=(
MASS_UNIT()
NAMED_UNIT(*)
SI_UNIT(.KILO.,.GRAM.)
);
#1633=DERIVED_UNIT((#1630,#1631));
#1634=MEASURE_REPRESENTATION_ITEM('density measure',
POSITIVE_RATIO_MEASURE(7850.),#1633);
#1635=PROPERTY_DEFINITION_REPRESENTATION(#1640,#1637);
#1636=PROPERTY_DEFINITION_REPRESENTATION(#1641,#1638);
#1637=REPRESENTATION('material name',(#1639),#2809);
#1638=REPRESENTATION('density',(#1634),#2809);
#1639=DESCRIPTIVE_REPRESENTATION_ITEM('Steel','Steel');
#1640=PROPERTY_DEFINITION('material property','material name',#2824);
#1641=PROPERTY_DEFINITION('material property','density of part',#2824);
#1642=AXIS2_PLACEMENT_3D('',#2310,#1815,#1816);
#1643=AXIS2_PLACEMENT_3D('',#2311,#1817,#1818);
#1644=AXIS2_PLACEMENT_3D('',#2312,#1819,#1820);
#1645=AXIS2_PLACEMENT_3D('',#2314,#1821,#1822);
#1646=AXIS2_PLACEMENT_3D('',#2317,#1824,#1825);
#1647=AXIS2_PLACEMENT_3D('',#2318,#1826,#1827);
#1648=AXIS2_PLACEMENT_3D('',#2319,#1828,#1829);
#1649=AXIS2_PLACEMENT_3D('',#2321,#1830,#1831);
#1650=AXIS2_PLACEMENT_3D('',#2324,#1833,#1834);
#1651=AXIS2_PLACEMENT_3D('',#2325,#1835,#1836);
#1652=AXIS2_PLACEMENT_3D('',#2326,#1837,#1838);
#1653=AXIS2_PLACEMENT_3D('',#2328,#1839,#1840);
#1654=AXIS2_PLACEMENT_3D('',#2332,#1842,#1843);
#1655=AXIS2_PLACEMENT_3D('',#2333,#1844,#1845);
#1656=AXIS2_PLACEMENT_3D('',#2334,#1846,#1847);
#1657=AXIS2_PLACEMENT_3D('',#2336,#1848,#1849);
#1658=AXIS2_PLACEMENT_3D('',#2340,#1851,#1852);
#1659=AXIS2_PLACEMENT_3D('',#2341,#1853,#1854);
#1660=AXIS2_PLACEMENT_3D('',#2342,#1855,#1856);
#1661=AXIS2_PLACEMENT_3D('',#2344,#1857,#1858);
#1662=AXIS2_PLACEMENT_3D('',#2348,#1860,#1861);
#1663=AXIS2_PLACEMENT_3D('',#2349,#1862,#1863);
#1664=AXIS2_PLACEMENT_3D('',#2350,#1864,#1865);
#1665=AXIS2_PLACEMENT_3D('',#2352,#1866,#1867);
#1666=AXIS2_PLACEMENT_3D('',#2356,#1869,#1870);
#1667=AXIS2_PLACEMENT_3D('',#2357,#1871,#1872);
#1668=AXIS2_PLACEMENT_3D('',#2358,#1873,#1874);
#1669=AXIS2_PLACEMENT_3D('',#2361,#1876,#1877);
#1670=AXIS2_PLACEMENT_3D('',#2362,#1878,#1879);
#1671=AXIS2_PLACEMENT_3D('',#2365,#1881,#1882);
#1672=AXIS2_PLACEMENT_3D('',#2366,#1883,#1884);
#1673=AXIS2_PLACEMENT_3D('',#2369,#1886,#1887);
#1674=AXIS2_PLACEMENT_3D('',#2370,#1888,#1889);
#1675=AXIS2_PLACEMENT_3D('',#2373,#1891,#1892);
#1676=AXIS2_PLACEMENT_3D('',#2374,#1893,#1894);
#1677=AXIS2_PLACEMENT_3D('',#2394,#1899,#1900);
#1678=AXIS2_PLACEMENT_3D('',#2414,#1905,#1906);
#1679=AXIS2_PLACEMENT_3D('',#2416,#1907,#1908);
#1680=AXIS2_PLACEMENT_3D('',#2418,#1909,#1910);
#1681=AXIS2_PLACEMENT_3D('',#2420,#1912,#1913);
#1682=AXIS2_PLACEMENT_3D('',#2431,#1919,#1920);
#1683=AXIS2_PLACEMENT_3D('',#2434,#1921,#1922);
#1684=AXIS2_PLACEMENT_3D('',#2440,#1925,#1926);
#1685=AXIS2_PLACEMENT_3D('',#2442,#1928,#1929);
#1686=AXIS2_PLACEMENT_3D('',#2453,#1935,#1936);
#1687=AXIS2_PLACEMENT_3D('',#2461,#1941,#1942);
#1688=AXIS2_PLACEMENT_3D('',#2463,#1943,#1944);
#1689=AXIS2_PLACEMENT_3D('',#2465,#1945,#1946);
#1690=AXIS2_PLACEMENT_3D('',#2469,#1949,#1950);
#1691=AXIS2_PLACEMENT_3D('',#2483,#1958,#1959);
#1692=AXIS2_PLACEMENT_3D('',#2497,#1967,#1968);
#1693=AXIS2_PLACEMENT_3D('',#2499,#1969,#1970);
#1694=AXIS2_PLACEMENT_3D('',#2500,#1971,#1972);
#1695=AXIS2_PLACEMENT_3D('',#2502,#1973,#1974);
#1696=AXIS2_PLACEMENT_3D('',#2506,#1976,#1977);
#1697=AXIS2_PLACEMENT_3D('',#2510,#1979,#1980);
#1698=AXIS2_PLACEMENT_3D('',#2512,#1982,#1983);
#1699=AXIS2_PLACEMENT_3D('',#2514,#1984,#1985);
#1700=AXIS2_PLACEMENT_3D('',#2516,#1987,#1988);
#1701=AXIS2_PLACEMENT_3D('',#2517,#1989,#1990);
#1702=AXIS2_PLACEMENT_3D('',#2519,#1991,#1992);
#1703=AXIS2_PLACEMENT_3D('',#2521,#1994,#1995);
#1704=AXIS2_PLACEMENT_3D('',#2523,#1996,#1997);
#1705=AXIS2_PLACEMENT_3D('',#2526,#1999,#2000);
#1706=AXIS2_PLACEMENT_3D('',#2527,#2001,#2002);
#1707=AXIS2_PLACEMENT_3D('',#2529,#2003,#2004);
#1708=AXIS2_PLACEMENT_3D('',#2531,#2005,#2006);
#1709=AXIS2_PLACEMENT_3D('',#2533,#2008,#2009);
#1710=AXIS2_PLACEMENT_3D('',#2537,#2011,#2012);
#1711=AXIS2_PLACEMENT_3D('',#2539,#2014,#2015);
#1712=AXIS2_PLACEMENT_3D('',#2543,#2018,#2019);
#1713=AXIS2_PLACEMENT_3D('',#2545,#2020,#2021);
#1714=AXIS2_PLACEMENT_3D('',#2547,#2023,#2024);
#1715=AXIS2_PLACEMENT_3D('',#2549,#2025,#2026);
#1716=AXIS2_PLACEMENT_3D('',#2551,#2028,#2029);
#1717=AXIS2_PLACEMENT_3D('',#2553,#2030,#2031);
#1718=AXIS2_PLACEMENT_3D('',#2555,#2033,#2034);
#1719=AXIS2_PLACEMENT_3D('',#2557,#2035,#2036);
#1720=AXIS2_PLACEMENT_3D('',#2561,#2039,#2040);
#1721=AXIS2_PLACEMENT_3D('',#2562,#2041,#2042);
#1722=AXIS2_PLACEMENT_3D('',#2566,#2045,#2046);
#1723=AXIS2_PLACEMENT_3D('',#2568,#2048,#2049);
#1724=AXIS2_PLACEMENT_3D('',#2572,#2052,#2053);
#1725=AXIS2_PLACEMENT_3D('',#2574,#2055,#2056);
#1726=AXIS2_PLACEMENT_3D('',#2576,#2057,#2058);
#1727=AXIS2_PLACEMENT_3D('',#2579,#2060,#2061);
#1728=AXIS2_PLACEMENT_3D('',#2580,#2062,#2063);
#1729=AXIS2_PLACEMENT_3D('',#2581,#2064,#2065);
#1730=AXIS2_PLACEMENT_3D('',#2584,#2067,#2068);
#1731=AXIS2_PLACEMENT_3D('',#2586,#2069,#2070);
#1732=AXIS2_PLACEMENT_3D('',#2588,#2072,#2073);
#1733=AXIS2_PLACEMENT_3D('',#2589,#2074,#2075);
#1734=AXIS2_PLACEMENT_3D('',#2590,#2076,#2077);
#1735=AXIS2_PLACEMENT_3D('',#2591,#2078,#2079);
#1736=AXIS2_PLACEMENT_3D('',#2592,#2080,#2081);
#1737=AXIS2_PLACEMENT_3D('',#2596,#2084,#2085);
#1738=AXIS2_PLACEMENT_3D('',#2600,#2087,#2088);
#1739=AXIS2_PLACEMENT_3D('',#2604,#2090,#2091);
#1740=AXIS2_PLACEMENT_3D('',#2606,#2092,#2093);
#1741=AXIS2_PLACEMENT_3D('',#2608,#2094,#2095);
#1742=AXIS2_PLACEMENT_3D('',#2610,#2097,#2098);
#1743=AXIS2_PLACEMENT_3D('',#2613,#2099,#2100);
#1744=AXIS2_PLACEMENT_3D('',#2616,#2103,#2104);
#1745=AXIS2_PLACEMENT_3D('',#2620,#2107,#2108);
#1746=AXIS2_PLACEMENT_3D('',#2622,#2109,#2110);
#1747=AXIS2_PLACEMENT_3D('',#2624,#2112,#2113);
#1748=AXIS2_PLACEMENT_3D('',#2626,#2114,#2115);
#1749=AXIS2_PLACEMENT_3D('',#2628,#2117,#2118);
#1750=AXIS2_PLACEMENT_3D('',#2630,#2119,#2120);
#1751=AXIS2_PLACEMENT_3D('',#2632,#2122,#2123);
#1752=AXIS2_PLACEMENT_3D('',#2634,#2125,#2126);
#1753=AXIS2_PLACEMENT_3D('',#2638,#2129,#2130);
#1754=AXIS2_PLACEMENT_3D('',#2640,#2132,#2133);
#1755=AXIS2_PLACEMENT_3D('',#2644,#2135,#2136);
#1756=AXIS2_PLACEMENT_3D('',#2646,#2137,#2138);
#1757=AXIS2_PLACEMENT_3D('',#2648,#2139,#2140);
#1758=AXIS2_PLACEMENT_3D('',#2652,#2142,#2143);
#1759=AXIS2_PLACEMENT_3D('',#2654,#2145,#2146);
#1760=AXIS2_PLACEMENT_3D('',#2657,#2147,#2148);
#1761=AXIS2_PLACEMENT_3D('',#2660,#2151,#2152);
#1762=AXIS2_PLACEMENT_3D('',#2664,#2155,#2156);
#1763=AXIS2_PLACEMENT_3D('',#2666,#2157,#2158);
#1764=AXIS2_PLACEMENT_3D('',#2668,#2160,#2161);
#1765=AXIS2_PLACEMENT_3D('',#2671,#2163,#2164);
#1766=AXIS2_PLACEMENT_3D('',#2672,#2165,#2166);
#1767=AXIS2_PLACEMENT_3D('',#2675,#2168,#2169);
#1768=AXIS2_PLACEMENT_3D('',#2676,#2170,#2171);
#1769=AXIS2_PLACEMENT_3D('',#2678,#2173,#2174);
#1770=AXIS2_PLACEMENT_3D('',#2680,#2176,#2177);
#1771=AXIS2_PLACEMENT_3D('',#2684,#2180,#2181);
#1772=AXIS2_PLACEMENT_3D('',#2688,#2183,#2184);
#1773=AXIS2_PLACEMENT_3D('',#2692,#2186,#2187);
#1774=AXIS2_PLACEMENT_3D('',#2694,#2188,#2189);
#1775=AXIS2_PLACEMENT_3D('',#2696,#2190,#2191);
#1776=AXIS2_PLACEMENT_3D('',#2698,#2193,#2194);
#1777=AXIS2_PLACEMENT_3D('',#2701,#2195,#2196);
#1778=AXIS2_PLACEMENT_3D('',#2704,#2199,#2200);
#1779=AXIS2_PLACEMENT_3D('',#2708,#2203,#2204);
#1780=AXIS2_PLACEMENT_3D('',#2710,#2205,#2206);
#1781=AXIS2_PLACEMENT_3D('',#2712,#2208,#2209);
#1782=AXIS2_PLACEMENT_3D('',#2714,#2210,#2211);
#1783=AXIS2_PLACEMENT_3D('',#2716,#2213,#2214);
#1784=AXIS2_PLACEMENT_3D('',#2718,#2215,#2216);
#1785=AXIS2_PLACEMENT_3D('',#2720,#2218,#2219);
#1786=AXIS2_PLACEMENT_3D('',#2722,#2221,#2222);
#1787=AXIS2_PLACEMENT_3D('',#2726,#2225,#2226);
#1788=AXIS2_PLACEMENT_3D('',#2728,#2228,#2229);
#1789=AXIS2_PLACEMENT_3D('',#2732,#2231,#2232);
#1790=AXIS2_PLACEMENT_3D('',#2734,#2233,#2234);
#1791=AXIS2_PLACEMENT_3D('',#2736,#2235,#2236);
#1792=AXIS2_PLACEMENT_3D('',#2740,#2238,#2239);
#1793=AXIS2_PLACEMENT_3D('',#2742,#2241,#2242);
#1794=AXIS2_PLACEMENT_3D('',#2745,#2243,#2244);
#1795=AXIS2_PLACEMENT_3D('',#2748,#2247,#2248);
#1796=AXIS2_PLACEMENT_3D('',#2752,#2251,#2252);
#1797=AXIS2_PLACEMENT_3D('',#2754,#2253,#2254);
#1798=AXIS2_PLACEMENT_3D('',#2756,#2256,#2257);
#1799=AXIS2_PLACEMENT_3D('',#2759,#2259,#2260);
#1800=AXIS2_PLACEMENT_3D('',#2760,#2261,#2262);
#1801=AXIS2_PLACEMENT_3D('',#2763,#2264,#2265);
#1802=AXIS2_PLACEMENT_3D('',#2764,#2266,#2267);
#1803=AXIS2_PLACEMENT_3D('',#2766,#2269,#2270);
#1804=AXIS2_PLACEMENT_3D('',#2768,#2272,#2273);
#1805=AXIS2_PLACEMENT_3D('',#2772,#2276,#2277);
#1806=AXIS2_PLACEMENT_3D('',#2775,#2279,#2280);
#1807=AXIS2_PLACEMENT_3D('',#2776,#2281,#2282);
#1808=AXIS2_PLACEMENT_3D('',#2786,#2288,#2289);
#1809=AXIS2_PLACEMENT_3D('',#2787,#2290,#2291);
#1810=AXIS2_PLACEMENT_3D('',#2793,#2295,#2296);
#1811=AXIS2_PLACEMENT_3D('',#2797,#2299,#2300);
#1812=AXIS2_PLACEMENT_3D('',#2801,#2303,#2304);
#1813=AXIS2_PLACEMENT_3D('',#2803,#2306,#2307);
#1814=AXIS2_PLACEMENT_3D('',#2804,#2308,#2309);
#1815=DIRECTION('axis',(0.,0.,1.));
#1816=DIRECTION('refdir',(1.,0.,0.));
#1817=DIRECTION('axis',(0.,0.,1.));
#1818=DIRECTION('refdir',(1.,0.,0.));
#1819=DIRECTION('center_axis',(0.,0.,1.));
#1820=DIRECTION('ref_axis',(-1.,0.,0.));
#1821=DIRECTION('center_axis',(0.,0.,1.));
#1822=DIRECTION('ref_axis',(-1.,0.,0.));
#1823=DIRECTION('',(0.,0.,1.));
#1824=DIRECTION('center_axis',(0.,0.,1.));
#1825=DIRECTION('ref_axis',(-1.,0.,0.));
#1826=DIRECTION('center_axis',(0.,0.,-1.));
#1827=DIRECTION('ref_axis',(-1.,0.,0.));
#1828=DIRECTION('center_axis',(0.,0.,1.));
#1829=DIRECTION('ref_axis',(-1.,0.,0.));
#1830=DIRECTION('center_axis',(0.,0.,1.));
#1831=DIRECTION('ref_axis',(-1.,0.,0.));
#1832=DIRECTION('',(0.,0.,1.));
#1833=DIRECTION('center_axis',(0.,0.,1.));
#1834=DIRECTION('ref_axis',(-1.,0.,0.));
#1835=DIRECTION('center_axis',(0.,0.,-1.));
#1836=DIRECTION('ref_axis',(-1.,0.,0.));
#1837=DIRECTION('center_axis',(0.,1.,0.));
#1838=DIRECTION('ref_axis',(0.,0.,1.));
#1839=DIRECTION('center_axis',(0.,-1.,0.));
#1840=DIRECTION('ref_axis',(0.,0.,1.));
#1841=DIRECTION('',(-8.65956056235493E-17,-0.707106781186548,0.707106781186548));
#1842=DIRECTION('center_axis',(0.,1.,0.));
#1843=DIRECTION('ref_axis',(-1.,0.,0.));
#1844=DIRECTION('center_axis',(0.,1.,0.));
#1845=DIRECTION('ref_axis',(-1.,0.,0.));
#1846=DIRECTION('center_axis',(0.,1.,0.));
#1847=DIRECTION('ref_axis',(0.,0.,1.));
#1848=DIRECTION('center_axis',(0.,-1.,0.));
#1849=DIRECTION('ref_axis',(0.,0.,1.));
#1850=DIRECTION('',(-8.65956056235493E-17,-0.707106781186548,0.707106781186548));
#1851=DIRECTION('center_axis',(0.,1.,0.));
#1852=DIRECTION('ref_axis',(-1.,0.,0.));
#1853=DIRECTION('center_axis',(0.,1.,0.));
#1854=DIRECTION('ref_axis',(-1.,0.,0.));
#1855=DIRECTION('center_axis',(0.,1.,0.));
#1856=DIRECTION('ref_axis',(0.,0.,1.));
#1857=DIRECTION('center_axis',(0.,-1.,0.));
#1858=DIRECTION('ref_axis',(0.,0.,1.));
#1859=DIRECTION('',(-8.65956056235493E-17,-0.707106781186548,0.707106781186548));
#1860=DIRECTION('center_axis',(0.,1.,0.));
#1861=DIRECTION('ref_axis',(-1.,0.,0.));
#1862=DIRECTION('center_axis',(0.,1.,0.));
#1863=DIRECTION('ref_axis',(-1.,0.,0.));
#1864=DIRECTION('center_axis',(0.,1.,0.));
#1865=DIRECTION('ref_axis',(0.,0.,1.));
#1866=DIRECTION('center_axis',(0.,-1.,0.));
#1867=DIRECTION('ref_axis',(0.,0.,1.));
#1868=DIRECTION('',(-8.65956056235493E-17,-0.707106781186548,0.707106781186548));
#1869=DIRECTION('center_axis',(0.,1.,0.));
#1870=DIRECTION('ref_axis',(-1.,0.,0.));
#1871=DIRECTION('center_axis',(0.,1.,0.));
#1872=DIRECTION('ref_axis',(-1.,0.,0.));
#1873=DIRECTION('center_axis',(0.,-1.,0.));
#1874=DIRECTION('ref_axis',(-1.,0.,0.));
#1875=DIRECTION('',(0.,-1.,0.));
#1876=DIRECTION('center_axis',(0.,1.,0.));
#1877=DIRECTION('ref_axis',(-1.,0.,0.));
#1878=DIRECTION('center_axis',(0.,-1.,0.));
#1879=DIRECTION('ref_axis',(-1.,0.,0.));
#1880=DIRECTION('',(0.,-1.,0.));
#1881=DIRECTION('center_axis',(0.,1.,0.));
#1882=DIRECTION('ref_axis',(-1.,0.,0.));
#1883=DIRECTION('center_axis',(0.,-1.,0.));
#1884=DIRECTION('ref_axis',(-1.,0.,0.));
#1885=DIRECTION('',(0.,-1.,0.));
#1886=DIRECTION('center_axis',(0.,1.,0.));
#1887=DIRECTION('ref_axis',(-1.,0.,0.));
#1888=DIRECTION('center_axis',(0.,-1.,0.));
#1889=DIRECTION('ref_axis',(-1.,0.,0.));
#1890=DIRECTION('',(0.,-1.,0.));
#1891=DIRECTION('center_axis',(0.,1.,0.));
#1892=DIRECTION('ref_axis',(-1.,0.,0.));
#1893=DIRECTION('center_axis',(0.,0.,-1.));
#1894=DIRECTION('ref_axis',(-1.,0.,0.));
#1895=DIRECTION('',(1.,0.,0.));
#1896=DIRECTION('',(0.,-1.,0.));
#1897=DIRECTION('',(1.,0.,0.));
#1898=DIRECTION('',(0.,-1.,0.));
#1899=DIRECTION('center_axis',(0.,0.,-1.));
#1900=DIRECTION('ref_axis',(-1.,0.,0.));
#1901=DIRECTION('',(1.,0.,0.));
#1902=DIRECTION('',(0.,1.,0.));
#1903=DIRECTION('',(1.,0.,0.));
#1904=DIRECTION('',(0.,1.,0.));
#1905=DIRECTION('center_axis',(0.,1.,0.));
#1906=DIRECTION('ref_axis',(0.707106781186548,0.,-0.707106781186548));
#1907=DIRECTION('center_axis',(0.,-1.,0.));
#1908=DIRECTION('ref_axis',(0.707106781186548,0.,-0.707106781186548));
#1909=DIRECTION('center_axis',(0.,-1.,0.));
#1910=DIRECTION('ref_axis',(0.707106781186548,0.,-0.707106781186548));
#1911=DIRECTION('',(0.,-1.,0.));
#1912=DIRECTION('center_axis',(1.30614473485313E-16,0.,1.));
#1913=DIRECTION('ref_axis',(1.,0.,-1.30614473485313E-16));
#1914=DIRECTION('',(-1.,0.,1.30614473485313E-16));
#1915=DIRECTION('',(0.,1.,0.));
#1916=DIRECTION('',(1.,0.,-1.30614473485313E-16));
#1917=DIRECTION('',(1.,0.,-1.30614473485313E-16));
#1918=DIRECTION('',(0.,1.,0.));
#1919=DIRECTION('center_axis',(0.,1.,0.));
#1920=DIRECTION('ref_axis',(-0.707106781186548,0.,-0.707106781186548));
#1921=DIRECTION('center_axis',(0.,1.,0.));
#1922=DIRECTION('ref_axis',(-0.707106781186548,0.,-0.707106781186548));
#1923=DIRECTION('',(0.,1.,0.));
#1924=DIRECTION('',(0.,-1.,0.));
#1925=DIRECTION('center_axis',(0.,-1.,0.));
#1926=DIRECTION('ref_axis',(-0.707106781186548,0.,-0.707106781186548));
#1927=DIRECTION('',(0.,1.,0.));
#1928=DIRECTION('center_axis',(1.,0.,0.));
#1929=DIRECTION('ref_axis',(0.,0.,-1.));
#1930=DIRECTION('',(0.,0.,-1.));
#1931=DIRECTION('',(0.,1.,0.));
#1932=DIRECTION('',(0.,0.,-1.));
#1933=DIRECTION('',(0.,0.,-1.));
#1934=DIRECTION('',(0.,-1.,0.));
#1935=DIRECTION('center_axis',(-1.,0.,0.));
#1936=DIRECTION('ref_axis',(0.,0.,1.));
#1937=DIRECTION('',(0.,0.,1.));
#1938=DIRECTION('',(0.,0.,1.));
#1939=DIRECTION('',(0.,0.,1.));
#1940=DIRECTION('',(0.,-1.,0.));
#1941=DIRECTION('center_axis',(0.,1.,0.));
#1942=DIRECTION('ref_axis',(-0.707106781186548,0.,0.707106781186548));
#1943=DIRECTION('center_axis',(0.,1.,0.));
#1944=DIRECTION('ref_axis',(-0.707106781186548,0.,0.707106781186548));
#1945=DIRECTION('center_axis',(0.,-1.,0.));
#1946=DIRECTION('ref_axis',(-0.707106781186548,0.,0.707106781186548));
#1947=DIRECTION('',(0.,1.,0.));
#1948=DIRECTION('',(0.,1.,0.));
#1949=DIRECTION('center_axis',(0.,0.,1.));
#1950=DIRECTION('ref_axis',(1.,0.,0.));
#1951=DIRECTION('',(1.,0.,0.));
#1952=DIRECTION('',(1.,0.,0.));
#1953=DIRECTION('',(0.,-1.,0.));
#1954=DIRECTION('',(-1.,0.,0.));
#1955=DIRECTION('',(0.,1.,0.));
#1956=DIRECTION('',(1.,0.,0.));
#1957=DIRECTION('',(0.,1.,0.));
#1958=DIRECTION('center_axis',(0.,0.,-1.));
#1959=DIRECTION('ref_axis',(-1.,0.,0.));
#1960=DIRECTION('',(-1.,0.,0.));
#1961=DIRECTION('',(0.,1.,0.));
#1962=DIRECTION('',(-1.,0.,0.));
#1963=DIRECTION('',(1.,0.,0.));
#1964=DIRECTION('',(0.,1.,0.));
#1965=DIRECTION('',(-1.,0.,0.));
#1966=DIRECTION('',(0.,1.,0.));
#1967=DIRECTION('center_axis',(0.,1.,0.));
#1968=DIRECTION('ref_axis',(0.,0.,1.));
#1969=DIRECTION('center_axis',(0.,-1.,0.));
#1970=DIRECTION('ref_axis',(-0.91578947368421,0.,-0.401658611122925));
#1971=DIRECTION('center_axis',(0.,-1.,0.));
#1972=DIRECTION('ref_axis',(0.707106781186548,0.,-0.707106781186548));
#1973=DIRECTION('center_axis',(0.,-1.,0.));
#1974=DIRECTION('ref_axis',(-0.91578947368421,0.,-0.401658611122925));
#1975=DIRECTION('',(-2.92163953848725E-17,0.,1.));
#1976=DIRECTION('center_axis',(0.,-1.,0.));
#1977=DIRECTION('ref_axis',(1.,0.,0.));
#1978=DIRECTION('',(1.,0.,-1.30614473485313E-16));
#1979=DIRECTION('center_axis',(0.,-1.,0.));
#1980=DIRECTION('ref_axis',(-4.75809867696495E-15,0.,-1.));
#1981=DIRECTION('',(2.92163953848725E-17,0.,-1.));
#1982=DIRECTION('center_axis',(0.,1.,0.));
#1983=DIRECTION('ref_axis',(0.707106781186548,0.,0.707106781186548));
#1984=DIRECTION('center_axis',(0.,1.,0.));
#1985=DIRECTION('ref_axis',(0.707106781186548,0.,0.707106781186548));
#1986=DIRECTION('',(0.,1.,0.));
#1987=DIRECTION('center_axis',(0.,-1.,0.));
#1988=DIRECTION('ref_axis',(0.707106781186548,0.,0.707106781186548));
#1989=DIRECTION('center_axis',(0.,1.,0.));
#1990=DIRECTION('ref_axis',(0.707106781186548,0.,-0.707106781186548));
#1991=DIRECTION('center_axis',(0.,1.,0.));
#1992=DIRECTION('ref_axis',(0.707106781186548,0.,-0.707106781186548));
#1993=DIRECTION('',(0.,1.,0.));
#1994=DIRECTION('center_axis',(0.,1.,0.));
#1995=DIRECTION('ref_axis',(-1.,0.,0.));
#1996=DIRECTION('center_axis',(0.,-1.,0.));
#1997=DIRECTION('ref_axis',(-1.,0.,0.));
#1998=DIRECTION('',(0.,1.,0.));
#1999=DIRECTION('center_axis',(0.,1.,0.));
#2000=DIRECTION('ref_axis',(-1.,0.,0.));
#2001=DIRECTION('center_axis',(0.,1.,0.));
#2002=DIRECTION('ref_axis',(4.75809867696495E-15,0.,1.));
#2003=DIRECTION('center_axis',(0.,-1.,0.));
#2004=DIRECTION('ref_axis',(4.75809867696495E-15,0.,1.));
#2005=DIRECTION('center_axis',(0.,1.,0.));
#2006=DIRECTION('ref_axis',(4.75809867696495E-15,0.,1.));
#2007=DIRECTION('',(0.,1.,0.));
#2008=DIRECTION('center_axis',(0.,1.,0.));
#2009=DIRECTION('ref_axis',(1.,0.,0.));
#2010=DIRECTION('',(0.,1.,0.));
#2011=DIRECTION('center_axis',(0.,1.,0.));
#2012=DIRECTION('ref_axis',(1.,0.,0.));
#2013=DIRECTION('',(0.,1.,0.));
#2014=DIRECTION('center_axis',(-1.30614473485313E-16,0.,-1.));
#2015=DIRECTION('ref_axis',(-1.,0.,1.30614473485313E-16));
#2016=DIRECTION('',(-1.,0.,1.30614473485313E-16));
#2017=DIRECTION('',(0.,1.,0.));
#2018=DIRECTION('center_axis',(0.,1.,0.));
#2019=DIRECTION('ref_axis',(-4.75809867696495E-15,0.,-1.));
#2020=DIRECTION('center_axis',(0.,1.,0.));
#2021=DIRECTION('ref_axis',(-4.75809867696495E-15,0.,-1.));
#2022=DIRECTION('',(0.,1.,0.));
#2023=DIRECTION('center_axis',(0.,1.,0.));
#2024=DIRECTION('ref_axis',(-1.,0.,0.));
#2025=DIRECTION('center_axis',(0.,-1.,0.));
#2026=DIRECTION('ref_axis',(-0.91578947368421,0.,-0.401658611122925));
#2027=DIRECTION('',(-2.92163953848725E-17,0.,1.));
#2028=DIRECTION('center_axis',(0.,1.,0.));
#2029=DIRECTION('ref_axis',(-1.,0.,0.));
#2030=DIRECTION('center_axis',(0.,-1.,0.));
#2031=DIRECTION('ref_axis',(-0.91578947368421,0.,-0.401658611122925));
#2032=DIRECTION('',(2.92163953848725E-17,0.,-1.));
#2033=DIRECTION('center_axis',(0.,1.,0.));
#2034=DIRECTION('ref_axis',(0.,0.,1.));
#2035=DIRECTION('center_axis',(0.,-1.,0.));
#2036=DIRECTION('ref_axis',(-0.91578947368421,0.,-0.401658611122925));
#2037=DIRECTION('',(2.92163953848725E-17,0.,-1.));
#2038=DIRECTION('',(-2.92163953848725E-17,0.,1.));
#2039=DIRECTION('center_axis',(0.,-1.,0.));
#2040=DIRECTION('ref_axis',(-0.91578947368421,0.,-0.401658611122925));
#2041=DIRECTION('center_axis',(1.,0.,2.92163953848725E-17));
#2042=DIRECTION('ref_axis',(2.92163953848725E-17,0.,-1.));
#2043=DIRECTION('',(0.,-1.,0.));
#2044=DIRECTION('',(2.92163953848725E-17,0.,-1.));
#2045=DIRECTION('center_axis',(1.,0.,2.92163953848725E-17));
#2046=DIRECTION('ref_axis',(2.92163953848725E-17,0.,-1.));
#2047=DIRECTION('',(0.,1.,0.));
#2048=DIRECTION('center_axis',(-1.,0.,-2.92163953848725E-17));
#2049=DIRECTION('ref_axis',(-2.92163953848725E-17,0.,1.));
#2050=DIRECTION('',(0.,1.,0.));
#2051=DIRECTION('',(-2.92163953848725E-17,0.,1.));
#2052=DIRECTION('center_axis',(-1.,0.,-2.92163953848725E-17));
#2053=DIRECTION('ref_axis',(-2.92163953848725E-17,0.,1.));
#2054=DIRECTION('',(0.,-1.,0.));
#2055=DIRECTION('center_axis',(0.,1.,0.));
#2056=DIRECTION('ref_axis',(-0.707106781186548,0.,-0.707106781186548));
#2057=DIRECTION('center_axis',(0.,-1.,0.));
#2058=DIRECTION('ref_axis',(-0.707106781186548,0.,-0.707106781186548));
#2059=DIRECTION('',(0.,1.,0.));
#2060=DIRECTION('center_axis',(0.,-1.,0.));
#2061=DIRECTION('ref_axis',(-0.707106781186548,0.,-0.707106781186548));
#2062=DIRECTION('center_axis',(0.,1.,0.));
#2063=DIRECTION('ref_axis',(-1.,0.,0.));
#2064=DIRECTION('center_axis',(0.,-1.,0.));
#2065=DIRECTION('ref_axis',(0.770538243626071,0.,-0.637393767705372));
#2066=DIRECTION('',(1.15838361163634E-16,0.,-1.));
#2067=DIRECTION('center_axis',(0.,-1.,0.));
#2068=DIRECTION('ref_axis',(-0.91578947368421,0.,-0.401658611122925));
#2069=DIRECTION('center_axis',(0.,-1.,0.));
#2070=DIRECTION('ref_axis',(-0.91578947368421,0.,-0.401658611122925));
#2071=DIRECTION('',(-2.31676722327268E-16,0.,1.));
#2072=DIRECTION('center_axis',(0.,1.,0.));
#2073=DIRECTION('ref_axis',(0.770538243626071,0.,-0.637393767705372));
#2074=DIRECTION('center_axis',(0.,1.,0.));
#2075=DIRECTION('ref_axis',(2.43735121535791E-17,0.,-1.));
#2076=DIRECTION('center_axis',(0.,1.,0.));
#2077=DIRECTION('ref_axis',(1.22464679914735E-16,0.,-1.));
#2078=DIRECTION('center_axis',(0.,1.,0.));
#2079=DIRECTION('ref_axis',(0.,0.,1.));
#2080=DIRECTION('center_axis',(-1.,0.,0.));
#2081=DIRECTION('ref_axis',(0.,0.,-1.));
#2082=DIRECTION('',(0.,0.,1.));
#2083=DIRECTION('',(0.,0.14142135623731,0.989949493661167));
#2084=DIRECTION('center_axis',(0.,-1.,0.));
#2085=DIRECTION('ref_axis',(-1.,0.,0.));
#2086=DIRECTION('',(0.,0.,-1.));
#2087=DIRECTION('center_axis',(0.,1.,0.));
#2088=DIRECTION('ref_axis',(-0.707106781186548,0.,-0.707106781186547));
#2089=DIRECTION('',(-1.,0.,0.));
#2090=DIRECTION('center_axis',(0.,1.,0.));
#2091=DIRECTION('ref_axis',(0.,0.,1.));
#2092=DIRECTION('center_axis',(0.,1.,0.));
#2093=DIRECTION('ref_axis',(1.,0.,0.));
#2094=DIRECTION('center_axis',(0.,1.,0.));
#2095=DIRECTION('ref_axis',(0.,0.,1.));
#2096=DIRECTION('',(-1.,0.,0.));
#2097=DIRECTION('center_axis',(0.,1.,0.));
#2098=DIRECTION('ref_axis',(-0.707106781186548,0.,-0.707106781186547));
#2099=DIRECTION('center_axis',(0.,1.,0.));
#2100=DIRECTION('ref_axis',(-0.707106781186548,0.,-0.707106781186547));
#2101=DIRECTION('',(0.,1.,0.));
#2102=DIRECTION('',(0.,-1.,0.));
#2103=DIRECTION('center_axis',(0.,0.,1.));
#2104=DIRECTION('ref_axis',(-1.,0.,0.));
#2105=DIRECTION('',(-1.,0.,0.));
#2106=DIRECTION('',(0.,-1.,0.));
#2107=DIRECTION('center_axis',(0.,-1.,0.));
#2108=DIRECTION('ref_axis',(0.,0.,1.));
#2109=DIRECTION('center_axis',(0.,1.,0.));
#2110=DIRECTION('ref_axis',(0.,0.,1.));
#2111=DIRECTION('',(0.,1.,0.));
#2112=DIRECTION('center_axis',(0.,1.,0.));
#2113=DIRECTION('ref_axis',(-1.83697019872103E-16,0.,1.));
#2114=DIRECTION('center_axis',(0.,-1.,0.));
#2115=DIRECTION('ref_axis',(1.,0.,0.));
#2116=DIRECTION('',(0.,-1.,0.));
#2117=DIRECTION('center_axis',(0.,1.,0.));
#2118=DIRECTION('ref_axis',(0.,0.,1.));
#2119=DIRECTION('center_axis',(0.,1.,0.));
#2120=DIRECTION('ref_axis',(0.,0.,1.));
#2121=DIRECTION('',(0.,1.,0.));
#2122=DIRECTION('center_axis',(1.,0.,0.));
#2123=DIRECTION('ref_axis',(0.,0.,1.));
#2124=DIRECTION('',(0.,0.,1.));
#2125=DIRECTION('center_axis',(0.,0.989949493661167,-0.14142135623731));
#2126=DIRECTION('ref_axis',(0.,-0.14142135623731,-0.989949493661167));
#2127=DIRECTION('',(0.,0.14142135623731,0.989949493661167));
#2128=DIRECTION('',(1.,0.,0.));
#2129=DIRECTION('center_axis',(-1.,0.,0.));
#2130=DIRECTION('ref_axis',(0.,0.,-1.));
#2131=DIRECTION('',(0.,0.,1.));
#2132=DIRECTION('center_axis',(0.,1.,0.));
#2133=DIRECTION('ref_axis',(1.,0.,0.));
#2134=DIRECTION('',(1.,0.,0.));
#2135=DIRECTION('center_axis',(0.,-1.,0.));
#2136=DIRECTION('ref_axis',(0.,0.,1.));
#2137=DIRECTION('center_axis',(0.,-1.,0.));
#2138=DIRECTION('ref_axis',(-1.,0.,0.));
#2139=DIRECTION('center_axis',(0.,-1.,0.));
#2140=DIRECTION('ref_axis',(0.,0.,1.));
#2141=DIRECTION('',(1.,0.,0.));
#2142=DIRECTION('center_axis',(0.,-1.,0.));
#2143=DIRECTION('ref_axis',(0.707106781186548,0.,-0.707106781186547));
#2144=DIRECTION('',(0.,0.,-1.));
#2145=DIRECTION('center_axis',(0.,-1.,0.));
#2146=DIRECTION('ref_axis',(0.707106781186548,0.,-0.707106781186547));
#2147=DIRECTION('center_axis',(0.,1.,0.));
#2148=DIRECTION('ref_axis',(0.707106781186548,0.,-0.707106781186547));
#2149=DIRECTION('',(0.,-1.,0.));
#2150=DIRECTION('',(0.,1.,0.));
#2151=DIRECTION('center_axis',(0.,0.,-1.));
#2152=DIRECTION('ref_axis',(1.,0.,0.));
#2153=DIRECTION('',(0.,-1.,0.));
#2154=DIRECTION('',(-1.,0.,0.));
#2155=DIRECTION('center_axis',(0.,1.,0.));
#2156=DIRECTION('ref_axis',(0.,0.,1.));
#2157=DIRECTION('center_axis',(0.,1.,0.));
#2158=DIRECTION('ref_axis',(0.,0.,1.));
#2159=DIRECTION('',(0.,1.,0.));
#2160=DIRECTION('center_axis',(0.,-1.,0.));
#2161=DIRECTION('ref_axis',(1.83697019872103E-16,0.,1.));
#2162=DIRECTION('',(0.,-1.,0.));
#2163=DIRECTION('center_axis',(0.,-1.,0.));
#2164=DIRECTION('ref_axis',(-1.,0.,0.));
#2165=DIRECTION('center_axis',(0.,-1.,0.));
#2166=DIRECTION('ref_axis',(0.,0.,1.));
#2167=DIRECTION('',(0.,1.,0.));
#2168=DIRECTION('center_axis',(0.,1.,0.));
#2169=DIRECTION('ref_axis',(0.,0.,1.));
#2170=DIRECTION('center_axis',(0.,0.,-1.));
#2171=DIRECTION('ref_axis',(1.,0.,0.));
#2172=DIRECTION('',(-1.,0.,0.));
#2173=DIRECTION('center_axis',(1.,0.,0.));
#2174=DIRECTION('ref_axis',(0.,0.,1.));
#2175=DIRECTION('',(0.,0.,-1.));
#2176=DIRECTION('center_axis',(1.,0.,0.));
#2177=DIRECTION('ref_axis',(0.,0.,1.));
#2178=DIRECTION('',(0.,0.,-1.));
#2179=DIRECTION('',(0.,0.14142135623731,-0.989949493661167));
#2180=DIRECTION('center_axis',(0.,-1.,0.));
#2181=DIRECTION('ref_axis',(1.,0.,0.));
#2182=DIRECTION('',(0.,0.,1.));
#2183=DIRECTION('center_axis',(0.,1.,0.));
#2184=DIRECTION('ref_axis',(0.707106781186548,0.,0.707106781186547));
#2185=DIRECTION('',(1.,0.,0.));
#2186=DIRECTION('center_axis',(0.,1.,0.));
#2187=DIRECTION('ref_axis',(0.,0.,-1.));
#2188=DIRECTION('center_axis',(0.,1.,0.));
#2189=DIRECTION('ref_axis',(-1.,0.,0.));
#2190=DIRECTION('center_axis',(0.,1.,0.));
#2191=DIRECTION('ref_axis',(0.,0.,-1.));
#2192=DIRECTION('',(1.,0.,0.));
#2193=DIRECTION('center_axis',(0.,1.,0.));
#2194=DIRECTION('ref_axis',(0.707106781186548,0.,0.707106781186547));
#2195=DIRECTION('center_axis',(0.,1.,0.));
#2196=DIRECTION('ref_axis',(0.707106781186548,0.,0.707106781186547));
#2197=DIRECTION('',(0.,1.,0.));
#2198=DIRECTION('',(0.,-1.,0.));
#2199=DIRECTION('center_axis',(0.,0.,-1.));
#2200=DIRECTION('ref_axis',(1.,0.,0.));
#2201=DIRECTION('',(1.,0.,0.));
#2202=DIRECTION('',(0.,-1.,0.));
#2203=DIRECTION('center_axis',(0.,-1.,0.));
#2204=DIRECTION('ref_axis',(0.,0.,-1.));
#2205=DIRECTION('center_axis',(0.,1.,0.));
#2206=DIRECTION('ref_axis',(0.,0.,-1.));
#2207=DIRECTION('',(0.,1.,0.));
#2208=DIRECTION('center_axis',(0.,1.,0.));
#2209=DIRECTION('ref_axis',(1.83697019872103E-16,0.,-1.));
#2210=DIRECTION('center_axis',(0.,-1.,0.));
#2211=DIRECTION('ref_axis',(-1.,0.,0.));
#2212=DIRECTION('',(0.,-1.,0.));
#2213=DIRECTION('center_axis',(0.,1.,0.));
#2214=DIRECTION('ref_axis',(0.,0.,-1.));
#2215=DIRECTION('center_axis',(0.,1.,0.));
#2216=DIRECTION('ref_axis',(0.,0.,-1.));
#2217=DIRECTION('',(0.,1.,0.));
#2218=DIRECTION('center_axis',(-1.,0.,0.));
#2219=DIRECTION('ref_axis',(0.,0.,-1.));
#2220=DIRECTION('',(0.,0.,-1.));
#2221=DIRECTION('center_axis',(0.,0.989949493661167,0.14142135623731));
#2222=DIRECTION('ref_axis',(0.,-0.14142135623731,0.989949493661167));
#2223=DIRECTION('',(0.,0.14142135623731,-0.989949493661167));
#2224=DIRECTION('',(-1.,0.,0.));
#2225=DIRECTION('center_axis',(1.,0.,0.));
#2226=DIRECTION('ref_axis',(0.,0.,1.));
#2227=DIRECTION('',(0.,0.,-1.));
#2228=DIRECTION('center_axis',(0.,1.,0.));
#2229=DIRECTION('ref_axis',(-1.,0.,0.));
#2230=DIRECTION('',(-1.,0.,0.));
#2231=DIRECTION('center_axis',(0.,-1.,0.));
#2232=DIRECTION('ref_axis',(0.,0.,-1.));
#2233=DIRECTION('center_axis',(0.,-1.,0.));
#2234=DIRECTION('ref_axis',(1.,0.,0.));
#2235=DIRECTION('center_axis',(0.,-1.,0.));
#2236=DIRECTION('ref_axis',(0.,0.,-1.));
#2237=DIRECTION('',(-1.,0.,0.));
#2238=DIRECTION('center_axis',(0.,-1.,0.));
#2239=DIRECTION('ref_axis',(-0.707106781186548,0.,0.707106781186547));
#2240=DIRECTION('',(0.,0.,1.));
#2241=DIRECTION('center_axis',(0.,-1.,0.));
#2242=DIRECTION('ref_axis',(-0.707106781186548,0.,0.707106781186547));
#2243=DIRECTION('center_axis',(0.,1.,0.));
#2244=DIRECTION('ref_axis',(-0.707106781186548,0.,0.707106781186547));
#2245=DIRECTION('',(0.,-1.,0.));
#2246=DIRECTION('',(0.,1.,0.));
#2247=DIRECTION('center_axis',(0.,0.,1.));
#2248=DIRECTION('ref_axis',(-1.,0.,0.));
#2249=DIRECTION('',(0.,-1.,0.));
#2250=DIRECTION('',(1.,0.,0.));
#2251=DIRECTION('center_axis',(0.,1.,0.));
#2252=DIRECTION('ref_axis',(0.,0.,-1.));
#2253=DIRECTION('center_axis',(0.,1.,0.));
#2254=DIRECTION('ref_axis',(0.,0.,-1.));
#2255=DIRECTION('',(0.,1.,0.));
#2256=DIRECTION('center_axis',(0.,-1.,0.));
#2257=DIRECTION('ref_axis',(-1.83697019872103E-16,0.,-1.));
#2258=DIRECTION('',(0.,-1.,0.));
#2259=DIRECTION('center_axis',(0.,-1.,0.));
#2260=DIRECTION('ref_axis',(1.,0.,0.));
#2261=DIRECTION('center_axis',(0.,-1.,0.));
#2262=DIRECTION('ref_axis',(0.,0.,-1.));
#2263=DIRECTION('',(0.,1.,0.));
#2264=DIRECTION('center_axis',(0.,1.,0.));
#2265=DIRECTION('ref_axis',(0.,0.,-1.));
#2266=DIRECTION('center_axis',(0.,0.,1.));
#2267=DIRECTION('ref_axis',(-1.,0.,0.));
#2268=DIRECTION('',(1.,0.,0.));
#2269=DIRECTION('center_axis',(-1.,0.,0.));
#2270=DIRECTION('ref_axis',(0.,0.,-1.));
#2271=DIRECTION('',(0.,0.,1.));
#2272=DIRECTION('center_axis',(-1.,0.,-2.31676722327268E-16));
#2273=DIRECTION('ref_axis',(2.31676722327268E-16,0.,-1.));
#2274=DIRECTION('',(0.,-1.,0.));
#2275=DIRECTION('',(-5.19178076369528E-17,0.,1.));
#2276=DIRECTION('center_axis',(0.,-1.,0.));
#2277=DIRECTION('ref_axis',(8.18059070776431E-16,0.,1.));
#2278=DIRECTION('',(0.,-1.,0.));
#2279=DIRECTION('center_axis',(0.,-1.,0.));
#2280=DIRECTION('ref_axis',(-0.91578947368421,0.,-0.401658611122925));
#2281=DIRECTION('center_axis',(0.,1.,0.));
#2282=DIRECTION('ref_axis',(-1.,0.,0.));
#2283=DIRECTION('',(0.,0.,-1.));
#2284=DIRECTION('',(-1.,0.,0.));
#2285=DIRECTION('',(0.,0.,1.));
#2286=DIRECTION('',(1.,0.,0.));
#2287=DIRECTION('',(1.15838361163634E-16,0.,-1.));
#2288=DIRECTION('center_axis',(1.,0.,1.15838361163634E-16));
#2289=DIRECTION('ref_axis',(-1.15838361163634E-16,0.,1.));
#2290=DIRECTION('center_axis',(0.,0.,-1.));
#2291=DIRECTION('ref_axis',(1.,0.,0.));
#2292=DIRECTION('',(0.,-1.,0.));
#2293=DIRECTION('',(1.,0.,0.));
#2294=DIRECTION('',(0.,-1.,0.));
#2295=DIRECTION('center_axis',(-1.,0.,0.));
#2296=DIRECTION('ref_axis',(0.,0.,-1.));
#2297=DIRECTION('',(0.,0.,-1.));
#2298=DIRECTION('',(0.,-1.,0.));
#2299=DIRECTION('center_axis',(0.,0.,1.));
#2300=DIRECTION('ref_axis',(-1.,0.,0.));
#2301=DIRECTION('',(-1.,0.,0.));
#2302=DIRECTION('',(0.,-1.,0.));
#2303=DIRECTION('center_axis',(1.,0.,0.));
#2304=DIRECTION('ref_axis',(0.,0.,1.));
#2305=DIRECTION('',(0.,0.,1.));
#2306=DIRECTION('center_axis',(0.,1.,0.));
#2307=DIRECTION('ref_axis',(-1.,0.,0.));
#2308=DIRECTION('',(0.,0.,1.));
#2309=DIRECTION('',(1.,0.,0.));
#2310=CARTESIAN_POINT('',(0.,0.,0.));
#2311=CARTESIAN_POINT('',(0.,0.,0.));
#2312=CARTESIAN_POINT('Origin',(9.847,32.3,-30.));
#2313=CARTESIAN_POINT('',(11.447,32.3,-30.));
#2314=CARTESIAN_POINT('Origin',(9.847,32.3,-30.));
#2315=CARTESIAN_POINT('',(11.447,32.3,-25.5));
#2316=CARTESIAN_POINT('',(11.447,32.3,-30.));
#2317=CARTESIAN_POINT('Origin',(9.847,32.3,-25.5));
#2318=CARTESIAN_POINT('Origin',(9.847,32.3,-25.5));
#2319=CARTESIAN_POINT('Origin',(-10.153,32.3,-30.));
#2320=CARTESIAN_POINT('',(-8.553,32.3,-30.));
#2321=CARTESIAN_POINT('Origin',(-10.153,32.3,-30.));
#2322=CARTESIAN_POINT('',(-8.553,32.3,-25.5));
#2323=CARTESIAN_POINT('',(-8.553,32.3,-30.));
#2324=CARTESIAN_POINT('Origin',(-10.153,32.3,-25.5));
#2325=CARTESIAN_POINT('Origin',(-10.153,32.3,-25.5));
#2326=CARTESIAN_POINT('Origin',(-14.5,36.7,25.));
#2327=CARTESIAN_POINT('',(-14.5,37.3,22.2));
#2328=CARTESIAN_POINT('Origin',(-14.5,37.3,25.));
#2329=CARTESIAN_POINT('',(-14.5,36.1,23.4));
#2330=CARTESIAN_POINT('',(-14.5,36.7,22.8));
#2331=CARTESIAN_POINT('',(-12.9,36.1,25.));
#2332=CARTESIAN_POINT('Origin',(-14.5,36.1,25.));
#2333=CARTESIAN_POINT('Origin',(-14.5,36.1,25.));
#2334=CARTESIAN_POINT('Origin',(14.5,36.7,-25.));
#2335=CARTESIAN_POINT('',(14.5,37.3,-27.8));
#2336=CARTESIAN_POINT('Origin',(14.5,37.3,-25.));
#2337=CARTESIAN_POINT('',(14.5,36.1,-26.6));
#2338=CARTESIAN_POINT('',(14.5,36.7,-27.2));
#2339=CARTESIAN_POINT('',(16.1,36.1,-25.));
#2340=CARTESIAN_POINT('Origin',(14.5,36.1,-25.));
#2341=CARTESIAN_POINT('Origin',(14.5,36.1,-25.));
#2342=CARTESIAN_POINT('Origin',(-14.5,36.7,-25.));
#2343=CARTESIAN_POINT('',(-14.5,37.3,-27.8));
#2344=CARTESIAN_POINT('Origin',(-14.5,37.3,-25.));
#2345=CARTESIAN_POINT('',(-14.5,36.1,-26.6));
#2346=CARTESIAN_POINT('',(-14.5,36.7,-27.2));
#2347=CARTESIAN_POINT('',(-12.9,36.1,-25.));
#2348=CARTESIAN_POINT('Origin',(-14.5,36.1,-25.));
#2349=CARTESIAN_POINT('Origin',(-14.5,36.1,-25.));
#2350=CARTESIAN_POINT('Origin',(14.5,36.7,25.));
#2351=CARTESIAN_POINT('',(14.5,37.3,22.2));
#2352=CARTESIAN_POINT('Origin',(14.5,37.3,25.));
#2353=CARTESIAN_POINT('',(14.5,36.1,23.4));
#2354=CARTESIAN_POINT('',(14.5,36.7,22.8));
#2355=CARTESIAN_POINT('',(16.1,36.1,25.));
#2356=CARTESIAN_POINT('Origin',(14.5,36.1,25.));
#2357=CARTESIAN_POINT('Origin',(14.5,36.1,25.));
#2358=CARTESIAN_POINT('Origin',(14.5,37.3,25.));
#2359=CARTESIAN_POINT('',(16.1,27.3,25.));
#2360=CARTESIAN_POINT('',(16.1,37.3,25.));
#2361=CARTESIAN_POINT('Origin',(14.5,27.3,25.));
#2362=CARTESIAN_POINT('Origin',(14.5,37.3,-25.));
#2363=CARTESIAN_POINT('',(16.1,27.3,-25.));
#2364=CARTESIAN_POINT('',(16.1,37.3,-25.));
#2365=CARTESIAN_POINT('Origin',(14.5,27.3,-25.));
#2366=CARTESIAN_POINT('Origin',(-14.5,37.3,25.));
#2367=CARTESIAN_POINT('',(-12.9,27.3,25.));
#2368=CARTESIAN_POINT('',(-12.9,37.3,25.));
#2369=CARTESIAN_POINT('Origin',(-14.5,27.3,25.));
#2370=CARTESIAN_POINT('Origin',(-14.5,37.3,-25.));
#2371=CARTESIAN_POINT('',(-12.9,27.3,-25.));
#2372=CARTESIAN_POINT('',(-12.9,37.3,-25.));
#2373=CARTESIAN_POINT('Origin',(-14.5,27.3,-25.));
#2374=CARTESIAN_POINT('Origin',(8.7,35.8,-15.));
#2375=CARTESIAN_POINT('',(-7.7,37.3,-15.));
#2376=CARTESIAN_POINT('',(-4.11939012476362,37.3,-15.));
#2377=CARTESIAN_POINT('',(4.35,37.3,-15.));
#2378=CARTESIAN_POINT('',(-7.7,35.8,-15.));
#2379=CARTESIAN_POINT('',(-7.7,35.8,-15.));
#2380=CARTESIAN_POINT('',(-4.25,35.8,-15.));
#2381=CARTESIAN_POINT('',(4.35,35.8,-15.));
#2382=CARTESIAN_POINT('',(-4.25,37.2,-15.));
#2383=CARTESIAN_POINT('',(-4.25,35.8,-15.));
#2384=CARTESIAN_POINT('Ctrl Pts',(-4.11939012476362,37.3,-15.));
#2385=CARTESIAN_POINT('Ctrl Pts',(-4.13697981818342,37.3,-15.));
#2386=CARTESIAN_POINT('Ctrl Pts',(-4.15781737446311,37.296634233918,-15.));
#2387=CARTESIAN_POINT('Ctrl Pts',(-4.18883008735189,37.2856686515944,-15.));
#2388=CARTESIAN_POINT('Ctrl Pts',(-4.20494534775756,37.2768601758896,-15.));
#2389=CARTESIAN_POINT('Ctrl Pts',(-4.22647272962629,37.2585056320497,-15.));
#2390=CARTESIAN_POINT('Ctrl Pts',(-4.23630180926775,37.2464143243576,-15.));
#2391=CARTESIAN_POINT('Ctrl Pts',(-4.24682941467939,37.2245144322273,-15.));
#2392=CARTESIAN_POINT('Ctrl Pts',(-4.25,37.2113135680939,-15.));
#2393=CARTESIAN_POINT('Ctrl Pts',(-4.25,37.2,-15.));
#2394=CARTESIAN_POINT('Origin',(8.7,35.8,-15.));
#2395=CARTESIAN_POINT('',(4.11939012476362,37.3,-15.));
#2396=CARTESIAN_POINT('',(7.7,37.3,-15.));
#2397=CARTESIAN_POINT('',(4.35,37.3,-15.));
#2398=CARTESIAN_POINT('',(4.25,37.2,-15.));
#2399=CARTESIAN_POINT('Ctrl Pts',(4.25,37.2,-15.));
#2400=CARTESIAN_POINT('Ctrl Pts',(4.25,37.2113135680939,-15.));
#2401=CARTESIAN_POINT('Ctrl Pts',(4.24682941467939,37.2245144322273,-15.));
#2402=CARTESIAN_POINT('Ctrl Pts',(4.23630180926775,37.2464143243576,-15.));
#2403=CARTESIAN_POINT('Ctrl Pts',(4.22647272962629,37.2585056320497,-15.));
#2404=CARTESIAN_POINT('Ctrl Pts',(4.20494534775756,37.2768601758896,-15.));
#2405=CARTESIAN_POINT('Ctrl Pts',(4.18883008735189,37.2856686515944,-15.));
#2406=CARTESIAN_POINT('Ctrl Pts',(4.15781737446311,37.296634233918,-15.));
#2407=CARTESIAN_POINT('Ctrl Pts',(4.13697981818342,37.3,-15.));
#2408=CARTESIAN_POINT('Ctrl Pts',(4.11939012476362,37.3,-15.));
#2409=CARTESIAN_POINT('',(4.25,35.8,-15.));
#2410=CARTESIAN_POINT('',(4.25,35.8,-15.));
#2411=CARTESIAN_POINT('',(7.7,35.8,-15.));
#2412=CARTESIAN_POINT('',(4.35,35.8,-15.));
#2413=CARTESIAN_POINT('',(7.7,35.8,-15.));
#2414=CARTESIAN_POINT('Origin',(7.7,35.8,-14.));
#2415=CARTESIAN_POINT('',(8.7,37.3,-14.));
#2416=CARTESIAN_POINT('Origin',(7.7,37.3,-14.));
#2417=CARTESIAN_POINT('',(8.7,35.8,-14.));
#2418=CARTESIAN_POINT('Origin',(7.7,35.8,-14.));
#2419=CARTESIAN_POINT('',(8.7,35.8,-14.));
#2420=CARTESIAN_POINT('Origin',(-8.5,35.5,19.7));
#2421=CARTESIAN_POINT('',(8.5,35.5,19.7));
#2422=CARTESIAN_POINT('',(-8.5,35.5,19.7));
#2423=CARTESIAN_POINT('',(-4.25,35.5,19.7));
#2424=CARTESIAN_POINT('',(-8.5,35.8,19.7));
#2425=CARTESIAN_POINT('',(-8.5,35.5,19.7));
#2426=CARTESIAN_POINT('',(1.11022302462516E-15,35.8,19.7));
#2427=CARTESIAN_POINT('',(-8.5,35.8,19.7));
#2428=CARTESIAN_POINT('',(8.5,35.8,19.7));
#2429=CARTESIAN_POINT('',(-8.5,35.8,19.7));
#2430=CARTESIAN_POINT('',(8.5,35.5,19.7));
#2431=CARTESIAN_POINT('Origin',(-8.5,3.,-19.));
#2432=CARTESIAN_POINT('',(-8.5,27.3,-20.));
#2433=CARTESIAN_POINT('',(-9.5,27.3,-19.));
#2434=CARTESIAN_POINT('Origin',(-8.5,27.3,-19.));
#2435=CARTESIAN_POINT('',(-8.5,29.3,-20.));
#2436=CARTESIAN_POINT('',(-8.5,3.,-20.));
#2437=CARTESIAN_POINT('',(-8.5,35.5,-20.));
#2438=CARTESIAN_POINT('',(-8.5,3.,-20.));
#2439=CARTESIAN_POINT('',(-9.5,35.5,-19.));
#2440=CARTESIAN_POINT('Origin',(-8.5,35.5,-19.));
#2441=CARTESIAN_POINT('',(-9.5,3.,-19.));
#2442=CARTESIAN_POINT('Origin',(9.5,3.,20.));
#2443=CARTESIAN_POINT('',(9.5,27.3,19.));
#2444=CARTESIAN_POINT('',(9.5,27.3,-19.));
#2445=CARTESIAN_POINT('',(9.5,27.3,10.));
#2446=CARTESIAN_POINT('',(9.5,35.5,19.));
#2447=CARTESIAN_POINT('',(9.5,3.,19.));
#2448=CARTESIAN_POINT('',(9.5,35.5,10.2));
#2449=CARTESIAN_POINT('',(9.5,35.5,20.));
#2450=CARTESIAN_POINT('',(9.5,35.5,-19.));
#2451=CARTESIAN_POINT('',(9.5,35.5,20.));
#2452=CARTESIAN_POINT('',(9.5,3.,-19.));
#2453=CARTESIAN_POINT('Origin',(-9.5,3.,-20.));
#2454=CARTESIAN_POINT('',(-9.5,27.3,19.));
#2455=CARTESIAN_POINT('',(-9.5,27.3,-10.));
#2456=CARTESIAN_POINT('',(-9.5,35.5,10.2));
#2457=CARTESIAN_POINT('',(-9.5,35.5,-20.));
#2458=CARTESIAN_POINT('',(-9.5,35.5,19.));
#2459=CARTESIAN_POINT('',(-9.5,35.5,-20.));
#2460=CARTESIAN_POINT('',(-9.5,3.,19.));
#2461=CARTESIAN_POINT('Origin',(-8.5,3.,19.));
#2462=CARTESIAN_POINT('',(-8.5,27.3,20.));
#2463=CARTESIAN_POINT('Origin',(-8.5,27.3,19.));
#2464=CARTESIAN_POINT('',(-8.5,35.5,20.));
#2465=CARTESIAN_POINT('Origin',(-8.5,35.5,19.));
#2466=CARTESIAN_POINT('',(-8.5,29.3,20.));
#2467=CARTESIAN_POINT('',(-8.5,3.,20.));
#2468=CARTESIAN_POINT('',(-8.5,3.,20.));
#2469=CARTESIAN_POINT('Origin',(-9.5,3.,20.));
#2470=CARTESIAN_POINT('',(-0.5,29.3,20.));
#2471=CARTESIAN_POINT('',(-6.875,29.3,20.));
#2472=CARTESIAN_POINT('',(8.5,35.5,20.));
#2473=CARTESIAN_POINT('',(-9.5,35.5,20.));
#2474=CARTESIAN_POINT('',(8.5,29.3,20.));
#2475=CARTESIAN_POINT('',(8.5,3.,20.));
#2476=CARTESIAN_POINT('',(0.5,29.3,20.));
#2477=CARTESIAN_POINT('',(6.875,29.3,20.));
#2478=CARTESIAN_POINT('',(0.5,30.3,20.));
#2479=CARTESIAN_POINT('',(0.5,16.4,20.));
#2480=CARTESIAN_POINT('',(-0.5,30.3,20.));
#2481=CARTESIAN_POINT('',(-5.,30.3,20.));
#2482=CARTESIAN_POINT('',(-0.5,16.4,20.));
#2483=CARTESIAN_POINT('Origin',(9.5,3.,-20.));
#2484=CARTESIAN_POINT('',(8.5,29.3,-20.));
#2485=CARTESIAN_POINT('',(0.5,29.3,-20.));
#2486=CARTESIAN_POINT('',(6.875,29.3,-20.));
#2487=CARTESIAN_POINT('',(8.5,35.5,-20.));
#2488=CARTESIAN_POINT('',(8.5,3.,-20.));
#2489=CARTESIAN_POINT('',(9.5,35.5,-20.));
#2490=CARTESIAN_POINT('',(-0.5,29.3,-20.));
#2491=CARTESIAN_POINT('',(-6.875,29.3,-20.));
#2492=CARTESIAN_POINT('',(-0.5,30.3,-20.));
#2493=CARTESIAN_POINT('',(-0.5,16.4,-20.));
#2494=CARTESIAN_POINT('',(0.5,30.3,-20.));
#2495=CARTESIAN_POINT('',(5.,30.3,-20.));
#2496=CARTESIAN_POINT('',(0.5,16.4,-20.));
#2497=CARTESIAN_POINT('Origin',(0.,35.5,0.));
#2498=CARTESIAN_POINT('',(-9.2,35.5,7.83145614353459));
#2499=CARTESIAN_POINT('Origin',(0.,35.5,10.2));
#2500=CARTESIAN_POINT('Origin',(8.5,35.5,-19.));
#2501=CARTESIAN_POINT('',(9.2,35.5,7.83145614353459));
#2502=CARTESIAN_POINT('Origin',(0.,35.5,10.2));
#2503=CARTESIAN_POINT('',(9.2,35.5,-19.));
#2504=CARTESIAN_POINT('',(9.2,35.5,9.5));
#2505=CARTESIAN_POINT('',(8.5,35.5,-19.7));
#2506=CARTESIAN_POINT('Origin',(8.5,35.5,-19.));
#2507=CARTESIAN_POINT('',(-8.5,35.5,-19.7));
#2508=CARTESIAN_POINT('',(4.25,35.5,-19.7));
#2509=CARTESIAN_POINT('',(-9.2,35.5,-19.));
#2510=CARTESIAN_POINT('Origin',(-8.5,35.5,-19.));
#2511=CARTESIAN_POINT('',(-9.2,35.5,-9.5));
#2512=CARTESIAN_POINT('Origin',(8.5,3.,19.));
#2513=CARTESIAN_POINT('',(8.5,27.3,20.));
#2514=CARTESIAN_POINT('Origin',(8.5,27.3,19.));
#2515=CARTESIAN_POINT('',(8.5,3.,20.));
#2516=CARTESIAN_POINT('Origin',(8.5,35.5,19.));
#2517=CARTESIAN_POINT('Origin',(8.5,3.,-19.));
#2518=CARTESIAN_POINT('',(8.5,27.3,-20.));
#2519=CARTESIAN_POINT('Origin',(8.5,27.3,-19.));
#2520=CARTESIAN_POINT('',(8.5,3.,-20.));
#2521=CARTESIAN_POINT('Origin',(-8.5,35.5,19.));
#2522=CARTESIAN_POINT('',(-9.2,35.5,19.));
#2523=CARTESIAN_POINT('Origin',(-8.5,35.5,19.));
#2524=CARTESIAN_POINT('',(-9.2,35.8,19.));
#2525=CARTESIAN_POINT('',(-9.2,35.5,19.));
#2526=CARTESIAN_POINT('Origin',(-8.5,35.8,19.));
#2527=CARTESIAN_POINT('Origin',(8.5,35.5,19.));
#2528=CARTESIAN_POINT('',(9.2,35.5,19.));
#2529=CARTESIAN_POINT('Origin',(8.5,35.5,19.));
#2530=CARTESIAN_POINT('',(9.2,35.8,19.));
#2531=CARTESIAN_POINT('Origin',(8.5,35.8,19.));
#2532=CARTESIAN_POINT('',(9.2,35.5,19.));
#2533=CARTESIAN_POINT('Origin',(8.5,35.5,-19.));
#2534=CARTESIAN_POINT('',(9.2,35.8,-19.));
#2535=CARTESIAN_POINT('',(9.2,35.5,-19.));
#2536=CARTESIAN_POINT('',(8.5,35.8,-19.7));
#2537=CARTESIAN_POINT('Origin',(8.5,35.8,-19.));
#2538=CARTESIAN_POINT('',(8.5,35.5,-19.7));
#2539=CARTESIAN_POINT('Origin',(8.5,35.5,-19.7));
#2540=CARTESIAN_POINT('',(-8.5,35.8,-19.7));
#2541=CARTESIAN_POINT('',(8.5,35.8,-19.7));
#2542=CARTESIAN_POINT('',(-8.5,35.5,-19.7));
#2543=CARTESIAN_POINT('Origin',(-8.5,35.5,-19.));
#2544=CARTESIAN_POINT('',(-9.2,35.8,-19.));
#2545=CARTESIAN_POINT('Origin',(-8.5,35.8,-19.));
#2546=CARTESIAN_POINT('',(-9.2,35.5,-19.));
#2547=CARTESIAN_POINT('Origin',(0.,35.8,0.));
#2548=CARTESIAN_POINT('',(-9.2,35.8,12.5685438564654));
#2549=CARTESIAN_POINT('Origin',(0.,35.8,10.2));
#2550=CARTESIAN_POINT('',(-9.2,35.8,-19.));
#2551=CARTESIAN_POINT('Origin',(0.,35.8,0.));
#2552=CARTESIAN_POINT('',(9.2,35.8,12.5685438564654));
#2553=CARTESIAN_POINT('Origin',(0.,35.8,10.2));
#2554=CARTESIAN_POINT('',(9.2,35.8,19.));
#2555=CARTESIAN_POINT('Origin',(0.,35.5,0.));
#2556=CARTESIAN_POINT('',(-9.2,35.5,12.5685438564654));
#2557=CARTESIAN_POINT('Origin',(0.,35.5,10.2));
#2558=CARTESIAN_POINT('',(-9.2,35.5,-9.5));
#2559=CARTESIAN_POINT('',(9.2,35.5,12.5685438564654));
#2560=CARTESIAN_POINT('',(9.2,35.5,9.5));
#2561=CARTESIAN_POINT('Origin',(0.,35.5,10.2));
#2562=CARTESIAN_POINT('Origin',(9.2,35.5,19.));
#2563=CARTESIAN_POINT('',(9.2,35.8,7.83145614353459));
#2564=CARTESIAN_POINT('',(9.2,37.3,7.83145614353459));
#2565=CARTESIAN_POINT('',(9.2,35.8,19.));
#2566=CARTESIAN_POINT('Origin',(9.2,35.5,19.));
#2567=CARTESIAN_POINT('',(9.2,37.3,12.5685438564654));
#2568=CARTESIAN_POINT('Origin',(-9.2,35.5,-19.));
#2569=CARTESIAN_POINT('',(-9.2,35.8,7.83145614353459));
#2570=CARTESIAN_POINT('',(-9.2,37.3,7.83145614353459));
#2571=CARTESIAN_POINT('',(-9.2,35.8,-19.));
#2572=CARTESIAN_POINT('Origin',(-9.2,35.5,-19.));
#2573=CARTESIAN_POINT('',(-9.2,37.3,12.5685438564654));
#2574=CARTESIAN_POINT('Origin',(-7.7,35.8,-14.));
#2575=CARTESIAN_POINT('',(-8.7,37.3,-14.));
#2576=CARTESIAN_POINT('Origin',(-7.7,37.3,-14.));
#2577=CARTESIAN_POINT('',(-8.7,35.8,-14.));
#2578=CARTESIAN_POINT('',(-8.7,35.8,-14.));
#2579=CARTESIAN_POINT('Origin',(-7.7,35.8,-14.));
#2580=CARTESIAN_POINT('Origin',(0.,35.8,0.));
#2581=CARTESIAN_POINT('Origin',(4.20676359340495E-16,35.8,-11.4843750000001));
#2582=CARTESIAN_POINT('',(-8.7,35.8,6.38424319433221));
#2583=CARTESIAN_POINT('',(-8.7,35.8,-1.6));
#2584=CARTESIAN_POINT('Origin',(0.,35.8,10.2));
#2585=CARTESIAN_POINT('',(8.7,35.8,6.3842431943322));
#2586=CARTESIAN_POINT('Origin',(0.,35.8,10.2));
#2587=CARTESIAN_POINT('',(8.69999999999999,35.8,3.1921215971661));
#2588=CARTESIAN_POINT('Origin',(4.20676359340495E-16,35.8,-11.4843750000001));
#2589=CARTESIAN_POINT('Origin',(4.20676359340495E-16,37.2,-11.4843750000001));
#2590=CARTESIAN_POINT('Origin',(4.20676359340495E-16,37.2,-11.4843750000001));
#2591=CARTESIAN_POINT('Origin',(4.20676359340495E-16,37.3,-11.4843750000001));
#2592=CARTESIAN_POINT('Origin',(-0.5,29.8,-23.5));
#2593=CARTESIAN_POINT('',(-0.5,29.3,-27.));
#2594=CARTESIAN_POINT('',(-0.5,29.3,-23.5));
#2595=CARTESIAN_POINT('',(-0.5,29.3,-27.));
#2596=CARTESIAN_POINT('Origin',(-4.25,29.3,-23.5));
#2597=CARTESIAN_POINT('',(-8.5,29.3,-26.));
#2598=CARTESIAN_POINT('',(-8.5,29.3,-20.));
#2599=CARTESIAN_POINT('',(-7.5,29.3,-27.));
#2600=CARTESIAN_POINT('Origin',(-7.5,29.3,-26.));
#2601=CARTESIAN_POINT('',(-6.48606797749979,29.3,-27.));
#2602=CARTESIAN_POINT('',(0.,29.3,-27.));
#2603=CARTESIAN_POINT('',(-5.74071198499986,29.3,-25.3333333333333));
#2604=CARTESIAN_POINT('Origin',(-6.48606797749979,29.3,-26.));
#2605=CARTESIAN_POINT('',(-2.75928801500014,29.3,-25.3333333333333));
#2606=CARTESIAN_POINT('Origin',(-4.25,29.3,-24.));
#2607=CARTESIAN_POINT('',(-2.01393202250021,29.3,-27.));
#2608=CARTESIAN_POINT('Origin',(-2.01393202250021,29.3,-26.));
#2609=CARTESIAN_POINT('',(0.,29.3,-27.));
#2610=CARTESIAN_POINT('Origin',(-7.5,29.3,-26.));
#2611=CARTESIAN_POINT('',(-7.5,27.3,-27.));
#2612=CARTESIAN_POINT('',(-8.5,27.3,-26.));
#2613=CARTESIAN_POINT('Origin',(-7.5,27.3,-26.));
#2614=CARTESIAN_POINT('',(-7.5,29.3,-27.));
#2615=CARTESIAN_POINT('',(-8.5,29.3,-26.));
#2616=CARTESIAN_POINT('Origin',(0.,29.3,-27.));
#2617=CARTESIAN_POINT('',(-6.48606797749979,27.3,-27.));
#2618=CARTESIAN_POINT('',(0.,27.3,-27.));
#2619=CARTESIAN_POINT('',(-6.48606797749979,29.3,-27.));
#2620=CARTESIAN_POINT('Origin',(-6.48606797749979,29.3,-26.));
#2621=CARTESIAN_POINT('',(-5.74071198499986,27.3,-25.3333333333333));
#2622=CARTESIAN_POINT('Origin',(-6.48606797749979,27.3,-26.));
#2623=CARTESIAN_POINT('',(-5.74071198499986,29.3,-25.3333333333333));
#2624=CARTESIAN_POINT('Origin',(-4.25,29.3,-24.));
#2625=CARTESIAN_POINT('',(-2.75928801500014,27.3,-25.3333333333333));
#2626=CARTESIAN_POINT('Origin',(-4.25,27.3,-24.));
#2627=CARTESIAN_POINT('',(-2.75928801500014,29.3,-25.3333333333333));
#2628=CARTESIAN_POINT('Origin',(-2.01393202250021,29.3,-26.));
#2629=CARTESIAN_POINT('',(-2.01393202250021,27.3,-27.));
#2630=CARTESIAN_POINT('Origin',(-2.01393202250021,27.3,-26.));
#2631=CARTESIAN_POINT('',(-2.01393202250021,29.3,-27.));
#2632=CARTESIAN_POINT('Origin',(-8.5,29.3,-27.));
#2633=CARTESIAN_POINT('',(-8.5,27.3,-13.5));
#2634=CARTESIAN_POINT('Origin',(0.5,30.3,-20.));
#2635=CARTESIAN_POINT('',(0.5,29.3,-27.));
#2636=CARTESIAN_POINT('',(0.5,29.3,-27.));
#2637=CARTESIAN_POINT('',(0.,29.3,-27.));
#2638=CARTESIAN_POINT('Origin',(0.5,29.8,-23.5));
#2639=CARTESIAN_POINT('',(0.5,29.3,-23.5));
#2640=CARTESIAN_POINT('Origin',(4.25,29.3,-23.5));
#2641=CARTESIAN_POINT('',(2.01393202250021,29.3,-27.));
#2642=CARTESIAN_POINT('',(0.,29.3,-27.));
#2643=CARTESIAN_POINT('',(2.75928801500014,29.3,-25.3333333333333));
#2644=CARTESIAN_POINT('Origin',(2.01393202250021,29.3,-26.));
#2645=CARTESIAN_POINT('',(5.74071198499986,29.3,-25.3333333333333));
#2646=CARTESIAN_POINT('Origin',(4.25,29.3,-24.));
#2647=CARTESIAN_POINT('',(6.48606797749979,29.3,-27.));
#2648=CARTESIAN_POINT('Origin',(6.48606797749979,29.3,-26.));
#2649=CARTESIAN_POINT('',(7.5,29.3,-27.));
#2650=CARTESIAN_POINT('',(0.,29.3,-27.));
#2651=CARTESIAN_POINT('',(8.5,29.3,-26.));
#2652=CARTESIAN_POINT('Origin',(7.5,29.3,-26.));
#2653=CARTESIAN_POINT('',(8.5,29.3,-20.));
#2654=CARTESIAN_POINT('Origin',(7.5,29.3,-26.));
#2655=CARTESIAN_POINT('',(8.5,27.3,-26.));
#2656=CARTESIAN_POINT('',(7.5,27.3,-27.));
#2657=CARTESIAN_POINT('Origin',(7.5,27.3,-26.));
#2658=CARTESIAN_POINT('',(8.5,29.3,-26.));
#2659=CARTESIAN_POINT('',(7.5,29.3,-27.));
#2660=CARTESIAN_POINT('Origin',(0.,29.3,-27.));
#2661=CARTESIAN_POINT('',(6.48606797749979,27.3,-27.));
#2662=CARTESIAN_POINT('',(6.48606797749979,29.3,-27.));
#2663=CARTESIAN_POINT('',(0.,27.3,-27.));
#2664=CARTESIAN_POINT('Origin',(6.48606797749979,29.3,-26.));
#2665=CARTESIAN_POINT('',(5.74071198499986,27.3,-25.3333333333333));
#2666=CARTESIAN_POINT('Origin',(6.48606797749979,27.3,-26.));
#2667=CARTESIAN_POINT('',(5.74071198499986,29.3,-25.3333333333333));
#2668=CARTESIAN_POINT('Origin',(4.25,29.3,-24.));
#2669=CARTESIAN_POINT('',(2.75928801500014,27.3,-25.3333333333333));
#2670=CARTESIAN_POINT('',(2.75928801500014,29.3,-25.3333333333333));
#2671=CARTESIAN_POINT('Origin',(4.25,27.3,-24.));
#2672=CARTESIAN_POINT('Origin',(2.01393202250021,29.3,-26.));
#2673=CARTESIAN_POINT('',(2.01393202250021,27.3,-27.));
#2674=CARTESIAN_POINT('',(2.01393202250021,29.3,-27.));
#2675=CARTESIAN_POINT('Origin',(2.01393202250021,27.3,-26.));
#2676=CARTESIAN_POINT('Origin',(0.,29.3,-27.));
#2677=CARTESIAN_POINT('',(0.,27.3,-27.));
#2678=CARTESIAN_POINT('Origin',(8.5,29.3,-27.));
#2679=CARTESIAN_POINT('',(8.5,27.3,-13.5));
#2680=CARTESIAN_POINT('Origin',(0.5,29.8,23.5));
#2681=CARTESIAN_POINT('',(0.5,29.3,27.));
#2682=CARTESIAN_POINT('',(0.5,29.3,23.5));
#2683=CARTESIAN_POINT('',(0.5,29.3,27.));
#2684=CARTESIAN_POINT('Origin',(4.25,29.3,23.5));
#2685=CARTESIAN_POINT('',(8.5,29.3,26.));
#2686=CARTESIAN_POINT('',(8.5,29.3,20.));
#2687=CARTESIAN_POINT('',(7.5,29.3,27.));
#2688=CARTESIAN_POINT('Origin',(7.5,29.3,26.));
#2689=CARTESIAN_POINT('',(6.48606797749979,29.3,27.));
#2690=CARTESIAN_POINT('',(0.,29.3,27.));
#2691=CARTESIAN_POINT('',(5.74071198499986,29.3,25.3333333333333));
#2692=CARTESIAN_POINT('Origin',(6.48606797749979,29.3,26.));
#2693=CARTESIAN_POINT('',(2.75928801500014,29.3,25.3333333333333));
#2694=CARTESIAN_POINT('Origin',(4.25,29.3,24.));
#2695=CARTESIAN_POINT('',(2.01393202250021,29.3,27.));
#2696=CARTESIAN_POINT('Origin',(2.01393202250021,29.3,26.));
#2697=CARTESIAN_POINT('',(0.,29.3,27.));
#2698=CARTESIAN_POINT('Origin',(7.5,29.3,26.));
#2699=CARTESIAN_POINT('',(7.5,27.3,27.));
#2700=CARTESIAN_POINT('',(8.5,27.3,26.));
#2701=CARTESIAN_POINT('Origin',(7.5,27.3,26.));
#2702=CARTESIAN_POINT('',(7.5,29.3,27.));
#2703=CARTESIAN_POINT('',(8.5,29.3,26.));
#2704=CARTESIAN_POINT('Origin',(0.,29.3,27.));
#2705=CARTESIAN_POINT('',(6.48606797749979,27.3,27.));
#2706=CARTESIAN_POINT('',(0.,27.3,27.));
#2707=CARTESIAN_POINT('',(6.48606797749979,29.3,27.));
#2708=CARTESIAN_POINT('Origin',(6.48606797749979,29.3,26.));
#2709=CARTESIAN_POINT('',(5.74071198499986,27.3,25.3333333333333));
#2710=CARTESIAN_POINT('Origin',(6.48606797749979,27.3,26.));
#2711=CARTESIAN_POINT('',(5.74071198499986,29.3,25.3333333333333));
#2712=CARTESIAN_POINT('Origin',(4.25,29.3,24.));
#2713=CARTESIAN_POINT('',(2.75928801500014,27.3,25.3333333333333));
#2714=CARTESIAN_POINT('Origin',(4.25,27.3,24.));
#2715=CARTESIAN_POINT('',(2.75928801500014,29.3,25.3333333333333));
#2716=CARTESIAN_POINT('Origin',(2.01393202250021,29.3,26.));
#2717=CARTESIAN_POINT('',(2.01393202250021,27.3,27.));
#2718=CARTESIAN_POINT('Origin',(2.01393202250021,27.3,26.));
#2719=CARTESIAN_POINT('',(2.01393202250021,29.3,27.));
#2720=CARTESIAN_POINT('Origin',(8.5,29.3,27.));
#2721=CARTESIAN_POINT('',(8.5,27.3,13.5));
#2722=CARTESIAN_POINT('Origin',(-0.5,30.3,20.));
#2723=CARTESIAN_POINT('',(-0.5,29.3,27.));
#2724=CARTESIAN_POINT('',(-0.5,29.3,27.));
#2725=CARTESIAN_POINT('',(0.,29.3,27.));
#2726=CARTESIAN_POINT('Origin',(-0.5,29.8,23.5));
#2727=CARTESIAN_POINT('',(-0.5,29.3,23.5));
#2728=CARTESIAN_POINT('Origin',(-4.25,29.3,23.5));
#2729=CARTESIAN_POINT('',(-2.01393202250021,29.3,27.));
#2730=CARTESIAN_POINT('',(0.,29.3,27.));
#2731=CARTESIAN_POINT('',(-2.75928801500014,29.3,25.3333333333333));
#2732=CARTESIAN_POINT('Origin',(-2.01393202250021,29.3,26.));
#2733=CARTESIAN_POINT('',(-5.74071198499986,29.3,25.3333333333333));
#2734=CARTESIAN_POINT('Origin',(-4.25,29.3,24.));
#2735=CARTESIAN_POINT('',(-6.48606797749979,29.3,27.));
#2736=CARTESIAN_POINT('Origin',(-6.48606797749979,29.3,26.));
#2737=CARTESIAN_POINT('',(-7.5,29.3,27.));
#2738=CARTESIAN_POINT('',(0.,29.3,27.));
#2739=CARTESIAN_POINT('',(-8.5,29.3,26.));
#2740=CARTESIAN_POINT('Origin',(-7.5,29.3,26.));
#2741=CARTESIAN_POINT('',(-8.5,29.3,20.));
#2742=CARTESIAN_POINT('Origin',(-7.5,29.3,26.));
#2743=CARTESIAN_POINT('',(-8.5,27.3,26.));
#2744=CARTESIAN_POINT('',(-7.5,27.3,27.));
#2745=CARTESIAN_POINT('Origin',(-7.5,27.3,26.));
#2746=CARTESIAN_POINT('',(-8.5,29.3,26.));
#2747=CARTESIAN_POINT('',(-7.5,29.3,27.));
#2748=CARTESIAN_POINT('Origin',(0.,29.3,27.));
#2749=CARTESIAN_POINT('',(-6.48606797749979,27.3,27.));
#2750=CARTESIAN_POINT('',(-6.48606797749979,29.3,27.));
#2751=CARTESIAN_POINT('',(0.,27.3,27.));
#2752=CARTESIAN_POINT('Origin',(-6.48606797749979,29.3,26.));
#2753=CARTESIAN_POINT('',(-5.74071198499986,27.3,25.3333333333333));
#2754=CARTESIAN_POINT('Origin',(-6.48606797749979,27.3,26.));
#2755=CARTESIAN_POINT('',(-5.74071198499986,29.3,25.3333333333333));
#2756=CARTESIAN_POINT('Origin',(-4.25,29.3,24.));
#2757=CARTESIAN_POINT('',(-2.75928801500014,27.3,25.3333333333333));
#2758=CARTESIAN_POINT('',(-2.75928801500014,29.3,25.3333333333333));
#2759=CARTESIAN_POINT('Origin',(-4.25,27.3,24.));
#2760=CARTESIAN_POINT('Origin',(-2.01393202250021,29.3,26.));
#2761=CARTESIAN_POINT('',(-2.01393202250021,27.3,27.));
#2762=CARTESIAN_POINT('',(-2.01393202250021,29.3,27.));
#2763=CARTESIAN_POINT('Origin',(-2.01393202250021,27.3,26.));
#2764=CARTESIAN_POINT('Origin',(0.,29.3,27.));
#2765=CARTESIAN_POINT('',(0.,27.3,27.));
#2766=CARTESIAN_POINT('Origin',(-8.5,29.3,27.));
#2767=CARTESIAN_POINT('',(-8.5,27.3,13.5));
#2768=CARTESIAN_POINT('Origin',(8.69999999999999,37.3,6.38424319433221));
#2769=CARTESIAN_POINT('',(8.69999999999999,37.3,6.38424319433221));
#2770=CARTESIAN_POINT('',(8.69999999999999,37.3,6.38424319433221));
#2771=CARTESIAN_POINT('',(8.7,37.3,3.1921215971661));
#2772=CARTESIAN_POINT('Origin',(0.,37.3,10.2));
#2773=CARTESIAN_POINT('',(-8.7,37.3,6.38424319433221));
#2774=CARTESIAN_POINT('',(-8.7,37.3,6.38424319433221));
#2775=CARTESIAN_POINT('Origin',(0.,37.3,10.2));
#2776=CARTESIAN_POINT('Origin',(0.,37.3,0.));
#2777=CARTESIAN_POINT('',(19.5,37.3,30.));
#2778=CARTESIAN_POINT('',(19.5,37.3,-30.));
#2779=CARTESIAN_POINT('',(19.5,37.3,30.));
#2780=CARTESIAN_POINT('',(-19.5,37.3,-30.));
#2781=CARTESIAN_POINT('',(19.5,37.3,-30.));
#2782=CARTESIAN_POINT('',(-19.5,37.3,30.));
#2783=CARTESIAN_POINT('',(-19.5,37.3,-30.));
#2784=CARTESIAN_POINT('',(-19.5,37.3,30.));
#2785=CARTESIAN_POINT('',(-8.7,37.3,-3.2));
#2786=CARTESIAN_POINT('Origin',(-8.7,37.3,-3.2));
#2787=CARTESIAN_POINT('Origin',(-19.5,37.3,-30.));
#2788=CARTESIAN_POINT('',(19.5,27.3,-30.));
#2789=CARTESIAN_POINT('',(19.5,37.3,-30.));
#2790=CARTESIAN_POINT('',(-19.5,27.3,-30.));
#2791=CARTESIAN_POINT('',(19.5,27.3,-30.));
#2792=CARTESIAN_POINT('',(-19.5,37.3,-30.));
#2793=CARTESIAN_POINT('Origin',(-19.5,37.3,30.));
#2794=CARTESIAN_POINT('',(-19.5,27.3,30.));
#2795=CARTESIAN_POINT('',(-19.5,27.3,-30.));
#2796=CARTESIAN_POINT('',(-19.5,37.3,30.));
#2797=CARTESIAN_POINT('Origin',(19.5,37.3,30.));
#2798=CARTESIAN_POINT('',(19.5,27.3,30.));
#2799=CARTESIAN_POINT('',(-19.5,27.3,30.));
#2800=CARTESIAN_POINT('',(19.5,37.3,30.));
#2801=CARTESIAN_POINT('Origin',(19.5,37.3,-30.));
#2802=CARTESIAN_POINT('',(19.5,27.3,30.));
#2803=CARTESIAN_POINT('Origin',(0.,27.3,0.));
#2804=CARTESIAN_POINT('',(0.,0.,0.));
#2805=UNCERTAINTY_MEASURE_WITH_UNIT(LENGTH_MEASURE(0.01),#2811,
'DISTANCE_ACCURACY_VALUE',
'Maximum model space distance between geometric entities at asserted c
onnectivities');
#2806=UNCERTAINTY_MEASURE_WITH_UNIT(LENGTH_MEASURE(0.01),#2811,
'DISTANCE_ACCURACY_VALUE',
'Maximum model space distance between geometric entities at asserted c
onnectivities');
#2807=UNCERTAINTY_MEASURE_WITH_UNIT(LENGTH_MEASURE(0.01),#2811,
'DISTANCE_ACCURACY_VALUE',
'Maximum model space distance between geometric entities at asserted c
onnectivities');
#2808=(
GEOMETRIC_REPRESENTATION_CONTEXT(3)
GLOBAL_UNCERTAINTY_ASSIGNED_CONTEXT((#2805))
GLOBAL_UNIT_ASSIGNED_CONTEXT((#2811,#2813,#2814))
REPRESENTATION_CONTEXT('','3D')
);
#2809=(
GEOMETRIC_REPRESENTATION_CONTEXT(3)
GLOBAL_UNCERTAINTY_ASSIGNED_CONTEXT((#2806))
GLOBAL_UNIT_ASSIGNED_CONTEXT((#2811,#2813,#2814))
REPRESENTATION_CONTEXT('','3D')
);
#2810=(
GEOMETRIC_REPRESENTATION_CONTEXT(3)
GLOBAL_UNCERTAINTY_ASSIGNED_CONTEXT((#2807))
GLOBAL_UNIT_ASSIGNED_CONTEXT((#2811,#2813,#2814))
REPRESENTATION_CONTEXT('','3D')
);
#2811=(
LENGTH_UNIT()
NAMED_UNIT(*)
SI_UNIT(.MILLI.,.METRE.)
);
#2812=(
LENGTH_UNIT()
NAMED_UNIT(*)
SI_UNIT($,.METRE.)
);
#2813=(
NAMED_UNIT(*)
PLANE_ANGLE_UNIT()
SI_UNIT($,.RADIAN.)
);
#2814=(
NAMED_UNIT(*)
SI_UNIT($,.STERADIAN.)
SOLID_ANGLE_UNIT()
);
#2815=SHAPE_DEFINITION_REPRESENTATION(#2817,#2820);
#2816=SHAPE_DEFINITION_REPRESENTATION(#2818,#2821);
#2817=PRODUCT_DEFINITION_SHAPE('',$,#2823);
#2818=PRODUCT_DEFINITION_SHAPE('',$,#2824);
#2819=PRODUCT_DEFINITION_SHAPE($,$,#14);
#2820=SHAPE_REPRESENTATION('',(#1642,#1814),#2808);
#2821=SHAPE_REPRESENTATION('',(#1643),#2809);
#2822=PRODUCT_DEFINITION_CONTEXT('part definition',#2830,'design');
#2823=PRODUCT_DEFINITION('Servo Mount Femur Joint Top',
'Servo Mount Femur Joint Top v2',#2825,#2822);
#2824=PRODUCT_DEFINITION('Component3','Component3',#2826,#2822);
#2825=PRODUCT_DEFINITION_FORMATION('',$,#2832);
#2826=PRODUCT_DEFINITION_FORMATION('',$,#2833);
#2827=PRODUCT_RELATED_PRODUCT_CATEGORY('Servo Mount Femur Joint Top v2',
'Servo Mount Femur Joint Top v2',(#2832));
#2828=PRODUCT_RELATED_PRODUCT_CATEGORY('Component3','Component3',(#2833));
#2829=APPLICATION_PROTOCOL_DEFINITION('international standard',
'automotive_design',2009,#2830);
#2830=APPLICATION_CONTEXT(
'Core Data for Automotive Mechanical Design Process');
#2831=PRODUCT_CONTEXT('part definition',#2830,'mechanical');
#2832=PRODUCT('Servo Mount Femur Joint Top',
'Servo Mount Femur Joint Top v2',$,(#2831));
#2833=PRODUCT('Component3','Component3',$,(#2831));
#2834=PRESENTATION_STYLE_ASSIGNMENT((#2836));
#2835=PRESENTATION_STYLE_ASSIGNMENT((#2837));
#2836=SURFACE_STYLE_USAGE(.BOTH.,#2838);
#2837=SURFACE_STYLE_USAGE(.BOTH.,#2839);
#2838=SURFACE_SIDE_STYLE('',(#2840));
#2839=SURFACE_SIDE_STYLE('',(#2841));
#2840=SURFACE_STYLE_FILL_AREA(#2842);
#2841=SURFACE_STYLE_FILL_AREA(#2843);
#2842=FILL_AREA_STYLE('Steel - Satin',(#2844));
#2843=FILL_AREA_STYLE('Nylon 12 (with Formlabs Fuse 1 3D Printer)',(#2845));
#2844=FILL_AREA_STYLE_COLOUR('Steel - Satin',#2846);
#2845=FILL_AREA_STYLE_COLOUR(
'Nylon 12 (with Formlabs Fuse 1 3D Printer)',#2847);
#2846=COLOUR_RGB('Steel - Satin',0.627450980392157,0.627450980392157,0.627450980392157);
#2847=COLOUR_RGB('Nylon 12 (with Formlabs Fuse 1 3D Printer)',0.247058823529412,
0.247058823529412,0.247058823529412);
ENDSEC;
END-ISO-10303-21;
