ISO-10303-21;
HEADER;
/* Generated by software containing ST-Developer
 * from STEP Tools, Inc. (www.steptools.com) 
 */

FILE_DESCRIPTION(
/* description */ (''),
/* implementation_level */ '2;1');

FILE_NAME(
/* name */ 'Servo Mount Coxa Top.step',
/* time_stamp */ '2026-09-01T13:45:48+04:00',
/* author */ (''),
/* organization */ (''),
/* preprocessor_version */ 'ST-DEVELOPER v20.1',
/* originating_system */ 'Autodesk Translation Framework v15.8.0.0',
/* authorisation */ '');

FILE_SCHEMA (('AUTOMOTIVE_DESIGN { 1 0 10303 214 3 1 1 }'));
ENDSEC;

DATA;
#10=MECHANICAL_DESIGN_GEOMETRIC_PRESENTATION_REPRESENTATION('',(#17),#2900);
#11=ITEM_DEFINED_TRANSFORMATION($,$,#1693,#1872);
#12=(
REPRESENTATION_RELATIONSHIP($,$,#2911,#2910)
REPRESENTATION_RELATIONSHIP_WITH_TRANSFORMATION(#11)
SHAPE_REPRESENTATION_RELATIONSHIP()
);
#13=CONTEXT_DEPENDENT_SHAPE_REPRESENTATION(#12,#2909);
#14=NEXT_ASSEMBLY_USAGE_OCCURRENCE('Component3:1','Component3:1',
'Component3:1',#2913,#2914,'Component3:1');
#15=SHAPE_REPRESENTATION_RELATIONSHIP('SRR','None',#2911,#16);
#16=ADVANCED_BREP_SHAPE_REPRESENTATION('',(#18),#2899);
#17=STYLED_ITEM('',(#2925),#18);
#18=MANIFOLD_SOLID_BREP('Body1',#1679);
#19=FACE_BOUND('',#263,.T.);
#20=FACE_BOUND('',#264,.T.);
#21=FACE_BOUND('',#265,.T.);
#22=FACE_BOUND('',#266,.T.);
#23=FACE_BOUND('',#267,.T.);
#24=FACE_BOUND('',#270,.T.);
#25=FACE_BOUND('',#271,.T.);
#26=FACE_BOUND('',#273,.T.);
#27=FACE_BOUND('',#276,.T.);
#28=FACE_BOUND('',#278,.T.);
#29=FACE_BOUND('',#279,.T.);
#30=FACE_BOUND('',#280,.T.);
#31=FACE_BOUND('',#281,.T.);
#32=FACE_BOUND('',#282,.T.);
#33=TOROIDAL_SURFACE('',#1792,5.41562499999994,0.1);
#34=B_SPLINE_CURVE_WITH_KNOTS('',3,(#2474,#2475,#2476,#2477,#2478,#2479,
#2480,#2481,#2482,#2483),.UNSPECIFIED.,.F.,.F.,(4,2,2,2,4),(0.0517193648447548,
0.0569962728706949,0.0615876429153016,0.0654832376091844,0.0688773080373676),
 .UNSPECIFIED.);
#35=B_SPLINE_CURVE_WITH_KNOTS('',3,(#2489,#2490,#2491,#2492,#2493,#2494,
#2495,#2496,#2497,#2498),.UNSPECIFIED.,.F.,.F.,(4,2,2,2,4),(0.,0.00339407042818318,
0.00728966512206594,0.0118810351666727,0.0171579431926127),
 .UNSPECIFIED.);
#36=CONICAL_SURFACE('',#1710,2.2,0.785398163397448);
#37=CONICAL_SURFACE('',#1714,2.2,0.785398163397448);
#38=CONICAL_SURFACE('',#1718,2.2,0.785398163397448);
#39=CONICAL_SURFACE('',#1722,2.2,0.785398163397448);
#40=PLANE('',#1697);
#41=PLANE('',#1701);
#42=PLANE('',#1705);
#43=PLANE('',#1709);
#44=PLANE('',#1734);
#45=PLANE('',#1735);
#46=PLANE('',#1739);
#47=PLANE('',#1743);
#48=PLANE('',#1744);
#49=PLANE('',#1748);
#50=PLANE('',#1749);
#51=PLANE('',#1750);
#52=PLANE('',#1769);
#53=PLANE('',#1772);
#54=PLANE('',#1774);
#55=PLANE('',#1776);
#56=PLANE('',#1779);
#57=PLANE('',#1780);
#58=PLANE('',#1781);
#59=PLANE('',#1782);
#60=PLANE('',#1786);
#61=PLANE('',#1794);
#62=PLANE('',#1795);
#63=PLANE('',#1802);
#64=PLANE('',#1809);
#65=PLANE('',#1810);
#66=PLANE('',#1811);
#67=PLANE('',#1812);
#68=PLANE('',#1819);
#69=PLANE('',#1826);
#70=PLANE('',#1827);
#71=PLANE('',#1828);
#72=PLANE('',#1829);
#73=PLANE('',#1836);
#74=PLANE('',#1843);
#75=PLANE('',#1844);
#76=PLANE('',#1845);
#77=PLANE('',#1846);
#78=PLANE('',#1853);
#79=PLANE('',#1860);
#80=PLANE('',#1861);
#81=PLANE('',#1862);
#82=PLANE('',#1865);
#83=PLANE('',#1866);
#84=PLANE('',#1867);
#85=PLANE('',#1868);
#86=PLANE('',#1869);
#87=PLANE('',#1870);
#88=PLANE('',#1871);
#89=FACE_OUTER_BOUND('',#179,.T.);
#90=FACE_OUTER_BOUND('',#180,.T.);
#91=FACE_OUTER_BOUND('',#181,.T.);
#92=FACE_OUTER_BOUND('',#182,.T.);
#93=FACE_OUTER_BOUND('',#183,.T.);
#94=FACE_OUTER_BOUND('',#184,.T.);
#95=FACE_OUTER_BOUND('',#185,.T.);
#96=FACE_OUTER_BOUND('',#186,.T.);
#97=FACE_OUTER_BOUND('',#187,.T.);
#98=FACE_OUTER_BOUND('',#188,.T.);
#99=FACE_OUTER_BOUND('',#189,.T.);
#100=FACE_OUTER_BOUND('',#190,.T.);
#101=FACE_OUTER_BOUND('',#191,.T.);
#102=FACE_OUTER_BOUND('',#192,.T.);
#103=FACE_OUTER_BOUND('',#193,.T.);
#104=FACE_OUTER_BOUND('',#194,.T.);
#105=FACE_OUTER_BOUND('',#195,.T.);
#106=FACE_OUTER_BOUND('',#196,.T.);
#107=FACE_OUTER_BOUND('',#197,.T.);
#108=FACE_OUTER_BOUND('',#198,.T.);
#109=FACE_OUTER_BOUND('',#199,.T.);
#110=FACE_OUTER_BOUND('',#200,.T.);
#111=FACE_OUTER_BOUND('',#201,.T.);
#112=FACE_OUTER_BOUND('',#202,.T.);
#113=FACE_OUTER_BOUND('',#203,.T.);
#114=FACE_OUTER_BOUND('',#204,.T.);
#115=FACE_OUTER_BOUND('',#205,.T.);
#116=FACE_OUTER_BOUND('',#206,.T.);
#117=FACE_OUTER_BOUND('',#207,.T.);
#118=FACE_OUTER_BOUND('',#208,.T.);
#119=FACE_OUTER_BOUND('',#209,.T.);
#120=FACE_OUTER_BOUND('',#210,.T.);
#121=FACE_OUTER_BOUND('',#211,.T.);
#122=FACE_OUTER_BOUND('',#212,.T.);
#123=FACE_OUTER_BOUND('',#213,.T.);
#124=FACE_OUTER_BOUND('',#214,.T.);
#125=FACE_OUTER_BOUND('',#215,.T.);
#126=FACE_OUTER_BOUND('',#216,.T.);
#127=FACE_OUTER_BOUND('',#217,.T.);
#128=FACE_OUTER_BOUND('',#218,.T.);
#129=FACE_OUTER_BOUND('',#219,.T.);
#130=FACE_OUTER_BOUND('',#220,.T.);
#131=FACE_OUTER_BOUND('',#221,.T.);
#132=FACE_OUTER_BOUND('',#222,.T.);
#133=FACE_OUTER_BOUND('',#223,.T.);
#134=FACE_OUTER_BOUND('',#224,.T.);
#135=FACE_OUTER_BOUND('',#225,.T.);
#136=FACE_OUTER_BOUND('',#226,.T.);
#137=FACE_OUTER_BOUND('',#227,.T.);
#138=FACE_OUTER_BOUND('',#228,.T.);
#139=FACE_OUTER_BOUND('',#229,.T.);
#140=FACE_OUTER_BOUND('',#230,.T.);
#141=FACE_OUTER_BOUND('',#231,.T.);
#142=FACE_OUTER_BOUND('',#232,.T.);
#143=FACE_OUTER_BOUND('',#233,.T.);
#144=FACE_OUTER_BOUND('',#234,.T.);
#145=FACE_OUTER_BOUND('',#235,.T.);
#146=FACE_OUTER_BOUND('',#236,.T.);
#147=FACE_OUTER_BOUND('',#237,.T.);
#148=FACE_OUTER_BOUND('',#238,.T.);
#149=FACE_OUTER_BOUND('',#239,.T.);
#150=FACE_OUTER_BOUND('',#240,.T.);
#151=FACE_OUTER_BOUND('',#241,.T.);
#152=FACE_OUTER_BOUND('',#242,.T.);
#153=FACE_OUTER_BOUND('',#243,.T.);
#154=FACE_OUTER_BOUND('',#244,.T.);
#155=FACE_OUTER_BOUND('',#245,.T.);
#156=FACE_OUTER_BOUND('',#246,.T.);
#157=FACE_OUTER_BOUND('',#247,.T.);
#158=FACE_OUTER_BOUND('',#248,.T.);
#159=FACE_OUTER_BOUND('',#249,.T.);
#160=FACE_OUTER_BOUND('',#250,.T.);
#161=FACE_OUTER_BOUND('',#251,.T.);
#162=FACE_OUTER_BOUND('',#252,.T.);
#163=FACE_OUTER_BOUND('',#253,.T.);
#164=FACE_OUTER_BOUND('',#254,.T.);
#165=FACE_OUTER_BOUND('',#255,.T.);
#166=FACE_OUTER_BOUND('',#256,.T.);
#167=FACE_OUTER_BOUND('',#257,.T.);
#168=FACE_OUTER_BOUND('',#258,.T.);
#169=FACE_OUTER_BOUND('',#259,.T.);
#170=FACE_OUTER_BOUND('',#260,.T.);
#171=FACE_OUTER_BOUND('',#261,.T.);
#172=FACE_OUTER_BOUND('',#262,.T.);
#173=FACE_OUTER_BOUND('',#268,.T.);
#174=FACE_OUTER_BOUND('',#269,.T.);
#175=FACE_OUTER_BOUND('',#272,.T.);
#176=FACE_OUTER_BOUND('',#274,.T.);
#177=FACE_OUTER_BOUND('',#275,.T.);
#178=FACE_OUTER_BOUND('',#277,.T.);
#179=EDGE_LOOP('',(#1071,#1072,#1073,#1074));
#180=EDGE_LOOP('',(#1075));
#181=EDGE_LOOP('',(#1076,#1077,#1078,#1079));
#182=EDGE_LOOP('',(#1080));
#183=EDGE_LOOP('',(#1081,#1082,#1083,#1084));
#184=EDGE_LOOP('',(#1085));
#185=EDGE_LOOP('',(#1086,#1087,#1088,#1089));
#186=EDGE_LOOP('',(#1090));
#187=EDGE_LOOP('',(#1091,#1092,#1093,#1094,#1095));
#188=EDGE_LOOP('',(#1096,#1097,#1098,#1099,#1100));
#189=EDGE_LOOP('',(#1101,#1102,#1103,#1104,#1105));
#190=EDGE_LOOP('',(#1106,#1107,#1108,#1109,#1110));
#191=EDGE_LOOP('',(#1111,#1112,#1113,#1114,#1115));
#192=EDGE_LOOP('',(#1116,#1117,#1118,#1119,#1120));
#193=EDGE_LOOP('',(#1121,#1122,#1123,#1124,#1125));
#194=EDGE_LOOP('',(#1126,#1127,#1128,#1129,#1130));
#195=EDGE_LOOP('',(#1131,#1132,#1133,#1134,#1135));
#196=EDGE_LOOP('',(#1136,#1137,#1138,#1139,#1140));
#197=EDGE_LOOP('',(#1141,#1142,#1143,#1144));
#198=EDGE_LOOP('',(#1145,#1146,#1147,#1148,#1149));
#199=EDGE_LOOP('',(#1150,#1151,#1152,#1153,#1154));
#200=EDGE_LOOP('',(#1155,#1156,#1157,#1158,#1159));
#201=EDGE_LOOP('',(#1160,#1161,#1162,#1163,#1164));
#202=EDGE_LOOP('',(#1165,#1166,#1167,#1168,#1169));
#203=EDGE_LOOP('',(#1170,#1171,#1172,#1173,#1174,#1175,#1176,#1177));
#204=EDGE_LOOP('',(#1178,#1179,#1180,#1181,#1182,#1183,#1184,#1185));
#205=EDGE_LOOP('',(#1186,#1187,#1188,#1189,#1190,#1191,#1192,#1193,#1194,
#1195,#1196,#1197));
#206=EDGE_LOOP('',(#1198,#1199,#1200,#1201,#1202));
#207=EDGE_LOOP('',(#1203,#1204,#1205,#1206,#1207));
#208=EDGE_LOOP('',(#1208,#1209,#1210,#1211));
#209=EDGE_LOOP('',(#1212,#1213,#1214,#1215));
#210=EDGE_LOOP('',(#1216,#1217,#1218,#1219));
#211=EDGE_LOOP('',(#1220,#1221,#1222,#1223));
#212=EDGE_LOOP('',(#1224,#1225,#1226,#1227));
#213=EDGE_LOOP('',(#1228,#1229,#1230,#1231));
#214=EDGE_LOOP('',(#1232,#1233,#1234,#1235));
#215=EDGE_LOOP('',(#1236,#1237,#1238,#1239,#1240,#1241,#1242,#1243,#1244,
#1245,#1246,#1247));
#216=EDGE_LOOP('',(#1248,#1249,#1250,#1251));
#217=EDGE_LOOP('',(#1252,#1253,#1254,#1255));
#218=EDGE_LOOP('',(#1256,#1257,#1258,#1259));
#219=EDGE_LOOP('',(#1260,#1261,#1262,#1263));
#220=EDGE_LOOP('',(#1264,#1265,#1266,#1267));
#221=EDGE_LOOP('',(#1268,#1269,#1270,#1271,#1272,#1273,#1274,#1275,#1276,
#1277,#1278,#1279,#1280,#1281));
#222=EDGE_LOOP('',(#1282,#1283,#1284,#1285));
#223=EDGE_LOOP('',(#1286,#1287,#1288,#1289));
#224=EDGE_LOOP('',(#1290,#1291,#1292));
#225=EDGE_LOOP('',(#1293,#1294,#1295,#1296,#1297,#1298,#1299,#1300,#1301));
#226=EDGE_LOOP('',(#1302,#1303,#1304,#1305));
#227=EDGE_LOOP('',(#1306,#1307,#1308,#1309));
#228=EDGE_LOOP('',(#1310,#1311,#1312,#1313));
#229=EDGE_LOOP('',(#1314,#1315,#1316,#1317));
#230=EDGE_LOOP('',(#1318,#1319,#1320,#1321));
#231=EDGE_LOOP('',(#1322,#1323,#1324,#1325));
#232=EDGE_LOOP('',(#1326,#1327,#1328,#1329));
#233=EDGE_LOOP('',(#1330,#1331,#1332));
#234=EDGE_LOOP('',(#1333,#1334,#1335,#1336,#1337,#1338,#1339,#1340,#1341));
#235=EDGE_LOOP('',(#1342,#1343,#1344,#1345));
#236=EDGE_LOOP('',(#1346,#1347,#1348,#1349));
#237=EDGE_LOOP('',(#1350,#1351,#1352,#1353));
#238=EDGE_LOOP('',(#1354,#1355,#1356,#1357));
#239=EDGE_LOOP('',(#1358,#1359,#1360,#1361));
#240=EDGE_LOOP('',(#1362,#1363,#1364,#1365,#1366,#1367));
#241=EDGE_LOOP('',(#1368,#1369,#1370,#1371));
#242=EDGE_LOOP('',(#1372,#1373,#1374));
#243=EDGE_LOOP('',(#1375,#1376,#1377,#1378,#1379,#1380,#1381,#1382,#1383));
#244=EDGE_LOOP('',(#1384,#1385,#1386,#1387));
#245=EDGE_LOOP('',(#1388,#1389,#1390,#1391));
#246=EDGE_LOOP('',(#1392,#1393,#1394,#1395));
#247=EDGE_LOOP('',(#1396,#1397,#1398,#1399));
#248=EDGE_LOOP('',(#1400,#1401,#1402,#1403));
#249=EDGE_LOOP('',(#1404,#1405,#1406,#1407));
#250=EDGE_LOOP('',(#1408,#1409,#1410,#1411));
#251=EDGE_LOOP('',(#1412,#1413,#1414));
#252=EDGE_LOOP('',(#1415,#1416,#1417,#1418,#1419,#1420,#1421,#1422,#1423));
#253=EDGE_LOOP('',(#1424,#1425,#1426,#1427));
#254=EDGE_LOOP('',(#1428,#1429,#1430,#1431));
#255=EDGE_LOOP('',(#1432,#1433,#1434,#1435));
#256=EDGE_LOOP('',(#1436,#1437,#1438,#1439));
#257=EDGE_LOOP('',(#1440,#1441,#1442,#1443));
#258=EDGE_LOOP('',(#1444,#1445,#1446,#1447,#1448,#1449));
#259=EDGE_LOOP('',(#1450,#1451,#1452,#1453));
#260=EDGE_LOOP('',(#1454,#1455,#1456,#1457));
#261=EDGE_LOOP('',(#1458,#1459,#1460,#1461,#1462,#1463,#1464,#1465,#1466,
#1467,#1468,#1469,#1470,#1471,#1472));
#262=EDGE_LOOP('',(#1473,#1474,#1475,#1476));
#263=EDGE_LOOP('',(#1477,#1478,#1479,#1480,#1481,#1482,#1483,#1484));
#264=EDGE_LOOP('',(#1485));
#265=EDGE_LOOP('',(#1486));
#266=EDGE_LOOP('',(#1487));
#267=EDGE_LOOP('',(#1488));
#268=EDGE_LOOP('',(#1489,#1490,#1491,#1492));
#269=EDGE_LOOP('',(#1493,#1494,#1495,#1496));
#270=EDGE_LOOP('',(#1497));
#271=EDGE_LOOP('',(#1498));
#272=EDGE_LOOP('',(#1499,#1500,#1501,#1502));
#273=EDGE_LOOP('',(#1503));
#274=EDGE_LOOP('',(#1504,#1505,#1506,#1507));
#275=EDGE_LOOP('',(#1508,#1509,#1510,#1511));
#276=EDGE_LOOP('',(#1512));
#277=EDGE_LOOP('',(#1513,#1514,#1515,#1516));
#278=EDGE_LOOP('',(#1517,#1518,#1519,#1520,#1521,#1522,#1523,#1524,#1525,
#1526,#1527,#1528,#1529,#1530,#1531,#1532,#1533,#1534,#1535,#1536,#1537,
#1538,#1539,#1540,#1541,#1542,#1543,#1544,#1545,#1546,#1547,#1548));
#279=EDGE_LOOP('',(#1549));
#280=EDGE_LOOP('',(#1550));
#281=EDGE_LOOP('',(#1551));
#282=EDGE_LOOP('',(#1552));
#283=LINE('',#2392,#434);
#284=LINE('',#2399,#435);
#285=LINE('',#2406,#436);
#286=LINE('',#2413,#437);
#287=LINE('',#2420,#438);
#288=LINE('',#2428,#439);
#289=LINE('',#2436,#440);
#290=LINE('',#2444,#441);
#291=LINE('',#2450,#442);
#292=LINE('',#2454,#443);
#293=LINE('',#2458,#444);
#294=LINE('',#2462,#445);
#295=LINE('',#2467,#446);
#296=LINE('',#2469,#447);
#297=LINE('',#2471,#448);
#298=LINE('',#2473,#449);
#299=LINE('',#2487,#450);
#300=LINE('',#2500,#451);
#301=LINE('',#2502,#452);
#302=LINE('',#2503,#453);
#303=LINE('',#2509,#454);
#304=LINE('',#2513,#455);
#305=LINE('',#2515,#456);
#306=LINE('',#2517,#457);
#307=LINE('',#2519,#458);
#308=LINE('',#2520,#459);
#309=LINE('',#2526,#460);
#310=LINE('',#2528,#461);
#311=LINE('',#2531,#462);
#312=LINE('',#2535,#463);
#313=LINE('',#2537,#464);
#314=LINE('',#2539,#465);
#315=LINE('',#2541,#466);
#316=LINE('',#2542,#467);
#317=LINE('',#2545,#468);
#318=LINE('',#2547,#469);
#319=LINE('',#2549,#470);
#320=LINE('',#2550,#471);
#321=LINE('',#2557,#472);
#322=LINE('',#2558,#473);
#323=LINE('',#2561,#474);
#324=LINE('',#2563,#475);
#325=LINE('',#2565,#476);
#326=LINE('',#2567,#477);
#327=LINE('',#2569,#478);
#328=LINE('',#2571,#479);
#329=LINE('',#2572,#480);
#330=LINE('',#2576,#481);
#331=LINE('',#2578,#482);
#332=LINE('',#2579,#483);
#333=LINE('',#2581,#484);
#334=LINE('',#2583,#485);
#335=LINE('',#2585,#486);
#336=LINE('',#2586,#487);
#337=LINE('',#2594,#488);
#338=LINE('',#2598,#489);
#339=LINE('',#2601,#490);
#340=LINE('',#2605,#491);
#341=LINE('',#2610,#492);
#342=LINE('',#2615,#493);
#343=LINE('',#2622,#494);
#344=LINE('',#2625,#495);
#345=LINE('',#2628,#496);
#346=LINE('',#2631,#497);
#347=LINE('',#2632,#498);
#348=LINE('',#2636,#499);
#349=LINE('',#2640,#500);
#350=LINE('',#2644,#501);
#351=LINE('',#2648,#502);
#352=LINE('',#2650,#503);
#353=LINE('',#2654,#504);
#354=LINE('',#2655,#505);
#355=LINE('',#2657,#506);
#356=LINE('',#2660,#507);
#357=LINE('',#2661,#508);
#358=LINE('',#2663,#509);
#359=LINE('',#2668,#510);
#360=LINE('',#2673,#511);
#361=LINE('',#2677,#512);
#362=LINE('',#2684,#513);
#363=LINE('',#2685,#514);
#364=LINE('',#2688,#515);
#365=LINE('',#2692,#516);
#366=LINE('',#2699,#517);
#367=LINE('',#2704,#518);
#368=LINE('',#2705,#519);
#369=LINE('',#2708,#520);
#370=LINE('',#2709,#521);
#371=LINE('',#2713,#522);
#372=LINE('',#2717,#523);
#373=LINE('',#2721,#524);
#374=LINE('',#2723,#525);
#375=LINE('',#2726,#526);
#376=LINE('',#2727,#527);
#377=LINE('',#2729,#528);
#378=LINE('',#2732,#529);
#379=LINE('',#2740,#530);
#380=LINE('',#2743,#531);
#381=LINE('',#2748,#532);
#382=LINE('',#2749,#533);
#383=LINE('',#2752,#534);
#384=LINE('',#2753,#535);
#385=LINE('',#2757,#536);
#386=LINE('',#2760,#537);
#387=LINE('',#2764,#538);
#388=LINE('',#2767,#539);
#389=LINE('',#2769,#540);
#390=LINE('',#2772,#541);
#391=LINE('',#2773,#542);
#392=LINE('',#2776,#543);
#393=LINE('',#2780,#544);
#394=LINE('',#2787,#545);
#395=LINE('',#2792,#546);
#396=LINE('',#2793,#547);
#397=LINE('',#2796,#548);
#398=LINE('',#2797,#549);
#399=LINE('',#2801,#550);
#400=LINE('',#2805,#551);
#401=LINE('',#2809,#552);
#402=LINE('',#2811,#553);
#403=LINE('',#2814,#554);
#404=LINE('',#2815,#555);
#405=LINE('',#2817,#556);
#406=LINE('',#2820,#557);
#407=LINE('',#2828,#558);
#408=LINE('',#2831,#559);
#409=LINE('',#2836,#560);
#410=LINE('',#2837,#561);
#411=LINE('',#2840,#562);
#412=LINE('',#2841,#563);
#413=LINE('',#2845,#564);
#414=LINE('',#2848,#565);
#415=LINE('',#2852,#566);
#416=LINE('',#2855,#567);
#417=LINE('',#2857,#568);
#418=LINE('',#2860,#569);
#419=LINE('',#2861,#570);
#420=LINE('',#2864,#571);
#421=LINE('',#2869,#572);
#422=LINE('',#2871,#573);
#423=LINE('',#2873,#574);
#424=LINE('',#2874,#575);
#425=LINE('',#2875,#576);
#426=LINE('',#2879,#577);
#427=LINE('',#2881,#578);
#428=LINE('',#2882,#579);
#429=LINE('',#2885,#580);
#430=LINE('',#2886,#581);
#431=LINE('',#2889,#582);
#432=LINE('',#2890,#583);
#433=LINE('',#2892,#584);
#434=VECTOR('',#1881,1.6);
#435=VECTOR('',#1890,1.6);
#436=VECTOR('',#1899,1.6);
#437=VECTOR('',#1908,1.6);
#438=VECTOR('',#1917,2.2);
#439=VECTOR('',#1926,2.2);
#440=VECTOR('',#1935,2.2);
#441=VECTOR('',#1944,2.2);
#442=VECTOR('',#1951,1.6);
#443=VECTOR('',#1956,1.6);
#444=VECTOR('',#1961,1.6);
#445=VECTOR('',#1966,1.6);
#446=VECTOR('',#1971,10.);
#447=VECTOR('',#1972,10.);
#448=VECTOR('',#1973,10.);
#449=VECTOR('',#1974,10.);
#450=VECTOR('',#1977,10.);
#451=VECTOR('',#1978,10.);
#452=VECTOR('',#1979,10.);
#453=VECTOR('',#1980,10.);
#454=VECTOR('',#1987,10.);
#455=VECTOR('',#1990,10.);
#456=VECTOR('',#1991,10.);
#457=VECTOR('',#1992,10.);
#458=VECTOR('',#1993,10.);
#459=VECTOR('',#1994,10.);
#460=VECTOR('',#1999,10.);
#461=VECTOR('',#2000,10.);
#462=VECTOR('',#2003,10.);
#463=VECTOR('',#2006,10.);
#464=VECTOR('',#2007,10.);
#465=VECTOR('',#2008,10.);
#466=VECTOR('',#2009,10.);
#467=VECTOR('',#2010,10.);
#468=VECTOR('',#2013,10.);
#469=VECTOR('',#2014,10.);
#470=VECTOR('',#2015,10.);
#471=VECTOR('',#2016,10.);
#472=VECTOR('',#2023,10.);
#473=VECTOR('',#2024,10.);
#474=VECTOR('',#2027,10.);
#475=VECTOR('',#2028,10.);
#476=VECTOR('',#2029,10.);
#477=VECTOR('',#2030,10.);
#478=VECTOR('',#2031,10.);
#479=VECTOR('',#2032,10.);
#480=VECTOR('',#2033,10.);
#481=VECTOR('',#2036,10.);
#482=VECTOR('',#2037,10.);
#483=VECTOR('',#2038,10.);
#484=VECTOR('',#2039,10.);
#485=VECTOR('',#2040,10.);
#486=VECTOR('',#2041,10.);
#487=VECTOR('',#2042,10.);
#488=VECTOR('',#2051,10.);
#489=VECTOR('',#2054,10.);
#490=VECTOR('',#2057,10.);
#491=VECTOR('',#2062,10.);
#492=VECTOR('',#2069,10.);
#493=VECTOR('',#2074,10.);
#494=VECTOR('',#2083,10.);
#495=VECTOR('',#2086,10.);
#496=VECTOR('',#2089,10.);
#497=VECTOR('',#2092,10.);
#498=VECTOR('',#2093,10.);
#499=VECTOR('',#2098,10.);
#500=VECTOR('',#2103,10.);
#501=VECTOR('',#2108,10.);
#502=VECTOR('',#2113,10.);
#503=VECTOR('',#2114,10.);
#504=VECTOR('',#2119,10.);
#505=VECTOR('',#2120,10.);
#506=VECTOR('',#2123,10.);
#507=VECTOR('',#2126,10.);
#508=VECTOR('',#2127,10.);
#509=VECTOR('',#2130,10.);
#510=VECTOR('',#2135,10.);
#511=VECTOR('',#2142,10.);
#512=VECTOR('',#2147,10.);
#513=VECTOR('',#2158,10.);
#514=VECTOR('',#2159,10.);
#515=VECTOR('',#2162,10.);
#516=VECTOR('',#2165,10.);
#517=VECTOR('',#2172,10.);
#518=VECTOR('',#2177,10.);
#519=VECTOR('',#2178,10.);
#520=VECTOR('',#2181,10.);
#521=VECTOR('',#2182,1.);
#522=VECTOR('',#2187,1.);
#523=VECTOR('',#2192,1.);
#524=VECTOR('',#2197,1.);
#525=VECTOR('',#2200,10.);
#526=VECTOR('',#2203,10.);
#527=VECTOR('',#2204,10.);
#528=VECTOR('',#2207,10.);
#529=VECTOR('',#2210,10.);
#530=VECTOR('',#2217,10.);
#531=VECTOR('',#2220,10.);
#532=VECTOR('',#2225,10.);
#533=VECTOR('',#2226,10.);
#534=VECTOR('',#2229,1.);
#535=VECTOR('',#2230,10.);
#536=VECTOR('',#2235,1.);
#537=VECTOR('',#2238,1.);
#538=VECTOR('',#2243,1.);
#539=VECTOR('',#2248,10.);
#540=VECTOR('',#2251,10.);
#541=VECTOR('',#2254,10.);
#542=VECTOR('',#2255,10.);
#543=VECTOR('',#2258,10.);
#544=VECTOR('',#2261,10.);
#545=VECTOR('',#2268,10.);
#546=VECTOR('',#2273,10.);
#547=VECTOR('',#2274,10.);
#548=VECTOR('',#2277,10.);
#549=VECTOR('',#2278,1.);
#550=VECTOR('',#2283,1.);
#551=VECTOR('',#2288,1.);
#552=VECTOR('',#2293,1.);
#553=VECTOR('',#2296,10.);
#554=VECTOR('',#2299,10.);
#555=VECTOR('',#2300,10.);
#556=VECTOR('',#2303,10.);
#557=VECTOR('',#2306,10.);
#558=VECTOR('',#2313,10.);
#559=VECTOR('',#2316,10.);
#560=VECTOR('',#2321,10.);
#561=VECTOR('',#2322,10.);
#562=VECTOR('',#2325,1.);
#563=VECTOR('',#2326,10.);
#564=VECTOR('',#2331,1.);
#565=VECTOR('',#2334,1.);
#566=VECTOR('',#2339,1.);
#567=VECTOR('',#2344,10.);
#568=VECTOR('',#2347,10.);
#569=VECTOR('',#2350,10.);
#570=VECTOR('',#2351,10.);
#571=VECTOR('',#2354,10.);
#572=VECTOR('',#2359,10.);
#573=VECTOR('',#2360,10.);
#574=VECTOR('',#2361,10.);
#575=VECTOR('',#2362,10.);
#576=VECTOR('',#2363,10.);
#577=VECTOR('',#2368,10.);
#578=VECTOR('',#2369,10.);
#579=VECTOR('',#2370,10.);
#580=VECTOR('',#2373,10.);
#581=VECTOR('',#2374,10.);
#582=VECTOR('',#2377,10.);
#583=VECTOR('',#2378,10.);
#584=VECTOR('',#2381,10.);
#585=CIRCLE('',#1695,1.6);
#586=CIRCLE('',#1696,1.6);
#587=CIRCLE('',#1699,1.6);
#588=CIRCLE('',#1700,1.6);
#589=CIRCLE('',#1703,1.6);
#590=CIRCLE('',#1704,1.6);
#591=CIRCLE('',#1707,1.6);
#592=CIRCLE('',#1708,1.6);
#593=CIRCLE('',#1711,2.8);
#594=CIRCLE('',#1712,1.6);
#595=CIRCLE('',#1713,1.6);
#596=CIRCLE('',#1715,2.8);
#597=CIRCLE('',#1716,1.6);
#598=CIRCLE('',#1717,1.6);
#599=CIRCLE('',#1719,2.8);
#600=CIRCLE('',#1720,1.6);
#601=CIRCLE('',#1721,1.6);
#602=CIRCLE('',#1723,2.8);
#603=CIRCLE('',#1724,1.6);
#604=CIRCLE('',#1725,1.6);
#605=CIRCLE('',#1727,1.6);
#606=CIRCLE('',#1729,1.6);
#607=CIRCLE('',#1731,1.6);
#608=CIRCLE('',#1733,1.6);
#609=CIRCLE('',#1737,1.);
#610=CIRCLE('',#1738,1.);
#611=CIRCLE('',#1741,1.);
#612=CIRCLE('',#1742,1.);
#613=CIRCLE('',#1746,1.);
#614=CIRCLE('',#1747,1.);
#615=CIRCLE('',#1751,9.5);
#616=CIRCLE('',#1752,1.);
#617=CIRCLE('',#1753,9.5);
#618=CIRCLE('',#1754,0.700000000000002);
#619=CIRCLE('',#1755,0.700000000000001);
#620=CIRCLE('',#1757,1.);
#621=CIRCLE('',#1758,1.);
#622=CIRCLE('',#1760,1.);
#623=CIRCLE('',#1762,0.700000000000002);
#624=CIRCLE('',#1763,0.700000000000002);
#625=CIRCLE('',#1765,0.700000000000001);
#626=CIRCLE('',#1766,0.700000000000001);
#627=CIRCLE('',#1768,0.700000000000002);
#628=CIRCLE('',#1771,0.700000000000001);
#629=CIRCLE('',#1773,9.5);
#630=CIRCLE('',#1775,9.5);
#631=CIRCLE('',#1777,9.5);
#632=CIRCLE('',#1778,9.5);
#633=CIRCLE('',#1784,1.);
#634=CIRCLE('',#1785,1.);
#635=CIRCLE('',#1787,5.51562499999994);
#636=CIRCLE('',#1788,9.5);
#637=CIRCLE('',#1789,9.5);
#638=CIRCLE('',#1791,5.51562499999994);
#639=CIRCLE('',#1793,5.41562499999994);
#640=CIRCLE('',#1796,1.);
#641=CIRCLE('',#1797,1.);
#642=CIRCLE('',#1798,2.);
#643=CIRCLE('',#1799,1.);
#644=CIRCLE('',#1801,1.);
#645=CIRCLE('',#1804,1.);
#646=CIRCLE('',#1806,2.);
#647=CIRCLE('',#1808,1.);
#648=CIRCLE('',#1813,1.);
#649=CIRCLE('',#1814,2.);
#650=CIRCLE('',#1815,1.);
#651=CIRCLE('',#1816,1.);
#652=CIRCLE('',#1818,1.);
#653=CIRCLE('',#1821,1.);
#654=CIRCLE('',#1823,2.);
#655=CIRCLE('',#1825,1.);
#656=CIRCLE('',#1830,1.);
#657=CIRCLE('',#1831,1.);
#658=CIRCLE('',#1832,2.);
#659=CIRCLE('',#1833,1.);
#660=CIRCLE('',#1835,1.);
#661=CIRCLE('',#1838,1.);
#662=CIRCLE('',#1840,2.);
#663=CIRCLE('',#1842,1.);
#664=CIRCLE('',#1847,1.);
#665=CIRCLE('',#1848,2.);
#666=CIRCLE('',#1849,1.);
#667=CIRCLE('',#1850,1.);
#668=CIRCLE('',#1852,1.);
#669=CIRCLE('',#1855,1.);
#670=CIRCLE('',#1857,2.);
#671=CIRCLE('',#1859,1.);
#672=CIRCLE('',#1864,9.5);
#673=VERTEX_POINT('',#2389);
#674=VERTEX_POINT('',#2391);
#675=VERTEX_POINT('',#2396);
#676=VERTEX_POINT('',#2398);
#677=VERTEX_POINT('',#2403);
#678=VERTEX_POINT('',#2405);
#679=VERTEX_POINT('',#2410);
#680=VERTEX_POINT('',#2412);
#681=VERTEX_POINT('',#2417);
#682=VERTEX_POINT('',#2419);
#683=VERTEX_POINT('',#2421);
#684=VERTEX_POINT('',#2425);
#685=VERTEX_POINT('',#2427);
#686=VERTEX_POINT('',#2429);
#687=VERTEX_POINT('',#2433);
#688=VERTEX_POINT('',#2435);
#689=VERTEX_POINT('',#2437);
#690=VERTEX_POINT('',#2441);
#691=VERTEX_POINT('',#2443);
#692=VERTEX_POINT('',#2445);
#693=VERTEX_POINT('',#2449);
#694=VERTEX_POINT('',#2453);
#695=VERTEX_POINT('',#2457);
#696=VERTEX_POINT('',#2461);
#697=VERTEX_POINT('',#2465);
#698=VERTEX_POINT('',#2466);
#699=VERTEX_POINT('',#2468);
#700=VERTEX_POINT('',#2470);
#701=VERTEX_POINT('',#2472);
#702=VERTEX_POINT('',#2485);
#703=VERTEX_POINT('',#2486);
#704=VERTEX_POINT('',#2488);
#705=VERTEX_POINT('',#2499);
#706=VERTEX_POINT('',#2501);
#707=VERTEX_POINT('',#2505);
#708=VERTEX_POINT('',#2507);
#709=VERTEX_POINT('',#2511);
#710=VERTEX_POINT('',#2512);
#711=VERTEX_POINT('',#2514);
#712=VERTEX_POINT('',#2516);
#713=VERTEX_POINT('',#2518);
#714=VERTEX_POINT('',#2522);
#715=VERTEX_POINT('',#2523);
#716=VERTEX_POINT('',#2525);
#717=VERTEX_POINT('',#2527);
#718=VERTEX_POINT('',#2529);
#719=VERTEX_POINT('',#2533);
#720=VERTEX_POINT('',#2534);
#721=VERTEX_POINT('',#2536);
#722=VERTEX_POINT('',#2538);
#723=VERTEX_POINT('',#2540);
#724=VERTEX_POINT('',#2544);
#725=VERTEX_POINT('',#2546);
#726=VERTEX_POINT('',#2548);
#727=VERTEX_POINT('',#2552);
#728=VERTEX_POINT('',#2554);
#729=VERTEX_POINT('',#2556);
#730=VERTEX_POINT('',#2560);
#731=VERTEX_POINT('',#2562);
#732=VERTEX_POINT('',#2564);
#733=VERTEX_POINT('',#2566);
#734=VERTEX_POINT('',#2568);
#735=VERTEX_POINT('',#2570);
#736=VERTEX_POINT('',#2574);
#737=VERTEX_POINT('',#2575);
#738=VERTEX_POINT('',#2577);
#739=VERTEX_POINT('',#2580);
#740=VERTEX_POINT('',#2582);
#741=VERTEX_POINT('',#2584);
#742=VERTEX_POINT('',#2588);
#743=VERTEX_POINT('',#2591);
#744=VERTEX_POINT('',#2593);
#745=VERTEX_POINT('',#2595);
#746=VERTEX_POINT('',#2597);
#747=VERTEX_POINT('',#2599);
#748=VERTEX_POINT('',#2603);
#749=VERTEX_POINT('',#2608);
#750=VERTEX_POINT('',#2612);
#751=VERTEX_POINT('',#2614);
#752=VERTEX_POINT('',#2618);
#753=VERTEX_POINT('',#2620);
#754=VERTEX_POINT('',#2624);
#755=VERTEX_POINT('',#2626);
#756=VERTEX_POINT('',#2630);
#757=VERTEX_POINT('',#2634);
#758=VERTEX_POINT('',#2638);
#759=VERTEX_POINT('',#2642);
#760=VERTEX_POINT('',#2646);
#761=VERTEX_POINT('',#2649);
#762=VERTEX_POINT('',#2653);
#763=VERTEX_POINT('',#2659);
#764=VERTEX_POINT('',#2665);
#765=VERTEX_POINT('',#2667);
#766=VERTEX_POINT('',#2672);
#767=VERTEX_POINT('',#2675);
#768=VERTEX_POINT('',#2683);
#769=VERTEX_POINT('',#2687);
#770=VERTEX_POINT('',#2689);
#771=VERTEX_POINT('',#2691);
#772=VERTEX_POINT('',#2693);
#773=VERTEX_POINT('',#2695);
#774=VERTEX_POINT('',#2697);
#775=VERTEX_POINT('',#2701);
#776=VERTEX_POINT('',#2702);
#777=VERTEX_POINT('',#2707);
#778=VERTEX_POINT('',#2711);
#779=VERTEX_POINT('',#2715);
#780=VERTEX_POINT('',#2719);
#781=VERTEX_POINT('',#2725);
#782=VERTEX_POINT('',#2731);
#783=VERTEX_POINT('',#2733);
#784=VERTEX_POINT('',#2735);
#785=VERTEX_POINT('',#2737);
#786=VERTEX_POINT('',#2739);
#787=VERTEX_POINT('',#2741);
#788=VERTEX_POINT('',#2745);
#789=VERTEX_POINT('',#2746);
#790=VERTEX_POINT('',#2751);
#791=VERTEX_POINT('',#2755);
#792=VERTEX_POINT('',#2759);
#793=VERTEX_POINT('',#2763);
#794=VERTEX_POINT('',#2771);
#795=VERTEX_POINT('',#2775);
#796=VERTEX_POINT('',#2777);
#797=VERTEX_POINT('',#2779);
#798=VERTEX_POINT('',#2781);
#799=VERTEX_POINT('',#2783);
#800=VERTEX_POINT('',#2785);
#801=VERTEX_POINT('',#2789);
#802=VERTEX_POINT('',#2790);
#803=VERTEX_POINT('',#2795);
#804=VERTEX_POINT('',#2799);
#805=VERTEX_POINT('',#2803);
#806=VERTEX_POINT('',#2807);
#807=VERTEX_POINT('',#2813);
#808=VERTEX_POINT('',#2819);
#809=VERTEX_POINT('',#2821);
#810=VERTEX_POINT('',#2823);
#811=VERTEX_POINT('',#2825);
#812=VERTEX_POINT('',#2827);
#813=VERTEX_POINT('',#2829);
#814=VERTEX_POINT('',#2833);
#815=VERTEX_POINT('',#2834);
#816=VERTEX_POINT('',#2839);
#817=VERTEX_POINT('',#2843);
#818=VERTEX_POINT('',#2847);
#819=VERTEX_POINT('',#2851);
#820=VERTEX_POINT('',#2859);
#821=VERTEX_POINT('',#2863);
#822=VERTEX_POINT('',#2867);
#823=VERTEX_POINT('',#2868);
#824=VERTEX_POINT('',#2870);
#825=VERTEX_POINT('',#2872);
#826=VERTEX_POINT('',#2878);
#827=VERTEX_POINT('',#2880);
#828=VERTEX_POINT('',#2884);
#829=VERTEX_POINT('',#2888);
#830=EDGE_CURVE('',#673,#673,#585,.T.);
#831=EDGE_CURVE('',#673,#674,#283,.T.);
#832=EDGE_CURVE('',#674,#674,#586,.T.);
#833=EDGE_CURVE('',#675,#675,#587,.T.);
#834=EDGE_CURVE('',#675,#676,#284,.T.);
#835=EDGE_CURVE('',#676,#676,#588,.T.);
#836=EDGE_CURVE('',#677,#677,#589,.T.);
#837=EDGE_CURVE('',#677,#678,#285,.T.);
#838=EDGE_CURVE('',#678,#678,#590,.T.);
#839=EDGE_CURVE('',#679,#679,#591,.T.);
#840=EDGE_CURVE('',#679,#680,#286,.T.);
#841=EDGE_CURVE('',#680,#680,#592,.T.);
#842=EDGE_CURVE('',#681,#681,#593,.T.);
#843=EDGE_CURVE('',#681,#682,#287,.T.);
#844=EDGE_CURVE('',#683,#682,#594,.T.);
#845=EDGE_CURVE('',#682,#683,#595,.T.);
#846=EDGE_CURVE('',#684,#684,#596,.T.);
#847=EDGE_CURVE('',#684,#685,#288,.T.);
#848=EDGE_CURVE('',#686,#685,#597,.T.);
#849=EDGE_CURVE('',#685,#686,#598,.T.);
#850=EDGE_CURVE('',#687,#687,#599,.T.);
#851=EDGE_CURVE('',#687,#688,#289,.T.);
#852=EDGE_CURVE('',#689,#688,#600,.T.);
#853=EDGE_CURVE('',#688,#689,#601,.T.);
#854=EDGE_CURVE('',#690,#690,#602,.T.);
#855=EDGE_CURVE('',#690,#691,#290,.T.);
#856=EDGE_CURVE('',#692,#691,#603,.T.);
#857=EDGE_CURVE('',#691,#692,#604,.T.);
#858=EDGE_CURVE('',#692,#693,#291,.T.);
#859=EDGE_CURVE('',#693,#693,#605,.T.);
#860=EDGE_CURVE('',#686,#694,#292,.T.);
#861=EDGE_CURVE('',#694,#694,#606,.T.);
#862=EDGE_CURVE('',#683,#695,#293,.T.);
#863=EDGE_CURVE('',#695,#695,#607,.T.);
#864=EDGE_CURVE('',#689,#696,#294,.T.);
#865=EDGE_CURVE('',#696,#696,#608,.T.);
#866=EDGE_CURVE('',#697,#698,#295,.T.);
#867=EDGE_CURVE('',#697,#699,#296,.T.);
#868=EDGE_CURVE('',#699,#700,#297,.T.);
#869=EDGE_CURVE('',#701,#700,#298,.T.);
#870=EDGE_CURVE('',#701,#698,#34,.F.);
#871=EDGE_CURVE('',#702,#703,#299,.T.);
#872=EDGE_CURVE('',#702,#704,#35,.F.);
#873=EDGE_CURVE('',#705,#704,#300,.T.);
#874=EDGE_CURVE('',#705,#706,#301,.T.);
#875=EDGE_CURVE('',#706,#703,#302,.T.);
#876=EDGE_CURVE('',#703,#707,#609,.T.);
#877=EDGE_CURVE('',#708,#706,#610,.F.);
#878=EDGE_CURVE('',#707,#708,#303,.T.);
#879=EDGE_CURVE('',#709,#710,#304,.T.);
#880=EDGE_CURVE('',#710,#711,#305,.T.);
#881=EDGE_CURVE('',#711,#712,#306,.T.);
#882=EDGE_CURVE('',#712,#713,#307,.T.);
#883=EDGE_CURVE('',#709,#713,#308,.T.);
#884=EDGE_CURVE('',#714,#715,#611,.T.);
#885=EDGE_CURVE('',#714,#716,#309,.T.);
#886=EDGE_CURVE('',#717,#716,#310,.T.);
#887=EDGE_CURVE('',#718,#717,#612,.T.);
#888=EDGE_CURVE('',#715,#718,#311,.T.);
#889=EDGE_CURVE('',#719,#720,#312,.T.);
#890=EDGE_CURVE('',#719,#721,#313,.T.);
#891=EDGE_CURVE('',#721,#722,#314,.T.);
#892=EDGE_CURVE('',#722,#723,#315,.T.);
#893=EDGE_CURVE('',#723,#720,#316,.T.);
#894=EDGE_CURVE('',#715,#724,#317,.T.);
#895=EDGE_CURVE('',#718,#725,#318,.T.);
#896=EDGE_CURVE('',#725,#726,#319,.T.);
#897=EDGE_CURVE('',#726,#724,#320,.T.);
#898=EDGE_CURVE('',#724,#727,#613,.T.);
#899=EDGE_CURVE('',#728,#726,#614,.T.);
#900=EDGE_CURVE('',#729,#728,#321,.T.);
#901=EDGE_CURVE('',#727,#729,#322,.T.);
#902=EDGE_CURVE('',#729,#730,#323,.T.);
#903=EDGE_CURVE('',#728,#731,#324,.T.);
#904=EDGE_CURVE('',#731,#732,#325,.T.);
#905=EDGE_CURVE('',#732,#733,#326,.T.);
#906=EDGE_CURVE('',#733,#734,#327,.T.);
#907=EDGE_CURVE('',#735,#734,#328,.T.);
#908=EDGE_CURVE('',#730,#735,#329,.T.);
#909=EDGE_CURVE('',#736,#737,#330,.T.);
#910=EDGE_CURVE('',#736,#738,#331,.T.);
#911=EDGE_CURVE('',#738,#717,#332,.T.);
#912=EDGE_CURVE('',#716,#739,#333,.T.);
#913=EDGE_CURVE('',#739,#740,#334,.T.);
#914=EDGE_CURVE('',#741,#740,#335,.T.);
#915=EDGE_CURVE('',#737,#741,#336,.T.);
#916=EDGE_CURVE('',#725,#742,#615,.T.);
#917=EDGE_CURVE('',#738,#723,#616,.T.);
#918=EDGE_CURVE('',#743,#722,#617,.T.);
#919=EDGE_CURVE('',#744,#743,#337,.T.);
#920=EDGE_CURVE('',#745,#744,#618,.T.);
#921=EDGE_CURVE('',#746,#745,#338,.T.);
#922=EDGE_CURVE('',#747,#746,#619,.T.);
#923=EDGE_CURVE('',#742,#747,#339,.T.);
#924=EDGE_CURVE('',#748,#719,#620,.T.);
#925=EDGE_CURVE('',#748,#732,#340,.T.);
#926=EDGE_CURVE('',#721,#731,#621,.T.);
#927=EDGE_CURVE('',#720,#749,#622,.T.);
#928=EDGE_CURVE('',#749,#736,#341,.T.);
#929=EDGE_CURVE('',#710,#750,#623,.T.);
#930=EDGE_CURVE('',#750,#751,#342,.T.);
#931=EDGE_CURVE('',#751,#711,#624,.T.);
#932=EDGE_CURVE('',#752,#709,#625,.T.);
#933=EDGE_CURVE('',#713,#753,#626,.T.);
#934=EDGE_CURVE('',#752,#753,#343,.T.);
#935=EDGE_CURVE('',#744,#754,#344,.T.);
#936=EDGE_CURVE('',#754,#755,#627,.T.);
#937=EDGE_CURVE('',#745,#755,#345,.T.);
#938=EDGE_CURVE('',#755,#756,#346,.T.);
#939=EDGE_CURVE('',#746,#756,#347,.T.);
#940=EDGE_CURVE('',#756,#757,#628,.T.);
#941=EDGE_CURVE('',#747,#757,#348,.T.);
#942=EDGE_CURVE('',#712,#758,#629,.T.);
#943=EDGE_CURVE('',#758,#751,#349,.T.);
#944=EDGE_CURVE('',#759,#712,#630,.T.);
#945=EDGE_CURVE('',#753,#759,#350,.T.);
#946=EDGE_CURVE('',#760,#725,#631,.T.);
#947=EDGE_CURVE('',#750,#760,#351,.T.);
#948=EDGE_CURVE('',#761,#752,#352,.T.);
#949=EDGE_CURVE('',#722,#761,#632,.T.);
#950=EDGE_CURVE('',#762,#743,#353,.T.);
#951=EDGE_CURVE('',#762,#754,#354,.T.);
#952=EDGE_CURVE('',#761,#759,#355,.T.);
#953=EDGE_CURVE('',#742,#763,#356,.T.);
#954=EDGE_CURVE('',#757,#763,#357,.T.);
#955=EDGE_CURVE('',#758,#760,#358,.T.);
#956=EDGE_CURVE('',#764,#697,#633,.T.);
#957=EDGE_CURVE('',#765,#764,#359,.T.);
#958=EDGE_CURVE('',#699,#765,#634,.F.);
#959=EDGE_CURVE('',#700,#705,#635,.T.);
#960=EDGE_CURVE('',#766,#765,#360,.T.);
#961=EDGE_CURVE('',#763,#766,#636,.T.);
#962=EDGE_CURVE('',#767,#762,#637,.T.);
#963=EDGE_CURVE('',#708,#767,#361,.T.);
#964=EDGE_CURVE('',#704,#701,#638,.T.);
#965=EDGE_CURVE('',#702,#698,#639,.T.);
#966=EDGE_CURVE('',#768,#739,#362,.T.);
#967=EDGE_CURVE('',#768,#740,#363,.T.);
#968=EDGE_CURVE('',#716,#769,#364,.T.);
#969=EDGE_CURVE('',#770,#769,#640,.T.);
#970=EDGE_CURVE('',#771,#770,#365,.T.);
#971=EDGE_CURVE('',#772,#771,#641,.T.);
#972=EDGE_CURVE('',#772,#773,#642,.T.);
#973=EDGE_CURVE('',#774,#773,#643,.T.);
#974=EDGE_CURVE('',#768,#774,#366,.T.);
#975=EDGE_CURVE('',#775,#776,#644,.T.);
#976=EDGE_CURVE('',#775,#770,#367,.T.);
#977=EDGE_CURVE('',#769,#776,#368,.T.);
#978=EDGE_CURVE('',#777,#775,#369,.T.);
#979=EDGE_CURVE('',#771,#777,#370,.T.);
#980=EDGE_CURVE('',#778,#777,#645,.T.);
#981=EDGE_CURVE('',#778,#772,#371,.T.);
#982=EDGE_CURVE('',#779,#778,#646,.T.);
#983=EDGE_CURVE('',#773,#779,#372,.T.);
#984=EDGE_CURVE('',#780,#779,#647,.T.);
#985=EDGE_CURVE('',#780,#774,#373,.T.);
#986=EDGE_CURVE('',#776,#714,#374,.T.);
#987=EDGE_CURVE('',#781,#741,#375,.T.);
#988=EDGE_CURVE('',#768,#781,#376,.T.);
#989=EDGE_CURVE('',#781,#737,#377,.T.);
#990=EDGE_CURVE('',#781,#782,#378,.T.);
#991=EDGE_CURVE('',#782,#783,#648,.T.);
#992=EDGE_CURVE('',#784,#783,#649,.T.);
#993=EDGE_CURVE('',#784,#785,#650,.T.);
#994=EDGE_CURVE('',#785,#786,#379,.T.);
#995=EDGE_CURVE('',#786,#787,#651,.T.);
#996=EDGE_CURVE('',#736,#787,#380,.T.);
#997=EDGE_CURVE('',#788,#789,#652,.T.);
#998=EDGE_CURVE('',#787,#788,#381,.T.);
#999=EDGE_CURVE('',#789,#786,#382,.T.);
#1000=EDGE_CURVE('',#785,#790,#383,.T.);
#1001=EDGE_CURVE('',#789,#790,#384,.T.);
#1002=EDGE_CURVE('',#790,#791,#653,.T.);
#1003=EDGE_CURVE('',#791,#784,#385,.T.);
#1004=EDGE_CURVE('',#783,#792,#386,.T.);
#1005=EDGE_CURVE('',#791,#792,#654,.T.);
#1006=EDGE_CURVE('',#793,#782,#387,.T.);
#1007=EDGE_CURVE('',#792,#793,#655,.T.);
#1008=EDGE_CURVE('',#793,#780,#388,.T.);
#1009=EDGE_CURVE('',#749,#788,#389,.T.);
#1010=EDGE_CURVE('',#794,#733,#390,.T.);
#1011=EDGE_CURVE('',#794,#734,#391,.T.);
#1012=EDGE_CURVE('',#732,#795,#392,.T.);
#1013=EDGE_CURVE('',#796,#795,#656,.T.);
#1014=EDGE_CURVE('',#797,#796,#393,.T.);
#1015=EDGE_CURVE('',#798,#797,#657,.T.);
#1016=EDGE_CURVE('',#798,#799,#658,.T.);
#1017=EDGE_CURVE('',#800,#799,#659,.T.);
#1018=EDGE_CURVE('',#794,#800,#394,.T.);
#1019=EDGE_CURVE('',#801,#802,#660,.T.);
#1020=EDGE_CURVE('',#801,#796,#395,.T.);
#1021=EDGE_CURVE('',#795,#802,#396,.T.);
#1022=EDGE_CURVE('',#803,#801,#397,.T.);
#1023=EDGE_CURVE('',#797,#803,#398,.T.);
#1024=EDGE_CURVE('',#804,#803,#661,.T.);
#1025=EDGE_CURVE('',#804,#798,#399,.T.);
#1026=EDGE_CURVE('',#805,#804,#662,.T.);
#1027=EDGE_CURVE('',#799,#805,#400,.T.);
#1028=EDGE_CURVE('',#806,#805,#663,.T.);
#1029=EDGE_CURVE('',#806,#800,#401,.T.);
#1030=EDGE_CURVE('',#802,#748,#402,.T.);
#1031=EDGE_CURVE('',#807,#735,#403,.T.);
#1032=EDGE_CURVE('',#794,#807,#404,.T.);
#1033=EDGE_CURVE('',#807,#730,#405,.T.);
#1034=EDGE_CURVE('',#807,#808,#406,.T.);
#1035=EDGE_CURVE('',#808,#809,#664,.T.);
#1036=EDGE_CURVE('',#810,#809,#665,.T.);
#1037=EDGE_CURVE('',#810,#811,#666,.T.);
#1038=EDGE_CURVE('',#811,#812,#407,.T.);
#1039=EDGE_CURVE('',#812,#813,#667,.T.);
#1040=EDGE_CURVE('',#729,#813,#408,.T.);
#1041=EDGE_CURVE('',#814,#815,#668,.T.);
#1042=EDGE_CURVE('',#813,#814,#409,.T.);
#1043=EDGE_CURVE('',#815,#812,#410,.T.);
#1044=EDGE_CURVE('',#811,#816,#411,.T.);
#1045=EDGE_CURVE('',#815,#816,#412,.T.);
#1046=EDGE_CURVE('',#816,#817,#669,.T.);
#1047=EDGE_CURVE('',#817,#810,#413,.T.);
#1048=EDGE_CURVE('',#809,#818,#414,.T.);
#1049=EDGE_CURVE('',#817,#818,#670,.T.);
#1050=EDGE_CURVE('',#819,#808,#415,.T.);
#1051=EDGE_CURVE('',#818,#819,#671,.T.);
#1052=EDGE_CURVE('',#819,#806,#416,.T.);
#1053=EDGE_CURVE('',#727,#814,#417,.T.);
#1054=EDGE_CURVE('',#820,#767,#418,.T.);
#1055=EDGE_CURVE('',#707,#820,#419,.T.);
#1056=EDGE_CURVE('',#821,#766,#420,.T.);
#1057=EDGE_CURVE('',#820,#821,#672,.T.);
#1058=EDGE_CURVE('',#822,#823,#421,.T.);
#1059=EDGE_CURVE('',#823,#824,#422,.T.);
#1060=EDGE_CURVE('',#824,#825,#423,.T.);
#1061=EDGE_CURVE('',#825,#822,#424,.T.);
#1062=EDGE_CURVE('',#821,#764,#425,.T.);
#1063=EDGE_CURVE('',#823,#826,#426,.T.);
#1064=EDGE_CURVE('',#827,#826,#427,.T.);
#1065=EDGE_CURVE('',#824,#827,#428,.T.);
#1066=EDGE_CURVE('',#828,#827,#429,.T.);
#1067=EDGE_CURVE('',#825,#828,#430,.T.);
#1068=EDGE_CURVE('',#829,#828,#431,.T.);
#1069=EDGE_CURVE('',#822,#829,#432,.T.);
#1070=EDGE_CURVE('',#826,#829,#433,.T.);
#1071=ORIENTED_EDGE('',*,*,#830,.F.);
#1072=ORIENTED_EDGE('',*,*,#831,.T.);
#1073=ORIENTED_EDGE('',*,*,#832,.T.);
#1074=ORIENTED_EDGE('',*,*,#831,.F.);
#1075=ORIENTED_EDGE('',*,*,#832,.F.);
#1076=ORIENTED_EDGE('',*,*,#833,.F.);
#1077=ORIENTED_EDGE('',*,*,#834,.T.);
#1078=ORIENTED_EDGE('',*,*,#835,.T.);
#1079=ORIENTED_EDGE('',*,*,#834,.F.);
#1080=ORIENTED_EDGE('',*,*,#835,.F.);
#1081=ORIENTED_EDGE('',*,*,#836,.F.);
#1082=ORIENTED_EDGE('',*,*,#837,.T.);
#1083=ORIENTED_EDGE('',*,*,#838,.T.);
#1084=ORIENTED_EDGE('',*,*,#837,.F.);
#1085=ORIENTED_EDGE('',*,*,#838,.F.);
#1086=ORIENTED_EDGE('',*,*,#839,.F.);
#1087=ORIENTED_EDGE('',*,*,#840,.T.);
#1088=ORIENTED_EDGE('',*,*,#841,.T.);
#1089=ORIENTED_EDGE('',*,*,#840,.F.);
#1090=ORIENTED_EDGE('',*,*,#841,.F.);
#1091=ORIENTED_EDGE('',*,*,#842,.F.);
#1092=ORIENTED_EDGE('',*,*,#843,.T.);
#1093=ORIENTED_EDGE('',*,*,#844,.F.);
#1094=ORIENTED_EDGE('',*,*,#845,.F.);
#1095=ORIENTED_EDGE('',*,*,#843,.F.);
#1096=ORIENTED_EDGE('',*,*,#846,.F.);
#1097=ORIENTED_EDGE('',*,*,#847,.T.);
#1098=ORIENTED_EDGE('',*,*,#848,.F.);
#1099=ORIENTED_EDGE('',*,*,#849,.F.);
#1100=ORIENTED_EDGE('',*,*,#847,.F.);
#1101=ORIENTED_EDGE('',*,*,#850,.F.);
#1102=ORIENTED_EDGE('',*,*,#851,.T.);
#1103=ORIENTED_EDGE('',*,*,#852,.F.);
#1104=ORIENTED_EDGE('',*,*,#853,.F.);
#1105=ORIENTED_EDGE('',*,*,#851,.F.);
#1106=ORIENTED_EDGE('',*,*,#854,.F.);
#1107=ORIENTED_EDGE('',*,*,#855,.T.);
#1108=ORIENTED_EDGE('',*,*,#856,.F.);
#1109=ORIENTED_EDGE('',*,*,#857,.F.);
#1110=ORIENTED_EDGE('',*,*,#855,.F.);
#1111=ORIENTED_EDGE('',*,*,#857,.T.);
#1112=ORIENTED_EDGE('',*,*,#858,.T.);
#1113=ORIENTED_EDGE('',*,*,#859,.F.);
#1114=ORIENTED_EDGE('',*,*,#858,.F.);
#1115=ORIENTED_EDGE('',*,*,#856,.T.);
#1116=ORIENTED_EDGE('',*,*,#849,.T.);
#1117=ORIENTED_EDGE('',*,*,#860,.T.);
#1118=ORIENTED_EDGE('',*,*,#861,.F.);
#1119=ORIENTED_EDGE('',*,*,#860,.F.);
#1120=ORIENTED_EDGE('',*,*,#848,.T.);
#1121=ORIENTED_EDGE('',*,*,#845,.T.);
#1122=ORIENTED_EDGE('',*,*,#862,.T.);
#1123=ORIENTED_EDGE('',*,*,#863,.F.);
#1124=ORIENTED_EDGE('',*,*,#862,.F.);
#1125=ORIENTED_EDGE('',*,*,#844,.T.);
#1126=ORIENTED_EDGE('',*,*,#853,.T.);
#1127=ORIENTED_EDGE('',*,*,#864,.T.);
#1128=ORIENTED_EDGE('',*,*,#865,.F.);
#1129=ORIENTED_EDGE('',*,*,#864,.F.);
#1130=ORIENTED_EDGE('',*,*,#852,.T.);
#1131=ORIENTED_EDGE('',*,*,#866,.F.);
#1132=ORIENTED_EDGE('',*,*,#867,.T.);
#1133=ORIENTED_EDGE('',*,*,#868,.T.);
#1134=ORIENTED_EDGE('',*,*,#869,.F.);
#1135=ORIENTED_EDGE('',*,*,#870,.T.);
#1136=ORIENTED_EDGE('',*,*,#871,.F.);
#1137=ORIENTED_EDGE('',*,*,#872,.T.);
#1138=ORIENTED_EDGE('',*,*,#873,.F.);
#1139=ORIENTED_EDGE('',*,*,#874,.T.);
#1140=ORIENTED_EDGE('',*,*,#875,.T.);
#1141=ORIENTED_EDGE('',*,*,#876,.F.);
#1142=ORIENTED_EDGE('',*,*,#875,.F.);
#1143=ORIENTED_EDGE('',*,*,#877,.F.);
#1144=ORIENTED_EDGE('',*,*,#878,.F.);
#1145=ORIENTED_EDGE('',*,*,#879,.T.);
#1146=ORIENTED_EDGE('',*,*,#880,.T.);
#1147=ORIENTED_EDGE('',*,*,#881,.T.);
#1148=ORIENTED_EDGE('',*,*,#882,.T.);
#1149=ORIENTED_EDGE('',*,*,#883,.F.);
#1150=ORIENTED_EDGE('',*,*,#884,.F.);
#1151=ORIENTED_EDGE('',*,*,#885,.T.);
#1152=ORIENTED_EDGE('',*,*,#886,.F.);
#1153=ORIENTED_EDGE('',*,*,#887,.F.);
#1154=ORIENTED_EDGE('',*,*,#888,.F.);
#1155=ORIENTED_EDGE('',*,*,#889,.F.);
#1156=ORIENTED_EDGE('',*,*,#890,.T.);
#1157=ORIENTED_EDGE('',*,*,#891,.T.);
#1158=ORIENTED_EDGE('',*,*,#892,.T.);
#1159=ORIENTED_EDGE('',*,*,#893,.T.);
#1160=ORIENTED_EDGE('',*,*,#894,.F.);
#1161=ORIENTED_EDGE('',*,*,#888,.T.);
#1162=ORIENTED_EDGE('',*,*,#895,.T.);
#1163=ORIENTED_EDGE('',*,*,#896,.T.);
#1164=ORIENTED_EDGE('',*,*,#897,.T.);
#1165=ORIENTED_EDGE('',*,*,#898,.F.);
#1166=ORIENTED_EDGE('',*,*,#897,.F.);
#1167=ORIENTED_EDGE('',*,*,#899,.F.);
#1168=ORIENTED_EDGE('',*,*,#900,.F.);
#1169=ORIENTED_EDGE('',*,*,#901,.F.);
#1170=ORIENTED_EDGE('',*,*,#902,.F.);
#1171=ORIENTED_EDGE('',*,*,#900,.T.);
#1172=ORIENTED_EDGE('',*,*,#903,.T.);
#1173=ORIENTED_EDGE('',*,*,#904,.T.);
#1174=ORIENTED_EDGE('',*,*,#905,.T.);
#1175=ORIENTED_EDGE('',*,*,#906,.T.);
#1176=ORIENTED_EDGE('',*,*,#907,.F.);
#1177=ORIENTED_EDGE('',*,*,#908,.F.);
#1178=ORIENTED_EDGE('',*,*,#909,.F.);
#1179=ORIENTED_EDGE('',*,*,#910,.T.);
#1180=ORIENTED_EDGE('',*,*,#911,.T.);
#1181=ORIENTED_EDGE('',*,*,#886,.T.);
#1182=ORIENTED_EDGE('',*,*,#912,.T.);
#1183=ORIENTED_EDGE('',*,*,#913,.T.);
#1184=ORIENTED_EDGE('',*,*,#914,.F.);
#1185=ORIENTED_EDGE('',*,*,#915,.F.);
#1186=ORIENTED_EDGE('',*,*,#916,.F.);
#1187=ORIENTED_EDGE('',*,*,#895,.F.);
#1188=ORIENTED_EDGE('',*,*,#887,.T.);
#1189=ORIENTED_EDGE('',*,*,#911,.F.);
#1190=ORIENTED_EDGE('',*,*,#917,.T.);
#1191=ORIENTED_EDGE('',*,*,#892,.F.);
#1192=ORIENTED_EDGE('',*,*,#918,.F.);
#1193=ORIENTED_EDGE('',*,*,#919,.F.);
#1194=ORIENTED_EDGE('',*,*,#920,.F.);
#1195=ORIENTED_EDGE('',*,*,#921,.F.);
#1196=ORIENTED_EDGE('',*,*,#922,.F.);
#1197=ORIENTED_EDGE('',*,*,#923,.F.);
#1198=ORIENTED_EDGE('',*,*,#924,.F.);
#1199=ORIENTED_EDGE('',*,*,#925,.T.);
#1200=ORIENTED_EDGE('',*,*,#904,.F.);
#1201=ORIENTED_EDGE('',*,*,#926,.F.);
#1202=ORIENTED_EDGE('',*,*,#890,.F.);
#1203=ORIENTED_EDGE('',*,*,#927,.F.);
#1204=ORIENTED_EDGE('',*,*,#893,.F.);
#1205=ORIENTED_EDGE('',*,*,#917,.F.);
#1206=ORIENTED_EDGE('',*,*,#910,.F.);
#1207=ORIENTED_EDGE('',*,*,#928,.F.);
#1208=ORIENTED_EDGE('',*,*,#929,.T.);
#1209=ORIENTED_EDGE('',*,*,#930,.T.);
#1210=ORIENTED_EDGE('',*,*,#931,.T.);
#1211=ORIENTED_EDGE('',*,*,#880,.F.);
#1212=ORIENTED_EDGE('',*,*,#932,.T.);
#1213=ORIENTED_EDGE('',*,*,#883,.T.);
#1214=ORIENTED_EDGE('',*,*,#933,.T.);
#1215=ORIENTED_EDGE('',*,*,#934,.F.);
#1216=ORIENTED_EDGE('',*,*,#920,.T.);
#1217=ORIENTED_EDGE('',*,*,#935,.T.);
#1218=ORIENTED_EDGE('',*,*,#936,.T.);
#1219=ORIENTED_EDGE('',*,*,#937,.F.);
#1220=ORIENTED_EDGE('',*,*,#921,.T.);
#1221=ORIENTED_EDGE('',*,*,#937,.T.);
#1222=ORIENTED_EDGE('',*,*,#938,.T.);
#1223=ORIENTED_EDGE('',*,*,#939,.F.);
#1224=ORIENTED_EDGE('',*,*,#922,.T.);
#1225=ORIENTED_EDGE('',*,*,#939,.T.);
#1226=ORIENTED_EDGE('',*,*,#940,.T.);
#1227=ORIENTED_EDGE('',*,*,#941,.F.);
#1228=ORIENTED_EDGE('',*,*,#942,.F.);
#1229=ORIENTED_EDGE('',*,*,#881,.F.);
#1230=ORIENTED_EDGE('',*,*,#931,.F.);
#1231=ORIENTED_EDGE('',*,*,#943,.F.);
#1232=ORIENTED_EDGE('',*,*,#944,.F.);
#1233=ORIENTED_EDGE('',*,*,#945,.F.);
#1234=ORIENTED_EDGE('',*,*,#933,.F.);
#1235=ORIENTED_EDGE('',*,*,#882,.F.);
#1236=ORIENTED_EDGE('',*,*,#946,.F.);
#1237=ORIENTED_EDGE('',*,*,#947,.F.);
#1238=ORIENTED_EDGE('',*,*,#929,.F.);
#1239=ORIENTED_EDGE('',*,*,#879,.F.);
#1240=ORIENTED_EDGE('',*,*,#932,.F.);
#1241=ORIENTED_EDGE('',*,*,#948,.F.);
#1242=ORIENTED_EDGE('',*,*,#949,.F.);
#1243=ORIENTED_EDGE('',*,*,#891,.F.);
#1244=ORIENTED_EDGE('',*,*,#926,.T.);
#1245=ORIENTED_EDGE('',*,*,#903,.F.);
#1246=ORIENTED_EDGE('',*,*,#899,.T.);
#1247=ORIENTED_EDGE('',*,*,#896,.F.);
#1248=ORIENTED_EDGE('',*,*,#950,.F.);
#1249=ORIENTED_EDGE('',*,*,#951,.T.);
#1250=ORIENTED_EDGE('',*,*,#935,.F.);
#1251=ORIENTED_EDGE('',*,*,#919,.T.);
#1252=ORIENTED_EDGE('',*,*,#952,.F.);
#1253=ORIENTED_EDGE('',*,*,#948,.T.);
#1254=ORIENTED_EDGE('',*,*,#934,.T.);
#1255=ORIENTED_EDGE('',*,*,#945,.T.);
#1256=ORIENTED_EDGE('',*,*,#953,.F.);
#1257=ORIENTED_EDGE('',*,*,#923,.T.);
#1258=ORIENTED_EDGE('',*,*,#941,.T.);
#1259=ORIENTED_EDGE('',*,*,#954,.T.);
#1260=ORIENTED_EDGE('',*,*,#955,.F.);
#1261=ORIENTED_EDGE('',*,*,#943,.T.);
#1262=ORIENTED_EDGE('',*,*,#930,.F.);
#1263=ORIENTED_EDGE('',*,*,#947,.T.);
#1264=ORIENTED_EDGE('',*,*,#956,.F.);
#1265=ORIENTED_EDGE('',*,*,#957,.F.);
#1266=ORIENTED_EDGE('',*,*,#958,.F.);
#1267=ORIENTED_EDGE('',*,*,#867,.F.);
#1268=ORIENTED_EDGE('',*,*,#959,.F.);
#1269=ORIENTED_EDGE('',*,*,#868,.F.);
#1270=ORIENTED_EDGE('',*,*,#958,.T.);
#1271=ORIENTED_EDGE('',*,*,#960,.F.);
#1272=ORIENTED_EDGE('',*,*,#961,.F.);
#1273=ORIENTED_EDGE('',*,*,#954,.F.);
#1274=ORIENTED_EDGE('',*,*,#940,.F.);
#1275=ORIENTED_EDGE('',*,*,#938,.F.);
#1276=ORIENTED_EDGE('',*,*,#936,.F.);
#1277=ORIENTED_EDGE('',*,*,#951,.F.);
#1278=ORIENTED_EDGE('',*,*,#962,.F.);
#1279=ORIENTED_EDGE('',*,*,#963,.F.);
#1280=ORIENTED_EDGE('',*,*,#877,.T.);
#1281=ORIENTED_EDGE('',*,*,#874,.F.);
#1282=ORIENTED_EDGE('',*,*,#964,.T.);
#1283=ORIENTED_EDGE('',*,*,#869,.T.);
#1284=ORIENTED_EDGE('',*,*,#959,.T.);
#1285=ORIENTED_EDGE('',*,*,#873,.T.);
#1286=ORIENTED_EDGE('',*,*,#872,.F.);
#1287=ORIENTED_EDGE('',*,*,#965,.T.);
#1288=ORIENTED_EDGE('',*,*,#870,.F.);
#1289=ORIENTED_EDGE('',*,*,#964,.F.);
#1290=ORIENTED_EDGE('',*,*,#913,.F.);
#1291=ORIENTED_EDGE('',*,*,#966,.F.);
#1292=ORIENTED_EDGE('',*,*,#967,.T.);
#1293=ORIENTED_EDGE('',*,*,#966,.T.);
#1294=ORIENTED_EDGE('',*,*,#912,.F.);
#1295=ORIENTED_EDGE('',*,*,#968,.T.);
#1296=ORIENTED_EDGE('',*,*,#969,.F.);
#1297=ORIENTED_EDGE('',*,*,#970,.F.);
#1298=ORIENTED_EDGE('',*,*,#971,.F.);
#1299=ORIENTED_EDGE('',*,*,#972,.T.);
#1300=ORIENTED_EDGE('',*,*,#973,.F.);
#1301=ORIENTED_EDGE('',*,*,#974,.F.);
#1302=ORIENTED_EDGE('',*,*,#975,.F.);
#1303=ORIENTED_EDGE('',*,*,#976,.T.);
#1304=ORIENTED_EDGE('',*,*,#969,.T.);
#1305=ORIENTED_EDGE('',*,*,#977,.T.);
#1306=ORIENTED_EDGE('',*,*,#976,.F.);
#1307=ORIENTED_EDGE('',*,*,#978,.F.);
#1308=ORIENTED_EDGE('',*,*,#979,.F.);
#1309=ORIENTED_EDGE('',*,*,#970,.T.);
#1310=ORIENTED_EDGE('',*,*,#980,.F.);
#1311=ORIENTED_EDGE('',*,*,#981,.T.);
#1312=ORIENTED_EDGE('',*,*,#971,.T.);
#1313=ORIENTED_EDGE('',*,*,#979,.T.);
#1314=ORIENTED_EDGE('',*,*,#981,.F.);
#1315=ORIENTED_EDGE('',*,*,#982,.F.);
#1316=ORIENTED_EDGE('',*,*,#983,.F.);
#1317=ORIENTED_EDGE('',*,*,#972,.F.);
#1318=ORIENTED_EDGE('',*,*,#973,.T.);
#1319=ORIENTED_EDGE('',*,*,#983,.T.);
#1320=ORIENTED_EDGE('',*,*,#984,.F.);
#1321=ORIENTED_EDGE('',*,*,#985,.T.);
#1322=ORIENTED_EDGE('',*,*,#977,.F.);
#1323=ORIENTED_EDGE('',*,*,#968,.F.);
#1324=ORIENTED_EDGE('',*,*,#885,.F.);
#1325=ORIENTED_EDGE('',*,*,#986,.F.);
#1326=ORIENTED_EDGE('',*,*,#987,.T.);
#1327=ORIENTED_EDGE('',*,*,#914,.T.);
#1328=ORIENTED_EDGE('',*,*,#967,.F.);
#1329=ORIENTED_EDGE('',*,*,#988,.T.);
#1330=ORIENTED_EDGE('',*,*,#915,.T.);
#1331=ORIENTED_EDGE('',*,*,#987,.F.);
#1332=ORIENTED_EDGE('',*,*,#989,.T.);
#1333=ORIENTED_EDGE('',*,*,#989,.F.);
#1334=ORIENTED_EDGE('',*,*,#990,.T.);
#1335=ORIENTED_EDGE('',*,*,#991,.T.);
#1336=ORIENTED_EDGE('',*,*,#992,.F.);
#1337=ORIENTED_EDGE('',*,*,#993,.T.);
#1338=ORIENTED_EDGE('',*,*,#994,.T.);
#1339=ORIENTED_EDGE('',*,*,#995,.T.);
#1340=ORIENTED_EDGE('',*,*,#996,.F.);
#1341=ORIENTED_EDGE('',*,*,#909,.T.);
#1342=ORIENTED_EDGE('',*,*,#997,.F.);
#1343=ORIENTED_EDGE('',*,*,#998,.F.);
#1344=ORIENTED_EDGE('',*,*,#995,.F.);
#1345=ORIENTED_EDGE('',*,*,#999,.F.);
#1346=ORIENTED_EDGE('',*,*,#999,.T.);
#1347=ORIENTED_EDGE('',*,*,#994,.F.);
#1348=ORIENTED_EDGE('',*,*,#1000,.T.);
#1349=ORIENTED_EDGE('',*,*,#1001,.F.);
#1350=ORIENTED_EDGE('',*,*,#1002,.F.);
#1351=ORIENTED_EDGE('',*,*,#1000,.F.);
#1352=ORIENTED_EDGE('',*,*,#993,.F.);
#1353=ORIENTED_EDGE('',*,*,#1003,.F.);
#1354=ORIENTED_EDGE('',*,*,#1003,.T.);
#1355=ORIENTED_EDGE('',*,*,#992,.T.);
#1356=ORIENTED_EDGE('',*,*,#1004,.T.);
#1357=ORIENTED_EDGE('',*,*,#1005,.F.);
#1358=ORIENTED_EDGE('',*,*,#991,.F.);
#1359=ORIENTED_EDGE('',*,*,#1006,.F.);
#1360=ORIENTED_EDGE('',*,*,#1007,.F.);
#1361=ORIENTED_EDGE('',*,*,#1004,.F.);
#1362=ORIENTED_EDGE('',*,*,#1006,.T.);
#1363=ORIENTED_EDGE('',*,*,#990,.F.);
#1364=ORIENTED_EDGE('',*,*,#988,.F.);
#1365=ORIENTED_EDGE('',*,*,#974,.T.);
#1366=ORIENTED_EDGE('',*,*,#985,.F.);
#1367=ORIENTED_EDGE('',*,*,#1008,.F.);
#1368=ORIENTED_EDGE('',*,*,#998,.T.);
#1369=ORIENTED_EDGE('',*,*,#1009,.F.);
#1370=ORIENTED_EDGE('',*,*,#928,.T.);
#1371=ORIENTED_EDGE('',*,*,#996,.T.);
#1372=ORIENTED_EDGE('',*,*,#906,.F.);
#1373=ORIENTED_EDGE('',*,*,#1010,.F.);
#1374=ORIENTED_EDGE('',*,*,#1011,.T.);
#1375=ORIENTED_EDGE('',*,*,#1010,.T.);
#1376=ORIENTED_EDGE('',*,*,#905,.F.);
#1377=ORIENTED_EDGE('',*,*,#1012,.T.);
#1378=ORIENTED_EDGE('',*,*,#1013,.F.);
#1379=ORIENTED_EDGE('',*,*,#1014,.F.);
#1380=ORIENTED_EDGE('',*,*,#1015,.F.);
#1381=ORIENTED_EDGE('',*,*,#1016,.T.);
#1382=ORIENTED_EDGE('',*,*,#1017,.F.);
#1383=ORIENTED_EDGE('',*,*,#1018,.F.);
#1384=ORIENTED_EDGE('',*,*,#1019,.F.);
#1385=ORIENTED_EDGE('',*,*,#1020,.T.);
#1386=ORIENTED_EDGE('',*,*,#1013,.T.);
#1387=ORIENTED_EDGE('',*,*,#1021,.T.);
#1388=ORIENTED_EDGE('',*,*,#1020,.F.);
#1389=ORIENTED_EDGE('',*,*,#1022,.F.);
#1390=ORIENTED_EDGE('',*,*,#1023,.F.);
#1391=ORIENTED_EDGE('',*,*,#1014,.T.);
#1392=ORIENTED_EDGE('',*,*,#1024,.F.);
#1393=ORIENTED_EDGE('',*,*,#1025,.T.);
#1394=ORIENTED_EDGE('',*,*,#1015,.T.);
#1395=ORIENTED_EDGE('',*,*,#1023,.T.);
#1396=ORIENTED_EDGE('',*,*,#1025,.F.);
#1397=ORIENTED_EDGE('',*,*,#1026,.F.);
#1398=ORIENTED_EDGE('',*,*,#1027,.F.);
#1399=ORIENTED_EDGE('',*,*,#1016,.F.);
#1400=ORIENTED_EDGE('',*,*,#1017,.T.);
#1401=ORIENTED_EDGE('',*,*,#1027,.T.);
#1402=ORIENTED_EDGE('',*,*,#1028,.F.);
#1403=ORIENTED_EDGE('',*,*,#1029,.T.);
#1404=ORIENTED_EDGE('',*,*,#1021,.F.);
#1405=ORIENTED_EDGE('',*,*,#1012,.F.);
#1406=ORIENTED_EDGE('',*,*,#925,.F.);
#1407=ORIENTED_EDGE('',*,*,#1030,.F.);
#1408=ORIENTED_EDGE('',*,*,#1031,.T.);
#1409=ORIENTED_EDGE('',*,*,#907,.T.);
#1410=ORIENTED_EDGE('',*,*,#1011,.F.);
#1411=ORIENTED_EDGE('',*,*,#1032,.T.);
#1412=ORIENTED_EDGE('',*,*,#908,.T.);
#1413=ORIENTED_EDGE('',*,*,#1031,.F.);
#1414=ORIENTED_EDGE('',*,*,#1033,.T.);
#1415=ORIENTED_EDGE('',*,*,#1033,.F.);
#1416=ORIENTED_EDGE('',*,*,#1034,.T.);
#1417=ORIENTED_EDGE('',*,*,#1035,.T.);
#1418=ORIENTED_EDGE('',*,*,#1036,.F.);
#1419=ORIENTED_EDGE('',*,*,#1037,.T.);
#1420=ORIENTED_EDGE('',*,*,#1038,.T.);
#1421=ORIENTED_EDGE('',*,*,#1039,.T.);
#1422=ORIENTED_EDGE('',*,*,#1040,.F.);
#1423=ORIENTED_EDGE('',*,*,#902,.T.);
#1424=ORIENTED_EDGE('',*,*,#1041,.F.);
#1425=ORIENTED_EDGE('',*,*,#1042,.F.);
#1426=ORIENTED_EDGE('',*,*,#1039,.F.);
#1427=ORIENTED_EDGE('',*,*,#1043,.F.);
#1428=ORIENTED_EDGE('',*,*,#1043,.T.);
#1429=ORIENTED_EDGE('',*,*,#1038,.F.);
#1430=ORIENTED_EDGE('',*,*,#1044,.T.);
#1431=ORIENTED_EDGE('',*,*,#1045,.F.);
#1432=ORIENTED_EDGE('',*,*,#1046,.F.);
#1433=ORIENTED_EDGE('',*,*,#1044,.F.);
#1434=ORIENTED_EDGE('',*,*,#1037,.F.);
#1435=ORIENTED_EDGE('',*,*,#1047,.F.);
#1436=ORIENTED_EDGE('',*,*,#1047,.T.);
#1437=ORIENTED_EDGE('',*,*,#1036,.T.);
#1438=ORIENTED_EDGE('',*,*,#1048,.T.);
#1439=ORIENTED_EDGE('',*,*,#1049,.F.);
#1440=ORIENTED_EDGE('',*,*,#1035,.F.);
#1441=ORIENTED_EDGE('',*,*,#1050,.F.);
#1442=ORIENTED_EDGE('',*,*,#1051,.F.);
#1443=ORIENTED_EDGE('',*,*,#1048,.F.);
#1444=ORIENTED_EDGE('',*,*,#1050,.T.);
#1445=ORIENTED_EDGE('',*,*,#1034,.F.);
#1446=ORIENTED_EDGE('',*,*,#1032,.F.);
#1447=ORIENTED_EDGE('',*,*,#1018,.T.);
#1448=ORIENTED_EDGE('',*,*,#1029,.F.);
#1449=ORIENTED_EDGE('',*,*,#1052,.F.);
#1450=ORIENTED_EDGE('',*,*,#1042,.T.);
#1451=ORIENTED_EDGE('',*,*,#1053,.F.);
#1452=ORIENTED_EDGE('',*,*,#901,.T.);
#1453=ORIENTED_EDGE('',*,*,#1040,.T.);
#1454=ORIENTED_EDGE('',*,*,#963,.T.);
#1455=ORIENTED_EDGE('',*,*,#1054,.F.);
#1456=ORIENTED_EDGE('',*,*,#1055,.F.);
#1457=ORIENTED_EDGE('',*,*,#878,.T.);
#1458=ORIENTED_EDGE('',*,*,#962,.T.);
#1459=ORIENTED_EDGE('',*,*,#950,.T.);
#1460=ORIENTED_EDGE('',*,*,#918,.T.);
#1461=ORIENTED_EDGE('',*,*,#949,.T.);
#1462=ORIENTED_EDGE('',*,*,#952,.T.);
#1463=ORIENTED_EDGE('',*,*,#944,.T.);
#1464=ORIENTED_EDGE('',*,*,#942,.T.);
#1465=ORIENTED_EDGE('',*,*,#955,.T.);
#1466=ORIENTED_EDGE('',*,*,#946,.T.);
#1467=ORIENTED_EDGE('',*,*,#916,.T.);
#1468=ORIENTED_EDGE('',*,*,#953,.T.);
#1469=ORIENTED_EDGE('',*,*,#961,.T.);
#1470=ORIENTED_EDGE('',*,*,#1056,.F.);
#1471=ORIENTED_EDGE('',*,*,#1057,.F.);
#1472=ORIENTED_EDGE('',*,*,#1054,.T.);
#1473=ORIENTED_EDGE('',*,*,#1058,.T.);
#1474=ORIENTED_EDGE('',*,*,#1059,.T.);
#1475=ORIENTED_EDGE('',*,*,#1060,.T.);
#1476=ORIENTED_EDGE('',*,*,#1061,.T.);
#1477=ORIENTED_EDGE('',*,*,#1055,.T.);
#1478=ORIENTED_EDGE('',*,*,#1057,.T.);
#1479=ORIENTED_EDGE('',*,*,#1062,.T.);
#1480=ORIENTED_EDGE('',*,*,#956,.T.);
#1481=ORIENTED_EDGE('',*,*,#866,.T.);
#1482=ORIENTED_EDGE('',*,*,#965,.F.);
#1483=ORIENTED_EDGE('',*,*,#871,.T.);
#1484=ORIENTED_EDGE('',*,*,#876,.T.);
#1485=ORIENTED_EDGE('',*,*,#854,.T.);
#1486=ORIENTED_EDGE('',*,*,#850,.T.);
#1487=ORIENTED_EDGE('',*,*,#846,.T.);
#1488=ORIENTED_EDGE('',*,*,#842,.T.);
#1489=ORIENTED_EDGE('',*,*,#960,.T.);
#1490=ORIENTED_EDGE('',*,*,#957,.T.);
#1491=ORIENTED_EDGE('',*,*,#1062,.F.);
#1492=ORIENTED_EDGE('',*,*,#1056,.T.);
#1493=ORIENTED_EDGE('',*,*,#1059,.F.);
#1494=ORIENTED_EDGE('',*,*,#1063,.T.);
#1495=ORIENTED_EDGE('',*,*,#1064,.F.);
#1496=ORIENTED_EDGE('',*,*,#1065,.F.);
#1497=ORIENTED_EDGE('',*,*,#833,.T.);
#1498=ORIENTED_EDGE('',*,*,#836,.T.);
#1499=ORIENTED_EDGE('',*,*,#1060,.F.);
#1500=ORIENTED_EDGE('',*,*,#1065,.T.);
#1501=ORIENTED_EDGE('',*,*,#1066,.F.);
#1502=ORIENTED_EDGE('',*,*,#1067,.F.);
#1503=ORIENTED_EDGE('',*,*,#839,.T.);
#1504=ORIENTED_EDGE('',*,*,#1061,.F.);
#1505=ORIENTED_EDGE('',*,*,#1067,.T.);
#1506=ORIENTED_EDGE('',*,*,#1068,.F.);
#1507=ORIENTED_EDGE('',*,*,#1069,.F.);
#1508=ORIENTED_EDGE('',*,*,#1058,.F.);
#1509=ORIENTED_EDGE('',*,*,#1069,.T.);
#1510=ORIENTED_EDGE('',*,*,#1070,.F.);
#1511=ORIENTED_EDGE('',*,*,#1063,.F.);
#1512=ORIENTED_EDGE('',*,*,#830,.T.);
#1513=ORIENTED_EDGE('',*,*,#1070,.T.);
#1514=ORIENTED_EDGE('',*,*,#1068,.T.);
#1515=ORIENTED_EDGE('',*,*,#1066,.T.);
#1516=ORIENTED_EDGE('',*,*,#1064,.T.);
#1517=ORIENTED_EDGE('',*,*,#894,.T.);
#1518=ORIENTED_EDGE('',*,*,#898,.T.);
#1519=ORIENTED_EDGE('',*,*,#1053,.T.);
#1520=ORIENTED_EDGE('',*,*,#1041,.T.);
#1521=ORIENTED_EDGE('',*,*,#1045,.T.);
#1522=ORIENTED_EDGE('',*,*,#1046,.T.);
#1523=ORIENTED_EDGE('',*,*,#1049,.T.);
#1524=ORIENTED_EDGE('',*,*,#1051,.T.);
#1525=ORIENTED_EDGE('',*,*,#1052,.T.);
#1526=ORIENTED_EDGE('',*,*,#1028,.T.);
#1527=ORIENTED_EDGE('',*,*,#1026,.T.);
#1528=ORIENTED_EDGE('',*,*,#1024,.T.);
#1529=ORIENTED_EDGE('',*,*,#1022,.T.);
#1530=ORIENTED_EDGE('',*,*,#1019,.T.);
#1531=ORIENTED_EDGE('',*,*,#1030,.T.);
#1532=ORIENTED_EDGE('',*,*,#924,.T.);
#1533=ORIENTED_EDGE('',*,*,#889,.T.);
#1534=ORIENTED_EDGE('',*,*,#927,.T.);
#1535=ORIENTED_EDGE('',*,*,#1009,.T.);
#1536=ORIENTED_EDGE('',*,*,#997,.T.);
#1537=ORIENTED_EDGE('',*,*,#1001,.T.);
#1538=ORIENTED_EDGE('',*,*,#1002,.T.);
#1539=ORIENTED_EDGE('',*,*,#1005,.T.);
#1540=ORIENTED_EDGE('',*,*,#1007,.T.);
#1541=ORIENTED_EDGE('',*,*,#1008,.T.);
#1542=ORIENTED_EDGE('',*,*,#984,.T.);
#1543=ORIENTED_EDGE('',*,*,#982,.T.);
#1544=ORIENTED_EDGE('',*,*,#980,.T.);
#1545=ORIENTED_EDGE('',*,*,#978,.T.);
#1546=ORIENTED_EDGE('',*,*,#975,.T.);
#1547=ORIENTED_EDGE('',*,*,#986,.T.);
#1548=ORIENTED_EDGE('',*,*,#884,.T.);
#1549=ORIENTED_EDGE('',*,*,#865,.T.);
#1550=ORIENTED_EDGE('',*,*,#863,.T.);
#1551=ORIENTED_EDGE('',*,*,#861,.T.);
#1552=ORIENTED_EDGE('',*,*,#859,.T.);
#1553=CYLINDRICAL_SURFACE('',#1694,1.6);
#1554=CYLINDRICAL_SURFACE('',#1698,1.6);
#1555=CYLINDRICAL_SURFACE('',#1702,1.6);
#1556=CYLINDRICAL_SURFACE('',#1706,1.6);
#1557=CYLINDRICAL_SURFACE('',#1726,1.6);
#1558=CYLINDRICAL_SURFACE('',#1728,1.6);
#1559=CYLINDRICAL_SURFACE('',#1730,1.6);
#1560=CYLINDRICAL_SURFACE('',#1732,1.6);
#1561=CYLINDRICAL_SURFACE('',#1736,1.);
#1562=CYLINDRICAL_SURFACE('',#1740,1.);
#1563=CYLINDRICAL_SURFACE('',#1745,1.);
#1564=CYLINDRICAL_SURFACE('',#1756,1.);
#1565=CYLINDRICAL_SURFACE('',#1759,1.);
#1566=CYLINDRICAL_SURFACE('',#1761,0.700000000000002);
#1567=CYLINDRICAL_SURFACE('',#1764,0.700000000000001);
#1568=CYLINDRICAL_SURFACE('',#1767,0.700000000000002);
#1569=CYLINDRICAL_SURFACE('',#1770,0.700000000000001);
#1570=CYLINDRICAL_SURFACE('',#1783,1.);
#1571=CYLINDRICAL_SURFACE('',#1790,5.51562499999994);
#1572=CYLINDRICAL_SURFACE('',#1800,1.);
#1573=CYLINDRICAL_SURFACE('',#1803,1.);
#1574=CYLINDRICAL_SURFACE('',#1805,2.);
#1575=CYLINDRICAL_SURFACE('',#1807,1.);
#1576=CYLINDRICAL_SURFACE('',#1817,1.);
#1577=CYLINDRICAL_SURFACE('',#1820,1.);
#1578=CYLINDRICAL_SURFACE('',#1822,2.);
#1579=CYLINDRICAL_SURFACE('',#1824,1.);
#1580=CYLINDRICAL_SURFACE('',#1834,1.);
#1581=CYLINDRICAL_SURFACE('',#1837,1.);
#1582=CYLINDRICAL_SURFACE('',#1839,2.);
#1583=CYLINDRICAL_SURFACE('',#1841,1.);
#1584=CYLINDRICAL_SURFACE('',#1851,1.);
#1585=CYLINDRICAL_SURFACE('',#1854,1.);
#1586=CYLINDRICAL_SURFACE('',#1856,2.);
#1587=CYLINDRICAL_SURFACE('',#1858,1.);
#1588=CYLINDRICAL_SURFACE('',#1863,9.5);
#1589=ADVANCED_FACE('',(#89),#1553,.F.);
#1590=ADVANCED_FACE('',(#90),#40,.T.);
#1591=ADVANCED_FACE('',(#91),#1554,.F.);
#1592=ADVANCED_FACE('',(#92),#41,.T.);
#1593=ADVANCED_FACE('',(#93),#1555,.F.);
#1594=ADVANCED_FACE('',(#94),#42,.T.);
#1595=ADVANCED_FACE('',(#95),#1556,.F.);
#1596=ADVANCED_FACE('',(#96),#43,.T.);
#1597=ADVANCED_FACE('',(#97),#36,.F.);
#1598=ADVANCED_FACE('',(#98),#37,.F.);
#1599=ADVANCED_FACE('',(#99),#38,.F.);
#1600=ADVANCED_FACE('',(#100),#39,.F.);
#1601=ADVANCED_FACE('',(#101),#1557,.F.);
#1602=ADVANCED_FACE('',(#102),#1558,.F.);
#1603=ADVANCED_FACE('',(#103),#1559,.F.);
#1604=ADVANCED_FACE('',(#104),#1560,.F.);
#1605=ADVANCED_FACE('',(#105),#44,.F.);
#1606=ADVANCED_FACE('',(#106),#45,.F.);
#1607=ADVANCED_FACE('',(#107),#1561,.F.);
#1608=ADVANCED_FACE('',(#108),#46,.F.);
#1609=ADVANCED_FACE('',(#109),#1562,.F.);
#1610=ADVANCED_FACE('',(#110),#47,.F.);
#1611=ADVANCED_FACE('',(#111),#48,.F.);
#1612=ADVANCED_FACE('',(#112),#1563,.F.);
#1613=ADVANCED_FACE('',(#113),#49,.F.);
#1614=ADVANCED_FACE('',(#114),#50,.F.);
#1615=ADVANCED_FACE('',(#115),#51,.F.);
#1616=ADVANCED_FACE('',(#116),#1564,.F.);
#1617=ADVANCED_FACE('',(#117),#1565,.F.);
#1618=ADVANCED_FACE('',(#118),#1566,.F.);
#1619=ADVANCED_FACE('',(#119),#1567,.F.);
#1620=ADVANCED_FACE('',(#120),#1568,.F.);
#1621=ADVANCED_FACE('',(#121),#52,.F.);
#1622=ADVANCED_FACE('',(#122),#1569,.F.);
#1623=ADVANCED_FACE('',(#123),#53,.F.);
#1624=ADVANCED_FACE('',(#124),#54,.F.);
#1625=ADVANCED_FACE('',(#125),#55,.F.);
#1626=ADVANCED_FACE('',(#126),#56,.F.);
#1627=ADVANCED_FACE('',(#127),#57,.F.);
#1628=ADVANCED_FACE('',(#128),#58,.F.);
#1629=ADVANCED_FACE('',(#129),#59,.F.);
#1630=ADVANCED_FACE('',(#130),#1570,.F.);
#1631=ADVANCED_FACE('',(#131),#60,.F.);
#1632=ADVANCED_FACE('',(#132),#1571,.F.);
#1633=ADVANCED_FACE('',(#133),#33,.F.);
#1634=ADVANCED_FACE('',(#134),#61,.F.);
#1635=ADVANCED_FACE('',(#135),#62,.T.);
#1636=ADVANCED_FACE('',(#136),#1572,.F.);
#1637=ADVANCED_FACE('',(#137),#63,.T.);
#1638=ADVANCED_FACE('',(#138),#1573,.F.);
#1639=ADVANCED_FACE('',(#139),#1574,.T.);
#1640=ADVANCED_FACE('',(#140),#1575,.F.);
#1641=ADVANCED_FACE('',(#141),#64,.T.);
#1642=ADVANCED_FACE('',(#142),#65,.F.);
#1643=ADVANCED_FACE('',(#143),#66,.T.);
#1644=ADVANCED_FACE('',(#144),#67,.F.);
#1645=ADVANCED_FACE('',(#145),#1576,.F.);
#1646=ADVANCED_FACE('',(#146),#68,.F.);
#1647=ADVANCED_FACE('',(#147),#1577,.F.);
#1648=ADVANCED_FACE('',(#148),#1578,.T.);
#1649=ADVANCED_FACE('',(#149),#1579,.F.);
#1650=ADVANCED_FACE('',(#150),#69,.F.);
#1651=ADVANCED_FACE('',(#151),#70,.F.);
#1652=ADVANCED_FACE('',(#152),#71,.F.);
#1653=ADVANCED_FACE('',(#153),#72,.T.);
#1654=ADVANCED_FACE('',(#154),#1580,.F.);
#1655=ADVANCED_FACE('',(#155),#73,.T.);
#1656=ADVANCED_FACE('',(#156),#1581,.F.);
#1657=ADVANCED_FACE('',(#157),#1582,.T.);
#1658=ADVANCED_FACE('',(#158),#1583,.F.);
#1659=ADVANCED_FACE('',(#159),#74,.T.);
#1660=ADVANCED_FACE('',(#160),#75,.F.);
#1661=ADVANCED_FACE('',(#161),#76,.T.);
#1662=ADVANCED_FACE('',(#162),#77,.F.);
#1663=ADVANCED_FACE('',(#163),#1584,.F.);
#1664=ADVANCED_FACE('',(#164),#78,.F.);
#1665=ADVANCED_FACE('',(#165),#1585,.F.);
#1666=ADVANCED_FACE('',(#166),#1586,.T.);
#1667=ADVANCED_FACE('',(#167),#1587,.F.);
#1668=ADVANCED_FACE('',(#168),#79,.F.);
#1669=ADVANCED_FACE('',(#169),#80,.F.);
#1670=ADVANCED_FACE('',(#170),#81,.T.);
#1671=ADVANCED_FACE('',(#171),#1588,.F.);
#1672=ADVANCED_FACE('',(#172,#19,#20,#21,#22,#23),#82,.T.);
#1673=ADVANCED_FACE('',(#173),#83,.T.);
#1674=ADVANCED_FACE('',(#174,#24,#25),#84,.T.);
#1675=ADVANCED_FACE('',(#175,#26),#85,.T.);
#1676=ADVANCED_FACE('',(#176),#86,.T.);
#1677=ADVANCED_FACE('',(#177,#27),#87,.T.);
#1678=ADVANCED_FACE('',(#178,#28,#29,#30,#31,#32),#88,.F.);
#1679=CLOSED_SHELL('',(#1589,#1590,#1591,#1592,#1593,#1594,#1595,#1596,
#1597,#1598,#1599,#1600,#1601,#1602,#1603,#1604,#1605,#1606,#1607,#1608,
#1609,#1610,#1611,#1612,#1613,#1614,#1615,#1616,#1617,#1618,#1619,#1620,
#1621,#1622,#1623,#1624,#1625,#1626,#1627,#1628,#1629,#1630,#1631,#1632,
#1633,#1634,#1635,#1636,#1637,#1638,#1639,#1640,#1641,#1642,#1643,#1644,
#1645,#1646,#1647,#1648,#1649,#1650,#1651,#1652,#1653,#1654,#1655,#1656,
#1657,#1658,#1659,#1660,#1661,#1662,#1663,#1664,#1665,#1666,#1667,#1668,
#1669,#1670,#1671,#1672,#1673,#1674,#1675,#1676,#1677,#1678));
#1680=DERIVED_UNIT_ELEMENT(#1682,1.);
#1681=DERIVED_UNIT_ELEMENT(#2902,-3.);
#1682=(
MASS_UNIT()
NAMED_UNIT(*)
SI_UNIT(.KILO.,.GRAM.)
);
#1683=DERIVED_UNIT((#1680,#1681));
#1684=MEASURE_REPRESENTATION_ITEM('density measure',
POSITIVE_RATIO_MEASURE(7850.),#1683);
#1685=PROPERTY_DEFINITION_REPRESENTATION(#1690,#1687);
#1686=PROPERTY_DEFINITION_REPRESENTATION(#1691,#1688);
#1687=REPRESENTATION('material name',(#1689),#2899);
#1688=REPRESENTATION('density',(#1684),#2899);
#1689=DESCRIPTIVE_REPRESENTATION_ITEM('Steel','Steel');
#1690=PROPERTY_DEFINITION('material property','material name',#2914);
#1691=PROPERTY_DEFINITION('material property','density of part',#2914);
#1692=AXIS2_PLACEMENT_3D('',#2386,#1873,#1874);
#1693=AXIS2_PLACEMENT_3D('',#2387,#1875,#1876);
#1694=AXIS2_PLACEMENT_3D('',#2388,#1877,#1878);
#1695=AXIS2_PLACEMENT_3D('',#2390,#1879,#1880);
#1696=AXIS2_PLACEMENT_3D('',#2393,#1882,#1883);
#1697=AXIS2_PLACEMENT_3D('',#2394,#1884,#1885);
#1698=AXIS2_PLACEMENT_3D('',#2395,#1886,#1887);
#1699=AXIS2_PLACEMENT_3D('',#2397,#1888,#1889);
#1700=AXIS2_PLACEMENT_3D('',#2400,#1891,#1892);
#1701=AXIS2_PLACEMENT_3D('',#2401,#1893,#1894);
#1702=AXIS2_PLACEMENT_3D('',#2402,#1895,#1896);
#1703=AXIS2_PLACEMENT_3D('',#2404,#1897,#1898);
#1704=AXIS2_PLACEMENT_3D('',#2407,#1900,#1901);
#1705=AXIS2_PLACEMENT_3D('',#2408,#1902,#1903);
#1706=AXIS2_PLACEMENT_3D('',#2409,#1904,#1905);
#1707=AXIS2_PLACEMENT_3D('',#2411,#1906,#1907);
#1708=AXIS2_PLACEMENT_3D('',#2414,#1909,#1910);
#1709=AXIS2_PLACEMENT_3D('',#2415,#1911,#1912);
#1710=AXIS2_PLACEMENT_3D('',#2416,#1913,#1914);
#1711=AXIS2_PLACEMENT_3D('',#2418,#1915,#1916);
#1712=AXIS2_PLACEMENT_3D('',#2422,#1918,#1919);
#1713=AXIS2_PLACEMENT_3D('',#2423,#1920,#1921);
#1714=AXIS2_PLACEMENT_3D('',#2424,#1922,#1923);
#1715=AXIS2_PLACEMENT_3D('',#2426,#1924,#1925);
#1716=AXIS2_PLACEMENT_3D('',#2430,#1927,#1928);
#1717=AXIS2_PLACEMENT_3D('',#2431,#1929,#1930);
#1718=AXIS2_PLACEMENT_3D('',#2432,#1931,#1932);
#1719=AXIS2_PLACEMENT_3D('',#2434,#1933,#1934);
#1720=AXIS2_PLACEMENT_3D('',#2438,#1936,#1937);
#1721=AXIS2_PLACEMENT_3D('',#2439,#1938,#1939);
#1722=AXIS2_PLACEMENT_3D('',#2440,#1940,#1941);
#1723=AXIS2_PLACEMENT_3D('',#2442,#1942,#1943);
#1724=AXIS2_PLACEMENT_3D('',#2446,#1945,#1946);
#1725=AXIS2_PLACEMENT_3D('',#2447,#1947,#1948);
#1726=AXIS2_PLACEMENT_3D('',#2448,#1949,#1950);
#1727=AXIS2_PLACEMENT_3D('',#2451,#1952,#1953);
#1728=AXIS2_PLACEMENT_3D('',#2452,#1954,#1955);
#1729=AXIS2_PLACEMENT_3D('',#2455,#1957,#1958);
#1730=AXIS2_PLACEMENT_3D('',#2456,#1959,#1960);
#1731=AXIS2_PLACEMENT_3D('',#2459,#1962,#1963);
#1732=AXIS2_PLACEMENT_3D('',#2460,#1964,#1965);
#1733=AXIS2_PLACEMENT_3D('',#2463,#1967,#1968);
#1734=AXIS2_PLACEMENT_3D('',#2464,#1969,#1970);
#1735=AXIS2_PLACEMENT_3D('',#2484,#1975,#1976);
#1736=AXIS2_PLACEMENT_3D('',#2504,#1981,#1982);
#1737=AXIS2_PLACEMENT_3D('',#2506,#1983,#1984);
#1738=AXIS2_PLACEMENT_3D('',#2508,#1985,#1986);
#1739=AXIS2_PLACEMENT_3D('',#2510,#1988,#1989);
#1740=AXIS2_PLACEMENT_3D('',#2521,#1995,#1996);
#1741=AXIS2_PLACEMENT_3D('',#2524,#1997,#1998);
#1742=AXIS2_PLACEMENT_3D('',#2530,#2001,#2002);
#1743=AXIS2_PLACEMENT_3D('',#2532,#2004,#2005);
#1744=AXIS2_PLACEMENT_3D('',#2543,#2011,#2012);
#1745=AXIS2_PLACEMENT_3D('',#2551,#2017,#2018);
#1746=AXIS2_PLACEMENT_3D('',#2553,#2019,#2020);
#1747=AXIS2_PLACEMENT_3D('',#2555,#2021,#2022);
#1748=AXIS2_PLACEMENT_3D('',#2559,#2025,#2026);
#1749=AXIS2_PLACEMENT_3D('',#2573,#2034,#2035);
#1750=AXIS2_PLACEMENT_3D('',#2587,#2043,#2044);
#1751=AXIS2_PLACEMENT_3D('',#2589,#2045,#2046);
#1752=AXIS2_PLACEMENT_3D('',#2590,#2047,#2048);
#1753=AXIS2_PLACEMENT_3D('',#2592,#2049,#2050);
#1754=AXIS2_PLACEMENT_3D('',#2596,#2052,#2053);
#1755=AXIS2_PLACEMENT_3D('',#2600,#2055,#2056);
#1756=AXIS2_PLACEMENT_3D('',#2602,#2058,#2059);
#1757=AXIS2_PLACEMENT_3D('',#2604,#2060,#2061);
#1758=AXIS2_PLACEMENT_3D('',#2606,#2063,#2064);
#1759=AXIS2_PLACEMENT_3D('',#2607,#2065,#2066);
#1760=AXIS2_PLACEMENT_3D('',#2609,#2067,#2068);
#1761=AXIS2_PLACEMENT_3D('',#2611,#2070,#2071);
#1762=AXIS2_PLACEMENT_3D('',#2613,#2072,#2073);
#1763=AXIS2_PLACEMENT_3D('',#2616,#2075,#2076);
#1764=AXIS2_PLACEMENT_3D('',#2617,#2077,#2078);
#1765=AXIS2_PLACEMENT_3D('',#2619,#2079,#2080);
#1766=AXIS2_PLACEMENT_3D('',#2621,#2081,#2082);
#1767=AXIS2_PLACEMENT_3D('',#2623,#2084,#2085);
#1768=AXIS2_PLACEMENT_3D('',#2627,#2087,#2088);
#1769=AXIS2_PLACEMENT_3D('',#2629,#2090,#2091);
#1770=AXIS2_PLACEMENT_3D('',#2633,#2094,#2095);
#1771=AXIS2_PLACEMENT_3D('',#2635,#2096,#2097);
#1772=AXIS2_PLACEMENT_3D('',#2637,#2099,#2100);
#1773=AXIS2_PLACEMENT_3D('',#2639,#2101,#2102);
#1774=AXIS2_PLACEMENT_3D('',#2641,#2104,#2105);
#1775=AXIS2_PLACEMENT_3D('',#2643,#2106,#2107);
#1776=AXIS2_PLACEMENT_3D('',#2645,#2109,#2110);
#1777=AXIS2_PLACEMENT_3D('',#2647,#2111,#2112);
#1778=AXIS2_PLACEMENT_3D('',#2651,#2115,#2116);
#1779=AXIS2_PLACEMENT_3D('',#2652,#2117,#2118);
#1780=AXIS2_PLACEMENT_3D('',#2656,#2121,#2122);
#1781=AXIS2_PLACEMENT_3D('',#2658,#2124,#2125);
#1782=AXIS2_PLACEMENT_3D('',#2662,#2128,#2129);
#1783=AXIS2_PLACEMENT_3D('',#2664,#2131,#2132);
#1784=AXIS2_PLACEMENT_3D('',#2666,#2133,#2134);
#1785=AXIS2_PLACEMENT_3D('',#2669,#2136,#2137);
#1786=AXIS2_PLACEMENT_3D('',#2670,#2138,#2139);
#1787=AXIS2_PLACEMENT_3D('',#2671,#2140,#2141);
#1788=AXIS2_PLACEMENT_3D('',#2674,#2143,#2144);
#1789=AXIS2_PLACEMENT_3D('',#2676,#2145,#2146);
#1790=AXIS2_PLACEMENT_3D('',#2678,#2148,#2149);
#1791=AXIS2_PLACEMENT_3D('',#2679,#2150,#2151);
#1792=AXIS2_PLACEMENT_3D('',#2680,#2152,#2153);
#1793=AXIS2_PLACEMENT_3D('',#2681,#2154,#2155);
#1794=AXIS2_PLACEMENT_3D('',#2682,#2156,#2157);
#1795=AXIS2_PLACEMENT_3D('',#2686,#2160,#2161);
#1796=AXIS2_PLACEMENT_3D('',#2690,#2163,#2164);
#1797=AXIS2_PLACEMENT_3D('',#2694,#2166,#2167);
#1798=AXIS2_PLACEMENT_3D('',#2696,#2168,#2169);
#1799=AXIS2_PLACEMENT_3D('',#2698,#2170,#2171);
#1800=AXIS2_PLACEMENT_3D('',#2700,#2173,#2174);
#1801=AXIS2_PLACEMENT_3D('',#2703,#2175,#2176);
#1802=AXIS2_PLACEMENT_3D('',#2706,#2179,#2180);
#1803=AXIS2_PLACEMENT_3D('',#2710,#2183,#2184);
#1804=AXIS2_PLACEMENT_3D('',#2712,#2185,#2186);
#1805=AXIS2_PLACEMENT_3D('',#2714,#2188,#2189);
#1806=AXIS2_PLACEMENT_3D('',#2716,#2190,#2191);
#1807=AXIS2_PLACEMENT_3D('',#2718,#2193,#2194);
#1808=AXIS2_PLACEMENT_3D('',#2720,#2195,#2196);
#1809=AXIS2_PLACEMENT_3D('',#2722,#2198,#2199);
#1810=AXIS2_PLACEMENT_3D('',#2724,#2201,#2202);
#1811=AXIS2_PLACEMENT_3D('',#2728,#2205,#2206);
#1812=AXIS2_PLACEMENT_3D('',#2730,#2208,#2209);
#1813=AXIS2_PLACEMENT_3D('',#2734,#2211,#2212);
#1814=AXIS2_PLACEMENT_3D('',#2736,#2213,#2214);
#1815=AXIS2_PLACEMENT_3D('',#2738,#2215,#2216);
#1816=AXIS2_PLACEMENT_3D('',#2742,#2218,#2219);
#1817=AXIS2_PLACEMENT_3D('',#2744,#2221,#2222);
#1818=AXIS2_PLACEMENT_3D('',#2747,#2223,#2224);
#1819=AXIS2_PLACEMENT_3D('',#2750,#2227,#2228);
#1820=AXIS2_PLACEMENT_3D('',#2754,#2231,#2232);
#1821=AXIS2_PLACEMENT_3D('',#2756,#2233,#2234);
#1822=AXIS2_PLACEMENT_3D('',#2758,#2236,#2237);
#1823=AXIS2_PLACEMENT_3D('',#2761,#2239,#2240);
#1824=AXIS2_PLACEMENT_3D('',#2762,#2241,#2242);
#1825=AXIS2_PLACEMENT_3D('',#2765,#2244,#2245);
#1826=AXIS2_PLACEMENT_3D('',#2766,#2246,#2247);
#1827=AXIS2_PLACEMENT_3D('',#2768,#2249,#2250);
#1828=AXIS2_PLACEMENT_3D('',#2770,#2252,#2253);
#1829=AXIS2_PLACEMENT_3D('',#2774,#2256,#2257);
#1830=AXIS2_PLACEMENT_3D('',#2778,#2259,#2260);
#1831=AXIS2_PLACEMENT_3D('',#2782,#2262,#2263);
#1832=AXIS2_PLACEMENT_3D('',#2784,#2264,#2265);
#1833=AXIS2_PLACEMENT_3D('',#2786,#2266,#2267);
#1834=AXIS2_PLACEMENT_3D('',#2788,#2269,#2270);
#1835=AXIS2_PLACEMENT_3D('',#2791,#2271,#2272);
#1836=AXIS2_PLACEMENT_3D('',#2794,#2275,#2276);
#1837=AXIS2_PLACEMENT_3D('',#2798,#2279,#2280);
#1838=AXIS2_PLACEMENT_3D('',#2800,#2281,#2282);
#1839=AXIS2_PLACEMENT_3D('',#2802,#2284,#2285);
#1840=AXIS2_PLACEMENT_3D('',#2804,#2286,#2287);
#1841=AXIS2_PLACEMENT_3D('',#2806,#2289,#2290);
#1842=AXIS2_PLACEMENT_3D('',#2808,#2291,#2292);
#1843=AXIS2_PLACEMENT_3D('',#2810,#2294,#2295);
#1844=AXIS2_PLACEMENT_3D('',#2812,#2297,#2298);
#1845=AXIS2_PLACEMENT_3D('',#2816,#2301,#2302);
#1846=AXIS2_PLACEMENT_3D('',#2818,#2304,#2305);
#1847=AXIS2_PLACEMENT_3D('',#2822,#2307,#2308);
#1848=AXIS2_PLACEMENT_3D('',#2824,#2309,#2310);
#1849=AXIS2_PLACEMENT_3D('',#2826,#2311,#2312);
#1850=AXIS2_PLACEMENT_3D('',#2830,#2314,#2315);
#1851=AXIS2_PLACEMENT_3D('',#2832,#2317,#2318);
#1852=AXIS2_PLACEMENT_3D('',#2835,#2319,#2320);
#1853=AXIS2_PLACEMENT_3D('',#2838,#2323,#2324);
#1854=AXIS2_PLACEMENT_3D('',#2842,#2327,#2328);
#1855=AXIS2_PLACEMENT_3D('',#2844,#2329,#2330);
#1856=AXIS2_PLACEMENT_3D('',#2846,#2332,#2333);
#1857=AXIS2_PLACEMENT_3D('',#2849,#2335,#2336);
#1858=AXIS2_PLACEMENT_3D('',#2850,#2337,#2338);
#1859=AXIS2_PLACEMENT_3D('',#2853,#2340,#2341);
#1860=AXIS2_PLACEMENT_3D('',#2854,#2342,#2343);
#1861=AXIS2_PLACEMENT_3D('',#2856,#2345,#2346);
#1862=AXIS2_PLACEMENT_3D('',#2858,#2348,#2349);
#1863=AXIS2_PLACEMENT_3D('',#2862,#2352,#2353);
#1864=AXIS2_PLACEMENT_3D('',#2865,#2355,#2356);
#1865=AXIS2_PLACEMENT_3D('',#2866,#2357,#2358);
#1866=AXIS2_PLACEMENT_3D('',#2876,#2364,#2365);
#1867=AXIS2_PLACEMENT_3D('',#2877,#2366,#2367);
#1868=AXIS2_PLACEMENT_3D('',#2883,#2371,#2372);
#1869=AXIS2_PLACEMENT_3D('',#2887,#2375,#2376);
#1870=AXIS2_PLACEMENT_3D('',#2891,#2379,#2380);
#1871=AXIS2_PLACEMENT_3D('',#2893,#2382,#2383);
#1872=AXIS2_PLACEMENT_3D('',#2894,#2384,#2385);
#1873=DIRECTION('axis',(0.,0.,1.));
#1874=DIRECTION('refdir',(1.,0.,0.));
#1875=DIRECTION('axis',(0.,0.,1.));
#1876=DIRECTION('refdir',(1.,0.,0.));
#1877=DIRECTION('center_axis',(-1.,-4.44089209850063E-16,-1.11022302462516E-15));
#1878=DIRECTION('ref_axis',(1.11022302462516E-15,-7.26992001145077E-47,
-1.));
#1879=DIRECTION('center_axis',(-1.,0.,0.));
#1880=DIRECTION('ref_axis',(1.11022302462516E-15,-7.26992001145077E-47,
-1.));
#1881=DIRECTION('',(-1.,-4.44089209850063E-16,-1.11022302462516E-15));
#1882=DIRECTION('center_axis',(-1.,-2.43236114486082E-16,-1.0547118733939E-15));
#1883=DIRECTION('ref_axis',(1.0547118733939E-15,-2.46519032881566E-32,-1.));
#1884=DIRECTION('center_axis',(1.,2.43236114486082E-16,1.0547118733939E-15));
#1885=DIRECTION('ref_axis',(1.0547118733939E-15,-2.46519032881566E-32,-1.));
#1886=DIRECTION('center_axis',(5.9211894646675E-16,0.,1.));
#1887=DIRECTION('ref_axis',(-1.,1.23259516440783E-32,5.9211894646675E-16));
#1888=DIRECTION('center_axis',(0.,0.,1.));
#1889=DIRECTION('ref_axis',(-1.,1.23259516440783E-32,5.9211894646675E-16));
#1890=DIRECTION('',(5.9211894646675E-16,0.,1.));
#1891=DIRECTION('center_axis',(6.10622663543836E-16,1.23259516440783E-31,
1.));
#1892=DIRECTION('ref_axis',(-1.,1.23259516440783E-32,6.10622663543836E-16));
#1893=DIRECTION('center_axis',(-6.10622663543836E-16,-1.23259516440783E-31,
-1.));
#1894=DIRECTION('ref_axis',(-1.,1.23259516440783E-32,6.10622663543836E-16));
#1895=DIRECTION('center_axis',(5.9211894646675E-16,0.,1.));
#1896=DIRECTION('ref_axis',(-1.,1.23259516440783E-32,5.9211894646675E-16));
#1897=DIRECTION('center_axis',(0.,0.,1.));
#1898=DIRECTION('ref_axis',(-1.,1.23259516440783E-32,5.9211894646675E-16));
#1899=DIRECTION('',(5.9211894646675E-16,0.,1.));
#1900=DIRECTION('center_axis',(6.10622663543836E-16,1.23259516440783E-31,
1.));
#1901=DIRECTION('ref_axis',(-1.,1.23259516440783E-32,6.10622663543836E-16));
#1902=DIRECTION('center_axis',(-6.10622663543836E-16,-1.23259516440783E-31,
-1.));
#1903=DIRECTION('ref_axis',(-1.,1.23259516440783E-32,6.10622663543836E-16));
#1904=DIRECTION('center_axis',(1.,4.44089209850063E-16,0.));
#1905=DIRECTION('ref_axis',(0.,0.,1.));
#1906=DIRECTION('center_axis',(1.,0.,0.));
#1907=DIRECTION('ref_axis',(0.,0.,1.));
#1908=DIRECTION('',(1.,4.44089209850063E-16,0.));
#1909=DIRECTION('center_axis',(1.,2.43236114486082E-16,-5.55111512312578E-17));
#1910=DIRECTION('ref_axis',(5.55111512312578E-17,2.46519032881566E-32,1.));
#1911=DIRECTION('center_axis',(-1.,-2.43236114486082E-16,5.55111512312578E-17));
#1912=DIRECTION('ref_axis',(5.55111512312578E-17,2.46519032881566E-32,1.));
#1913=DIRECTION('center_axis',(0.,1.,0.));
#1914=DIRECTION('ref_axis',(0.,0.,1.));
#1915=DIRECTION('center_axis',(0.,-1.,0.));
#1916=DIRECTION('ref_axis',(0.,0.,1.));
#1917=DIRECTION('',(-8.65956056235493E-17,-0.707106781186548,0.707106781186548));
#1918=DIRECTION('center_axis',(0.,1.,0.));
#1919=DIRECTION('ref_axis',(-1.,0.,0.));
#1920=DIRECTION('center_axis',(0.,1.,0.));
#1921=DIRECTION('ref_axis',(-1.,0.,0.));
#1922=DIRECTION('center_axis',(0.,1.,0.));
#1923=DIRECTION('ref_axis',(0.,0.,1.));
#1924=DIRECTION('center_axis',(0.,-1.,0.));
#1925=DIRECTION('ref_axis',(0.,0.,1.));
#1926=DIRECTION('',(-8.65956056235493E-17,-0.707106781186548,0.707106781186548));
#1927=DIRECTION('center_axis',(0.,1.,0.));
#1928=DIRECTION('ref_axis',(-1.,0.,0.));
#1929=DIRECTION('center_axis',(0.,1.,0.));
#1930=DIRECTION('ref_axis',(-1.,0.,0.));
#1931=DIRECTION('center_axis',(0.,1.,0.));
#1932=DIRECTION('ref_axis',(0.,0.,1.));
#1933=DIRECTION('center_axis',(0.,-1.,0.));
#1934=DIRECTION('ref_axis',(0.,0.,1.));
#1935=DIRECTION('',(-8.65956056235493E-17,-0.707106781186548,0.707106781186548));
#1936=DIRECTION('center_axis',(0.,1.,0.));
#1937=DIRECTION('ref_axis',(-1.,0.,0.));
#1938=DIRECTION('center_axis',(0.,1.,0.));
#1939=DIRECTION('ref_axis',(-1.,0.,0.));
#1940=DIRECTION('center_axis',(0.,1.,0.));
#1941=DIRECTION('ref_axis',(0.,0.,1.));
#1942=DIRECTION('center_axis',(0.,-1.,0.));
#1943=DIRECTION('ref_axis',(0.,0.,1.));
#1944=DIRECTION('',(-8.65956056235493E-17,-0.707106781186548,0.707106781186548));
#1945=DIRECTION('center_axis',(0.,1.,0.));
#1946=DIRECTION('ref_axis',(-1.,0.,0.));
#1947=DIRECTION('center_axis',(0.,1.,0.));
#1948=DIRECTION('ref_axis',(-1.,0.,0.));
#1949=DIRECTION('center_axis',(0.,-1.,0.));
#1950=DIRECTION('ref_axis',(-1.,0.,0.));
#1951=DIRECTION('',(0.,-1.,0.));
#1952=DIRECTION('center_axis',(0.,1.,0.));
#1953=DIRECTION('ref_axis',(-1.,0.,0.));
#1954=DIRECTION('center_axis',(0.,-1.,0.));
#1955=DIRECTION('ref_axis',(-1.,0.,0.));
#1956=DIRECTION('',(0.,-1.,0.));
#1957=DIRECTION('center_axis',(0.,1.,0.));
#1958=DIRECTION('ref_axis',(-1.,0.,0.));
#1959=DIRECTION('center_axis',(0.,-1.,0.));
#1960=DIRECTION('ref_axis',(-1.,0.,0.));
#1961=DIRECTION('',(0.,-1.,0.));
#1962=DIRECTION('center_axis',(0.,1.,0.));
#1963=DIRECTION('ref_axis',(-1.,0.,0.));
#1964=DIRECTION('center_axis',(0.,-1.,0.));
#1965=DIRECTION('ref_axis',(-1.,0.,0.));
#1966=DIRECTION('',(0.,-1.,0.));
#1967=DIRECTION('center_axis',(0.,1.,0.));
#1968=DIRECTION('ref_axis',(-1.,0.,0.));
#1969=DIRECTION('center_axis',(0.,0.,-1.));
#1970=DIRECTION('ref_axis',(-1.,0.,0.));
#1971=DIRECTION('',(1.,0.,0.));
#1972=DIRECTION('',(0.,-1.,0.));
#1973=DIRECTION('',(1.,0.,0.));
#1974=DIRECTION('',(0.,-1.,0.));
#1975=DIRECTION('center_axis',(0.,0.,-1.));
#1976=DIRECTION('ref_axis',(-1.,0.,0.));
#1977=DIRECTION('',(1.,0.,0.));
#1978=DIRECTION('',(0.,1.,0.));
#1979=DIRECTION('',(1.,0.,0.));
#1980=DIRECTION('',(0.,1.,0.));
#1981=DIRECTION('center_axis',(0.,1.,0.));
#1982=DIRECTION('ref_axis',(0.707106781186548,0.,-0.707106781186548));
#1983=DIRECTION('center_axis',(0.,-1.,0.));
#1984=DIRECTION('ref_axis',(0.707106781186548,0.,-0.707106781186548));
#1985=DIRECTION('center_axis',(0.,-1.,0.));
#1986=DIRECTION('ref_axis',(0.707106781186548,0.,-0.707106781186548));
#1987=DIRECTION('',(0.,-1.,0.));
#1988=DIRECTION('center_axis',(1.30614473485313E-16,0.,1.));
#1989=DIRECTION('ref_axis',(1.,0.,-1.30614473485313E-16));
#1990=DIRECTION('',(-1.,0.,1.30614473485313E-16));
#1991=DIRECTION('',(0.,1.,0.));
#1992=DIRECTION('',(1.,0.,-1.30614473485313E-16));
#1993=DIRECTION('',(1.,0.,-1.30614473485313E-16));
#1994=DIRECTION('',(0.,1.,0.));
#1995=DIRECTION('center_axis',(0.,1.,0.));
#1996=DIRECTION('ref_axis',(-0.707106781186548,0.,-0.707106781186548));
#1997=DIRECTION('center_axis',(0.,1.,0.));
#1998=DIRECTION('ref_axis',(-0.707106781186548,0.,-0.707106781186548));
#1999=DIRECTION('',(0.,1.,0.));
#2000=DIRECTION('',(0.,-1.,0.));
#2001=DIRECTION('center_axis',(0.,-1.,0.));
#2002=DIRECTION('ref_axis',(-0.707106781186548,0.,-0.707106781186548));
#2003=DIRECTION('',(0.,1.,0.));
#2004=DIRECTION('center_axis',(1.,0.,0.));
#2005=DIRECTION('ref_axis',(0.,0.,-1.));
#2006=DIRECTION('',(0.,0.,-1.));
#2007=DIRECTION('',(0.,1.,0.));
#2008=DIRECTION('',(0.,0.,-1.));
#2009=DIRECTION('',(0.,0.,-1.));
#2010=DIRECTION('',(0.,-1.,0.));
#2011=DIRECTION('center_axis',(-1.,0.,0.));
#2012=DIRECTION('ref_axis',(0.,0.,1.));
#2013=DIRECTION('',(0.,0.,1.));
#2014=DIRECTION('',(0.,0.,1.));
#2015=DIRECTION('',(0.,0.,1.));
#2016=DIRECTION('',(0.,-1.,0.));
#2017=DIRECTION('center_axis',(0.,1.,0.));
#2018=DIRECTION('ref_axis',(-0.707106781186548,0.,0.707106781186548));
#2019=DIRECTION('center_axis',(0.,1.,0.));
#2020=DIRECTION('ref_axis',(-0.707106781186548,0.,0.707106781186548));
#2021=DIRECTION('center_axis',(0.,-1.,0.));
#2022=DIRECTION('ref_axis',(-0.707106781186548,0.,0.707106781186548));
#2023=DIRECTION('',(0.,1.,0.));
#2024=DIRECTION('',(0.,1.,0.));
#2025=DIRECTION('center_axis',(0.,0.,1.));
#2026=DIRECTION('ref_axis',(1.,0.,0.));
#2027=DIRECTION('',(1.,0.,0.));
#2028=DIRECTION('',(1.,0.,0.));
#2029=DIRECTION('',(0.,-1.,0.));
#2030=DIRECTION('',(-1.,0.,0.));
#2031=DIRECTION('',(0.,1.,0.));
#2032=DIRECTION('',(1.,0.,0.));
#2033=DIRECTION('',(0.,1.,0.));
#2034=DIRECTION('center_axis',(0.,0.,-1.));
#2035=DIRECTION('ref_axis',(-1.,0.,0.));
#2036=DIRECTION('',(-1.,0.,0.));
#2037=DIRECTION('',(0.,1.,0.));
#2038=DIRECTION('',(-1.,0.,0.));
#2039=DIRECTION('',(1.,0.,0.));
#2040=DIRECTION('',(0.,1.,0.));
#2041=DIRECTION('',(-1.,0.,0.));
#2042=DIRECTION('',(0.,1.,0.));
#2043=DIRECTION('center_axis',(0.,1.,0.));
#2044=DIRECTION('ref_axis',(0.,0.,1.));
#2045=DIRECTION('center_axis',(0.,-1.,0.));
#2046=DIRECTION('ref_axis',(-0.91578947368421,0.,-0.401658611122925));
#2047=DIRECTION('center_axis',(0.,-1.,0.));
#2048=DIRECTION('ref_axis',(0.707106781186548,0.,-0.707106781186548));
#2049=DIRECTION('center_axis',(0.,-1.,0.));
#2050=DIRECTION('ref_axis',(-0.91578947368421,0.,-0.401658611122925));
#2051=DIRECTION('',(-2.92163953848725E-17,0.,1.));
#2052=DIRECTION('center_axis',(0.,-1.,0.));
#2053=DIRECTION('ref_axis',(1.,0.,0.));
#2054=DIRECTION('',(1.,0.,-1.30614473485313E-16));
#2055=DIRECTION('center_axis',(0.,-1.,0.));
#2056=DIRECTION('ref_axis',(-4.75809867696495E-15,0.,-1.));
#2057=DIRECTION('',(2.92163953848725E-17,0.,-1.));
#2058=DIRECTION('center_axis',(0.,1.,0.));
#2059=DIRECTION('ref_axis',(0.707106781186548,0.,0.707106781186548));
#2060=DIRECTION('center_axis',(0.,1.,0.));
#2061=DIRECTION('ref_axis',(0.707106781186548,0.,0.707106781186548));
#2062=DIRECTION('',(0.,1.,0.));
#2063=DIRECTION('center_axis',(0.,-1.,0.));
#2064=DIRECTION('ref_axis',(0.707106781186548,0.,0.707106781186548));
#2065=DIRECTION('center_axis',(0.,1.,0.));
#2066=DIRECTION('ref_axis',(0.707106781186548,0.,-0.707106781186548));
#2067=DIRECTION('center_axis',(0.,1.,0.));
#2068=DIRECTION('ref_axis',(0.707106781186548,0.,-0.707106781186548));
#2069=DIRECTION('',(0.,1.,0.));
#2070=DIRECTION('center_axis',(0.,1.,0.));
#2071=DIRECTION('ref_axis',(-1.,0.,0.));
#2072=DIRECTION('center_axis',(0.,-1.,0.));
#2073=DIRECTION('ref_axis',(-1.,0.,0.));
#2074=DIRECTION('',(0.,1.,0.));
#2075=DIRECTION('center_axis',(0.,1.,0.));
#2076=DIRECTION('ref_axis',(-1.,0.,0.));
#2077=DIRECTION('center_axis',(0.,1.,0.));
#2078=DIRECTION('ref_axis',(4.75809867696495E-15,0.,1.));
#2079=DIRECTION('center_axis',(0.,-1.,0.));
#2080=DIRECTION('ref_axis',(4.75809867696495E-15,0.,1.));
#2081=DIRECTION('center_axis',(0.,1.,0.));
#2082=DIRECTION('ref_axis',(4.75809867696495E-15,0.,1.));
#2083=DIRECTION('',(0.,1.,0.));
#2084=DIRECTION('center_axis',(0.,1.,0.));
#2085=DIRECTION('ref_axis',(1.,0.,0.));
#2086=DIRECTION('',(0.,1.,0.));
#2087=DIRECTION('center_axis',(0.,1.,0.));
#2088=DIRECTION('ref_axis',(1.,0.,0.));
#2089=DIRECTION('',(0.,1.,0.));
#2090=DIRECTION('center_axis',(-1.30614473485313E-16,0.,-1.));
#2091=DIRECTION('ref_axis',(-1.,0.,1.30614473485313E-16));
#2092=DIRECTION('',(-1.,0.,1.30614473485313E-16));
#2093=DIRECTION('',(0.,1.,0.));
#2094=DIRECTION('center_axis',(0.,1.,0.));
#2095=DIRECTION('ref_axis',(-4.75809867696495E-15,0.,-1.));
#2096=DIRECTION('center_axis',(0.,1.,0.));
#2097=DIRECTION('ref_axis',(-4.75809867696495E-15,0.,-1.));
#2098=DIRECTION('',(0.,1.,0.));
#2099=DIRECTION('center_axis',(0.,1.,0.));
#2100=DIRECTION('ref_axis',(-1.,0.,0.));
#2101=DIRECTION('center_axis',(0.,-1.,0.));
#2102=DIRECTION('ref_axis',(-0.91578947368421,0.,-0.401658611122925));
#2103=DIRECTION('',(-2.92163953848725E-17,0.,1.));
#2104=DIRECTION('center_axis',(0.,1.,0.));
#2105=DIRECTION('ref_axis',(-1.,0.,0.));
#2106=DIRECTION('center_axis',(0.,-1.,0.));
#2107=DIRECTION('ref_axis',(-0.91578947368421,0.,-0.401658611122925));
#2108=DIRECTION('',(2.92163953848725E-17,0.,-1.));
#2109=DIRECTION('center_axis',(0.,1.,0.));
#2110=DIRECTION('ref_axis',(0.,0.,1.));
#2111=DIRECTION('center_axis',(0.,-1.,0.));
#2112=DIRECTION('ref_axis',(-0.91578947368421,0.,-0.401658611122925));
#2113=DIRECTION('',(2.92163953848725E-17,0.,-1.));
#2114=DIRECTION('',(-2.92163953848725E-17,0.,1.));
#2115=DIRECTION('center_axis',(0.,-1.,0.));
#2116=DIRECTION('ref_axis',(-0.91578947368421,0.,-0.401658611122925));
#2117=DIRECTION('center_axis',(1.,0.,2.92163953848725E-17));
#2118=DIRECTION('ref_axis',(2.92163953848725E-17,0.,-1.));
#2119=DIRECTION('',(0.,-1.,0.));
#2120=DIRECTION('',(2.92163953848725E-17,0.,-1.));
#2121=DIRECTION('center_axis',(1.,0.,2.92163953848725E-17));
#2122=DIRECTION('ref_axis',(2.92163953848725E-17,0.,-1.));
#2123=DIRECTION('',(0.,1.,0.));
#2124=DIRECTION('center_axis',(-1.,0.,-2.92163953848725E-17));
#2125=DIRECTION('ref_axis',(-2.92163953848725E-17,0.,1.));
#2126=DIRECTION('',(0.,1.,0.));
#2127=DIRECTION('',(-2.92163953848725E-17,0.,1.));
#2128=DIRECTION('center_axis',(-1.,0.,-2.92163953848725E-17));
#2129=DIRECTION('ref_axis',(-2.92163953848725E-17,0.,1.));
#2130=DIRECTION('',(0.,-1.,0.));
#2131=DIRECTION('center_axis',(0.,1.,0.));
#2132=DIRECTION('ref_axis',(-0.707106781186548,0.,-0.707106781186548));
#2133=DIRECTION('center_axis',(0.,-1.,0.));
#2134=DIRECTION('ref_axis',(-0.707106781186548,0.,-0.707106781186548));
#2135=DIRECTION('',(0.,1.,0.));
#2136=DIRECTION('center_axis',(0.,-1.,0.));
#2137=DIRECTION('ref_axis',(-0.707106781186548,0.,-0.707106781186548));
#2138=DIRECTION('center_axis',(0.,1.,0.));
#2139=DIRECTION('ref_axis',(-1.,0.,0.));
#2140=DIRECTION('center_axis',(0.,-1.,0.));
#2141=DIRECTION('ref_axis',(0.770538243626071,0.,-0.637393767705372));
#2142=DIRECTION('',(1.15838361163634E-16,0.,-1.));
#2143=DIRECTION('center_axis',(0.,-1.,0.));
#2144=DIRECTION('ref_axis',(-0.91578947368421,0.,-0.401658611122925));
#2145=DIRECTION('center_axis',(0.,-1.,0.));
#2146=DIRECTION('ref_axis',(-0.91578947368421,0.,-0.401658611122925));
#2147=DIRECTION('',(-2.31676722327268E-16,0.,1.));
#2148=DIRECTION('center_axis',(0.,1.,0.));
#2149=DIRECTION('ref_axis',(0.770538243626071,0.,-0.637393767705372));
#2150=DIRECTION('center_axis',(0.,1.,0.));
#2151=DIRECTION('ref_axis',(2.43735121535791E-17,0.,-1.));
#2152=DIRECTION('center_axis',(0.,1.,0.));
#2153=DIRECTION('ref_axis',(1.22464679914735E-16,0.,-1.));
#2154=DIRECTION('center_axis',(0.,1.,0.));
#2155=DIRECTION('ref_axis',(0.,0.,1.));
#2156=DIRECTION('center_axis',(-1.,0.,0.));
#2157=DIRECTION('ref_axis',(0.,0.,-1.));
#2158=DIRECTION('',(0.,0.,1.));
#2159=DIRECTION('',(0.,0.14142135623731,0.989949493661167));
#2160=DIRECTION('center_axis',(0.,-1.,0.));
#2161=DIRECTION('ref_axis',(-1.,0.,0.));
#2162=DIRECTION('',(0.,0.,-1.));
#2163=DIRECTION('center_axis',(0.,1.,0.));
#2164=DIRECTION('ref_axis',(-0.707106781186548,0.,-0.707106781186547));
#2165=DIRECTION('',(-1.,0.,0.));
#2166=DIRECTION('center_axis',(0.,1.,0.));
#2167=DIRECTION('ref_axis',(0.,0.,1.));
#2168=DIRECTION('center_axis',(0.,1.,0.));
#2169=DIRECTION('ref_axis',(1.,0.,0.));
#2170=DIRECTION('center_axis',(0.,1.,0.));
#2171=DIRECTION('ref_axis',(0.,0.,1.));
#2172=DIRECTION('',(-1.,0.,0.));
#2173=DIRECTION('center_axis',(0.,1.,0.));
#2174=DIRECTION('ref_axis',(-0.707106781186548,0.,-0.707106781186547));
#2175=DIRECTION('center_axis',(0.,1.,0.));
#2176=DIRECTION('ref_axis',(-0.707106781186548,0.,-0.707106781186547));
#2177=DIRECTION('',(0.,1.,0.));
#2178=DIRECTION('',(0.,-1.,0.));
#2179=DIRECTION('center_axis',(0.,0.,1.));
#2180=DIRECTION('ref_axis',(-1.,0.,0.));
#2181=DIRECTION('',(-1.,0.,0.));
#2182=DIRECTION('',(0.,-1.,0.));
#2183=DIRECTION('center_axis',(0.,-1.,0.));
#2184=DIRECTION('ref_axis',(0.,0.,1.));
#2185=DIRECTION('center_axis',(0.,1.,0.));
#2186=DIRECTION('ref_axis',(0.,0.,1.));
#2187=DIRECTION('',(0.,1.,0.));
#2188=DIRECTION('center_axis',(0.,1.,0.));
#2189=DIRECTION('ref_axis',(-1.83697019872103E-16,0.,1.));
#2190=DIRECTION('center_axis',(0.,-1.,0.));
#2191=DIRECTION('ref_axis',(1.,0.,0.));
#2192=DIRECTION('',(0.,-1.,0.));
#2193=DIRECTION('center_axis',(0.,1.,0.));
#2194=DIRECTION('ref_axis',(0.,0.,1.));
#2195=DIRECTION('center_axis',(0.,1.,0.));
#2196=DIRECTION('ref_axis',(0.,0.,1.));
#2197=DIRECTION('',(0.,1.,0.));
#2198=DIRECTION('center_axis',(1.,0.,0.));
#2199=DIRECTION('ref_axis',(0.,0.,1.));
#2200=DIRECTION('',(0.,0.,1.));
#2201=DIRECTION('center_axis',(0.,0.989949493661167,-0.14142135623731));
#2202=DIRECTION('ref_axis',(0.,-0.14142135623731,-0.989949493661167));
#2203=DIRECTION('',(0.,0.14142135623731,0.989949493661167));
#2204=DIRECTION('',(1.,0.,0.));
#2205=DIRECTION('center_axis',(-1.,0.,0.));
#2206=DIRECTION('ref_axis',(0.,0.,-1.));
#2207=DIRECTION('',(0.,0.,1.));
#2208=DIRECTION('center_axis',(0.,1.,0.));
#2209=DIRECTION('ref_axis',(1.,0.,0.));
#2210=DIRECTION('',(1.,0.,0.));
#2211=DIRECTION('center_axis',(0.,-1.,0.));
#2212=DIRECTION('ref_axis',(0.,0.,1.));
#2213=DIRECTION('center_axis',(0.,-1.,0.));
#2214=DIRECTION('ref_axis',(-1.,0.,0.));
#2215=DIRECTION('center_axis',(0.,-1.,0.));
#2216=DIRECTION('ref_axis',(0.,0.,1.));
#2217=DIRECTION('',(1.,0.,0.));
#2218=DIRECTION('center_axis',(0.,-1.,0.));
#2219=DIRECTION('ref_axis',(0.707106781186548,0.,-0.707106781186547));
#2220=DIRECTION('',(0.,0.,-1.));
#2221=DIRECTION('center_axis',(0.,-1.,0.));
#2222=DIRECTION('ref_axis',(0.707106781186548,0.,-0.707106781186547));
#2223=DIRECTION('center_axis',(0.,1.,0.));
#2224=DIRECTION('ref_axis',(0.707106781186548,0.,-0.707106781186547));
#2225=DIRECTION('',(0.,-1.,0.));
#2226=DIRECTION('',(0.,1.,0.));
#2227=DIRECTION('center_axis',(0.,0.,-1.));
#2228=DIRECTION('ref_axis',(1.,0.,0.));
#2229=DIRECTION('',(0.,-1.,0.));
#2230=DIRECTION('',(-1.,0.,0.));
#2231=DIRECTION('center_axis',(0.,1.,0.));
#2232=DIRECTION('ref_axis',(0.,0.,1.));
#2233=DIRECTION('center_axis',(0.,1.,0.));
#2234=DIRECTION('ref_axis',(0.,0.,1.));
#2235=DIRECTION('',(0.,1.,0.));
#2236=DIRECTION('center_axis',(0.,-1.,0.));
#2237=DIRECTION('ref_axis',(1.83697019872103E-16,0.,1.));
#2238=DIRECTION('',(0.,-1.,0.));
#2239=DIRECTION('center_axis',(0.,-1.,0.));
#2240=DIRECTION('ref_axis',(-1.,0.,0.));
#2241=DIRECTION('center_axis',(0.,-1.,0.));
#2242=DIRECTION('ref_axis',(0.,0.,1.));
#2243=DIRECTION('',(0.,1.,0.));
#2244=DIRECTION('center_axis',(0.,1.,0.));
#2245=DIRECTION('ref_axis',(0.,0.,1.));
#2246=DIRECTION('center_axis',(0.,0.,-1.));
#2247=DIRECTION('ref_axis',(1.,0.,0.));
#2248=DIRECTION('',(-1.,0.,0.));
#2249=DIRECTION('center_axis',(1.,0.,0.));
#2250=DIRECTION('ref_axis',(0.,0.,1.));
#2251=DIRECTION('',(0.,0.,-1.));
#2252=DIRECTION('center_axis',(1.,0.,0.));
#2253=DIRECTION('ref_axis',(0.,0.,1.));
#2254=DIRECTION('',(0.,0.,-1.));
#2255=DIRECTION('',(0.,0.14142135623731,-0.989949493661167));
#2256=DIRECTION('center_axis',(0.,-1.,0.));
#2257=DIRECTION('ref_axis',(1.,0.,0.));
#2258=DIRECTION('',(0.,0.,1.));
#2259=DIRECTION('center_axis',(0.,1.,0.));
#2260=DIRECTION('ref_axis',(0.707106781186548,0.,0.707106781186547));
#2261=DIRECTION('',(1.,0.,0.));
#2262=DIRECTION('center_axis',(0.,1.,0.));
#2263=DIRECTION('ref_axis',(0.,0.,-1.));
#2264=DIRECTION('center_axis',(0.,1.,0.));
#2265=DIRECTION('ref_axis',(-1.,0.,0.));
#2266=DIRECTION('center_axis',(0.,1.,0.));
#2267=DIRECTION('ref_axis',(0.,0.,-1.));
#2268=DIRECTION('',(1.,0.,0.));
#2269=DIRECTION('center_axis',(0.,1.,0.));
#2270=DIRECTION('ref_axis',(0.707106781186548,0.,0.707106781186547));
#2271=DIRECTION('center_axis',(0.,1.,0.));
#2272=DIRECTION('ref_axis',(0.707106781186548,0.,0.707106781186547));
#2273=DIRECTION('',(0.,1.,0.));
#2274=DIRECTION('',(0.,-1.,0.));
#2275=DIRECTION('center_axis',(0.,0.,-1.));
#2276=DIRECTION('ref_axis',(1.,0.,0.));
#2277=DIRECTION('',(1.,0.,0.));
#2278=DIRECTION('',(0.,-1.,0.));
#2279=DIRECTION('center_axis',(0.,-1.,0.));
#2280=DIRECTION('ref_axis',(0.,0.,-1.));
#2281=DIRECTION('center_axis',(0.,1.,0.));
#2282=DIRECTION('ref_axis',(0.,0.,-1.));
#2283=DIRECTION('',(0.,1.,0.));
#2284=DIRECTION('center_axis',(0.,1.,0.));
#2285=DIRECTION('ref_axis',(1.83697019872103E-16,0.,-1.));
#2286=DIRECTION('center_axis',(0.,-1.,0.));
#2287=DIRECTION('ref_axis',(-1.,0.,0.));
#2288=DIRECTION('',(0.,-1.,0.));
#2289=DIRECTION('center_axis',(0.,1.,0.));
#2290=DIRECTION('ref_axis',(0.,0.,-1.));
#2291=DIRECTION('center_axis',(0.,1.,0.));
#2292=DIRECTION('ref_axis',(0.,0.,-1.));
#2293=DIRECTION('',(0.,1.,0.));
#2294=DIRECTION('center_axis',(-1.,0.,0.));
#2295=DIRECTION('ref_axis',(0.,0.,-1.));
#2296=DIRECTION('',(0.,0.,-1.));
#2297=DIRECTION('center_axis',(0.,0.989949493661167,0.14142135623731));
#2298=DIRECTION('ref_axis',(0.,-0.14142135623731,0.989949493661167));
#2299=DIRECTION('',(0.,0.14142135623731,-0.989949493661167));
#2300=DIRECTION('',(-1.,0.,0.));
#2301=DIRECTION('center_axis',(1.,0.,0.));
#2302=DIRECTION('ref_axis',(0.,0.,1.));
#2303=DIRECTION('',(0.,0.,-1.));
#2304=DIRECTION('center_axis',(0.,1.,0.));
#2305=DIRECTION('ref_axis',(-1.,0.,0.));
#2306=DIRECTION('',(-1.,0.,0.));
#2307=DIRECTION('center_axis',(0.,-1.,0.));
#2308=DIRECTION('ref_axis',(0.,0.,-1.));
#2309=DIRECTION('center_axis',(0.,-1.,0.));
#2310=DIRECTION('ref_axis',(1.,0.,0.));
#2311=DIRECTION('center_axis',(0.,-1.,0.));
#2312=DIRECTION('ref_axis',(0.,0.,-1.));
#2313=DIRECTION('',(-1.,0.,0.));
#2314=DIRECTION('center_axis',(0.,-1.,0.));
#2315=DIRECTION('ref_axis',(-0.707106781186548,0.,0.707106781186547));
#2316=DIRECTION('',(0.,0.,1.));
#2317=DIRECTION('center_axis',(0.,-1.,0.));
#2318=DIRECTION('ref_axis',(-0.707106781186548,0.,0.707106781186547));
#2319=DIRECTION('center_axis',(0.,1.,0.));
#2320=DIRECTION('ref_axis',(-0.707106781186548,0.,0.707106781186547));
#2321=DIRECTION('',(0.,-1.,0.));
#2322=DIRECTION('',(0.,1.,0.));
#2323=DIRECTION('center_axis',(0.,0.,1.));
#2324=DIRECTION('ref_axis',(-1.,0.,0.));
#2325=DIRECTION('',(0.,-1.,0.));
#2326=DIRECTION('',(1.,0.,0.));
#2327=DIRECTION('center_axis',(0.,1.,0.));
#2328=DIRECTION('ref_axis',(0.,0.,-1.));
#2329=DIRECTION('center_axis',(0.,1.,0.));
#2330=DIRECTION('ref_axis',(0.,0.,-1.));
#2331=DIRECTION('',(0.,1.,0.));
#2332=DIRECTION('center_axis',(0.,-1.,0.));
#2333=DIRECTION('ref_axis',(-1.83697019872103E-16,0.,-1.));
#2334=DIRECTION('',(0.,-1.,0.));
#2335=DIRECTION('center_axis',(0.,-1.,0.));
#2336=DIRECTION('ref_axis',(1.,0.,0.));
#2337=DIRECTION('center_axis',(0.,-1.,0.));
#2338=DIRECTION('ref_axis',(0.,0.,-1.));
#2339=DIRECTION('',(0.,1.,0.));
#2340=DIRECTION('center_axis',(0.,1.,0.));
#2341=DIRECTION('ref_axis',(0.,0.,-1.));
#2342=DIRECTION('center_axis',(0.,0.,1.));
#2343=DIRECTION('ref_axis',(-1.,0.,0.));
#2344=DIRECTION('',(1.,0.,0.));
#2345=DIRECTION('center_axis',(-1.,0.,0.));
#2346=DIRECTION('ref_axis',(0.,0.,-1.));
#2347=DIRECTION('',(0.,0.,1.));
#2348=DIRECTION('center_axis',(-1.,0.,-2.31676722327268E-16));
#2349=DIRECTION('ref_axis',(2.31676722327268E-16,0.,-1.));
#2350=DIRECTION('',(0.,-1.,0.));
#2351=DIRECTION('',(-5.19178076369528E-17,0.,1.));
#2352=DIRECTION('center_axis',(0.,-1.,0.));
#2353=DIRECTION('ref_axis',(8.18059070776431E-16,0.,1.));
#2354=DIRECTION('',(0.,-1.,0.));
#2355=DIRECTION('center_axis',(0.,-1.,0.));
#2356=DIRECTION('ref_axis',(-0.91578947368421,0.,-0.401658611122925));
#2357=DIRECTION('center_axis',(0.,1.,0.));
#2358=DIRECTION('ref_axis',(-1.,0.,0.));
#2359=DIRECTION('',(0.,0.,-1.));
#2360=DIRECTION('',(-1.,0.,0.));
#2361=DIRECTION('',(0.,0.,1.));
#2362=DIRECTION('',(1.,0.,0.));
#2363=DIRECTION('',(1.15838361163634E-16,0.,-1.));
#2364=DIRECTION('center_axis',(1.,0.,1.15838361163634E-16));
#2365=DIRECTION('ref_axis',(-1.15838361163634E-16,0.,1.));
#2366=DIRECTION('center_axis',(0.,0.,-1.));
#2367=DIRECTION('ref_axis',(1.,0.,0.));
#2368=DIRECTION('',(0.,-1.,0.));
#2369=DIRECTION('',(1.,0.,0.));
#2370=DIRECTION('',(0.,-1.,0.));
#2371=DIRECTION('center_axis',(-1.,0.,0.));
#2372=DIRECTION('ref_axis',(0.,0.,-1.));
#2373=DIRECTION('',(0.,0.,-1.));
#2374=DIRECTION('',(0.,-1.,0.));
#2375=DIRECTION('center_axis',(0.,0.,1.));
#2376=DIRECTION('ref_axis',(-1.,0.,0.));
#2377=DIRECTION('',(-1.,0.,0.));
#2378=DIRECTION('',(0.,-1.,0.));
#2379=DIRECTION('center_axis',(1.,0.,0.));
#2380=DIRECTION('ref_axis',(0.,0.,1.));
#2381=DIRECTION('',(0.,0.,1.));
#2382=DIRECTION('center_axis',(0.,1.,0.));
#2383=DIRECTION('ref_axis',(-1.,0.,0.));
#2384=DIRECTION('',(0.,0.,1.));
#2385=DIRECTION('',(1.,0.,0.));
#2386=CARTESIAN_POINT('',(0.,0.,0.));
#2387=CARTESIAN_POINT('',(0.,0.,0.));
#2388=CARTESIAN_POINT('Origin',(25.,32.3000007152564,-18.5999980032444));
#2389=CARTESIAN_POINT('',(19.5,32.3000007152564,-16.9999980032444));
#2390=CARTESIAN_POINT('Origin',(19.5,32.3000007152564,-18.5999980032444));
#2391=CARTESIAN_POINT('',(15.,32.3000007152564,-16.9999980032444));
#2392=CARTESIAN_POINT('',(25.,32.3000007152564,-16.9999980032444));
#2393=CARTESIAN_POINT('Origin',(15.,32.3000007152564,-18.5999980032444));
#2394=CARTESIAN_POINT('Origin',(15.,32.3000007152564,-18.5999980032444));
#2395=CARTESIAN_POINT('Origin',(-10.,32.2,-40.));
#2396=CARTESIAN_POINT('',(-8.4,32.2,-30.));
#2397=CARTESIAN_POINT('Origin',(-10.,32.2,-30.));
#2398=CARTESIAN_POINT('',(-8.4,32.2,-25.));
#2399=CARTESIAN_POINT('',(-8.40000000000001,32.2,-40.));
#2400=CARTESIAN_POINT('Origin',(-10.,32.2,-25.));
#2401=CARTESIAN_POINT('Origin',(-10.,32.2,-25.));
#2402=CARTESIAN_POINT('Origin',(9.99999999999996,32.2,-40.));
#2403=CARTESIAN_POINT('',(11.6,32.2,-30.));
#2404=CARTESIAN_POINT('Origin',(9.99999999999997,32.2,-30.));
#2405=CARTESIAN_POINT('',(11.6,32.2,-25.));
#2406=CARTESIAN_POINT('',(11.6,32.2,-40.));
#2407=CARTESIAN_POINT('Origin',(9.99999999999997,32.2,-25.));
#2408=CARTESIAN_POINT('Origin',(9.99999999999997,32.2,-25.));
#2409=CARTESIAN_POINT('Origin',(-25.,32.3000007152564,-18.5999980032444));
#2410=CARTESIAN_POINT('',(-19.5,32.3000007152564,-20.1999980032444));
#2411=CARTESIAN_POINT('Origin',(-19.5,32.3000007152564,-18.5999980032444));
#2412=CARTESIAN_POINT('',(-15.,32.3000007152564,-20.1999980032444));
#2413=CARTESIAN_POINT('',(-25.,32.3000007152564,-20.1999980032444));
#2414=CARTESIAN_POINT('Origin',(-15.,32.3000007152564,-18.5999980032444));
#2415=CARTESIAN_POINT('Origin',(-15.,32.3000007152564,-18.5999980032444));
#2416=CARTESIAN_POINT('Origin',(-14.5,36.7,25.));
#2417=CARTESIAN_POINT('',(-14.5,37.3,22.2));
#2418=CARTESIAN_POINT('Origin',(-14.5,37.3,25.));
#2419=CARTESIAN_POINT('',(-14.5,36.1,23.4));
#2420=CARTESIAN_POINT('',(-14.5,36.7,22.8));
#2421=CARTESIAN_POINT('',(-12.9,36.1,25.));
#2422=CARTESIAN_POINT('Origin',(-14.5,36.1,25.));
#2423=CARTESIAN_POINT('Origin',(-14.5,36.1,25.));
#2424=CARTESIAN_POINT('Origin',(14.5,36.7,-25.));
#2425=CARTESIAN_POINT('',(14.5,37.3,-27.8));
#2426=CARTESIAN_POINT('Origin',(14.5,37.3,-25.));
#2427=CARTESIAN_POINT('',(14.5,36.1,-26.6));
#2428=CARTESIAN_POINT('',(14.5,36.7,-27.2));
#2429=CARTESIAN_POINT('',(16.1,36.1,-25.));
#2430=CARTESIAN_POINT('Origin',(14.5,36.1,-25.));
#2431=CARTESIAN_POINT('Origin',(14.5,36.1,-25.));
#2432=CARTESIAN_POINT('Origin',(-14.5,36.7,-25.));
#2433=CARTESIAN_POINT('',(-14.5,37.3,-27.8));
#2434=CARTESIAN_POINT('Origin',(-14.5,37.3,-25.));
#2435=CARTESIAN_POINT('',(-14.5,36.1,-26.6));
#2436=CARTESIAN_POINT('',(-14.5,36.7,-27.2));
#2437=CARTESIAN_POINT('',(-12.9,36.1,-25.));
#2438=CARTESIAN_POINT('Origin',(-14.5,36.1,-25.));
#2439=CARTESIAN_POINT('Origin',(-14.5,36.1,-25.));
#2440=CARTESIAN_POINT('Origin',(14.5,36.7,25.));
#2441=CARTESIAN_POINT('',(14.5,37.3,22.2));
#2442=CARTESIAN_POINT('Origin',(14.5,37.3,25.));
#2443=CARTESIAN_POINT('',(14.5,36.1,23.4));
#2444=CARTESIAN_POINT('',(14.5,36.7,22.8));
#2445=CARTESIAN_POINT('',(16.1,36.1,25.));
#2446=CARTESIAN_POINT('Origin',(14.5,36.1,25.));
#2447=CARTESIAN_POINT('Origin',(14.5,36.1,25.));
#2448=CARTESIAN_POINT('Origin',(14.5,37.3,25.));
#2449=CARTESIAN_POINT('',(16.1,27.3,25.));
#2450=CARTESIAN_POINT('',(16.1,37.3,25.));
#2451=CARTESIAN_POINT('Origin',(14.5,27.3,25.));
#2452=CARTESIAN_POINT('Origin',(14.5,37.3,-25.));
#2453=CARTESIAN_POINT('',(16.1,27.3,-25.));
#2454=CARTESIAN_POINT('',(16.1,37.3,-25.));
#2455=CARTESIAN_POINT('Origin',(14.5,27.3,-25.));
#2456=CARTESIAN_POINT('Origin',(-14.5,37.3,25.));
#2457=CARTESIAN_POINT('',(-12.9,27.3,25.));
#2458=CARTESIAN_POINT('',(-12.9,37.3,25.));
#2459=CARTESIAN_POINT('Origin',(-14.5,27.3,25.));
#2460=CARTESIAN_POINT('Origin',(-14.5,37.3,-25.));
#2461=CARTESIAN_POINT('',(-12.9,27.3,-25.));
#2462=CARTESIAN_POINT('',(-12.9,37.3,-25.));
#2463=CARTESIAN_POINT('Origin',(-14.5,27.3,-25.));
#2464=CARTESIAN_POINT('Origin',(8.7,35.8,-15.));
#2465=CARTESIAN_POINT('',(-7.7,37.3,-15.));
#2466=CARTESIAN_POINT('',(-4.11939012476362,37.3,-15.));
#2467=CARTESIAN_POINT('',(4.35,37.3,-15.));
#2468=CARTESIAN_POINT('',(-7.7,35.8,-15.));
#2469=CARTESIAN_POINT('',(-7.7,35.8,-15.));
#2470=CARTESIAN_POINT('',(-4.25,35.8,-15.));
#2471=CARTESIAN_POINT('',(4.35,35.8,-15.));
#2472=CARTESIAN_POINT('',(-4.25,37.2,-15.));
#2473=CARTESIAN_POINT('',(-4.25,35.8,-15.));
#2474=CARTESIAN_POINT('Ctrl Pts',(-4.11939012476362,37.3,-15.));
#2475=CARTESIAN_POINT('Ctrl Pts',(-4.13697981818342,37.3,-15.));
#2476=CARTESIAN_POINT('Ctrl Pts',(-4.15781737446311,37.296634233918,-15.));
#2477=CARTESIAN_POINT('Ctrl Pts',(-4.18883008735189,37.2856686515944,-15.));
#2478=CARTESIAN_POINT('Ctrl Pts',(-4.20494534775756,37.2768601758896,-15.));
#2479=CARTESIAN_POINT('Ctrl Pts',(-4.22647272962629,37.2585056320497,-15.));
#2480=CARTESIAN_POINT('Ctrl Pts',(-4.23630180926775,37.2464143243576,-15.));
#2481=CARTESIAN_POINT('Ctrl Pts',(-4.24682941467939,37.2245144322273,-15.));
#2482=CARTESIAN_POINT('Ctrl Pts',(-4.25,37.2113135680939,-15.));
#2483=CARTESIAN_POINT('Ctrl Pts',(-4.25,37.2,-15.));
#2484=CARTESIAN_POINT('Origin',(8.7,35.8,-15.));
#2485=CARTESIAN_POINT('',(4.11939012476362,37.3,-15.));
#2486=CARTESIAN_POINT('',(7.7,37.3,-15.));
#2487=CARTESIAN_POINT('',(4.35,37.3,-15.));
#2488=CARTESIAN_POINT('',(4.25,37.2,-15.));
#2489=CARTESIAN_POINT('Ctrl Pts',(4.25,37.2,-15.));
#2490=CARTESIAN_POINT('Ctrl Pts',(4.25,37.2113135680939,-15.));
#2491=CARTESIAN_POINT('Ctrl Pts',(4.24682941467939,37.2245144322273,-15.));
#2492=CARTESIAN_POINT('Ctrl Pts',(4.23630180926775,37.2464143243576,-15.));
#2493=CARTESIAN_POINT('Ctrl Pts',(4.22647272962629,37.2585056320497,-15.));
#2494=CARTESIAN_POINT('Ctrl Pts',(4.20494534775756,37.2768601758896,-15.));
#2495=CARTESIAN_POINT('Ctrl Pts',(4.18883008735189,37.2856686515944,-15.));
#2496=CARTESIAN_POINT('Ctrl Pts',(4.15781737446311,37.296634233918,-15.));
#2497=CARTESIAN_POINT('Ctrl Pts',(4.13697981818342,37.3,-15.));
#2498=CARTESIAN_POINT('Ctrl Pts',(4.11939012476362,37.3,-15.));
#2499=CARTESIAN_POINT('',(4.25,35.8,-15.));
#2500=CARTESIAN_POINT('',(4.25,35.8,-15.));
#2501=CARTESIAN_POINT('',(7.7,35.8,-15.));
#2502=CARTESIAN_POINT('',(4.35,35.8,-15.));
#2503=CARTESIAN_POINT('',(7.7,35.8,-15.));
#2504=CARTESIAN_POINT('Origin',(7.7,35.8,-14.));
#2505=CARTESIAN_POINT('',(8.7,37.3,-14.));
#2506=CARTESIAN_POINT('Origin',(7.7,37.3,-14.));
#2507=CARTESIAN_POINT('',(8.7,35.8,-14.));
#2508=CARTESIAN_POINT('Origin',(7.7,35.8,-14.));
#2509=CARTESIAN_POINT('',(8.7,35.8,-14.));
#2510=CARTESIAN_POINT('Origin',(-8.5,35.5,19.7));
#2511=CARTESIAN_POINT('',(8.5,35.5,19.7));
#2512=CARTESIAN_POINT('',(-8.5,35.5,19.7));
#2513=CARTESIAN_POINT('',(-4.25,35.5,19.7));
#2514=CARTESIAN_POINT('',(-8.5,35.8,19.7));
#2515=CARTESIAN_POINT('',(-8.5,35.5,19.7));
#2516=CARTESIAN_POINT('',(1.11022302462516E-15,35.8,19.7));
#2517=CARTESIAN_POINT('',(-8.5,35.8,19.7));
#2518=CARTESIAN_POINT('',(8.5,35.8,19.7));
#2519=CARTESIAN_POINT('',(-8.5,35.8,19.7));
#2520=CARTESIAN_POINT('',(8.5,35.5,19.7));
#2521=CARTESIAN_POINT('Origin',(-8.5,3.,-19.));
#2522=CARTESIAN_POINT('',(-8.5,27.3,-20.));
#2523=CARTESIAN_POINT('',(-9.5,27.3,-19.));
#2524=CARTESIAN_POINT('Origin',(-8.5,27.3,-19.));
#2525=CARTESIAN_POINT('',(-8.5,29.3,-20.));
#2526=CARTESIAN_POINT('',(-8.5,3.,-20.));
#2527=CARTESIAN_POINT('',(-8.5,35.5,-20.));
#2528=CARTESIAN_POINT('',(-8.5,3.,-20.));
#2529=CARTESIAN_POINT('',(-9.5,35.5,-19.));
#2530=CARTESIAN_POINT('Origin',(-8.5,35.5,-19.));
#2531=CARTESIAN_POINT('',(-9.5,3.,-19.));
#2532=CARTESIAN_POINT('Origin',(9.5,3.,20.));
#2533=CARTESIAN_POINT('',(9.5,27.3,19.));
#2534=CARTESIAN_POINT('',(9.5,27.3,-19.));
#2535=CARTESIAN_POINT('',(9.5,27.3,10.));
#2536=CARTESIAN_POINT('',(9.5,35.5,19.));
#2537=CARTESIAN_POINT('',(9.5,3.,19.));
#2538=CARTESIAN_POINT('',(9.5,35.5,10.2));
#2539=CARTESIAN_POINT('',(9.5,35.5,20.));
#2540=CARTESIAN_POINT('',(9.5,35.5,-19.));
#2541=CARTESIAN_POINT('',(9.5,35.5,20.));
#2542=CARTESIAN_POINT('',(9.5,3.,-19.));
#2543=CARTESIAN_POINT('Origin',(-9.5,3.,-20.));
#2544=CARTESIAN_POINT('',(-9.5,27.3,19.));
#2545=CARTESIAN_POINT('',(-9.5,27.3,-10.));
#2546=CARTESIAN_POINT('',(-9.5,35.5,10.2));
#2547=CARTESIAN_POINT('',(-9.5,35.5,-20.));
#2548=CARTESIAN_POINT('',(-9.5,35.5,19.));
#2549=CARTESIAN_POINT('',(-9.5,35.5,-20.));
#2550=CARTESIAN_POINT('',(-9.5,3.,19.));
#2551=CARTESIAN_POINT('Origin',(-8.5,3.,19.));
#2552=CARTESIAN_POINT('',(-8.5,27.3,20.));
#2553=CARTESIAN_POINT('Origin',(-8.5,27.3,19.));
#2554=CARTESIAN_POINT('',(-8.5,35.5,20.));
#2555=CARTESIAN_POINT('Origin',(-8.5,35.5,19.));
#2556=CARTESIAN_POINT('',(-8.5,29.3,20.));
#2557=CARTESIAN_POINT('',(-8.5,3.,20.));
#2558=CARTESIAN_POINT('',(-8.5,3.,20.));
#2559=CARTESIAN_POINT('Origin',(-9.5,3.,20.));
#2560=CARTESIAN_POINT('',(-0.5,29.3,20.));
#2561=CARTESIAN_POINT('',(-6.875,29.3,20.));
#2562=CARTESIAN_POINT('',(8.5,35.5,20.));
#2563=CARTESIAN_POINT('',(-9.5,35.5,20.));
#2564=CARTESIAN_POINT('',(8.5,29.3,20.));
#2565=CARTESIAN_POINT('',(8.5,3.,20.));
#2566=CARTESIAN_POINT('',(0.5,29.3,20.));
#2567=CARTESIAN_POINT('',(6.875,29.3,20.));
#2568=CARTESIAN_POINT('',(0.5,30.3,20.));
#2569=CARTESIAN_POINT('',(0.5,16.4,20.));
#2570=CARTESIAN_POINT('',(-0.5,30.3,20.));
#2571=CARTESIAN_POINT('',(-5.,30.3,20.));
#2572=CARTESIAN_POINT('',(-0.5,16.4,20.));
#2573=CARTESIAN_POINT('Origin',(9.5,3.,-20.));
#2574=CARTESIAN_POINT('',(8.5,29.3,-20.));
#2575=CARTESIAN_POINT('',(0.5,29.3,-20.));
#2576=CARTESIAN_POINT('',(6.875,29.3,-20.));
#2577=CARTESIAN_POINT('',(8.5,35.5,-20.));
#2578=CARTESIAN_POINT('',(8.5,3.,-20.));
#2579=CARTESIAN_POINT('',(9.5,35.5,-20.));
#2580=CARTESIAN_POINT('',(-0.5,29.3,-20.));
#2581=CARTESIAN_POINT('',(-6.875,29.3,-20.));
#2582=CARTESIAN_POINT('',(-0.5,30.3,-20.));
#2583=CARTESIAN_POINT('',(-0.5,16.4,-20.));
#2584=CARTESIAN_POINT('',(0.5,30.3,-20.));
#2585=CARTESIAN_POINT('',(5.,30.3,-20.));
#2586=CARTESIAN_POINT('',(0.5,16.4,-20.));
#2587=CARTESIAN_POINT('Origin',(0.,35.5,0.));
#2588=CARTESIAN_POINT('',(-9.2,35.5,7.83145614353459));
#2589=CARTESIAN_POINT('Origin',(0.,35.5,10.2));
#2590=CARTESIAN_POINT('Origin',(8.5,35.5,-19.));
#2591=CARTESIAN_POINT('',(9.2,35.5,7.83145614353459));
#2592=CARTESIAN_POINT('Origin',(0.,35.5,10.2));
#2593=CARTESIAN_POINT('',(9.2,35.5,-19.));
#2594=CARTESIAN_POINT('',(9.2,35.5,9.5));
#2595=CARTESIAN_POINT('',(8.5,35.5,-19.7));
#2596=CARTESIAN_POINT('Origin',(8.5,35.5,-19.));
#2597=CARTESIAN_POINT('',(-8.5,35.5,-19.7));
#2598=CARTESIAN_POINT('',(4.25,35.5,-19.7));
#2599=CARTESIAN_POINT('',(-9.2,35.5,-19.));
#2600=CARTESIAN_POINT('Origin',(-8.5,35.5,-19.));
#2601=CARTESIAN_POINT('',(-9.2,35.5,-9.5));
#2602=CARTESIAN_POINT('Origin',(8.5,3.,19.));
#2603=CARTESIAN_POINT('',(8.5,27.3,20.));
#2604=CARTESIAN_POINT('Origin',(8.5,27.3,19.));
#2605=CARTESIAN_POINT('',(8.5,3.,20.));
#2606=CARTESIAN_POINT('Origin',(8.5,35.5,19.));
#2607=CARTESIAN_POINT('Origin',(8.5,3.,-19.));
#2608=CARTESIAN_POINT('',(8.5,27.3,-20.));
#2609=CARTESIAN_POINT('Origin',(8.5,27.3,-19.));
#2610=CARTESIAN_POINT('',(8.5,3.,-20.));
#2611=CARTESIAN_POINT('Origin',(-8.5,35.5,19.));
#2612=CARTESIAN_POINT('',(-9.2,35.5,19.));
#2613=CARTESIAN_POINT('Origin',(-8.5,35.5,19.));
#2614=CARTESIAN_POINT('',(-9.2,35.8,19.));
#2615=CARTESIAN_POINT('',(-9.2,35.5,19.));
#2616=CARTESIAN_POINT('Origin',(-8.5,35.8,19.));
#2617=CARTESIAN_POINT('Origin',(8.5,35.5,19.));
#2618=CARTESIAN_POINT('',(9.2,35.5,19.));
#2619=CARTESIAN_POINT('Origin',(8.5,35.5,19.));
#2620=CARTESIAN_POINT('',(9.2,35.8,19.));
#2621=CARTESIAN_POINT('Origin',(8.5,35.8,19.));
#2622=CARTESIAN_POINT('',(9.2,35.5,19.));
#2623=CARTESIAN_POINT('Origin',(8.5,35.5,-19.));
#2624=CARTESIAN_POINT('',(9.2,35.8,-19.));
#2625=CARTESIAN_POINT('',(9.2,35.5,-19.));
#2626=CARTESIAN_POINT('',(8.5,35.8,-19.7));
#2627=CARTESIAN_POINT('Origin',(8.5,35.8,-19.));
#2628=CARTESIAN_POINT('',(8.5,35.5,-19.7));
#2629=CARTESIAN_POINT('Origin',(8.5,35.5,-19.7));
#2630=CARTESIAN_POINT('',(-8.5,35.8,-19.7));
#2631=CARTESIAN_POINT('',(8.5,35.8,-19.7));
#2632=CARTESIAN_POINT('',(-8.5,35.5,-19.7));
#2633=CARTESIAN_POINT('Origin',(-8.5,35.5,-19.));
#2634=CARTESIAN_POINT('',(-9.2,35.8,-19.));
#2635=CARTESIAN_POINT('Origin',(-8.5,35.8,-19.));
#2636=CARTESIAN_POINT('',(-9.2,35.5,-19.));
#2637=CARTESIAN_POINT('Origin',(0.,35.8,0.));
#2638=CARTESIAN_POINT('',(-9.2,35.8,12.5685438564654));
#2639=CARTESIAN_POINT('Origin',(0.,35.8,10.2));
#2640=CARTESIAN_POINT('',(-9.2,35.8,-19.));
#2641=CARTESIAN_POINT('Origin',(0.,35.8,0.));
#2642=CARTESIAN_POINT('',(9.2,35.8,12.5685438564654));
#2643=CARTESIAN_POINT('Origin',(0.,35.8,10.2));
#2644=CARTESIAN_POINT('',(9.2,35.8,19.));
#2645=CARTESIAN_POINT('Origin',(0.,35.5,0.));
#2646=CARTESIAN_POINT('',(-9.2,35.5,12.5685438564654));
#2647=CARTESIAN_POINT('Origin',(0.,35.5,10.2));
#2648=CARTESIAN_POINT('',(-9.2,35.5,-9.5));
#2649=CARTESIAN_POINT('',(9.2,35.5,12.5685438564654));
#2650=CARTESIAN_POINT('',(9.2,35.5,9.5));
#2651=CARTESIAN_POINT('Origin',(0.,35.5,10.2));
#2652=CARTESIAN_POINT('Origin',(9.2,35.5,19.));
#2653=CARTESIAN_POINT('',(9.2,35.8,7.83145614353459));
#2654=CARTESIAN_POINT('',(9.2,37.3,7.83145614353459));
#2655=CARTESIAN_POINT('',(9.2,35.8,19.));
#2656=CARTESIAN_POINT('Origin',(9.2,35.5,19.));
#2657=CARTESIAN_POINT('',(9.2,37.3,12.5685438564654));
#2658=CARTESIAN_POINT('Origin',(-9.2,35.5,-19.));
#2659=CARTESIAN_POINT('',(-9.2,35.8,7.83145614353459));
#2660=CARTESIAN_POINT('',(-9.2,37.3,7.83145614353459));
#2661=CARTESIAN_POINT('',(-9.2,35.8,-19.));
#2662=CARTESIAN_POINT('Origin',(-9.2,35.5,-19.));
#2663=CARTESIAN_POINT('',(-9.2,37.3,12.5685438564654));
#2664=CARTESIAN_POINT('Origin',(-7.7,35.8,-14.));
#2665=CARTESIAN_POINT('',(-8.7,37.3,-14.));
#2666=CARTESIAN_POINT('Origin',(-7.7,37.3,-14.));
#2667=CARTESIAN_POINT('',(-8.7,35.8,-14.));
#2668=CARTESIAN_POINT('',(-8.7,35.8,-14.));
#2669=CARTESIAN_POINT('Origin',(-7.7,35.8,-14.));
#2670=CARTESIAN_POINT('Origin',(0.,35.8,0.));
#2671=CARTESIAN_POINT('Origin',(4.20676359340495E-16,35.8,-11.4843750000001));
#2672=CARTESIAN_POINT('',(-8.7,35.8,6.38424319433221));
#2673=CARTESIAN_POINT('',(-8.7,35.8,-1.6));
#2674=CARTESIAN_POINT('Origin',(0.,35.8,10.2));
#2675=CARTESIAN_POINT('',(8.7,35.8,6.3842431943322));
#2676=CARTESIAN_POINT('Origin',(0.,35.8,10.2));
#2677=CARTESIAN_POINT('',(8.69999999999999,35.8,3.1921215971661));
#2678=CARTESIAN_POINT('Origin',(4.20676359340495E-16,35.8,-11.4843750000001));
#2679=CARTESIAN_POINT('Origin',(4.20676359340495E-16,37.2,-11.4843750000001));
#2680=CARTESIAN_POINT('Origin',(4.20676359340495E-16,37.2,-11.4843750000001));
#2681=CARTESIAN_POINT('Origin',(4.20676359340495E-16,37.3,-11.4843750000001));
#2682=CARTESIAN_POINT('Origin',(-0.5,29.8,-23.5));
#2683=CARTESIAN_POINT('',(-0.5,29.3,-27.));
#2684=CARTESIAN_POINT('',(-0.5,29.3,-23.5));
#2685=CARTESIAN_POINT('',(-0.5,29.3,-27.));
#2686=CARTESIAN_POINT('Origin',(-4.25,29.3,-23.5));
#2687=CARTESIAN_POINT('',(-8.5,29.3,-26.));
#2688=CARTESIAN_POINT('',(-8.5,29.3,-20.));
#2689=CARTESIAN_POINT('',(-7.5,29.3,-27.));
#2690=CARTESIAN_POINT('Origin',(-7.5,29.3,-26.));
#2691=CARTESIAN_POINT('',(-6.48606797749979,29.3,-27.));
#2692=CARTESIAN_POINT('',(0.,29.3,-27.));
#2693=CARTESIAN_POINT('',(-5.74071198499986,29.3,-25.3333333333333));
#2694=CARTESIAN_POINT('Origin',(-6.48606797749979,29.3,-26.));
#2695=CARTESIAN_POINT('',(-2.75928801500014,29.3,-25.3333333333333));
#2696=CARTESIAN_POINT('Origin',(-4.25,29.3,-24.));
#2697=CARTESIAN_POINT('',(-2.01393202250021,29.3,-27.));
#2698=CARTESIAN_POINT('Origin',(-2.01393202250021,29.3,-26.));
#2699=CARTESIAN_POINT('',(0.,29.3,-27.));
#2700=CARTESIAN_POINT('Origin',(-7.5,29.3,-26.));
#2701=CARTESIAN_POINT('',(-7.5,27.3,-27.));
#2702=CARTESIAN_POINT('',(-8.5,27.3,-26.));
#2703=CARTESIAN_POINT('Origin',(-7.5,27.3,-26.));
#2704=CARTESIAN_POINT('',(-7.5,29.3,-27.));
#2705=CARTESIAN_POINT('',(-8.5,29.3,-26.));
#2706=CARTESIAN_POINT('Origin',(0.,29.3,-27.));
#2707=CARTESIAN_POINT('',(-6.48606797749979,27.3,-27.));
#2708=CARTESIAN_POINT('',(0.,27.3,-27.));
#2709=CARTESIAN_POINT('',(-6.48606797749979,29.3,-27.));
#2710=CARTESIAN_POINT('Origin',(-6.48606797749979,29.3,-26.));
#2711=CARTESIAN_POINT('',(-5.74071198499986,27.3,-25.3333333333333));
#2712=CARTESIAN_POINT('Origin',(-6.48606797749979,27.3,-26.));
#2713=CARTESIAN_POINT('',(-5.74071198499986,29.3,-25.3333333333333));
#2714=CARTESIAN_POINT('Origin',(-4.25,29.3,-24.));
#2715=CARTESIAN_POINT('',(-2.75928801500014,27.3,-25.3333333333333));
#2716=CARTESIAN_POINT('Origin',(-4.25,27.3,-24.));
#2717=CARTESIAN_POINT('',(-2.75928801500014,29.3,-25.3333333333333));
#2718=CARTESIAN_POINT('Origin',(-2.01393202250021,29.3,-26.));
#2719=CARTESIAN_POINT('',(-2.01393202250021,27.3,-27.));
#2720=CARTESIAN_POINT('Origin',(-2.01393202250021,27.3,-26.));
#2721=CARTESIAN_POINT('',(-2.01393202250021,29.3,-27.));
#2722=CARTESIAN_POINT('Origin',(-8.5,29.3,-27.));
#2723=CARTESIAN_POINT('',(-8.5,27.3,-13.5));
#2724=CARTESIAN_POINT('Origin',(0.5,30.3,-20.));
#2725=CARTESIAN_POINT('',(0.5,29.3,-27.));
#2726=CARTESIAN_POINT('',(0.5,29.3,-27.));
#2727=CARTESIAN_POINT('',(0.,29.3,-27.));
#2728=CARTESIAN_POINT('Origin',(0.5,29.8,-23.5));
#2729=CARTESIAN_POINT('',(0.5,29.3,-23.5));
#2730=CARTESIAN_POINT('Origin',(4.25,29.3,-23.5));
#2731=CARTESIAN_POINT('',(2.01393202250021,29.3,-27.));
#2732=CARTESIAN_POINT('',(0.,29.3,-27.));
#2733=CARTESIAN_POINT('',(2.75928801500014,29.3,-25.3333333333333));
#2734=CARTESIAN_POINT('Origin',(2.01393202250021,29.3,-26.));
#2735=CARTESIAN_POINT('',(5.74071198499986,29.3,-25.3333333333333));
#2736=CARTESIAN_POINT('Origin',(4.25,29.3,-24.));
#2737=CARTESIAN_POINT('',(6.48606797749979,29.3,-27.));
#2738=CARTESIAN_POINT('Origin',(6.48606797749979,29.3,-26.));
#2739=CARTESIAN_POINT('',(7.5,29.3,-27.));
#2740=CARTESIAN_POINT('',(0.,29.3,-27.));
#2741=CARTESIAN_POINT('',(8.5,29.3,-26.));
#2742=CARTESIAN_POINT('Origin',(7.5,29.3,-26.));
#2743=CARTESIAN_POINT('',(8.5,29.3,-20.));
#2744=CARTESIAN_POINT('Origin',(7.5,29.3,-26.));
#2745=CARTESIAN_POINT('',(8.5,27.3,-26.));
#2746=CARTESIAN_POINT('',(7.5,27.3,-27.));
#2747=CARTESIAN_POINT('Origin',(7.5,27.3,-26.));
#2748=CARTESIAN_POINT('',(8.5,29.3,-26.));
#2749=CARTESIAN_POINT('',(7.5,29.3,-27.));
#2750=CARTESIAN_POINT('Origin',(0.,29.3,-27.));
#2751=CARTESIAN_POINT('',(6.48606797749979,27.3,-27.));
#2752=CARTESIAN_POINT('',(6.48606797749979,29.3,-27.));
#2753=CARTESIAN_POINT('',(0.,27.3,-27.));
#2754=CARTESIAN_POINT('Origin',(6.48606797749979,29.3,-26.));
#2755=CARTESIAN_POINT('',(5.74071198499986,27.3,-25.3333333333333));
#2756=CARTESIAN_POINT('Origin',(6.48606797749979,27.3,-26.));
#2757=CARTESIAN_POINT('',(5.74071198499986,29.3,-25.3333333333333));
#2758=CARTESIAN_POINT('Origin',(4.25,29.3,-24.));
#2759=CARTESIAN_POINT('',(2.75928801500014,27.3,-25.3333333333333));
#2760=CARTESIAN_POINT('',(2.75928801500014,29.3,-25.3333333333333));
#2761=CARTESIAN_POINT('Origin',(4.25,27.3,-24.));
#2762=CARTESIAN_POINT('Origin',(2.01393202250021,29.3,-26.));
#2763=CARTESIAN_POINT('',(2.01393202250021,27.3,-27.));
#2764=CARTESIAN_POINT('',(2.01393202250021,29.3,-27.));
#2765=CARTESIAN_POINT('Origin',(2.01393202250021,27.3,-26.));
#2766=CARTESIAN_POINT('Origin',(0.,29.3,-27.));
#2767=CARTESIAN_POINT('',(0.,27.3,-27.));
#2768=CARTESIAN_POINT('Origin',(8.5,29.3,-27.));
#2769=CARTESIAN_POINT('',(8.5,27.3,-13.5));
#2770=CARTESIAN_POINT('Origin',(0.5,29.8,23.5));
#2771=CARTESIAN_POINT('',(0.5,29.3,27.));
#2772=CARTESIAN_POINT('',(0.5,29.3,23.5));
#2773=CARTESIAN_POINT('',(0.5,29.3,27.));
#2774=CARTESIAN_POINT('Origin',(4.25,29.3,23.5));
#2775=CARTESIAN_POINT('',(8.5,29.3,26.));
#2776=CARTESIAN_POINT('',(8.5,29.3,20.));
#2777=CARTESIAN_POINT('',(7.5,29.3,27.));
#2778=CARTESIAN_POINT('Origin',(7.5,29.3,26.));
#2779=CARTESIAN_POINT('',(6.48606797749979,29.3,27.));
#2780=CARTESIAN_POINT('',(0.,29.3,27.));
#2781=CARTESIAN_POINT('',(5.74071198499986,29.3,25.3333333333333));
#2782=CARTESIAN_POINT('Origin',(6.48606797749979,29.3,26.));
#2783=CARTESIAN_POINT('',(2.75928801500014,29.3,25.3333333333333));
#2784=CARTESIAN_POINT('Origin',(4.25,29.3,24.));
#2785=CARTESIAN_POINT('',(2.01393202250021,29.3,27.));
#2786=CARTESIAN_POINT('Origin',(2.01393202250021,29.3,26.));
#2787=CARTESIAN_POINT('',(0.,29.3,27.));
#2788=CARTESIAN_POINT('Origin',(7.5,29.3,26.));
#2789=CARTESIAN_POINT('',(7.5,27.3,27.));
#2790=CARTESIAN_POINT('',(8.5,27.3,26.));
#2791=CARTESIAN_POINT('Origin',(7.5,27.3,26.));
#2792=CARTESIAN_POINT('',(7.5,29.3,27.));
#2793=CARTESIAN_POINT('',(8.5,29.3,26.));
#2794=CARTESIAN_POINT('Origin',(0.,29.3,27.));
#2795=CARTESIAN_POINT('',(6.48606797749979,27.3,27.));
#2796=CARTESIAN_POINT('',(0.,27.3,27.));
#2797=CARTESIAN_POINT('',(6.48606797749979,29.3,27.));
#2798=CARTESIAN_POINT('Origin',(6.48606797749979,29.3,26.));
#2799=CARTESIAN_POINT('',(5.74071198499986,27.3,25.3333333333333));
#2800=CARTESIAN_POINT('Origin',(6.48606797749979,27.3,26.));
#2801=CARTESIAN_POINT('',(5.74071198499986,29.3,25.3333333333333));
#2802=CARTESIAN_POINT('Origin',(4.25,29.3,24.));
#2803=CARTESIAN_POINT('',(2.75928801500014,27.3,25.3333333333333));
#2804=CARTESIAN_POINT('Origin',(4.25,27.3,24.));
#2805=CARTESIAN_POINT('',(2.75928801500014,29.3,25.3333333333333));
#2806=CARTESIAN_POINT('Origin',(2.01393202250021,29.3,26.));
#2807=CARTESIAN_POINT('',(2.01393202250021,27.3,27.));
#2808=CARTESIAN_POINT('Origin',(2.01393202250021,27.3,26.));
#2809=CARTESIAN_POINT('',(2.01393202250021,29.3,27.));
#2810=CARTESIAN_POINT('Origin',(8.5,29.3,27.));
#2811=CARTESIAN_POINT('',(8.5,27.3,13.5));
#2812=CARTESIAN_POINT('Origin',(-0.5,30.3,20.));
#2813=CARTESIAN_POINT('',(-0.5,29.3,27.));
#2814=CARTESIAN_POINT('',(-0.5,29.3,27.));
#2815=CARTESIAN_POINT('',(0.,29.3,27.));
#2816=CARTESIAN_POINT('Origin',(-0.5,29.8,23.5));
#2817=CARTESIAN_POINT('',(-0.5,29.3,23.5));
#2818=CARTESIAN_POINT('Origin',(-4.25,29.3,23.5));
#2819=CARTESIAN_POINT('',(-2.01393202250021,29.3,27.));
#2820=CARTESIAN_POINT('',(0.,29.3,27.));
#2821=CARTESIAN_POINT('',(-2.75928801500014,29.3,25.3333333333333));
#2822=CARTESIAN_POINT('Origin',(-2.01393202250021,29.3,26.));
#2823=CARTESIAN_POINT('',(-5.74071198499986,29.3,25.3333333333333));
#2824=CARTESIAN_POINT('Origin',(-4.25,29.3,24.));
#2825=CARTESIAN_POINT('',(-6.48606797749979,29.3,27.));
#2826=CARTESIAN_POINT('Origin',(-6.48606797749979,29.3,26.));
#2827=CARTESIAN_POINT('',(-7.5,29.3,27.));
#2828=CARTESIAN_POINT('',(0.,29.3,27.));
#2829=CARTESIAN_POINT('',(-8.5,29.3,26.));
#2830=CARTESIAN_POINT('Origin',(-7.5,29.3,26.));
#2831=CARTESIAN_POINT('',(-8.5,29.3,20.));
#2832=CARTESIAN_POINT('Origin',(-7.5,29.3,26.));
#2833=CARTESIAN_POINT('',(-8.5,27.3,26.));
#2834=CARTESIAN_POINT('',(-7.5,27.3,27.));
#2835=CARTESIAN_POINT('Origin',(-7.5,27.3,26.));
#2836=CARTESIAN_POINT('',(-8.5,29.3,26.));
#2837=CARTESIAN_POINT('',(-7.5,29.3,27.));
#2838=CARTESIAN_POINT('Origin',(0.,29.3,27.));
#2839=CARTESIAN_POINT('',(-6.48606797749979,27.3,27.));
#2840=CARTESIAN_POINT('',(-6.48606797749979,29.3,27.));
#2841=CARTESIAN_POINT('',(0.,27.3,27.));
#2842=CARTESIAN_POINT('Origin',(-6.48606797749979,29.3,26.));
#2843=CARTESIAN_POINT('',(-5.74071198499986,27.3,25.3333333333333));
#2844=CARTESIAN_POINT('Origin',(-6.48606797749979,27.3,26.));
#2845=CARTESIAN_POINT('',(-5.74071198499986,29.3,25.3333333333333));
#2846=CARTESIAN_POINT('Origin',(-4.25,29.3,24.));
#2847=CARTESIAN_POINT('',(-2.75928801500014,27.3,25.3333333333333));
#2848=CARTESIAN_POINT('',(-2.75928801500014,29.3,25.3333333333333));
#2849=CARTESIAN_POINT('Origin',(-4.25,27.3,24.));
#2850=CARTESIAN_POINT('Origin',(-2.01393202250021,29.3,26.));
#2851=CARTESIAN_POINT('',(-2.01393202250021,27.3,27.));
#2852=CARTESIAN_POINT('',(-2.01393202250021,29.3,27.));
#2853=CARTESIAN_POINT('Origin',(-2.01393202250021,27.3,26.));
#2854=CARTESIAN_POINT('Origin',(0.,29.3,27.));
#2855=CARTESIAN_POINT('',(0.,27.3,27.));
#2856=CARTESIAN_POINT('Origin',(-8.5,29.3,27.));
#2857=CARTESIAN_POINT('',(-8.5,27.3,13.5));
#2858=CARTESIAN_POINT('Origin',(8.69999999999999,37.3,6.38424319433221));
#2859=CARTESIAN_POINT('',(8.69999999999999,37.3,6.38424319433221));
#2860=CARTESIAN_POINT('',(8.69999999999999,37.3,6.38424319433221));
#2861=CARTESIAN_POINT('',(8.7,37.3,3.1921215971661));
#2862=CARTESIAN_POINT('Origin',(0.,37.3,10.2));
#2863=CARTESIAN_POINT('',(-8.7,37.3,6.38424319433221));
#2864=CARTESIAN_POINT('',(-8.7,37.3,6.38424319433221));
#2865=CARTESIAN_POINT('Origin',(0.,37.3,10.2));
#2866=CARTESIAN_POINT('Origin',(0.,37.3,0.));
#2867=CARTESIAN_POINT('',(19.5,37.3,30.));
#2868=CARTESIAN_POINT('',(19.5,37.3,-30.));
#2869=CARTESIAN_POINT('',(19.5,37.3,30.));
#2870=CARTESIAN_POINT('',(-19.5,37.3,-30.));
#2871=CARTESIAN_POINT('',(19.5,37.3,-30.));
#2872=CARTESIAN_POINT('',(-19.5,37.3,30.));
#2873=CARTESIAN_POINT('',(-19.5,37.3,-30.));
#2874=CARTESIAN_POINT('',(-19.5,37.3,30.));
#2875=CARTESIAN_POINT('',(-8.7,37.3,-3.2));
#2876=CARTESIAN_POINT('Origin',(-8.7,37.3,-3.2));
#2877=CARTESIAN_POINT('Origin',(-19.5,37.3,-30.));
#2878=CARTESIAN_POINT('',(19.5,27.3,-30.));
#2879=CARTESIAN_POINT('',(19.5,37.3,-30.));
#2880=CARTESIAN_POINT('',(-19.5,27.3,-30.));
#2881=CARTESIAN_POINT('',(19.5,27.3,-30.));
#2882=CARTESIAN_POINT('',(-19.5,37.3,-30.));
#2883=CARTESIAN_POINT('Origin',(-19.5,37.3,30.));
#2884=CARTESIAN_POINT('',(-19.5,27.3,30.));
#2885=CARTESIAN_POINT('',(-19.5,27.3,-30.));
#2886=CARTESIAN_POINT('',(-19.5,37.3,30.));
#2887=CARTESIAN_POINT('Origin',(19.5,37.3,30.));
#2888=CARTESIAN_POINT('',(19.5,27.3,30.));
#2889=CARTESIAN_POINT('',(-19.5,27.3,30.));
#2890=CARTESIAN_POINT('',(19.5,37.3,30.));
#2891=CARTESIAN_POINT('Origin',(19.5,37.3,-30.));
#2892=CARTESIAN_POINT('',(19.5,27.3,30.));
#2893=CARTESIAN_POINT('Origin',(0.,27.3,0.));
#2894=CARTESIAN_POINT('',(0.,0.,0.));
#2895=UNCERTAINTY_MEASURE_WITH_UNIT(LENGTH_MEASURE(0.01),#2901,
'DISTANCE_ACCURACY_VALUE',
'Maximum model space distance between geometric entities at asserted c
onnectivities');
#2896=UNCERTAINTY_MEASURE_WITH_UNIT(LENGTH_MEASURE(0.01),#2901,
'DISTANCE_ACCURACY_VALUE',
'Maximum model space distance between geometric entities at asserted c
onnectivities');
#2897=UNCERTAINTY_MEASURE_WITH_UNIT(LENGTH_MEASURE(0.01),#2901,
'DISTANCE_ACCURACY_VALUE',
'Maximum model space distance between geometric entities at asserted c
onnectivities');
#2898=(
GEOMETRIC_REPRESENTATION_CONTEXT(3)
GLOBAL_UNCERTAINTY_ASSIGNED_CONTEXT((#2895))
GLOBAL_UNIT_ASSIGNED_CONTEXT((#2901,#2903,#2904))
REPRESENTATION_CONTEXT('','3D')
);
#2899=(
GEOMETRIC_REPRESENTATION_CONTEXT(3)
GLOBAL_UNCERTAINTY_ASSIGNED_CONTEXT((#2896))
GLOBAL_UNIT_ASSIGNED_CONTEXT((#2901,#2903,#2904))
REPRESENTATION_CONTEXT('','3D')
);
#2900=(
GEOMETRIC_REPRESENTATION_CONTEXT(3)
GLOBAL_UNCERTAINTY_ASSIGNED_CONTEXT((#2897))
GLOBAL_UNIT_ASSIGNED_CONTEXT((#2901,#2903,#2904))
REPRESENTATION_CONTEXT('','3D')
);
#2901=(
LENGTH_UNIT()
NAMED_UNIT(*)
SI_UNIT(.MILLI.,.METRE.)
);
#2902=(
LENGTH_UNIT()
NAMED_UNIT(*)
SI_UNIT($,.METRE.)
);
#2903=(
NAMED_UNIT(*)
PLANE_ANGLE_UNIT()
SI_UNIT($,.RADIAN.)
);
#2904=(
NAMED_UNIT(*)
SI_UNIT($,.STERADIAN.)
SOLID_ANGLE_UNIT()
);
#2905=SHAPE_DEFINITION_REPRESENTATION(#2907,#2910);
#2906=SHAPE_DEFINITION_REPRESENTATION(#2908,#2911);
#2907=PRODUCT_DEFINITION_SHAPE('',$,#2913);
#2908=PRODUCT_DEFINITION_SHAPE('',$,#2914);
#2909=PRODUCT_DEFINITION_SHAPE($,$,#14);
#2910=SHAPE_REPRESENTATION('',(#1692,#1872),#2898);
#2911=SHAPE_REPRESENTATION('',(#1693),#2899);
#2912=PRODUCT_DEFINITION_CONTEXT('part definition',#2920,'design');
#2913=PRODUCT_DEFINITION('Servo Mount Coxa Joint Top',
'Servo Mount Coxa Joint Top v2',#2915,#2912);
#2914=PRODUCT_DEFINITION('Component3','Component3',#2916,#2912);
#2915=PRODUCT_DEFINITION_FORMATION('',$,#2922);
#2916=PRODUCT_DEFINITION_FORMATION('',$,#2923);
#2917=PRODUCT_RELATED_PRODUCT_CATEGORY('Servo Mount Coxa Joint Top v2',
'Servo Mount Coxa Joint Top v2',(#2922));
#2918=PRODUCT_RELATED_PRODUCT_CATEGORY('Component3','Component3',(#2923));
#2919=APPLICATION_PROTOCOL_DEFINITION('international standard',
'automotive_design',2009,#2920);
#2920=APPLICATION_CONTEXT(
'Core Data for Automotive Mechanical Design Process');
#2921=PRODUCT_CONTEXT('part definition',#2920,'mechanical');
#2922=PRODUCT('Servo Mount Coxa Joint Top',
'Servo Mount Coxa Joint Top v2',$,(#2921));
#2923=PRODUCT('Component3','Component3',$,(#2921));
#2924=PRESENTATION_STYLE_ASSIGNMENT((#2926));
#2925=PRESENTATION_STYLE_ASSIGNMENT((#2927));
#2926=SURFACE_STYLE_USAGE(.BOTH.,#2928);
#2927=SURFACE_STYLE_USAGE(.BOTH.,#2929);
#2928=SURFACE_SIDE_STYLE('',(#2930));
#2929=SURFACE_SIDE_STYLE('',(#2931));
#2930=SURFACE_STYLE_FILL_AREA(#2932);
#2931=SURFACE_STYLE_FILL_AREA(#2933);
#2932=FILL_AREA_STYLE('Steel - Satin',(#2934));
#2933=FILL_AREA_STYLE('Nylon 12 (with Formlabs Fuse 1 3D Printer)',(#2935));
#2934=FILL_AREA_STYLE_COLOUR('Steel - Satin',#2936);
#2935=FILL_AREA_STYLE_COLOUR(
'Nylon 12 (with Formlabs Fuse 1 3D Printer)',#2937);
#2936=COLOUR_RGB('Steel - Satin',0.627450980392157,0.627450980392157,0.627450980392157);
#2937=COLOUR_RGB('Nylon 12 (with Formlabs Fuse 1 3D Printer)',0.247058823529412,
0.247058823529412,0.247058823529412);
ENDSEC;
END-ISO-10303-21;
